accuracy,macro_f1,weighted_f1,test_load,seed,model,condition,fit_time_s
0.9974747474747475,0.9974746025368765,0.9974746025368766,0,301,lr,clean_reextract,0.14515789994038641
0.8825757575757576,0.8770994263577993,0.8770994263577993,0,301,lr,vibration_missing,0.14515789994038641
0.8813131313131313,0.87360204768397,0.8736020476839701,0,301,lr,electrical_missing,0.14515789994038641
0.9987373737373737,0.9987373556209197,0.9987373556209197,0,301,lr,vibration_gain_075,0.14515789994038641
0.9987373737373737,0.9987373556209197,0.9987373556209198,0,301,lr,vibration_gain_050,0.14515789994038641
0.9671717171717171,0.9673070967061994,0.9673070967061992,0,301,lr,vibration_gain_025,0.14515789994038641
0.9987373737373737,0.9987373556209197,0.9987373556209197,0,301,lr,electrical_gain_075,0.14515789994038641
0.9974747474747475,0.9974746025368765,0.9974746025368766,0,301,lr,electrical_gain_050,0.14515789994038641
0.922979797979798,0.9227499396300588,0.9227499396300588,0,301,lr,electrical_gain_025,0.14515789994038641
0.9974747474747475,0.9974746025368765,0.9974746025368766,0,301,lr,vibration_drift_025rms,0.14515789994038641
0.9974747474747475,0.9974746025368765,0.9974746025368766,0,301,lr,vibration_drift_050rms,0.14515789994038641
0.9974747474747475,0.9974746025368765,0.9974746025368766,0,301,lr,vibration_drift_100rms,0.14515789994038641
0.9987373737373737,0.9987373556209197,0.9987373556209197,0,301,lr,electrical_drift_025rms,0.14515789994038641
0.9974747474747475,0.9974794400449793,0.9974794400449793,0,301,lr,electrical_drift_050rms,0.14515789994038641
0.7058080808080808,0.6255380649946972,0.6255380649946972,0,301,lr,electrical_drift_100rms,0.14515789994038641
0.9974747474747475,0.9974746025368765,0.9974746025368766,0,301,svm_rbf,clean_reextract,0.9535043999785557
0.8472222222222222,0.8366811460492191,0.836681146049219,0,301,svm_rbf,vibration_missing,0.9535043999785557
0.8737373737373737,0.8656447857567899,0.8656447857567899,0,301,svm_rbf,electrical_missing,0.9535043999785557
0.9974747474747475,0.9974746025368765,0.9974746025368766,0,301,svm_rbf,vibration_gain_075,0.9535043999785557
0.9962121212121212,0.9962120120985166,0.9962120120985165,0,301,svm_rbf,vibration_gain_050,0.9535043999785557
0.9873737373737373,0.98739771756061,0.98739771756061,0,301,svm_rbf,vibration_gain_025,0.9535043999785557
0.16666666666666666,0.047619047619047616,0.04761904761904762,0,301,svm_rbf,electrical_gain_075,0.9535043999785557
0.9974747474747475,0.9974794400449795,0.9974794400449793,0,301,svm_rbf,electrical_gain_050,0.9535043999785557
0.16666666666666666,0.047619047619047616,0.04761904761904762,0,301,svm_rbf,electrical_gain_025,0.9535043999785557
0.9974747474747475,0.9974746025368765,0.9974746025368766,0,301,svm_rbf,vibration_drift_025rms,0.9535043999785557
0.9974747474747475,0.9974746025368765,0.9974746025368766,0,301,svm_rbf,vibration_drift_050rms,0.9535043999785557
0.9962121212121212,0.9962116320117095,0.9962116320117095,0,301,svm_rbf,vibration_drift_100rms,0.9535043999785557
0.9936868686868687,0.993684603350031,0.993684603350031,0,301,svm_rbf,electrical_drift_025rms,0.9535043999785557
0.9962121212121212,0.9962116320117095,0.9962116320117095,0,301,svm_rbf,electrical_drift_050rms,0.9535043999785557
0.7159090909090909,0.6863659817006673,0.6863659817006674,0,301,svm_rbf,electrical_drift_100rms,0.9535043999785557
0.9949494949494949,0.9949587730166188,0.994958773016619,0,301,knn,clean_reextract,0.002064900007098913
0.5441919191919192,0.5223813380769698,0.5223813380769698,0,301,knn,vibration_missing,0.002064900007098913
0.8686868686868687,0.8654699178954396,0.8654699178954394,0,301,knn,electrical_missing,0.002064900007098913
0.9835858585858586,0.983613435587185,0.9836134355871848,0,301,knn,vibration_gain_075,0.002064900007098913
0.9772727272727273,0.9773189718482453,0.9773189718482451,0,301,knn,vibration_gain_050,0.002064900007098913
0.9431818181818182,0.9439382569447772,0.9439382569447773,0,301,knn,vibration_gain_025,0.002064900007098913
0.49242424242424243,0.42677185632925335,0.42677185632925335,0,301,knn,electrical_gain_075,0.002064900007098913
0.9583333333333334,0.9575529835960434,0.9575529835960432,0,301,knn,electrical_gain_050,0.002064900007098913
0.6085858585858586,0.5260177270324472,0.5260177270324471,0,301,knn,electrical_gain_025,0.002064900007098913
0.9924242424242424,0.9924286648668095,0.9924286648668097,0,301,knn,vibration_drift_025rms,0.002064900007098913
0.9924242424242424,0.9924286648668095,0.9924286648668097,0,301,knn,vibration_drift_050rms,0.002064900007098913
0.9886363636363636,0.9886305970938561,0.9886305970938563,0,301,knn,vibration_drift_100rms,0.002064900007098913
0.98989898989899,0.9899230253221245,0.9899230253221247,0,301,knn,electrical_drift_025rms,0.002064900007098913
0.9848484848484849,0.9848540808666489,0.9848540808666489,0,301,knn,electrical_drift_050rms,0.002064900007098913
0.8686868686868687,0.8635770278146085,0.8635770278146085,0,301,knn,electrical_drift_100rms,0.002064900007098913
0.8181818181818182,0.8041305478532409,0.804130547853241,0,301,gnb,clean_reextract,0.003294799942523241
0.28914141414141414,0.14639094575883452,0.14639094575883452,0,301,gnb,vibration_missing,0.003294799942523241
0.7878787878787878,0.7710602410433643,0.7710602410433645,0,301,gnb,electrical_missing,0.003294799942523241
0.8181818181818182,0.8036803975156385,0.8036803975156385,0,301,gnb,vibration_gain_075,0.003294799942523241
0.7727272727272727,0.7614921922682211,0.7614921922682211,0,301,gnb,vibration_gain_050,0.003294799942523241
0.5656565656565656,0.5099141058327014,0.5099141058327014,0,301,gnb,vibration_gain_025,0.003294799942523241
0.8143939393939394,0.7999621875688043,0.7999621875688043,0,301,gnb,electrical_gain_075,0.003294799942523241
0.8080808080808081,0.7931882634932395,0.7931882634932395,0,301,gnb,electrical_gain_050,0.003294799942523241
0.7967171717171717,0.7798761259815546,0.7798761259815546,0,301,gnb,electrical_gain_025,0.003294799942523241
0.8131313131313131,0.7979978502604653,0.7979978502604654,0,301,gnb,vibration_drift_025rms,0.003294799942523241
0.8131313131313131,0.7979978502604653,0.7979978502604654,0,301,gnb,vibration_drift_050rms,0.003294799942523241
0.8080808080808081,0.7910784650875433,0.7910784650875434,0,301,gnb,vibration_drift_100rms,0.003294799942523241
0.8118686868686869,0.7967363360346362,0.7967363360346362,0,301,gnb,electrical_drift_025rms,0.003294799942523241
0.8181818181818182,0.8035182680955005,0.8035182680955006,0,301,gnb,electrical_drift_050rms,0.003294799942523241
0.8207070707070707,0.8070431984276952,0.8070431984276951,0,301,gnb,electrical_drift_100rms,0.003294799942523241
0.9696969696969697,0.9690262759593383,0.9690262759593382,0,301,lda,clean_reextract,0.022666499949991703
0.6035353535353535,0.5602206762060286,0.5602206762060286,0,301,lda,vibration_missing,0.022666499949991703
0.7840909090909091,0.7755513767162742,0.7755513767162742,0,301,lda,electrical_missing,0.022666499949991703
0.9785353535353535,0.9781622562361973,0.9781622562361973,0,301,lda,vibration_gain_075,0.022666499949991703
0.9785353535353535,0.978315405906682,0.9783154059066822,0,301,lda,vibration_gain_050,0.022666499949991703
0.952020202020202,0.9520611184718316,0.9520611184718318,0,301,lda,vibration_gain_025,0.022666499949991703
0.9621212121212122,0.9614376740620028,0.9614376740620028,0,301,lda,electrical_gain_075,0.022666499949991703
0.9356060606060606,0.9335285290718952,0.9335285290718952,0,301,lda,electrical_gain_050,0.022666499949991703
0.9103535353535354,0.9064054804480021,0.9064054804480018,0,301,lda,electrical_gain_025,0.022666499949991703
0.9696969696969697,0.9690262759593383,0.9690262759593382,0,301,lda,vibration_drift_025rms,0.022666499949991703
0.9684343434343434,0.9677692898861817,0.9677692898861816,0,301,lda,vibration_drift_050rms,0.022666499949991703
0.9608585858585859,0.9597541340727678,0.9597541340727679,0,301,lda,vibration_drift_100rms,0.022666499949991703
0.9709595959595959,0.9704960880623985,0.9704960880623987,0,301,lda,electrical_drift_025rms,0.022666499949991703
0.9621212121212122,0.9612555868253251,0.961255586825325,0,301,lda,electrical_drift_050rms,0.022666499949991703
0.898989898989899,0.8917914778632631,0.8917914778632631,0,301,lda,electrical_drift_100rms,0.022666499949991703
0.8080808080808081,0.8015528034248663,0.8015528034248665,0,301,cart,clean_reextract,0.2904683999950066
0.7335858585858586,0.7120841692676806,0.7120841692676805,0,301,cart,vibration_missing,0.2904683999950066
0.797979797979798,0.7899881078902137,0.7899881078902137,0,301,cart,electrical_missing,0.2904683999950066
0.8257575757575758,0.8200717261010445,0.8200717261010444,0,301,cart,vibration_gain_075,0.2904683999950066
0.8131313131313131,0.8085183960705299,0.80851839607053,0,301,cart,vibration_gain_050,0.2904683999950066
0.3446969696969697,0.3297298946123233,0.3297298946123234,0,301,cart,vibration_gain_025,0.2904683999950066
0.7967171717171717,0.788700532450849,0.7887005324508493,0,301,cart,electrical_gain_075,0.2904683999950066
0.7967171717171717,0.7889056983130415,0.7889056983130416,0,301,cart,electrical_gain_050,0.2904683999950066
0.7967171717171717,0.7889056983130415,0.7889056983130416,0,301,cart,electrical_gain_025,0.2904683999950066
0.8042929292929293,0.7979773506804987,0.7979773506804988,0,301,cart,vibration_drift_025rms,0.2904683999950066
0.7904040404040404,0.7856384321131582,0.7856384321131584,0,301,cart,vibration_drift_050rms,0.2904683999950066
0.6957070707070707,0.6936246087673358,0.6936246087673358,0,301,cart,vibration_drift_100rms,0.2904683999950066
0.8068181818181818,0.8004053051843325,0.8004053051843325,0,301,cart,electrical_drift_025rms,0.2904683999950066
0.8068181818181818,0.8004053051843325,0.8004053051843325,0,301,cart,electrical_drift_050rms,0.2904683999950066
0.803030303030303,0.7948414333521668,0.7948414333521667,0,301,cart,electrical_drift_100rms,0.2904683999950066
0.9823232323232324,0.9822933653796077,0.9822933653796077,0,301,rf,clean_reextract,7.414669299963862
0.7285353535353535,0.6730974576489314,0.6730974576489314,0,301,rf,vibration_missing,7.414669299963862
0.9343434343434344,0.9342647236394376,0.9342647236394376,0,301,rf,electrical_missing,7.414669299963862
0.9962121212121212,0.9962116320117095,0.9962116320117095,0,301,rf,vibration_gain_075,7.414669299963862
0.9886363636363636,0.9886343885996919,0.9886343885996918,0,301,rf,vibration_gain_050,7.414669299963862
0.7348484848484849,0.7244693102164423,0.7244693102164425,0,301,rf,vibration_gain_025,7.414669299963862
0.9671717171717171,0.9671346182148576,0.9671346182148575,0,301,rf,electrical_gain_075,7.414669299963862
0.9709595959595959,0.9709191001352936,0.9709191001352934,0,301,rf,electrical_gain_050,7.414669299963862
0.9722222222222222,0.9721848858143379,0.9721848858143379,0,301,rf,electrical_gain_025,7.414669299963862
0.9810606060606061,0.9810306122955644,0.9810306122955644,0,301,rf,vibration_drift_025rms,7.414669299963862
0.9810606060606061,0.9810306122955644,0.9810306122955644,0,301,rf,vibration_drift_050rms,7.414669299963862
0.952020202020202,0.9518898392067844,0.9518898392067843,0,301,rf,vibration_drift_100rms,7.414669299963862
0.9797979797979798,0.9797676417703974,0.9797676417703973,0,301,rf,electrical_drift_025rms,7.414669299963862
0.9810606060606061,0.9810323624722456,0.9810323624722456,0,301,rf,electrical_drift_050rms,7.414669299963862
0.9785353535353535,0.9785066388630353,0.9785066388630352,0,301,rf,electrical_drift_100rms,7.414669299963862
0.9924242424242424,0.9924232640234191,0.992423264023419,0,301,extra_trees,clean_reextract,1.1880385000258684
0.7222222222222222,0.6762692514728453,0.6762692514728456,0,301,extra_trees,vibration_missing,1.1880385000258684
0.9166666666666666,0.915769713668896,0.9157697136688961,0,301,extra_trees,electrical_missing,1.1880385000258684
0.9747474747474747,0.974622550688346,0.9746225506883459,0,301,extra_trees,vibration_gain_075,1.1880385000258684
0.9722222222222222,0.972101172550225,0.972101172550225,0,301,extra_trees,vibration_gain_050,1.1880385000258684
0.8863636363636364,0.8826691933898063,0.8826691933898063,0,301,extra_trees,vibration_gain_025,1.1880385000258684
0.9772727272727273,0.9772462831286362,0.9772462831286362,0,301,extra_trees,electrical_gain_075,1.1880385000258684
0.9797979797979798,0.979779411764706,0.979779411764706,0,301,extra_trees,electrical_gain_050,1.1880385000258684
0.9785353535353535,0.978517386380856,0.9785173863808561,0,301,extra_trees,electrical_gain_025,1.1880385000258684
0.9924242424242424,0.9924232640234191,0.992423264023419,0,301,extra_trees,vibration_drift_025rms,1.1880385000258684
0.9810606060606061,0.9810287472636073,0.9810287472636072,0,301,extra_trees,vibration_drift_050rms,1.1880385000258684
0.9457070707070707,0.944427480578485,0.944427480578485,0,301,extra_trees,vibration_drift_100rms,1.1880385000258684
0.98989898989899,0.9898962353617405,0.9898962353617403,0,301,extra_trees,electrical_drift_025rms,1.1880385000258684
0.9886363636363636,0.9886319593157578,0.9886319593157578,0,301,extra_trees,electrical_drift_050rms,1.1880385000258684
0.9797979797979798,0.9797892036411143,0.9797892036411144,0,301,extra_trees,electrical_drift_100rms,1.1880385000258684
0.9835858585858586,0.9835667600373483,0.9835667600373482,0,301,hist_gb,clean_reextract,6.513533299905248
0.7651515151515151,0.7126972362089731,0.712697236208973,0,301,hist_gb,vibration_missing,6.513533299905248
0.9191919191919192,0.9185376226574431,0.9185376226574432,0,301,hist_gb,electrical_missing,6.513533299905248
0.9810606060606061,0.9810472812899335,0.9810472812899336,0,301,hist_gb,vibration_gain_075,6.513533299905248
0.9785353535353535,0.9785202521285914,0.9785202521285914,0,301,hist_gb,vibration_gain_050,6.513533299905248
0.9633838383838383,0.9641468804035612,0.9641468804035612,0,301,hist_gb,vibration_gain_025,6.513533299905248
0.9494949494949495,0.9494534858245824,0.9494534858245823,0,301,hist_gb,electrical_gain_075,6.513533299905248
0.9545454545454546,0.9545224791769146,0.9545224791769147,0,301,hist_gb,electrical_gain_050,6.513533299905248
0.9494949494949495,0.9494483041931222,0.9494483041931222,0,301,hist_gb,electrical_gain_025,6.513533299905248
0.9835858585858586,0.9835667600373483,0.9835667600373482,0,301,hist_gb,vibration_drift_025rms,6.513533299905248
0.9823232323232324,0.9823041156582679,0.9823041156582679,0,301,hist_gb,vibration_drift_050rms,6.513533299905248
0.9659090909090909,0.9658749467310436,0.9658749467310436,0,301,hist_gb,vibration_drift_100rms,6.513533299905248
0.976010101010101,0.9759932229672491,0.9759932229672491,0,301,hist_gb,electrical_drift_025rms,6.513533299905248
0.9583333333333334,0.9577794830840998,0.9577794830840998,0,301,hist_gb,electrical_drift_050rms,6.513533299905248
0.9545454545454546,0.9539965291433917,0.9539965291433918,0,301,hist_gb,electrical_drift_100rms,6.513533299905248
0.9886363636363636,0.9886270615032725,0.9886270615032726,0,301,xgboost,clean_reextract,5.4793101999675855
0.8118686868686869,0.7903131574179662,0.7903131574179663,0,301,xgboost,vibration_missing,5.4793101999675855
0.9065656565656566,0.9060905498876229,0.9060905498876229,0,301,xgboost,electrical_missing,5.4793101999675855
0.98989898989899,0.9898897058823529,0.9898897058823529,0,301,xgboost,vibration_gain_075,5.4793101999675855
0.9886363636363636,0.988663447610691,0.988663447610691,0,301,xgboost,vibration_gain_050,5.4793101999675855
0.9734848484848485,0.9740645094070017,0.9740645094070017,0,301,xgboost,vibration_gain_025,5.4793101999675855
0.9368686868686869,0.9367822358770456,0.9367822358770455,0,301,xgboost,electrical_gain_075,5.4793101999675855
0.946969696969697,0.9469596725174232,0.9469596725174232,0,301,xgboost,electrical_gain_050,5.4793101999675855
0.9444444444444444,0.9444423807126201,0.94444238071262,0,301,xgboost,electrical_gain_025,5.4793101999675855
0.9886363636363636,0.9886270615032725,0.9886270615032726,0,301,xgboost,vibration_drift_025rms,5.4793101999675855
0.9886363636363636,0.9886270615032725,0.9886270615032726,0,301,xgboost,vibration_drift_050rms,5.4793101999675855
0.9848484848484849,0.9848388005883218,0.984838800588322,0,301,xgboost,vibration_drift_100rms,5.4793101999675855
0.9810606060606061,0.9810239900814671,0.9810239900814673,0,301,xgboost,electrical_drift_025rms,5.4793101999675855
0.9583333333333334,0.9574424513219492,0.9574424513219492,0,301,xgboost,electrical_drift_050rms,5.4793101999675855
0.9507575757575758,0.950491893748064,0.950491893748064,0,301,xgboost,electrical_drift_100rms,5.4793101999675855
0.9987373737373737,0.9987373556209197,0.9987373556209197,0,302,lr,clean_reextract,0.12690899998415262
0.8522727272727273,0.8430762172507973,0.8430762172507973,0,302,lr,vibration_missing,0.12690899998415262
0.8775252525252525,0.8705257411730951,0.8705257411730951,0,302,lr,electrical_missing,0.12690899998415262
0.9987373737373737,0.9987373556209197,0.9987373556209197,0,302,lr,vibration_gain_075,0.12690899998415262
0.9987373737373737,0.9987373556209197,0.9987373556209197,0,302,lr,vibration_gain_050,0.12690899998415262
0.9747474747474747,0.9747611902566656,0.9747611902566654,0,302,lr,vibration_gain_025,0.12690899998415262
0.9987373737373737,0.9987373556209197,0.9987373556209197,0,302,lr,electrical_gain_075,0.12690899998415262
0.9936868686868687,0.9936567047743866,0.9936567047743866,0,302,lr,electrical_gain_050,0.12690899998415262
0.9078282828282829,0.9074323505748773,0.907432350574877,0,302,lr,electrical_gain_025,0.12690899998415262
0.9987373737373737,0.9987373556209197,0.9987373556209197,0,302,lr,vibration_drift_025rms,0.12690899998415262
0.9987373737373737,0.9987373556209197,0.9987373556209197,0,302,lr,vibration_drift_050rms,0.12690899998415262
0.9987373737373737,0.9987373556209197,0.9987373556209197,0,302,lr,vibration_drift_100rms,0.12690899998415262
0.9987373737373737,0.9987373556209197,0.9987373556209197,0,302,lr,electrical_drift_025rms,0.12690899998415262
0.9949494949494949,0.9949540425818558,0.994954042581856,0,302,lr,electrical_drift_050rms,0.12690899998415262
0.7007575757575758,0.6269876243846303,0.6269876243846302,0,302,lr,electrical_drift_100rms,0.12690899998415262
0.9987373737373737,0.9987373556209197,0.9987373556209197,0,302,svm_rbf,clean_reextract,0.9959625999908894
0.898989898989899,0.8981065311492985,0.8981065311492985,0,302,svm_rbf,vibration_missing,0.9959625999908894
0.8674242424242424,0.8598126161429761,0.859812616142976,0,302,svm_rbf,electrical_missing,0.9959625999908894
0.9962121212121212,0.9962116320117095,0.9962116320117095,0,302,svm_rbf,vibration_gain_075,0.9959625999908894
0.9974747474747475,0.9974746025368765,0.9974746025368766,0,302,svm_rbf,vibration_gain_050,0.9959625999908894
0.98989898989899,0.9899408224642015,0.9899408224642013,0,302,svm_rbf,vibration_gain_025,0.9959625999908894
0.16666666666666666,0.047619047619047616,0.04761904761904762,0,302,svm_rbf,electrical_gain_075,0.9959625999908894
1.0,1.0,1.0,0,302,svm_rbf,electrical_gain_050,0.9959625999908894
0.1691919191919192,0.05281556408169593,0.05281556408169592,0,302,svm_rbf,electrical_gain_025,0.9959625999908894
0.9987373737373737,0.9987373556209197,0.9987373556209197,0,302,svm_rbf,vibration_drift_025rms,0.9959625999908894
0.9974747474747475,0.9974746025368765,0.9974746025368766,0,302,svm_rbf,vibration_drift_050rms,0.9959625999908894
0.9974747474747475,0.9974746025368765,0.9974746025368766,0,302,svm_rbf,vibration_drift_100rms,0.9959625999908894
0.9949494949494949,0.9949483352468427,0.9949483352468428,0,302,svm_rbf,electrical_drift_025rms,0.9959625999908894
0.9936868686868687,0.993667041333377,0.993667041333377,0,302,svm_rbf,electrical_drift_050rms,0.9959625999908894
0.7727272727272727,0.7438950766089835,0.7438950766089835,0,302,svm_rbf,electrical_drift_100rms,0.9959625999908894
0.9924242424242424,0.9924237005372899,0.9924237005372899,0,302,knn,clean_reextract,0.0013181999092921615
0.5492424242424242,0.5453835221472659,0.5453835221472659,0,302,knn,vibration_missing,0.0013181999092921615
0.851010101010101,0.8466633732814728,0.8466633732814727,0,302,knn,electrical_missing,0.0013181999092921615
0.9835858585858586,0.9835776370952124,0.9835776370952124,0,302,knn,vibration_gain_075,0.0013181999092921615
0.9608585858585859,0.9608300429767699,0.9608300429767698,0,302,knn,vibration_gain_050,0.0013181999092921615
0.9444444444444444,0.9447235278487724,0.9447235278487722,0,302,knn,vibration_gain_025,0.0013181999092921615
0.5454545454545454,0.4610489218926413,0.46104892189264135,0,302,knn,electrical_gain_075,0.0013181999092921615
0.9154040404040404,0.9148562649360743,0.9148562649360742,0,302,knn,electrical_gain_050,0.0013181999092921615
0.5934343434343434,0.5345264722558232,0.5345264722558233,0,302,knn,electrical_gain_025,0.0013181999092921615
0.9924242424242424,0.9924237005372899,0.9924237005372899,0,302,knn,vibration_drift_025rms,0.0013181999092921615
0.98989898989899,0.9898978891510799,0.9898978891510797,0,302,knn,vibration_drift_050rms,0.0013181999092921615
0.9823232323232324,0.9822803354127317,0.9822803354127319,0,302,knn,vibration_drift_100rms,0.0013181999092921615
0.9886363636363636,0.9886342154341604,0.9886342154341602,0,302,knn,electrical_drift_025rms,0.0013181999092921615
0.9835858585858586,0.9835285326460627,0.9835285326460628,0,302,knn,electrical_drift_050rms,0.0013181999092921615
0.8737373737373737,0.8707212322075953,0.8707212322075955,0,302,knn,electrical_drift_100rms,0.0013181999092921615
0.8093434343434344,0.7932212613746957,0.7932212613746958,0,302,gnb,clean_reextract,0.003194499993696809
0.2777777777777778,0.14579095329776814,0.14579095329776814,0,302,gnb,vibration_missing,0.003194499993696809
0.7904040404040404,0.77423967108072,0.7742396710807199,0,302,gnb,electrical_missing,0.003194499993696809
0.8080808080808081,0.7910022864840193,0.7910022864840193,0,302,gnb,vibration_gain_075,0.003194499993696809
0.7752525252525253,0.760342896668701,0.7603428966687009,0,302,gnb,vibration_gain_050,0.003194499993696809
0.5277777777777778,0.4560890753417623,0.4560890753417623,0,302,gnb,vibration_gain_025,0.003194499993696809
0.7954545454545454,0.7782558930050308,0.7782558930050308,0,302,gnb,electrical_gain_075,0.003194499993696809
0.7588383838383839,0.7391368364838294,0.7391368364838293,0,302,gnb,electrical_gain_050,0.003194499993696809
0.678030303030303,0.6453919270528264,0.6453919270528264,0,302,gnb,electrical_gain_025,0.003194499993696809
0.8093434343434344,0.7933097258206342,0.7933097258206342,0,302,gnb,vibration_drift_025rms,0.003194499993696809
0.8068181818181818,0.7898908563356953,0.7898908563356953,0,302,gnb,vibration_drift_050rms,0.003194499993696809
0.7929292929292929,0.7709280962266036,0.7709280962266037,0,302,gnb,vibration_drift_100rms,0.003194499993696809
0.8042929292929293,0.7873874499764156,0.7873874499764157,0,302,gnb,electrical_drift_025rms,0.003194499993696809
0.8118686868686869,0.7959895775060825,0.7959895775060826,0,302,gnb,electrical_drift_050rms,0.003194499993696809
0.8232323232323232,0.8092556778703911,0.809255677870391,0,302,gnb,electrical_drift_100rms,0.003194499993696809
0.9772727272727273,0.976908229450605,0.976908229450605,0,302,lda,clean_reextract,0.015919000026769936
0.5972222222222222,0.5475555410134808,0.5475555410134808,0,302,lda,vibration_missing,0.015919000026769936
0.7815656565656566,0.7731855970671315,0.7731855970671315,0,302,lda,electrical_missing,0.015919000026769936
0.9848484848484849,0.9846890745683949,0.9846890745683947,0,302,lda,vibration_gain_075,0.015919000026769936
0.9873737373737373,0.9872739641294892,0.9872739641294891,0,302,lda,vibration_gain_050,0.015919000026769936
0.9659090909090909,0.9659499034597667,0.9659499034597667,0,302,lda,vibration_gain_025,0.015919000026769936
0.9633838383838383,0.9628782918256603,0.9628782918256601,0,302,lda,electrical_gain_075,0.015919000026769936
0.9419191919191919,0.9409542412237086,0.9409542412237086,0,302,lda,electrical_gain_050,0.015919000026769936
0.9154040404040404,0.9132215772700257,0.9132215772700256,0,302,lda,electrical_gain_025,0.015919000026769936
0.9772727272727273,0.976908229450605,0.976908229450605,0,302,lda,vibration_drift_025rms,0.015919000026769936
0.9747474747474747,0.974307135977665,0.974307135977665,0,302,lda,vibration_drift_050rms,0.015919000026769936
0.9646464646464646,0.9637313889293817,0.9637313889293816,0,302,lda,vibration_drift_100rms,0.015919000026769936
0.9747474747474747,0.9744993065935262,0.9744993065935262,0,302,lda,electrical_drift_025rms,0.015919000026769936
0.9696969696969697,0.9692169841312744,0.9692169841312742,0,302,lda,electrical_drift_050rms,0.015919000026769936
0.9154040404040404,0.9119687357729465,0.9119687357729466,0,302,lda,electrical_drift_100rms,0.015919000026769936
0.8787878787878788,0.8674834069146939,0.867483406914694,0,302,cart,clean_reextract,0.2977537999395281
0.7487373737373737,0.7435638366018346,0.7435638366018346,0,302,cart,vibration_missing,0.2977537999395281
0.8396464646464646,0.8294907117911849,0.8294907117911849,0,302,cart,electrical_missing,0.2977537999395281
0.9204545454545454,0.916608386538538,0.9166083865385382,0,302,cart,vibration_gain_075,0.2977537999395281
0.88510101010101,0.8845897089319757,0.8845897089319756,0,302,cart,vibration_gain_050,0.2977537999395281
0.5593434343434344,0.5169307998324141,0.5169307998324141,0,302,cart,vibration_gain_025,0.2977537999395281
0.8686868686868687,0.8559491047877389,0.8559491047877388,0,302,cart,electrical_gain_075,0.2977537999395281
0.8686868686868687,0.8559491047877389,0.8559491047877388,0,302,cart,electrical_gain_050,0.2977537999395281
0.8686868686868687,0.8559491047877389,0.8559491047877388,0,302,cart,electrical_gain_025,0.2977537999395281
0.8762626262626263,0.8641082054414552,0.8641082054414551,0,302,cart,vibration_drift_025rms,0.2977537999395281
0.8737373737373737,0.8607366478615144,0.8607366478615144,0,302,cart,vibration_drift_050rms,0.2977537999395281
0.7941919191919192,0.7829633986049814,0.7829633986049815,0,302,cart,vibration_drift_100rms,0.2977537999395281
0.8787878787878788,0.8674834069146939,0.867483406914694,0,302,cart,electrical_drift_025rms,0.2977537999395281
0.875,0.8628144850958259,0.8628144850958259,0,302,cart,electrical_drift_050rms,0.2977537999395281
0.8421717171717171,0.8290954246727202,0.8290954246727202,0,302,cart,electrical_drift_100rms,0.2977537999395281
0.9810606060606061,0.9810479723845883,0.9810479723845884,0,302,rf,clean_reextract,7.353612400009297
0.672979797979798,0.5978963962737281,0.5978963962737281,0,302,rf,vibration_missing,7.353612400009297
0.9255050505050505,0.9253315180607699,0.9253315180607699,0,302,rf,electrical_missing,7.353612400009297
0.9861111111111112,0.986086956521739,0.9860869565217392,0,302,rf,vibration_gain_075,7.353612400009297
0.9835858585858586,0.9835629777612054,0.9835629777612055,0,302,rf,vibration_gain_050,7.353612400009297
0.8181818181818182,0.8145098216098731,0.8145098216098732,0,302,rf,vibration_gain_025,7.353612400009297
0.9696969696969697,0.9696625598399895,0.9696625598399895,0,302,rf,electrical_gain_075,7.353612400009297
0.9747474747474747,0.9747211892044794,0.9747211892044791,0,302,rf,electrical_gain_050,7.353612400009297
0.9709595959595959,0.9709352842611692,0.970935284261169,0,302,rf,electrical_gain_025,7.353612400009297
0.9797979797979798,0.9797739392706744,0.9797739392706742,0,302,rf,vibration_drift_025rms,7.353612400009297
0.9785353535353535,0.9785043450055305,0.9785043450055305,0,302,rf,vibration_drift_050rms,7.353612400009297
0.9368686868686869,0.9362577504693014,0.9362577504693014,0,302,rf,vibration_drift_100rms,7.353612400009297
0.9797979797979798,0.9797808455549721,0.9797808455549722,0,302,rf,electrical_drift_025rms,7.353612400009297
0.9785353535353535,0.9785224510587688,0.9785224510587688,0,302,rf,electrical_drift_050rms,7.353612400009297
0.9772727272727273,0.9772555598790184,0.9772555598790184,0,302,rf,electrical_drift_100rms,7.353612400009297
0.9936868686868687,0.9936846033500308,0.993684603350031,0,302,extra_trees,clean_reextract,1.226364600006491
0.7373737373737373,0.7028841823025851,0.7028841823025852,0,302,extra_trees,vibration_missing,1.226364600006491
0.9305555555555556,0.9299086724772564,0.9299086724772564,0,302,extra_trees,electrical_missing,1.226364600006491
0.9696969696969697,0.9694748460426528,0.9694748460426527,0,302,extra_trees,vibration_gain_075,1.226364600006491
0.9709595959595959,0.970795636017146,0.9707956360171458,0,302,extra_trees,vibration_gain_050,1.226364600006491
0.8863636363636364,0.8843829723042469,0.8843829723042469,0,302,extra_trees,vibration_gain_025,1.226364600006491
0.9772727272727273,0.9772374425559461,0.9772374425559461,0,302,extra_trees,electrical_gain_075,1.226364600006491
0.9810606060606061,0.9810287472636073,0.9810287472636072,0,302,extra_trees,electrical_gain_050,1.226364600006491
0.9797979797979798,0.9797654504987405,0.9797654504987405,0,302,extra_trees,electrical_gain_025,1.226364600006491
0.9886363636363636,0.9886231415643181,0.9886231415643181,0,302,extra_trees,vibration_drift_025rms,1.226364600006491
0.9785353535353535,0.9784738684176038,0.9784738684176038,0,302,extra_trees,vibration_drift_050rms,1.226364600006491
0.9356060606060606,0.9337852248356775,0.9337852248356775,0,302,extra_trees,vibration_drift_100rms,1.226364600006491
0.9886363636363636,0.9886300004721789,0.9886300004721789,0,302,extra_trees,electrical_drift_025rms,1.226364600006491
0.9823232323232324,0.9823039303959892,0.9823039303959893,0,302,extra_trees,electrical_drift_050rms,1.226364600006491
0.9747474747474747,0.9747013584973861,0.9747013584973861,0,302,extra_trees,electrical_drift_100rms,1.226364600006491
0.9848484848484849,0.9848185131144073,0.9848185131144074,0,302,hist_gb,clean_reextract,6.527680800063536
0.8345959595959596,0.8276984016047648,0.8276984016047649,0,302,hist_gb,vibration_missing,6.527680800063536
0.9065656565656566,0.9058808337782057,0.9058808337782057,0,302,hist_gb,electrical_missing,6.527680800063536
0.9835858585858586,0.9835856230719564,0.9835856230719564,0,302,hist_gb,vibration_gain_075,6.527680800063536
0.9823232323232324,0.9823232323232324,0.9823232323232324,0,302,hist_gb,vibration_gain_050,6.527680800063536
0.9671717171717171,0.9676630713163918,0.9676630713163917,0,302,hist_gb,vibration_gain_025,6.527680800063536
0.9393939393939394,0.9393224013453582,0.9393224013453582,0,302,hist_gb,electrical_gain_075,6.527680800063536
0.9431818181818182,0.9431068557303549,0.9431068557303549,0,302,hist_gb,electrical_gain_050,6.527680800063536
0.9419191919191919,0.9418460595540304,0.9418460595540304,0,302,hist_gb,electrical_gain_025,6.527680800063536
0.9848484848484849,0.9848185131144073,0.9848185131144074,0,302,hist_gb,vibration_drift_025rms,6.527680800063536
0.9810606060606061,0.9810316926086387,0.9810316926086388,0,302,hist_gb,vibration_drift_050rms,6.527680800063536
0.9570707070707071,0.9569570313616742,0.9569570313616742,0,302,hist_gb,vibration_drift_100rms,6.527680800063536
0.9785353535353535,0.9784963636072667,0.9784963636072667,0,302,hist_gb,electrical_drift_025rms,6.527680800063536
0.9558080808080808,0.9549674275525645,0.9549674275525645,0,302,hist_gb,electrical_drift_050rms,6.527680800063536
0.9583333333333334,0.9580746082022561,0.958074608202256,0,302,hist_gb,electrical_drift_100rms,6.527680800063536
0.9848484848484849,0.9848244624304602,0.9848244624304601,0,302,xgboost,clean_reextract,5.390982700046152
0.8383838383838383,0.8342311830839799,0.8342311830839799,0,302,xgboost,vibration_missing,5.390982700046152
0.9090909090909091,0.908525683982166,0.9085256839821659,0,302,xgboost,electrical_missing,5.390982700046152
0.9835858585858586,0.9835856230719564,0.9835856230719564,0,302,xgboost,vibration_gain_075,5.390982700046152
0.9823232323232324,0.9823222177581359,0.9823222177581357,0,302,xgboost,vibration_gain_050,5.390982700046152
0.9633838383838383,0.9640208914429768,0.9640208914429766,0,302,xgboost,vibration_gain_025,5.390982700046152
0.9558080808080808,0.9556911925647015,0.9556911925647015,0,302,xgboost,electrical_gain_075,5.390982700046152
0.9558080808080808,0.9556911925647015,0.9556911925647015,0,302,xgboost,electrical_gain_050,5.390982700046152
0.9558080808080808,0.9556911925647015,0.9556911925647015,0,302,xgboost,electrical_gain_025,5.390982700046152
0.9848484848484849,0.9848244624304602,0.9848244624304601,0,302,xgboost,vibration_drift_025rms,5.390982700046152
0.9848484848484849,0.9848244624304602,0.9848244624304601,0,302,xgboost,vibration_drift_050rms,5.390982700046152
0.9797979797979798,0.9797696959727312,0.9797696959727313,0,302,xgboost,vibration_drift_100rms,5.390982700046152
0.9848484848484849,0.9848244624304602,0.9848244624304601,0,302,xgboost,electrical_drift_025rms,5.390982700046152
0.9558080808080808,0.955533965415885,0.955533965415885,0,302,xgboost,electrical_drift_050rms,5.390982700046152
0.9583333333333334,0.9581342817921067,0.9581342817921067,0,302,xgboost,electrical_drift_100rms,5.390982700046152
1.0,1.0,1.0,0,303,lr,clean_reextract,0.13548810000065714
0.88510101010101,0.8819226056964138,0.881922605696414,0,303,lr,vibration_missing,0.13548810000065714
0.8964646464646465,0.8909590485228711,0.8909590485228713,0,303,lr,electrical_missing,0.13548810000065714
1.0,1.0,1.0,0,303,lr,vibration_gain_075,0.13548810000065714
1.0,1.0,1.0,0,303,lr,vibration_gain_050,0.13548810000065714
0.9734848484848485,0.9734199670172169,0.9734199670172169,0,303,lr,vibration_gain_025,0.13548810000065714
1.0,1.0,1.0,0,303,lr,electrical_gain_075,0.13548810000065714
0.9949494949494949,0.9949483352468427,0.9949483352468428,0,303,lr,electrical_gain_050,0.13548810000065714
0.9141414141414141,0.9095088840314762,0.9095088840314762,0,303,lr,electrical_gain_025,0.13548810000065714
1.0,1.0,1.0,0,303,lr,vibration_drift_025rms,0.13548810000065714
1.0,1.0,1.0,0,303,lr,vibration_drift_050rms,0.13548810000065714
1.0,1.0,1.0,0,303,lr,vibration_drift_100rms,0.13548810000065714
0.9987373737373737,0.9987373556209197,0.9987373556209197,0,303,lr,electrical_drift_025rms,0.13548810000065714
0.9962121212121212,0.9962119581577963,0.9962119581577964,0,303,lr,electrical_drift_050rms,0.13548810000065714
0.76010101010101,0.693789557481788,0.693789557481788,0,303,lr,electrical_drift_100rms,0.13548810000065714
0.9962121212121212,0.9962022275380492,0.9962022275380492,0,303,svm_rbf,clean_reextract,0.932436800096184
0.9053030303030303,0.9052566959361167,0.9052566959361166,0,303,svm_rbf,vibration_missing,0.932436800096184
0.8952020202020202,0.8915695997823591,0.891569599782359,0,303,svm_rbf,electrical_missing,0.932436800096184
0.9974747474747475,0.9974746025368765,0.9974746025368766,0,303,svm_rbf,vibration_gain_075,0.932436800096184
1.0,1.0,1.0,0,303,svm_rbf,vibration_gain_050,0.932436800096184
1.0,1.0,1.0,0,303,svm_rbf,vibration_gain_025,0.932436800096184
0.16666666666666666,0.047619047619047616,0.04761904761904762,0,303,svm_rbf,electrical_gain_075,0.932436800096184
0.9987373737373737,0.9987373556209197,0.9987373556209198,0,303,svm_rbf,electrical_gain_050,0.932436800096184
0.21212121212121213,0.10560609980832493,0.10560609980832494,0,303,svm_rbf,electrical_gain_025,0.932436800096184
0.9962121212121212,0.9962022275380492,0.9962022275380492,0,303,svm_rbf,vibration_drift_025rms,0.932436800096184
0.9962121212121212,0.9962022275380492,0.9962022275380492,0,303,svm_rbf,vibration_drift_050rms,0.932436800096184
0.9962121212121212,0.9962022275380492,0.9962022275380492,0,303,svm_rbf,vibration_drift_100rms,0.932436800096184
0.9936868686868687,0.9936660037758319,0.993666003775832,0,303,svm_rbf,electrical_drift_025rms,0.932436800096184
0.9949494949494949,0.9949493500116239,0.994949350011624,0,303,svm_rbf,electrical_drift_050rms,0.932436800096184
0.8320707070707071,0.8166312052841276,0.8166312052841275,0,303,svm_rbf,electrical_drift_100rms,0.932436800096184
0.9924242424242424,0.9924045823155753,0.992404582315575,0,303,knn,clean_reextract,0.0016802001046016812
0.5707070707070707,0.5602117107733345,0.5602117107733344,0,303,knn,vibration_missing,0.0016802001046016812
0.8661616161616161,0.8625448626131478,0.8625448626131478,0,303,knn,electrical_missing,0.0016802001046016812
0.9848484848484849,0.984823981557781,0.984823981557781,0,303,knn,vibration_gain_075,0.0016802001046016812
0.9772727272727273,0.9772219369445104,0.9772219369445104,0,303,knn,vibration_gain_050,0.0016802001046016812
0.9457070707070707,0.9461376435531136,0.9461376435531137,0,303,knn,vibration_gain_025,0.0016802001046016812
0.5441919191919192,0.46433984719533056,0.46433984719533056,0,303,knn,electrical_gain_075,0.0016802001046016812
0.9684343434343434,0.9682543998041803,0.9682543998041803,0,303,knn,electrical_gain_050,0.0016802001046016812
0.5972222222222222,0.5078801796268534,0.5078801796268534,0,303,knn,electrical_gain_025,0.0016802001046016812
0.9911616161616161,0.991141829231532,0.9911418292315319,0,303,knn,vibration_drift_025rms,0.0016802001046016812
0.9886363636363636,0.988615810289062,0.988615810289062,0,303,knn,vibration_drift_050rms,0.0016802001046016812
0.9848484848484849,0.9848290751578214,0.9848290751578215,0,303,knn,vibration_drift_100rms,0.0016802001046016812
0.9873737373737373,0.9873518435234767,0.9873518435234766,0,303,knn,electrical_drift_025rms,0.0016802001046016812
0.9873737373737373,0.9873923950455445,0.9873923950455448,0,303,knn,electrical_drift_050rms,0.0016802001046016812
0.9154040404040404,0.913733601930387,0.913733601930387,0,303,knn,electrical_drift_100rms,0.0016802001046016812
0.8156565656565656,0.7990606956851883,0.7990606956851882,0,303,gnb,clean_reextract,0.003155000042170286
0.2689393939393939,0.1429254602886951,0.14292546028869507,0,303,gnb,vibration_missing,0.003155000042170286
0.7916666666666666,0.7752446643562402,0.7752446643562403,0,303,gnb,electrical_missing,0.003155000042170286
0.8118686868686869,0.7947888080822555,0.7947888080822556,0,303,gnb,vibration_gain_075,0.003155000042170286
0.7727272727272727,0.7583575763617896,0.7583575763617896,0,303,gnb,vibration_gain_050,0.003155000042170286
0.5492424242424242,0.4902729733851084,0.4902729733851084,0,303,gnb,vibration_gain_025,0.003155000042170286
0.8156565656565656,0.8006714893331995,0.8006714893331993,0,303,gnb,electrical_gain_075,0.003155000042170286
0.8093434343434344,0.7959976105137395,0.7959976105137396,0,303,gnb,electrical_gain_050,0.003155000042170286
0.7676767676767676,0.7526266596229715,0.7526266596229715,0,303,gnb,electrical_gain_025,0.003155000042170286
0.8131313131313131,0.7959589789872384,0.7959589789872384,0,303,gnb,vibration_drift_025rms,0.003155000042170286
0.8118686868686869,0.7942805100182149,0.7942805100182149,0,303,gnb,vibration_drift_050rms,0.003155000042170286
0.8005050505050505,0.7795466492647395,0.7795466492647396,0,303,gnb,vibration_drift_100rms,0.003155000042170286
0.8131313131313131,0.7962519089436362,0.7962519089436363,0,303,gnb,electrical_drift_025rms,0.003155000042170286
0.8143939393939394,0.7984977787598893,0.7984977787598893,0,303,gnb,electrical_drift_050rms,0.003155000042170286
0.8207070707070707,0.8060408392011448,0.8060408392011448,0,303,gnb,electrical_drift_100rms,0.003155000042170286
0.9785353535353535,0.9783594077385196,0.9783594077385197,0,303,lda,clean_reextract,0.016130600008182228
0.61489898989899,0.5741547921294281,0.5741547921294281,0,303,lda,vibration_missing,0.016130600008182228
0.7878787878787878,0.7805797325845618,0.7805797325845618,0,303,lda,electrical_missing,0.016130600008182228
0.9848484848484849,0.9847352205203898,0.9847352205203899,0,303,lda,vibration_gain_075,0.016130600008182228
0.9886363636363636,0.9885748221575246,0.9885748221575248,0,303,lda,vibration_gain_050,0.016130600008182228
0.9558080808080808,0.9559196503848567,0.9559196503848565,0,303,lda,vibration_gain_025,0.016130600008182228
0.9696969696969697,0.9693020061131942,0.9693020061131942,0,303,lda,electrical_gain_075,0.016130600008182228
0.9583333333333334,0.9577901300097461,0.9577901300097462,0,303,lda,electrical_gain_050,0.016130600008182228
0.9267676767676768,0.9248543056619423,0.9248543056619423,0,303,lda,electrical_gain_025,0.016130600008182228
0.9785353535353535,0.9783594077385196,0.9783594077385197,0,303,lda,vibration_drift_025rms,0.016130600008182228
0.9772727272727273,0.9770273538650972,0.9770273538650972,0,303,lda,vibration_drift_050rms,0.016130600008182228
0.9734848484848485,0.973101296803092,0.9731012968030921,0,303,lda,vibration_drift_100rms,0.016130600008182228
0.9797979797979798,0.9796689934001982,0.9796689934001982,0,303,lda,electrical_drift_025rms,0.016130600008182228
0.976010101010101,0.975830266078662,0.9758302660786619,0,303,lda,electrical_drift_050rms,0.016130600008182228
0.8888888888888888,0.8843190070262965,0.8843190070262965,0,303,lda,electrical_drift_100rms,0.016130600008182228
0.8472222222222222,0.8466436788028314,0.8466436788028313,0,303,cart,clean_reextract,0.2874846999766305
0.6717171717171717,0.6176694230524281,0.6176694230524281,0,303,cart,vibration_missing,0.2874846999766305
0.8118686868686869,0.8088506741426694,0.8088506741426696,0,303,cart,electrical_missing,0.2874846999766305
0.8787878787878788,0.8783193492267958,0.8783193492267957,0,303,cart,vibration_gain_075,0.2874846999766305
0.8800505050505051,0.8790663273203302,0.8790663273203301,0,303,cart,vibration_gain_050,0.2874846999766305
0.6452020202020202,0.6387895045686279,0.6387895045686279,0,303,cart,vibration_gain_025,0.2874846999766305
0.8409090909090909,0.8411044372002493,0.8411044372002494,0,303,cart,electrical_gain_075,0.2874846999766305
0.8396464646464646,0.8402554979127078,0.8402554979127079,0,303,cart,electrical_gain_050,0.2874846999766305
0.8396464646464646,0.8402554979127078,0.8402554979127079,0,303,cart,electrical_gain_025,0.2874846999766305
0.8472222222222222,0.8468546656905143,0.8468546656905142,0,303,cart,vibration_drift_025rms,0.2874846999766305
0.8333333333333334,0.8339544338499726,0.8339544338499726,0,303,cart,vibration_drift_050rms,0.2874846999766305
0.7424242424242424,0.7487131752280028,0.748713175228003,0,303,cart,vibration_drift_100rms,0.2874846999766305
0.851010101010101,0.851552628331569,0.8515526283315691,0,303,cart,electrical_drift_025rms,0.2874846999766305
0.8497474747474747,0.8498627424367267,0.8498627424367267,0,303,cart,electrical_drift_050rms,0.2874846999766305
0.8446969696969697,0.8430452398193268,0.8430452398193267,0,303,cart,electrical_drift_100rms,0.2874846999766305
0.9785353535353535,0.9785066388630353,0.9785066388630352,0,303,rf,clean_reextract,7.176984400022775
0.6717171717171717,0.6016609688037635,0.6016609688037635,0,303,rf,vibration_missing,7.176984400022775
0.9330808080808081,0.9329762033231113,0.9329762033231115,0,303,rf,electrical_missing,7.176984400022775
0.9936868686868687,0.993684603350031,0.993684603350031,0,303,rf,vibration_gain_075,7.176984400022775
0.9873737373737373,0.9873698173153708,0.9873698173153708,0,303,rf,vibration_gain_050,7.176984400022775
0.7992424242424242,0.794617279927725,0.794617279927725,0,303,rf,vibration_gain_025,7.176984400022775
0.9722222222222222,0.9721847127336787,0.9721847127336787,0,303,rf,electrical_gain_075,7.176984400022775
0.9734848484848485,0.973450404786628,0.973450404786628,0,303,rf,electrical_gain_050,7.176984400022775
0.9734848484848485,0.973450404786628,0.973450404786628,0,303,rf,electrical_gain_025,7.176984400022775
0.9785353535353535,0.9785066388630353,0.9785066388630352,0,303,rf,vibration_drift_025rms,7.176984400022775
0.976010101010101,0.9759823280543606,0.9759823280543605,0,303,rf,vibration_drift_050rms,7.176984400022775
0.9318181818181818,0.9312360171404451,0.9312360171404451,0,303,rf,vibration_drift_100rms,7.176984400022775
0.9772727272727273,0.9772433420981685,0.9772433420981685,0,303,rf,electrical_drift_025rms,7.176984400022775
0.9785353535353535,0.9785066388630353,0.9785066388630352,0,303,rf,electrical_drift_050rms,7.176984400022775
0.9772727272727273,0.9772433420981685,0.9772433420981685,0,303,rf,electrical_drift_100rms,7.176984400022775
0.9861111111111112,0.986104870574894,0.9861048705748939,0,303,extra_trees,clean_reextract,1.2376587999751791
0.7449494949494949,0.7092770596463197,0.7092770596463196,0,303,extra_trees,vibration_missing,1.2376587999751791
0.922979797979798,0.9222310313147304,0.9222310313147305,0,303,extra_trees,electrical_missing,1.2376587999751791
0.9785353535353535,0.9784738684176038,0.9784738684176038,0,303,extra_trees,vibration_gain_075,1.2376587999751791
0.9772727272727273,0.977216391666527,0.9772163916665269,0,303,extra_trees,vibration_gain_050,1.2376587999751791
0.8787878787878788,0.8757677025620499,0.8757677025620498,0,303,extra_trees,vibration_gain_025,1.2376587999751791
0.976010101010101,0.9759787367134646,0.9759787367134646,0,303,extra_trees,electrical_gain_075,1.2376587999751791
0.976010101010101,0.97598358855921,0.9759835885592099,0,303,extra_trees,electrical_gain_050,1.2376587999751791
0.9747474747474747,0.9747151281801559,0.974715128180156,0,303,extra_trees,electrical_gain_025,1.2376587999751791
0.9861111111111112,0.9861013378940625,0.9861013378940624,0,303,extra_trees,vibration_drift_025rms,1.2376587999751791
0.9785353535353535,0.9784964567996964,0.9784964567996964,0,303,extra_trees,vibration_drift_050rms,1.2376587999751791
0.9381313131313131,0.9365417462071738,0.9365417462071738,0,303,extra_trees,vibration_drift_100rms,1.2376587999751791
0.9848484848484849,0.9848415738100272,0.9848415738100271,0,303,extra_trees,electrical_drift_025rms,1.2376587999751791
0.9823232323232324,0.982309600507664,0.982309600507664,0,303,extra_trees,electrical_drift_050rms,1.2376587999751791
0.9810606060606061,0.9810518620555321,0.9810518620555321,0,303,extra_trees,electrical_drift_100rms,1.2376587999751791
0.9835858585858586,0.9835544708728176,0.9835544708728176,0,303,hist_gb,clean_reextract,6.4313764000544325
0.7777777777777778,0.7574294537448409,0.7574294537448408,0,303,hist_gb,vibration_missing,6.4313764000544325
0.9217171717171717,0.9209509011618228,0.9209509011618227,0,303,hist_gb,electrical_missing,6.4313764000544325
0.9823232323232324,0.982297833208805,0.9822978332088051,0,303,hist_gb,vibration_gain_075,6.4313764000544325
0.9810606060606061,0.9810276679841897,0.9810276679841896,0,303,hist_gb,vibration_gain_050,6.4313764000544325
0.9393939393939394,0.940871051541038,0.940871051541038,0,303,hist_gb,vibration_gain_025,6.4313764000544325
0.9545454545454546,0.954500210837023,0.9545002108370227,0,303,hist_gb,electrical_gain_075,6.4313764000544325
0.9545454545454546,0.954500210837023,0.9545002108370227,0,303,hist_gb,electrical_gain_050,6.4313764000544325
0.9494949494949495,0.9494547561116904,0.9494547561116904,0,303,hist_gb,electrical_gain_025,6.4313764000544325
0.9848484848484849,0.9848243121426589,0.984824312142659,0,303,hist_gb,vibration_drift_025rms,6.4313764000544325
0.9835858585858586,0.9835616858800327,0.9835616858800327,0,303,hist_gb,vibration_drift_050rms,6.4313764000544325
0.9659090909090909,0.965900107615547,0.9659001076155471,0,303,hist_gb,vibration_drift_100rms,6.4313764000544325
0.9734848484848485,0.9734325477074162,0.9734325477074162,0,303,hist_gb,electrical_drift_025rms,6.4313764000544325
0.952020202020202,0.9511473566406526,0.9511473566406525,0,303,hist_gb,electrical_drift_050rms,6.4313764000544325
0.928030303030303,0.926920822951656,0.926920822951656,0,303,hist_gb,electrical_drift_100rms,6.4313764000544325
0.98989898989899,0.989892753556222,0.9898927535562222,0,303,xgboost,clean_reextract,5.379932900075801
0.8005050505050505,0.7886393671932287,0.7886393671932288,0,303,xgboost,vibration_missing,5.379932900075801
0.9191919191919192,0.9182600743976389,0.918260074397639,0,303,xgboost,electrical_missing,5.379932900075801
0.98989898989899,0.9898897058823529,0.9898897058823529,0,303,xgboost,vibration_gain_075,5.379932900075801
0.9911616161616161,0.9911553979353024,0.9911553979353023,0,303,xgboost,vibration_gain_050,5.379932900075801
0.9633838383838383,0.9644227561165634,0.9644227561165633,0,303,xgboost,vibration_gain_025,5.379932900075801
0.9545454545454546,0.9546293261456196,0.9546293261456196,0,303,xgboost,electrical_gain_075,5.379932900075801
0.952020202020202,0.9520990044240928,0.9520990044240927,0,303,xgboost,electrical_gain_050,5.379932900075801
0.9507575757575758,0.9507865237737066,0.9507865237737066,0,303,xgboost,electrical_gain_025,5.379932900075801
0.98989898989899,0.989892753556222,0.9898927535562222,0,303,xgboost,vibration_drift_025rms,5.379932900075801
0.98989898989899,0.9899001338087493,0.9899001338087492,0,303,xgboost,vibration_drift_050rms,5.379932900075801
0.9835858585858586,0.9835850008691341,0.9835850008691341,0,303,xgboost,vibration_drift_100rms,5.379932900075801
0.9835858585858586,0.9835758031884257,0.9835758031884256,0,303,xgboost,electrical_drift_025rms,5.379932900075801
0.9595959595959596,0.9591054259605937,0.9591054259605937,0,303,xgboost,electrical_drift_050rms,5.379932900075801
0.9482323232323232,0.9479263977869489,0.9479263977869486,0,303,xgboost,electrical_drift_100rms,5.379932900075801
1.0,1.0,1.0,0,304,lr,clean_reextract,0.14193199994042516
0.8598484848484849,0.8537430925138056,0.8537430925138056,0,304,lr,vibration_missing,0.14193199994042516
0.86489898989899,0.8547200024398705,0.8547200024398705,0,304,lr,electrical_missing,0.14193199994042516
1.0,1.0,1.0,0,304,lr,vibration_gain_075,0.14193199994042516
1.0,1.0,1.0,0,304,lr,vibration_gain_050,0.14193199994042516
0.9671717171717171,0.96702274518348,0.96702274518348,0,304,lr,vibration_gain_025,0.14193199994042516
1.0,1.0,1.0,0,304,lr,electrical_gain_075,0.14193199994042516
0.9924242424242424,0.9924080881998916,0.9924080881998917,0,304,lr,electrical_gain_050,0.14193199994042516
0.9166666666666666,0.9148684200364466,0.9148684200364464,0,304,lr,electrical_gain_025,0.14193199994042516
1.0,1.0,1.0,0,304,lr,vibration_drift_025rms,0.14193199994042516
1.0,1.0,1.0,0,304,lr,vibration_drift_050rms,0.14193199994042516
1.0,1.0,1.0,0,304,lr,vibration_drift_100rms,0.14193199994042516
0.9987373737373737,0.9987373556209197,0.9987373556209197,0,304,lr,electrical_drift_025rms,0.14193199994042516
0.9924242424242424,0.9924277752918221,0.9924277752918221,0,304,lr,electrical_drift_050rms,0.14193199994042516
0.6742424242424242,0.6183754122333035,0.6183754122333035,0,304,lr,electrical_drift_100rms,0.14193199994042516
1.0,1.0,1.0,0,304,svm_rbf,clean_reextract,0.9858562999870628
0.9141414141414141,0.913783515789847,0.913783515789847,0,304,svm_rbf,vibration_missing,0.9858562999870628
0.8636363636363636,0.8525474904331789,0.852547490433179,0,304,svm_rbf,electrical_missing,0.9858562999870628
1.0,1.0,1.0,0,304,svm_rbf,vibration_gain_075,0.9858562999870628
1.0,1.0,1.0,0,304,svm_rbf,vibration_gain_050,0.9858562999870628
0.9949494949494949,0.9949492050737532,0.9949492050737532,0,304,svm_rbf,vibration_gain_025,0.9858562999870628
0.16666666666666666,0.047619047619047616,0.04761904761904762,0,304,svm_rbf,electrical_gain_075,0.9858562999870628
1.0,1.0,1.0,0,304,svm_rbf,electrical_gain_050,0.9858562999870628
0.2689393939393939,0.1531296023564065,0.15312960235640652,0,304,svm_rbf,electrical_gain_025,0.9858562999870628
1.0,1.0,1.0,0,304,svm_rbf,vibration_drift_025rms,0.9858562999870628
1.0,1.0,1.0,0,304,svm_rbf,vibration_drift_050rms,0.9858562999870628
1.0,1.0,1.0,0,304,svm_rbf,vibration_drift_100rms,0.9858562999870628
0.9974747474747475,0.9974746025368765,0.9974746025368766,0,304,svm_rbf,electrical_drift_025rms,0.9858562999870628
0.9987373737373737,0.9987373556209197,0.9987373556209198,0,304,svm_rbf,electrical_drift_050rms,0.9858562999870628
0.73989898989899,0.6953025795894104,0.6953025795894103,0,304,svm_rbf,electrical_drift_100rms,0.9858562999870628
0.9886363636363636,0.9886152897138746,0.9886152897138747,0,304,knn,clean_reextract,0.001352999941445887
0.5568181818181818,0.5426214398832956,0.5426214398832956,0,304,knn,vibration_missing,0.001352999941445887
0.8547979797979798,0.849474193885789,0.8494741938857892,0,304,knn,electrical_missing,0.001352999941445887
0.9861111111111112,0.986075043896509,0.986075043896509,0,304,knn,vibration_gain_075,0.001352999941445887
0.9747474747474747,0.9747689155911764,0.9747689155911764,0,304,knn,vibration_gain_050,0.001352999941445887
0.9356060606060606,0.9359175019624807,0.9359175019624806,0,304,knn,vibration_gain_025,0.001352999941445887
0.5505050505050505,0.47111274397891884,0.47111274397891884,0,304,knn,electrical_gain_075,0.001352999941445887
0.9671717171717171,0.9670810914228173,0.9670810914228175,0,304,knn,electrical_gain_050,0.001352999941445887
0.6287878787878788,0.5614261382245916,0.5614261382245918,0,304,knn,electrical_gain_025,0.001352999941445887
0.9873737373737373,0.9873519929490079,0.9873519929490079,0,304,knn,vibration_drift_025rms,0.001352999941445887
0.9873737373737373,0.9873519929490079,0.9873519929490079,0,304,knn,vibration_drift_050rms,0.001352999941445887
0.9835858585858586,0.9835724266357619,0.9835724266357619,0,304,knn,vibration_drift_100rms,0.001352999941445887
0.9873737373737373,0.9873466078121127,0.9873466078121127,0,304,knn,electrical_drift_025rms,0.001352999941445887
0.9848484848484849,0.9848422904808518,0.9848422904808518,0,304,knn,electrical_drift_050rms,0.001352999941445887
0.8598484848484849,0.8558703078259212,0.8558703078259212,0,304,knn,electrical_drift_100rms,0.001352999941445887
0.8181818181818182,0.8027600432617202,0.8027600432617202,0,304,gnb,clean_reextract,0.003150200005620718
0.20959595959595959,0.11211186935624361,0.11211186935624361,0,304,gnb,vibration_missing,0.003150200005620718
0.7929292929292929,0.7764020064697599,0.7764020064697599,0,304,gnb,electrical_missing,0.003150200005620718
0.8131313131313131,0.7966941305653762,0.796694130565376,0,304,gnb,vibration_gain_075,0.003150200005620718
0.7676767676767676,0.7540098558034765,0.7540098558034766,0,304,gnb,vibration_gain_050,0.003150200005620718
0.5681818181818182,0.5099484414997183,0.5099484414997183,0,304,gnb,vibration_gain_025,0.003150200005620718
0.8055555555555556,0.7909263763877089,0.7909263763877089,0,304,gnb,electrical_gain_075,0.003150200005620718
0.7095959595959596,0.6792264442478749,0.6792264442478749,0,304,gnb,electrical_gain_050,0.003150200005620718
0.6906565656565656,0.6482362800919107,0.6482362800919106,0,304,gnb,electrical_gain_025,0.003150200005620718
0.8143939393939394,0.7981834904852603,0.7981834904852604,0,304,gnb,vibration_drift_025rms,0.003150200005620718
0.8131313131313131,0.7962171850102217,0.7962171850102214,0,304,gnb,vibration_drift_050rms,0.003150200005620718
0.803030303030303,0.7823296042011423,0.7823296042011423,0,304,gnb,vibration_drift_100rms,0.003150200005620718
0.8106060606060606,0.7941230704782362,0.7941230704782363,0,304,gnb,electrical_drift_025rms,0.003150200005620718
0.8169191919191919,0.8014931658838016,0.8014931658838016,0,304,gnb,electrical_drift_050rms,0.003150200005620718
0.8232323232323232,0.8088276372692548,0.8088276372692549,0,304,gnb,electrical_drift_100rms,0.003150200005620718
0.9797979797979798,0.9795336671211827,0.9795336671211827,0,304,lda,clean_reextract,0.016763399937190115
0.5946969696969697,0.5442509387107718,0.5442509387107718,0,304,lda,vibration_missing,0.016763399937190115
0.7891414141414141,0.781483396641018,0.7814833966410181,0,304,lda,electrical_missing,0.016763399937190115
0.9848484848484849,0.9846890745683949,0.9846890745683947,0,304,lda,vibration_gain_075,0.016763399937190115
0.9861111111111112,0.9860473637309064,0.9860473637309065,0,304,lda,vibration_gain_050,0.016763399937190115
0.9545454545454546,0.9546522258350265,0.9546522258350263,0,304,lda,vibration_gain_025,0.016763399937190115
0.9684343434343434,0.9680432811179408,0.968043281117941,0,304,lda,electrical_gain_075,0.016763399937190115
0.9482323232323232,0.947540109074719,0.9475401090747191,0,304,lda,electrical_gain_050,0.016763399937190115
0.928030303030303,0.9264206799472275,0.9264206799472275,0,304,lda,electrical_gain_025,0.016763399937190115
0.9797979797979798,0.9795336671211827,0.9795336671211827,0,304,lda,vibration_drift_025rms,0.016763399937190115
0.9772727272727273,0.976995750247471,0.976995750247471,0,304,lda,vibration_drift_050rms,0.016763399937190115
0.9684343434343434,0.967891458042058,0.9678914580420582,0,304,lda,vibration_drift_100rms,0.016763399937190115
0.9772727272727273,0.9770492864332411,0.977049286433241,0,304,lda,electrical_drift_025rms,0.016763399937190115
0.976010101010101,0.9757652913138105,0.9757652913138104,0,304,lda,electrical_drift_050rms,0.016763399937190115
0.9330808080808081,0.9308570005479059,0.930857000547906,0,304,lda,electrical_drift_100rms,0.016763399937190115
0.827020202020202,0.8207894177029144,0.8207894177029142,0,304,cart,clean_reextract,0.30404750001616776
0.6843434343434344,0.6715927797974809,0.671592779797481,0,304,cart,vibration_missing,0.30404750001616776
0.8207070707070707,0.8136023848853151,0.8136023848853151,0,304,cart,electrical_missing,0.30404750001616776
0.8434343434343434,0.8388996939721577,0.8388996939721577,0,304,cart,vibration_gain_075,0.30404750001616776
0.8169191919191919,0.8174996264311414,0.8174996264311413,0,304,cart,vibration_gain_050,0.30404750001616776
0.5202020202020202,0.48945752436037426,0.4894575243603742,0,304,cart,vibration_gain_025,0.30404750001616776
0.8194444444444444,0.8119940251727039,0.8119940251727041,0,304,cart,electrical_gain_075,0.30404750001616776
0.6616161616161617,0.6346125114953118,0.6346125114953118,0,304,cart,electrical_gain_050,0.30404750001616776
0.6540404040404041,0.6206687348831778,0.6206687348831778,0,304,cart,electrical_gain_025,0.30404750001616776
0.8244949494949495,0.8177946121603381,0.8177946121603382,0,304,cart,vibration_drift_025rms,0.30404750001616776
0.8118686868686869,0.8055992624931897,0.8055992624931898,0,304,cart,vibration_drift_050rms,0.30404750001616776
0.7184343434343434,0.7146356093119802,0.7146356093119801,0,304,cart,vibration_drift_100rms,0.30404750001616776
0.827020202020202,0.8207894177029144,0.8207894177029142,0,304,cart,electrical_drift_025rms,0.30404750001616776
0.8194444444444444,0.8125467021087047,0.8125467021087047,0,304,cart,electrical_drift_050rms,0.30404750001616776
0.7613636363636364,0.7477352571458753,0.7477352571458752,0,304,cart,electrical_drift_100rms,0.30404750001616776
0.9747474747474747,0.9747211892044794,0.9747211892044791,0,304,rf,clean_reextract,7.274837899953127
0.7323232323232324,0.6782459382523539,0.6782459382523539,0,304,rf,vibration_missing,7.274837899953127
0.9267676767676768,0.9265894882512615,0.9265894882512614,0,304,rf,electrical_missing,7.274837899953127
0.9848484848484849,0.9848171152518979,0.9848171152518977,0,304,rf,vibration_gain_075,7.274837899953127
0.9772727272727273,0.9772137027727573,0.9772137027727574,0,304,rf,vibration_gain_050,7.274837899953127
0.6893939393939394,0.6418405699317592,0.6418405699317591,0,304,rf,vibration_gain_025,7.274837899953127
0.9671717171717171,0.9671394531017664,0.9671394531017664,0,304,rf,electrical_gain_075,7.274837899953127
0.9709595959595959,0.9709318039545877,0.9709318039545877,0,304,rf,electrical_gain_050,7.274837899953127
0.9709595959595959,0.9709358005722627,0.9709358005722626,0,304,rf,electrical_gain_025,7.274837899953127
0.9734848484848485,0.9734598118973822,0.9734598118973821,0,304,rf,vibration_drift_025rms,7.274837899953127
0.9722222222222222,0.9721980824662563,0.9721980824662563,0,304,rf,vibration_drift_050rms,7.274837899953127
0.9507575757575758,0.9506265424419175,0.9506265424419176,0,304,rf,vibration_drift_100rms,7.274837899953127
0.9747474747474747,0.9747211892044794,0.9747211892044791,0,304,rf,electrical_drift_025rms,7.274837899953127
0.9734848484848485,0.9734598118973822,0.9734598118973821,0,304,rf,electrical_drift_050rms,7.274837899953127
0.9722222222222222,0.9721960800005705,0.9721960800005703,0,304,rf,electrical_drift_100rms,7.274837899953127
0.9924242424242424,0.9924219589709505,0.9924219589709508,0,304,extra_trees,clean_reextract,1.2265690999338403
0.7651515151515151,0.7447660991155637,0.7447660991155637,0,304,extra_trees,vibration_missing,1.2265690999338403
0.9141414141414141,0.9127772192881646,0.9127772192881647,0,304,extra_trees,electrical_missing,1.2265690999338403
0.9785353535353535,0.9784608579250672,0.9784608579250671,0,304,extra_trees,vibration_gain_075,1.2265690999338403
0.9785353535353535,0.9784764200325343,0.9784764200325342,0,304,extra_trees,vibration_gain_050,1.2265690999338403
0.8674242424242424,0.8611793874267767,0.8611793874267766,0,304,extra_trees,vibration_gain_025,1.2265690999338403
0.976010101010101,0.9759787367134646,0.9759787367134647,0,304,extra_trees,electrical_gain_075,1.2265690999338403
0.9823232323232324,0.9823077449143489,0.982307744914349,0,304,extra_trees,electrical_gain_050,1.2265690999338403
0.9797979797979798,0.979779411764706,0.979779411764706,0,304,extra_trees,electrical_gain_025,1.2265690999338403
0.9924242424242424,0.9924203273040483,0.9924203273040482,0,304,extra_trees,vibration_drift_025rms,1.2265690999338403
0.9861111111111112,0.986086956521739,0.9860869565217392,0,304,extra_trees,vibration_drift_050rms,1.2265690999338403
0.9444444444444444,0.943067254011881,0.9430672540118811,0,304,extra_trees,vibration_drift_100rms,1.2265690999338403
0.9924242424242424,0.9924219589709505,0.9924219589709508,0,304,extra_trees,electrical_drift_025rms,1.2265690999338403
0.9911616161616161,0.991157682924968,0.9911576829249681,0,304,extra_trees,electrical_drift_050rms,1.2265690999338403
0.9848484848484849,0.9848380411291956,0.9848380411291956,0,304,extra_trees,electrical_drift_100rms,1.2265690999338403
0.9848484848484849,0.9848375804753862,0.9848375804753862,0,304,hist_gb,clean_reextract,6.29235810006503
0.8535353535353535,0.8489997360932757,0.8489997360932757,0,304,hist_gb,vibration_missing,6.29235810006503
0.9166666666666666,0.9158038428229495,0.9158038428229494,0,304,hist_gb,electrical_missing,6.29235810006503
0.9873737373737373,0.9873555951491465,0.9873555951491466,0,304,hist_gb,vibration_gain_075,6.29235810006503
0.9873737373737373,0.9873555951491465,0.9873555951491466,0,304,hist_gb,vibration_gain_050,6.29235810006503
0.9621212121212122,0.963106173652673,0.963106173652673,0,304,hist_gb,vibration_gain_025,6.29235810006503
0.9292929292929293,0.9282554264156051,0.9282554264156049,0,304,hist_gb,electrical_gain_075,6.29235810006503
0.9343434343434344,0.9336225604727666,0.9336225604727667,0,304,hist_gb,electrical_gain_050,6.29235810006503
0.9292929292929293,0.9286831881928218,0.9286831881928218,0,304,hist_gb,electrical_gain_025,6.29235810006503
0.9848484848484849,0.9848375804753862,0.9848375804753862,0,304,hist_gb,vibration_drift_025rms,6.29235810006503
0.9848484848484849,0.9848375804753862,0.9848375804753862,0,304,hist_gb,vibration_drift_050rms,6.29235810006503
0.9633838383838383,0.9633118013830894,0.9633118013830894,0,304,hist_gb,vibration_drift_100rms,6.29235810006503
0.976010101010101,0.9759365211989474,0.9759365211989475,0,304,hist_gb,electrical_drift_025rms,6.29235810006503
0.9507575757575758,0.9498600988975818,0.9498600988975818,0,304,hist_gb,electrical_drift_050rms,6.29235810006503
0.9570707070707071,0.9567705022250476,0.9567705022250477,0,304,hist_gb,electrical_drift_100rms,6.29235810006503
0.9924242424242424,0.9924203273040483,0.9924203273040482,0,304,xgboost,clean_reextract,5.335273299948312
0.8813131313131313,0.8799597222653971,0.8799597222653971,0,304,xgboost,vibration_missing,5.335273299948312
0.9141414141414141,0.9134693598090083,0.9134693598090085,0,304,xgboost,electrical_missing,5.335273299948312
0.9936868686868687,0.993684603350031,0.993684603350031,0,304,xgboost,vibration_gain_075,5.335273299948312
0.9924242424242424,0.992445079517323,0.9924450795173229,0,304,xgboost,vibration_gain_050,5.335273299948312
0.9494949494949495,0.9512463963230858,0.951246396323086,0,304,xgboost,vibration_gain_025,5.335273299948312
0.9621212121212122,0.9621263530606319,0.9621263530606319,0,304,xgboost,electrical_gain_075,5.335273299948312
0.9393939393939394,0.939417553816777,0.939417553816777,0,304,xgboost,electrical_gain_050,5.335273299948312
0.9381313131313131,0.9381869749074717,0.9381869749074719,0,304,xgboost,electrical_gain_025,5.335273299948312
0.9924242424242424,0.9924203273040483,0.9924203273040482,0,304,xgboost,vibration_drift_025rms,5.335273299948312
0.9924242424242424,0.9924203273040483,0.9924203273040482,0,304,xgboost,vibration_drift_050rms,5.335273299948312
0.9873737373737373,0.987368662550891,0.987368662550891,0,304,xgboost,vibration_drift_100rms,5.335273299948312
0.9936868686868687,0.993684603350031,0.993684603350031,0,304,xgboost,electrical_drift_025rms,5.335273299948312
0.9709595959595959,0.970769261633214,0.970769261633214,0,304,xgboost,electrical_drift_050rms,5.335273299948312
0.9924242424242424,0.9924238076106295,0.9924238076106295,0,304,xgboost,electrical_drift_100rms,5.335273299948312
0.9987373737373737,0.9987373556209197,0.9987373556209197,0,305,lr,clean_reextract,0.13628460001200438
0.9065656565656566,0.905797501968807,0.9057975019688069,0,305,lr,vibration_missing,0.13628460001200438
0.8838383838383839,0.8772474947021789,0.8772474947021789,0,305,lr,electrical_missing,0.13628460001200438
0.9987373737373737,0.9987373556209197,0.9987373556209197,0,305,lr,vibration_gain_075,0.13628460001200438
1.0,1.0,1.0,0,305,lr,vibration_gain_050,0.13628460001200438
0.9861111111111112,0.9861049306540791,0.9861049306540792,0,305,lr,vibration_gain_025,0.13628460001200438
0.9987373737373737,0.9987373556209197,0.9987373556209197,0,305,lr,electrical_gain_075,0.13628460001200438
0.9936868686868687,0.9937141331242304,0.9937141331242303,0,305,lr,electrical_gain_050,0.13628460001200438
0.9179292929292929,0.9167316880698579,0.9167316880698578,0,305,lr,electrical_gain_025,0.13628460001200438
0.9987373737373737,0.9987373556209197,0.9987373556209197,0,305,lr,vibration_drift_025rms,0.13628460001200438
0.9987373737373737,0.9987373556209197,0.9987373556209197,0,305,lr,vibration_drift_050rms,0.13628460001200438
0.9987373737373737,0.9987373556209197,0.9987373556209197,0,305,lr,vibration_drift_100rms,0.13628460001200438
0.9987373737373737,0.9987373556209197,0.9987373556209197,0,305,lr,electrical_drift_025rms,0.13628460001200438
0.9949494949494949,0.9949540425818558,0.994954042581856,0,305,lr,electrical_drift_050rms,0.13628460001200438
0.6679292929292929,0.6035076274636314,0.6035076274636315,0,305,lr,electrical_drift_100rms,0.13628460001200438
1.0,1.0,1.0,0,305,svm_rbf,clean_reextract,0.9629612999269739
0.9065656565656566,0.9049115905501348,0.9049115905501347,0,305,svm_rbf,vibration_missing,0.9629612999269739
0.8775252525252525,0.8704537267018674,0.8704537267018673,0,305,svm_rbf,electrical_missing,0.9629612999269739
1.0,1.0,1.0,0,305,svm_rbf,vibration_gain_075,0.9629612999269739
1.0,1.0,1.0,0,305,svm_rbf,vibration_gain_050,0.9629612999269739
1.0,1.0,1.0,0,305,svm_rbf,vibration_gain_025,0.9629612999269739
0.16666666666666666,0.047619047619047616,0.04761904761904762,0,305,svm_rbf,electrical_gain_075,0.9629612999269739
1.0,1.0,1.0,0,305,svm_rbf,electrical_gain_050,0.9629612999269739
0.16666666666666666,0.048034934497816595,0.048034934497816595,0,305,svm_rbf,electrical_gain_025,0.9629612999269739
1.0,1.0,1.0,0,305,svm_rbf,vibration_drift_025rms,0.9629612999269739
1.0,1.0,1.0,0,305,svm_rbf,vibration_drift_050rms,0.9629612999269739
1.0,1.0,1.0,0,305,svm_rbf,vibration_drift_100rms,0.9629612999269739
0.9949494949494949,0.9949483352468427,0.9949483352468428,0,305,svm_rbf,electrical_drift_025rms,0.9629612999269739
0.9936868686868687,0.9936816161132301,0.9936816161132302,0,305,svm_rbf,electrical_drift_050rms,0.9629612999269739
0.702020202020202,0.6600659809094667,0.6600659809094666,0,305,svm_rbf,electrical_drift_100rms,0.9629612999269739
0.9924242424242424,0.9924232318499606,0.9924232318499606,0,305,knn,clean_reextract,0.001434899982996285
0.5757575757575758,0.5710070247414442,0.5710070247414442,0,305,knn,vibration_missing,0.001434899982996285
0.875,0.8728592135723149,0.8728592135723148,0,305,knn,electrical_missing,0.001434899982996285
0.9835858585858586,0.9836194555271583,0.9836194555271583,0,305,knn,vibration_gain_075,0.001434899982996285
0.976010101010101,0.9760383802898254,0.9760383802898256,0,305,knn,vibration_gain_050,0.001434899982996285
0.946969696969697,0.9473085509508842,0.9473085509508844,0,305,knn,vibration_gain_025,0.001434899982996285
0.5277777777777778,0.45467779811447046,0.4546777981144704,0,305,knn,electrical_gain_075,0.001434899982996285
0.946969696969697,0.9466648738266336,0.9466648738266337,0,305,knn,electrical_gain_050,0.001434899982996285
0.5896464646464646,0.5249436032024575,0.5249436032024575,0,305,knn,electrical_gain_025,0.001434899982996285
0.98989898989899,0.9898978525032911,0.9898978525032909,0,305,knn,vibration_drift_025rms,0.001434899982996285
0.9911616161616161,0.9911606055873343,0.9911606055873343,0,305,knn,vibration_drift_050rms,0.001434899982996285
0.98989898989899,0.9898978883275573,0.9898978883275573,0,305,knn,vibration_drift_100rms,0.001434899982996285
0.9911616161616161,0.9911410133230848,0.9911410133230849,0,305,knn,electrical_drift_025rms,0.001434899982996285
0.9886363636363636,0.9886348819781241,0.9886348819781241,0,305,knn,electrical_drift_050rms,0.001434899982996285
0.86489898989899,0.8626366513469662,0.8626366513469663,0,305,knn,electrical_drift_100rms,0.001434899982996285
0.8169191919191919,0.8021333886828156,0.8021333886828157,0,305,gnb,clean_reextract,0.0030824000714346766
0.31186868686868685,0.1644149458467086,0.1644149458467086,0,305,gnb,vibration_missing,0.0030824000714346766
0.7904040404040404,0.7734274640088593,0.7734274640088594,0,305,gnb,electrical_missing,0.0030824000714346766
0.8169191919191919,0.8010893246187365,0.8010893246187364,0,305,gnb,vibration_gain_075,0.0030824000714346766
0.7803030303030303,0.7665214899015588,0.7665214899015589,0,305,gnb,vibration_gain_050,0.0030824000714346766
0.5580808080808081,0.4963160544076684,0.49631605440766846,0,305,gnb,vibration_gain_025,0.0030824000714346766
0.803030303030303,0.7882229196534504,0.7882229196534505,0,305,gnb,electrical_gain_075,0.0030824000714346766
0.7171717171717171,0.6930902969153531,0.6930902969153531,0,305,gnb,electrical_gain_050,0.0030824000714346766
0.6944444444444444,0.6593382161830975,0.6593382161830976,0,305,gnb,electrical_gain_025,0.0030824000714346766
0.8118686868686869,0.7956898082791256,0.7956898082791257,0,305,gnb,vibration_drift_025rms,0.0030824000714346766
0.8106060606060606,0.7941536676503537,0.7941536676503538,0,305,gnb,vibration_drift_050rms,0.0030824000714346766
0.8005050505050505,0.7803705103179185,0.7803705103179185,0,305,gnb,vibration_drift_100rms,0.0030824000714346766
0.8093434343434344,0.7933097258206342,0.7933097258206342,0,305,gnb,electrical_drift_025rms,0.0030824000714346766
0.8169191919191919,0.8016982451120503,0.8016982451120503,0,305,gnb,electrical_drift_050rms,0.0030824000714346766
0.8169191919191919,0.8015817950337483,0.8015817950337484,0,305,gnb,electrical_drift_100rms,0.0030824000714346766
0.9722222222222222,0.9717974053072949,0.971797405307295,0,305,lda,clean_reextract,0.015462299925275147
0.5820707070707071,0.5434650490702029,0.5434650490702029,0,305,lda,vibration_missing,0.015462299925275147
0.7853535353535354,0.7775481532358858,0.7775481532358859,0,305,lda,electrical_missing,0.015462299925275147
0.9785353535353535,0.9782225166233851,0.9782225166233851,0,305,lda,vibration_gain_075,0.015462299925275147
0.9848484848484849,0.9847352205203898,0.9847352205203899,0,305,lda,vibration_gain_050,0.015462299925275147
0.9570707070707071,0.9572147886517567,0.9572147886517566,0,305,lda,vibration_gain_025,0.015462299925275147
0.9633838383838383,0.9628306066074633,0.9628306066074632,0,305,lda,electrical_gain_075,0.015462299925275147
0.9406565656565656,0.9394395297964003,0.9394395297964006,0,305,lda,electrical_gain_050,0.015462299925275147
0.9154040404040404,0.912734214316727,0.912734214316727,0,305,lda,electrical_gain_025,0.015462299925275147
0.9709595959595959,0.9704960880623985,0.9704960880623987,0,305,lda,vibration_drift_025rms,0.015462299925275147
0.9709595959595959,0.9705603533074361,0.9705603533074363,0,305,lda,vibration_drift_050rms,0.015462299925275147
0.9633838383838383,0.9624269415151931,0.9624269415151931,0,305,lda,vibration_drift_100rms,0.015462299925275147
0.9696969696969697,0.9692803331177998,0.9692803331177996,0,305,lda,electrical_drift_025rms,0.015462299925275147
0.9671717171717171,0.9666057562104814,0.9666057562104812,0,305,lda,electrical_drift_050rms,0.015462299925275147
0.9002525252525253,0.8967472989014192,0.8967472989014192,0,305,lda,electrical_drift_100rms,0.015462299925275147
0.803030303030303,0.795710142692382,0.795710142692382,0,305,cart,clean_reextract,0.27662450005300343
0.7222222222222222,0.7176511407731866,0.7176511407731866,0,305,cart,vibration_missing,0.27662450005300343
0.7929292929292929,0.7842630992958083,0.7842630992958083,0,305,cart,electrical_missing,0.27662450005300343
0.821969696969697,0.8162087699115507,0.8162087699115507,0,305,cart,vibration_gain_075,0.27662450005300343
0.7878787878787878,0.7864246131002902,0.7864246131002902,0,305,cart,vibration_gain_050,0.27662450005300343
0.3472222222222222,0.33960500700073654,0.3396050070007366,0,305,cart,vibration_gain_025,0.27662450005300343
0.7904040404040404,0.7808780494373028,0.7808780494373029,0,305,cart,electrical_gain_075,0.27662450005300343
0.7904040404040404,0.7808780494373028,0.7808780494373029,0,305,cart,electrical_gain_050,0.27662450005300343
0.7904040404040404,0.7808780494373028,0.7808780494373029,0,305,cart,electrical_gain_025,0.27662450005300343
0.8005050505050505,0.7928099538678649,0.7928099538678648,0,305,cart,vibration_drift_025rms,0.27662450005300343
0.7929292929292929,0.7859586127120028,0.7859586127120028,0,305,cart,vibration_drift_050rms,0.27662450005300343
0.7032828282828283,0.7066502798564658,0.7066502798564658,0,305,cart,vibration_drift_100rms,0.27662450005300343
0.8042929292929293,0.797320657781158,0.7973206577811581,0,305,cart,electrical_drift_025rms,0.27662450005300343
0.8042929292929293,0.797320657781158,0.7973206577811581,0,305,cart,electrical_drift_050rms,0.27662450005300343
0.8017676767676768,0.7939913796177844,0.7939913796177844,0,305,cart,electrical_drift_100rms,0.27662450005300343
0.9785353535353535,0.9785043450055305,0.9785043450055305,0,305,rf,clean_reextract,7.268481199978851
0.7234848484848485,0.6676026470807273,0.6676026470807271,0,305,rf,vibration_missing,7.268481199978851
0.9330808080808081,0.9329840773493467,0.9329840773493467,0,305,rf,electrical_missing,7.268481199978851
0.9936868686868687,0.993684603350031,0.993684603350031,0,305,rf,vibration_gain_075,7.268481199978851
0.9911616161616161,0.9911605327066376,0.9911605327066376,0,305,rf,vibration_gain_050,7.268481199978851
0.7424242424242424,0.732650256263565,0.7326502562635648,0,305,rf,vibration_gain_025,7.268481199978851
0.9696969696969697,0.9696668745858418,0.9696668745858418,0,305,rf,electrical_gain_075,7.268481199978851
0.9722222222222222,0.9721931812616847,0.9721931812616849,0,305,rf,electrical_gain_050,7.268481199978851
0.9696969696969697,0.9696719513445284,0.9696719513445283,0,305,rf,electrical_gain_025,7.268481199978851
0.9785353535353535,0.9785043450055305,0.9785043450055305,0,305,rf,vibration_drift_025rms,7.268481199978851
0.9772727272727273,0.9772433420981685,0.9772433420981685,0,305,rf,vibration_drift_050rms,7.268481199978851
0.9558080808080808,0.9557332532343015,0.9557332532343016,0,305,rf,vibration_drift_100rms,7.268481199978851
0.9797979797979798,0.9797739392706744,0.9797739392706742,0,305,rf,electrical_drift_025rms,7.268481199978851
0.9797979797979798,0.9797739392706744,0.9797739392706742,0,305,rf,electrical_drift_050rms,7.268481199978851
0.9785353535353535,0.978512671922989,0.978512671922989,0,305,rf,electrical_drift_100rms,7.268481199978851
0.9936868686868687,0.9936856908677624,0.9936856908677625,0,305,extra_trees,clean_reextract,1.2911653000628576
0.7626262626262627,0.7254114718950336,0.7254114718950336,0,305,extra_trees,vibration_missing,1.2911653000628576
0.9356060606060606,0.9351965179733402,0.9351965179733402,0,305,extra_trees,electrical_missing,1.2911653000628576
0.9848484848484849,0.9848171152518979,0.9848171152518977,0,305,extra_trees,vibration_gain_075,1.2911653000628576
0.9848484848484849,0.9848313926314162,0.9848313926314161,0,305,extra_trees,vibration_gain_050,1.2911653000628576
0.8939393939393939,0.8932848469688205,0.8932848469688205,0,305,extra_trees,vibration_gain_025,1.2911653000628576
0.9797979797979798,0.9797759224531948,0.9797759224531947,0,305,extra_trees,electrical_gain_075,1.2911653000628576
0.9810606060606061,0.9810451038176553,0.9810451038176553,0,305,extra_trees,electrical_gain_050,1.2911653000628576
0.9797979797979798,0.979779411764706,0.979779411764706,0,305,extra_trees,electrical_gain_025,1.2911653000628576
0.9936868686868687,0.9936856908677624,0.9936856908677625,0,305,extra_trees,vibration_drift_025rms,1.2911653000628576
0.9861111111111112,0.9860929507700663,0.9860929507700664,0,305,extra_trees,vibration_drift_050rms,1.2911653000628576
0.952020202020202,0.9511588130631923,0.9511588130631923,0,305,extra_trees,vibration_drift_100rms,1.2911653000628576
0.9936868686868687,0.9936856908677624,0.9936856908677625,0,305,extra_trees,electrical_drift_025rms,1.2911653000628576
0.9911616161616161,0.991157682924968,0.9911576829249681,0,305,extra_trees,electrical_drift_050rms,1.2911653000628576
0.98989898989899,0.9898927535562221,0.9898927535562222,0,305,extra_trees,electrical_drift_100rms,1.2911653000628576
0.9835858585858586,0.9835856230719563,0.9835856230719564,0,305,hist_gb,clean_reextract,6.5598634000634775
0.8409090909090909,0.8375213260094093,0.8375213260094092,0,305,hist_gb,vibration_missing,6.5598634000634775
0.928030303030303,0.9274844260357115,0.9274844260357116,0,305,hist_gb,electrical_missing,6.5598634000634775
0.9785353535353535,0.9785350455556352,0.9785350455556353,0,305,hist_gb,vibration_gain_075,6.5598634000634775
0.9797979797979798,0.9797968202950124,0.9797968202950124,0,305,hist_gb,vibration_gain_050,6.5598634000634775
0.9406565656565656,0.9419425158842832,0.9419425158842833,0,305,hist_gb,vibration_gain_025,6.5598634000634775
0.9482323232323232,0.9482015695963851,0.9482015695963851,0,305,hist_gb,electrical_gain_075,6.5598634000634775
0.9494949494949495,0.9494642551550531,0.949464255155053,0,305,hist_gb,electrical_gain_050,6.5598634000634775
0.9482323232323232,0.948192060288593,0.948192060288593,0,305,hist_gb,electrical_gain_025,6.5598634000634775
0.9823232323232324,0.9823222177581359,0.9823222177581358,0,305,hist_gb,vibration_drift_025rms,6.5598634000634775
0.9823232323232324,0.9823222177581359,0.9823222177581358,0,305,hist_gb,vibration_drift_050rms,6.5598634000634775
0.9684343434343434,0.9684199618593304,0.9684199618593304,0,305,hist_gb,vibration_drift_100rms,6.5598634000634775
0.9797979797979798,0.9797968202950124,0.9797968202950124,0,305,hist_gb,electrical_drift_025rms,6.5598634000634775
0.9558080808080808,0.9552823069400778,0.9552823069400778,0,305,hist_gb,electrical_drift_050rms,6.5598634000634775
0.8888888888888888,0.8860814820214192,0.8860814820214195,0,305,hist_gb,electrical_drift_100rms,6.5598634000634775
0.9886363636363636,0.9886322860300555,0.9886322860300556,0,305,xgboost,clean_reextract,5.361019000061788
0.8409090909090909,0.8384521465189564,0.8384521465189566,0,305,xgboost,vibration_missing,5.361019000061788
0.9154040404040404,0.9152857246225422,0.9152857246225422,0,305,xgboost,electrical_missing,5.361019000061788
0.9835858585858586,0.9835743104512757,0.9835743104512759,0,305,xgboost,vibration_gain_075,5.361019000061788
0.9835858585858586,0.9835743104512757,0.9835743104512759,0,305,xgboost,vibration_gain_050,5.361019000061788
0.9318181818181818,0.9346912889719584,0.9346912889719585,0,305,xgboost,vibration_gain_025,5.361019000061788
0.9545454545454546,0.9545676545676547,0.9545676545676546,0,305,xgboost,electrical_gain_075,5.361019000061788
0.952020202020202,0.9520743680546288,0.9520743680546286,0,305,xgboost,electrical_gain_050,5.361019000061788
0.9507575757575758,0.9508119650680878,0.9508119650680878,0,305,xgboost,electrical_gain_025,5.361019000061788
0.9886363636363636,0.9886322860300555,0.9886322860300556,0,305,xgboost,vibration_drift_025rms,5.361019000061788
0.9886363636363636,0.9886322860300555,0.9886322860300556,0,305,xgboost,vibration_drift_050rms,5.361019000061788
0.9886363636363636,0.9886348960351286,0.9886348960351286,0,305,xgboost,vibration_drift_100rms,5.361019000061788
0.9785353535353535,0.978498023715415,0.9784980237154152,0,305,xgboost,electrical_drift_025rms,5.361019000061788
0.9494949494949495,0.9489469583290475,0.9489469583290475,0,305,xgboost,electrical_drift_050rms,5.361019000061788
0.9204545454545454,0.9181451076050083,0.9181451076050082,0,305,xgboost,electrical_drift_100rms,5.361019000061788
1.0,1.0,1.0,111,301,lr,clean_reextract,0.1256960000609979
0.9393939393939394,0.9393853001396271,0.939385300139627,111,301,lr,vibration_missing,0.1256960000609979
0.9684343434343434,0.9684556828152017,0.9684556828152017,111,301,lr,electrical_missing,0.1256960000609979
1.0,1.0,1.0,111,301,lr,vibration_gain_075,0.1256960000609979
1.0,1.0,1.0,111,301,lr,vibration_gain_050,0.1256960000609979
0.9457070707070707,0.9455968245974216,0.9455968245974216,111,301,lr,vibration_gain_025,0.1256960000609979
1.0,1.0,1.0,111,301,lr,electrical_gain_075,0.1256960000609979
0.9987373737373737,0.9987373556209196,0.9987373556209197,111,301,lr,electrical_gain_050,0.1256960000609979
0.98989898989899,0.9899247666399488,0.989924766639949,111,301,lr,electrical_gain_025,0.1256960000609979
1.0,1.0,1.0,111,301,lr,vibration_drift_025rms,0.1256960000609979
1.0,1.0,1.0,111,301,lr,vibration_drift_050rms,0.1256960000609979
1.0,1.0,1.0,111,301,lr,vibration_drift_100rms,0.1256960000609979
1.0,1.0,1.0,111,301,lr,electrical_drift_025rms,0.1256960000609979
0.9987373737373737,0.9987373556209196,0.9987373556209198,111,301,lr,electrical_drift_050rms,0.1256960000609979
0.7070707070707071,0.6378973155990204,0.6378973155990203,111,301,lr,electrical_drift_100rms,0.1256960000609979
1.0,1.0,1.0,111,301,svm_rbf,clean_reextract,0.9442797000519931
0.9191919191919192,0.9193239343738201,0.91932393437382,111,301,svm_rbf,vibration_missing,0.9442797000519931
0.9747474747474747,0.974898369016698,0.974898369016698,111,301,svm_rbf,electrical_missing,0.9442797000519931
1.0,1.0,1.0,111,301,svm_rbf,vibration_gain_075,0.9442797000519931
0.9987373737373737,0.9987373556209197,0.9987373556209197,111,301,svm_rbf,vibration_gain_050,0.9442797000519931
0.9848484848484849,0.9849518059196988,0.9849518059196987,111,301,svm_rbf,vibration_gain_025,0.9442797000519931
0.16666666666666666,0.047619047619047616,0.04761904761904762,111,301,svm_rbf,electrical_gain_075,0.9442797000519931
1.0,1.0,1.0,111,301,svm_rbf,electrical_gain_050,0.9442797000519931
0.33207070707070707,0.17208861638589598,0.172088616385896,111,301,svm_rbf,electrical_gain_025,0.9442797000519931
1.0,1.0,1.0,111,301,svm_rbf,vibration_drift_025rms,0.9442797000519931
1.0,1.0,1.0,111,301,svm_rbf,vibration_drift_050rms,0.9442797000519931
1.0,1.0,1.0,111,301,svm_rbf,vibration_drift_100rms,0.9442797000519931
1.0,1.0,1.0,111,301,svm_rbf,electrical_drift_025rms,0.9442797000519931
1.0,1.0,1.0,111,301,svm_rbf,electrical_drift_050rms,0.9442797000519931
0.6792929292929293,0.6455766792484722,0.6455766792484722,111,301,svm_rbf,electrical_drift_100rms,0.9442797000519931
0.9987373737373737,0.9987373556209196,0.9987373556209198,111,301,knn,clean_reextract,0.0013584999833256006
0.5732323232323232,0.5605179209051543,0.5605179209051544,111,301,knn,vibration_missing,0.0013584999833256006
0.9709595959595959,0.9711862473041051,0.9711862473041051,111,301,knn,electrical_missing,0.0013584999833256006
0.9924242424242424,0.9924229377837192,0.9924229377837194,111,301,knn,vibration_gain_075,0.0013584999833256006
0.9861111111111112,0.9860885778525498,0.9860885778525498,111,301,knn,vibration_gain_050,0.0013584999833256006
0.9318181818181818,0.9320721041076827,0.9320721041076828,111,301,knn,vibration_gain_025,0.0013584999833256006
0.380050505050505,0.36904667945684166,0.36904667945684166,111,301,knn,electrical_gain_075,0.0013584999833256006
0.9684343434343434,0.9683172071001298,0.9683172071001296,111,301,knn,electrical_gain_050,0.0013584999833256006
0.6792929292929293,0.6229271235903079,0.6229271235903079,111,301,knn,electrical_gain_025,0.0013584999833256006
0.9987373737373737,0.9987373556209196,0.9987373556209198,111,301,knn,vibration_drift_025rms,0.0013584999833256006
0.9987373737373737,0.9987373556209196,0.9987373556209198,111,301,knn,vibration_drift_050rms,0.0013584999833256006
0.9987373737373737,0.9987373556209196,0.9987373556209198,111,301,knn,vibration_drift_100rms,0.0013584999833256006
0.9974747474747475,0.9974746025368765,0.9974746025368766,111,301,knn,electrical_drift_025rms,0.0013584999833256006
0.9987373737373737,0.9987373556209197,0.9987373556209197,111,301,knn,electrical_drift_050rms,0.0013584999833256006
0.9242424242424242,0.9235711610883325,0.9235711610883327,111,301,knn,electrical_drift_100rms,0.0013584999833256006
0.9166666666666666,0.915566410727975,0.9155664107279751,111,301,gnb,clean_reextract,0.003101999987848103
0.2777777777777778,0.14987045474850355,0.14987045474850352,111,301,gnb,vibration_missing,0.003101999987848103
0.8712121212121212,0.8675368129209783,0.8675368129209782,111,301,gnb,electrical_missing,0.003101999987848103
0.9356060606060606,0.9353923052336057,0.9353923052336056,111,301,gnb,vibration_gain_075,0.003101999987848103
0.875,0.8812254145628352,0.881225414562835,111,301,gnb,vibration_gain_050,0.003101999987848103
0.6553030303030303,0.6040315582154908,0.6040315582154908,111,301,gnb,vibration_gain_025,0.003101999987848103
0.9040404040404041,0.9021406641394049,0.9021406641394049,111,301,gnb,electrical_gain_075,0.003101999987848103
0.8838383838383839,0.8803346037280132,0.8803346037280133,111,301,gnb,electrical_gain_050,0.003101999987848103
0.8686868686868687,0.8633892786623331,0.8633892786623332,111,301,gnb,electrical_gain_025,0.003101999987848103
0.9166666666666666,0.915566410727975,0.9155664107279751,111,301,gnb,vibration_drift_025rms,0.003101999987848103
0.9191919191919192,0.9183716790987839,0.9183716790987839,111,301,gnb,vibration_drift_050rms,0.003101999987848103
0.9154040404040404,0.9147459183391451,0.9147459183391452,111,301,gnb,vibration_drift_100rms,0.003101999987848103
0.9090909090909091,0.9075649650172432,0.907564965017243,111,301,gnb,electrical_drift_025rms,0.003101999987848103
0.9255050505050505,0.9245742971887493,0.9245742971887494,111,301,gnb,electrical_drift_050rms,0.003101999987848103
0.9318181818181818,0.931327429087705,0.9313274290877052,111,301,gnb,electrical_drift_100rms,0.003101999987848103
0.9949494949494949,0.9949483352468427,0.9949483352468428,111,301,lda,clean_reextract,0.015187499928288162
0.7159090909090909,0.6898761834461798,0.6898761834461797,111,301,lda,vibration_missing,0.015187499928288162
0.9381313131313131,0.9372731810688943,0.9372731810688942,111,301,lda,electrical_missing,0.015187499928288162
0.9936868686868687,0.9936846033500308,0.993684603350031,111,301,lda,vibration_gain_075,0.015187499928288162
0.9911616161616161,0.9911094147211869,0.9911094147211867,111,301,lda,vibration_gain_050,0.015187499928288162
0.9330808080808081,0.9316918223690003,0.9316918223690004,111,301,lda,vibration_gain_025,0.015187499928288162
0.9886363636363636,0.9886231415643181,0.9886231415643181,111,301,lda,electrical_gain_075,0.015187499928288162
0.9797979797979798,0.9796008936241741,0.9796008936241741,111,301,lda,electrical_gain_050,0.015187499928288162
0.9709595959595959,0.970439633945555,0.9704396339455549,111,301,lda,electrical_gain_025,0.015187499928288162
0.9949494949494949,0.9949483352468427,0.9949483352468428,111,301,lda,vibration_drift_025rms,0.015187499928288162
0.9949494949494949,0.9949483352468427,0.9949483352468428,111,301,lda,vibration_drift_050rms,0.015187499928288162
0.9949494949494949,0.9949483352468427,0.9949483352468428,111,301,lda,vibration_drift_100rms,0.015187499928288162
0.9924242424242424,0.9924203273040483,0.9924203273040482,111,301,lda,electrical_drift_025rms,0.015187499928288162
0.9936868686868687,0.9936846033500308,0.993684603350031,111,301,lda,electrical_drift_050rms,0.015187499928288162
0.898989898989899,0.889179401165006,0.8891794011650062,111,301,lda,electrical_drift_100rms,0.015187499928288162
0.9722222222222222,0.972278747360924,0.9722787473609239,111,301,cart,clean_reextract,0.28337329998612404
0.7651515151515151,0.7622225703186244,0.7622225703186245,111,301,cart,vibration_missing,0.28337329998612404
0.9684343434343434,0.9684876108365693,0.9684876108365694,111,301,cart,electrical_missing,0.28337329998612404
0.9633838383838383,0.9639157651797051,0.9639157651797052,111,301,cart,vibration_gain_075,0.28337329998612404
0.946969696969697,0.9463252457273792,0.9463252457273792,111,301,cart,vibration_gain_050,0.28337329998612404
0.648989898989899,0.5974330392857401,0.5974330392857401,111,301,cart,vibration_gain_025,0.28337329998612404
0.9684343434343434,0.9685089282388603,0.9685089282388601,111,301,cart,electrical_gain_075,0.28337329998612404
0.9684343434343434,0.9685089282388603,0.9685089282388601,111,301,cart,electrical_gain_050,0.28337329998612404
0.9684343434343434,0.9685089282388603,0.9685089282388601,111,301,cart,electrical_gain_025,0.28337329998612404
0.9722222222222222,0.972278747360924,0.9722787473609239,111,301,cart,vibration_drift_025rms,0.28337329998612404
0.9722222222222222,0.972278747360924,0.9722787473609239,111,301,cart,vibration_drift_050rms,0.28337329998612404
0.9646464646464646,0.9646845886754855,0.9646845886754856,111,301,cart,vibration_drift_100rms,0.28337329998612404
0.9696969696969697,0.969766314552509,0.9697663145525091,111,301,cart,electrical_drift_025rms,0.28337329998612404
0.9722222222222222,0.972278747360924,0.9722787473609239,111,301,cart,electrical_drift_050rms,0.28337329998612404
0.9722222222222222,0.972278747360924,0.9722787473609239,111,301,cart,electrical_drift_100rms,0.28337329998612404
1.0,1.0,1.0,111,301,rf,clean_reextract,7.442089700023644
0.7916666666666666,0.7855225404280394,0.7855225404280393,111,301,rf,vibration_missing,7.442089700023644
0.9987373737373737,0.9987373556209197,0.9987373556209197,111,301,rf,electrical_missing,7.442089700023644
0.9962121212121212,0.9962022275380491,0.9962022275380492,111,301,rf,vibration_gain_075,7.442089700023644
0.9987373737373737,0.9987373556209196,0.9987373556209198,111,301,rf,vibration_gain_050,7.442089700023644
0.7941919191919192,0.7759074586086828,0.7759074586086828,111,301,rf,vibration_gain_025,7.442089700023644
1.0,1.0,1.0,111,301,rf,electrical_gain_075,7.442089700023644
1.0,1.0,1.0,111,301,rf,electrical_gain_050,7.442089700023644
1.0,1.0,1.0,111,301,rf,electrical_gain_025,7.442089700023644
1.0,1.0,1.0,111,301,rf,vibration_drift_025rms,7.442089700023644
1.0,1.0,1.0,111,301,rf,vibration_drift_050rms,7.442089700023644
0.9987373737373737,0.9987373556209197,0.9987373556209197,111,301,rf,vibration_drift_100rms,7.442089700023644
1.0,1.0,1.0,111,301,rf,electrical_drift_025rms,7.442089700023644
1.0,1.0,1.0,111,301,rf,electrical_drift_050rms,7.442089700023644
1.0,1.0,1.0,111,301,rf,electrical_drift_100rms,7.442089700023644
1.0,1.0,1.0,111,301,extra_trees,clean_reextract,1.3603616999462247
0.7828282828282829,0.7713023078530314,0.7713023078530316,111,301,extra_trees,vibration_missing,1.3603616999462247
0.9962121212121212,0.9962120849792132,0.9962120849792132,111,301,extra_trees,electrical_missing,1.3603616999462247
1.0,1.0,1.0,111,301,extra_trees,vibration_gain_075,1.3603616999462247
1.0,1.0,1.0,111,301,extra_trees,vibration_gain_050,1.3603616999462247
0.9255050505050505,0.9215887638752548,0.9215887638752549,111,301,extra_trees,vibration_gain_025,1.3603616999462247
1.0,1.0,1.0,111,301,extra_trees,electrical_gain_075,1.3603616999462247
1.0,1.0,1.0,111,301,extra_trees,electrical_gain_050,1.3603616999462247
1.0,1.0,1.0,111,301,extra_trees,electrical_gain_025,1.3603616999462247
1.0,1.0,1.0,111,301,extra_trees,vibration_drift_025rms,1.3603616999462247
1.0,1.0,1.0,111,301,extra_trees,vibration_drift_050rms,1.3603616999462247
1.0,1.0,1.0,111,301,extra_trees,vibration_drift_100rms,1.3603616999462247
1.0,1.0,1.0,111,301,extra_trees,electrical_drift_025rms,1.3603616999462247
1.0,1.0,1.0,111,301,extra_trees,electrical_drift_050rms,1.3603616999462247
1.0,1.0,1.0,111,301,extra_trees,electrical_drift_100rms,1.3603616999462247
1.0,1.0,1.0,111,301,hist_gb,clean_reextract,6.301381600089371
0.8333333333333334,0.8279168171817788,0.8279168171817788,111,301,hist_gb,vibration_missing,6.301381600089371
0.9696969696969697,0.9694444444444444,0.9694444444444444,111,301,hist_gb,electrical_missing,6.301381600089371
1.0,1.0,1.0,111,301,hist_gb,vibration_gain_075,6.301381600089371
1.0,1.0,1.0,111,301,hist_gb,vibration_gain_050,6.301381600089371
0.9608585858585859,0.9603113406561432,0.9603113406561431,111,301,hist_gb,vibration_gain_025,6.301381600089371
0.9696969696969697,0.9693478403786733,0.9693478403786735,111,301,hist_gb,electrical_gain_075,6.301381600089371
0.9709595959595959,0.9707374904217329,0.970737490421733,111,301,hist_gb,electrical_gain_050,6.301381600089371
0.9709595959595959,0.9707374904217329,0.970737490421733,111,301,hist_gb,electrical_gain_025,6.301381600089371
1.0,1.0,1.0,111,301,hist_gb,vibration_drift_025rms,6.301381600089371
1.0,1.0,1.0,111,301,hist_gb,vibration_drift_050rms,6.301381600089371
1.0,1.0,1.0,111,301,hist_gb,vibration_drift_100rms,6.301381600089371
0.9987373737373737,0.9987373556209196,0.9987373556209197,111,301,hist_gb,electrical_drift_025rms,6.301381600089371
1.0,1.0,1.0,111,301,hist_gb,electrical_drift_050rms,6.301381600089371
1.0,1.0,1.0,111,301,hist_gb,electrical_drift_100rms,6.301381600089371
1.0,1.0,1.0,111,301,xgboost,clean_reextract,5.307984699960798
0.8434343434343434,0.8406254003399688,0.8406254003399689,111,301,xgboost,vibration_missing,5.307984699960798
0.9709595959595959,0.9707374904217329,0.970737490421733,111,301,xgboost,electrical_missing,5.307984699960798
1.0,1.0,1.0,111,301,xgboost,vibration_gain_075,5.307984699960798
0.9987373737373737,0.9987373556209196,0.9987373556209197,111,301,xgboost,vibration_gain_050,5.307984699960798
0.9255050505050505,0.923567736317502,0.9235677363175021,111,301,xgboost,vibration_gain_025,5.307984699960798
0.9722222222222222,0.9720279720279721,0.972027972027972,111,301,xgboost,electrical_gain_075,5.307984699960798
0.9722222222222222,0.9720279720279721,0.972027972027972,111,301,xgboost,electrical_gain_050,5.307984699960798
0.9722222222222222,0.9720279720279721,0.972027972027972,111,301,xgboost,electrical_gain_025,5.307984699960798
1.0,1.0,1.0,111,301,xgboost,vibration_drift_025rms,5.307984699960798
1.0,1.0,1.0,111,301,xgboost,vibration_drift_050rms,5.307984699960798
1.0,1.0,1.0,111,301,xgboost,vibration_drift_100rms,5.307984699960798
0.9974747474747475,0.9974746025368765,0.9974746025368766,111,301,xgboost,electrical_drift_025rms,5.307984699960798
1.0,1.0,1.0,111,301,xgboost,electrical_drift_050rms,5.307984699960798
1.0,1.0,1.0,111,301,xgboost,electrical_drift_100rms,5.307984699960798
1.0,1.0,1.0,111,302,lr,clean_reextract,0.1255513000069186
0.946969696969697,0.9469983755820112,0.9469983755820113,111,302,lr,vibration_missing,0.1255513000069186
0.9797979797979798,0.9797960777730546,0.9797960777730544,111,302,lr,electrical_missing,0.1255513000069186
1.0,1.0,1.0,111,302,lr,vibration_gain_075,0.1255513000069186
1.0,1.0,1.0,111,302,lr,vibration_gain_050,0.1255513000069186
0.9608585858585859,0.9604164823886453,0.9604164823886452,111,302,lr,vibration_gain_025,0.1255513000069186
1.0,1.0,1.0,111,302,lr,electrical_gain_075,0.1255513000069186
1.0,1.0,1.0,111,302,lr,electrical_gain_050,0.1255513000069186
0.9848484848484849,0.9848735328153414,0.9848735328153414,111,302,lr,electrical_gain_025,0.1255513000069186
1.0,1.0,1.0,111,302,lr,vibration_drift_025rms,0.1255513000069186
1.0,1.0,1.0,111,302,lr,vibration_drift_050rms,0.1255513000069186
1.0,1.0,1.0,111,302,lr,vibration_drift_100rms,0.1255513000069186
1.0,1.0,1.0,111,302,lr,electrical_drift_025rms,0.1255513000069186
0.9974747474747475,0.9974746025368765,0.9974746025368766,111,302,lr,electrical_drift_050rms,0.1255513000069186
0.678030303030303,0.6096954885756779,0.6096954885756778,111,302,lr,electrical_drift_100rms,0.1255513000069186
1.0,1.0,1.0,111,302,svm_rbf,clean_reextract,0.986207399982959
0.9393939393939394,0.9396546581076567,0.9396546581076565,111,302,svm_rbf,vibration_missing,0.986207399982959
0.976010101010101,0.9759839639231066,0.9759839639231067,111,302,svm_rbf,electrical_missing,0.986207399982959
1.0,1.0,1.0,111,302,svm_rbf,vibration_gain_075,0.986207399982959
1.0,1.0,1.0,111,302,svm_rbf,vibration_gain_050,0.986207399982959
0.9810606060606061,0.981078218573537,0.9810782185735372,111,302,svm_rbf,vibration_gain_025,0.986207399982959
0.16666666666666666,0.047619047619047616,0.04761904761904762,111,302,svm_rbf,electrical_gain_075,0.986207399982959
1.0,1.0,1.0,111,302,svm_rbf,electrical_gain_050,0.986207399982959
0.33080808080808083,0.1777422432339525,0.17774224323395246,111,302,svm_rbf,electrical_gain_025,0.986207399982959
1.0,1.0,1.0,111,302,svm_rbf,vibration_drift_025rms,0.986207399982959
1.0,1.0,1.0,111,302,svm_rbf,vibration_drift_050rms,0.986207399982959
1.0,1.0,1.0,111,302,svm_rbf,vibration_drift_100rms,0.986207399982959
1.0,1.0,1.0,111,302,svm_rbf,electrical_drift_025rms,0.986207399982959
1.0,1.0,1.0,111,302,svm_rbf,electrical_drift_050rms,0.986207399982959
0.7765151515151515,0.7353668558159504,0.7353668558159503,111,302,svm_rbf,electrical_drift_100rms,0.986207399982959
0.9974747474747475,0.9974746025368765,0.9974746025368766,111,302,knn,clean_reextract,0.00137339998036623
0.553030303030303,0.5469346085601915,0.5469346085601916,111,302,knn,vibration_missing,0.00137339998036623
0.9684343434343434,0.9683678389804325,0.9683678389804325,111,302,knn,electrical_missing,0.00137339998036623
0.9949494949494949,0.9949445310348559,0.9949445310348559,111,302,knn,vibration_gain_075,0.00137339998036623
0.9886363636363636,0.9886489287352829,0.9886489287352829,111,302,knn,vibration_gain_050,0.00137339998036623
0.952020202020202,0.9524707209248436,0.9524707209248439,111,302,knn,vibration_gain_025,0.00137339998036623
0.4065656565656566,0.38582464443990244,0.3858246444399025,111,302,knn,electrical_gain_075,0.00137339998036623
0.9722222222222222,0.9721792178981031,0.9721792178981032,111,302,knn,electrical_gain_050,0.00137339998036623
0.6767676767676768,0.6280998251115268,0.6280998251115268,111,302,knn,electrical_gain_025,0.00137339998036623
0.9974747474747475,0.9974746025368765,0.9974746025368766,111,302,knn,vibration_drift_025rms,0.00137339998036623
0.9974747474747475,0.9974746025368765,0.9974746025368766,111,302,knn,vibration_drift_050rms,0.00137339998036623
0.9987373737373737,0.9987373556209197,0.9987373556209197,111,302,knn,vibration_drift_100rms,0.00137339998036623
0.9974747474747475,0.9974746025368765,0.9974746025368766,111,302,knn,electrical_drift_025rms,0.00137339998036623
0.9974747474747475,0.9974746025368765,0.9974746025368766,111,302,knn,electrical_drift_050rms,0.00137339998036623
0.9103535353535354,0.9099381424327312,0.9099381424327312,111,302,knn,electrical_drift_100rms,0.00137339998036623
0.9090909090909091,0.9073614689603874,0.9073614689603875,111,302,gnb,clean_reextract,0.005331499967724085
0.2878787878787879,0.15375151760420883,0.15375151760420883,111,302,gnb,vibration_missing,0.005331499967724085
0.8598484848484849,0.8546566747766989,0.8546566747766989,111,302,gnb,electrical_missing,0.005331499967724085
0.9330808080808081,0.9324629320618197,0.9324629320618198,111,302,gnb,vibration_gain_075,0.005331499967724085
0.8724747474747475,0.8795215629364906,0.8795215629364904,111,302,gnb,vibration_gain_050,0.005331499967724085
0.5959595959595959,0.5425912860335504,0.5425912860335504,111,302,gnb,vibration_gain_025,0.005331499967724085
0.8611111111111112,0.853582843881774,0.8535828438817737,111,302,gnb,electrical_gain_075,0.005331499967724085
0.7575757575757576,0.7169309979017017,0.7169309979017016,111,302,gnb,electrical_gain_050,0.005331499967724085
0.7070707070707071,0.6450586437725647,0.6450586437725647,111,302,gnb,electrical_gain_025,0.005331499967724085
0.9103535353535354,0.9089100479510924,0.9089100479510925,111,302,gnb,vibration_drift_025rms,0.005331499967724085
0.9116161616161617,0.9104735735127149,0.910473573512715,111,302,gnb,vibration_drift_050rms,0.005331499967724085
0.9103535353535354,0.9096297031392222,0.9096297031392223,111,302,gnb,vibration_drift_100rms,0.005331499967724085
0.9078282828282829,0.9059683851003153,0.9059683851003154,111,302,gnb,electrical_drift_025rms,0.005331499967724085
0.9191919191919192,0.9178266427665923,0.9178266427665925,111,302,gnb,electrical_drift_050rms,0.005331499967724085
0.9330808080808081,0.9326288189199898,0.9326288189199899,111,302,gnb,electrical_drift_100rms,0.005331499967724085
0.9936868686868687,0.9936846033500308,0.993684603350031,111,302,lda,clean_reextract,0.01500130002386868
0.7436868686868687,0.7139487094044051,0.7139487094044051,111,302,lda,vibration_missing,0.01500130002386868
0.9356060606060606,0.9347579947215792,0.9347579947215792,111,302,lda,electrical_missing,0.01500130002386868
0.9936868686868687,0.9936846033500308,0.993684603350031,111,302,lda,vibration_gain_075,0.01500130002386868
0.9924242424242424,0.992397206757676,0.9923972067576761,111,302,lda,vibration_gain_050,0.01500130002386868
0.9368686868686869,0.9351771044808546,0.9351771044808544,111,302,lda,vibration_gain_025,0.01500130002386868
0.98989898989899,0.9898897058823529,0.9898897058823529,111,302,lda,electrical_gain_075,0.01500130002386868
0.9797979797979798,0.9796008936241741,0.9796008936241741,111,302,lda,electrical_gain_050,0.01500130002386868
0.9734848484848485,0.9730833812964619,0.973083381296462,111,302,lda,electrical_gain_025,0.01500130002386868
0.9936868686868687,0.9936846033500308,0.993684603350031,111,302,lda,vibration_drift_025rms,0.01500130002386868
0.9936868686868687,0.9936846033500308,0.993684603350031,111,302,lda,vibration_drift_050rms,0.01500130002386868
0.9949494949494949,0.9949483352468427,0.9949483352468428,111,302,lda,vibration_drift_100rms,0.01500130002386868
0.9936868686868687,0.9936846033500308,0.993684603350031,111,302,lda,electrical_drift_025rms,0.01500130002386868
0.9949494949494949,0.9949483352468427,0.9949483352468428,111,302,lda,electrical_drift_050rms,0.01500130002386868
0.8939393939393939,0.8824445857067382,0.882444585706738,111,302,lda,electrical_drift_100rms,0.01500130002386868
0.976010101010101,0.976064603307316,0.9760646033073161,111,302,cart,clean_reextract,0.29064060002565384
0.7664141414141414,0.7643459027864283,0.7643459027864282,111,302,cart,vibration_missing,0.29064060002565384
0.9734848484848485,0.9735426398446149,0.973542639844615,111,302,cart,electrical_missing,0.29064060002565384
0.9633838383838383,0.963532621198937,0.963532621198937,111,302,cart,vibration_gain_075,0.29064060002565384
0.9633838383838383,0.9628603835087599,0.9628603835087599,111,302,cart,vibration_gain_050,0.29064060002565384
0.6654040404040404,0.6025830705458947,0.6025830705458947,111,302,cart,vibration_gain_025,0.29064060002565384
0.9709595959595959,0.9710397848917028,0.971039784891703,111,302,cart,electrical_gain_075,0.29064060002565384
0.9709595959595959,0.9710488552110895,0.9710488552110893,111,302,cart,electrical_gain_050,0.29064060002565384
0.9709595959595959,0.9710488552110895,0.9710488552110893,111,302,cart,electrical_gain_025,0.29064060002565384
0.9747474747474747,0.9747401526797882,0.9747401526797883,111,302,cart,vibration_drift_025rms,0.29064060002565384
0.976010101010101,0.9760071669054864,0.9760071669054864,111,302,cart,vibration_drift_050rms,0.29064060002565384
0.9659090909090909,0.9657702403220464,0.9657702403220465,111,302,cart,vibration_drift_100rms,0.29064060002565384
0.976010101010101,0.976064603307316,0.9760646033073161,111,302,cart,electrical_drift_025rms,0.29064060002565384
0.976010101010101,0.976064603307316,0.9760646033073161,111,302,cart,electrical_drift_050rms,0.29064060002565384
0.9179292929292929,0.9175249038363841,0.9175249038363841,111,302,cart,electrical_drift_100rms,0.29064060002565384
1.0,1.0,1.0,111,302,rf,clean_reextract,7.480636700056493
0.8005050505050505,0.7964904052115019,0.7964904052115018,111,302,rf,vibration_missing,7.480636700056493
0.9987373737373737,0.9987373556209197,0.9987373556209197,111,302,rf,electrical_missing,7.480636700056493
0.9949494949494949,0.9949343074422573,0.9949343074422574,111,302,rf,vibration_gain_075,7.480636700056493
0.9987373737373737,0.9987373556209196,0.9987373556209198,111,302,rf,vibration_gain_050,7.480636700056493
0.7941919191919192,0.7754289517385057,0.7754289517385057,111,302,rf,vibration_gain_025,7.480636700056493
0.9974747474747475,0.9974747293582934,0.9974747293582934,111,302,rf,electrical_gain_075,7.480636700056493
1.0,1.0,1.0,111,302,rf,electrical_gain_050,7.480636700056493
0.9987373737373737,0.9987373556209196,0.9987373556209198,111,302,rf,electrical_gain_025,7.480636700056493
1.0,1.0,1.0,111,302,rf,vibration_drift_025rms,7.480636700056493
1.0,1.0,1.0,111,302,rf,vibration_drift_050rms,7.480636700056493
0.9987373737373737,0.9987373556209197,0.9987373556209197,111,302,rf,vibration_drift_100rms,7.480636700056493
1.0,1.0,1.0,111,302,rf,electrical_drift_025rms,7.480636700056493
1.0,1.0,1.0,111,302,rf,electrical_drift_050rms,7.480636700056493
1.0,1.0,1.0,111,302,rf,electrical_drift_100rms,7.480636700056493
1.0,1.0,1.0,111,302,extra_trees,clean_reextract,1.2897109999321401
0.7878787878787878,0.7761091139109774,0.7761091139109775,111,302,extra_trees,vibration_missing,1.2897109999321401
0.9949494949494949,0.9949483352468427,0.9949483352468428,111,302,extra_trees,electrical_missing,1.2897109999321401
1.0,1.0,1.0,111,302,extra_trees,vibration_gain_075,1.2897109999321401
1.0,1.0,1.0,111,302,extra_trees,vibration_gain_050,1.2897109999321401
0.9179292929292929,0.9128836970843345,0.9128836970843343,111,302,extra_trees,vibration_gain_025,1.2897109999321401
1.0,1.0,1.0,111,302,extra_trees,electrical_gain_075,1.2897109999321401
1.0,1.0,1.0,111,302,extra_trees,electrical_gain_050,1.2897109999321401
1.0,1.0,1.0,111,302,extra_trees,electrical_gain_025,1.2897109999321401
1.0,1.0,1.0,111,302,extra_trees,vibration_drift_025rms,1.2897109999321401
1.0,1.0,1.0,111,302,extra_trees,vibration_drift_050rms,1.2897109999321401
0.9987373737373737,0.9987373556209197,0.9987373556209197,111,302,extra_trees,vibration_drift_100rms,1.2897109999321401
1.0,1.0,1.0,111,302,extra_trees,electrical_drift_025rms,1.2897109999321401
1.0,1.0,1.0,111,302,extra_trees,electrical_drift_050rms,1.2897109999321401
1.0,1.0,1.0,111,302,extra_trees,electrical_drift_100rms,1.2897109999321401
0.9987373737373737,0.9987373556209196,0.9987373556209197,111,302,hist_gb,clean_reextract,6.652842800016515
0.86489898989899,0.8619826333144155,0.8619826333144156,111,302,hist_gb,vibration_missing,6.652842800016515
0.9696969696969697,0.9694444444444444,0.9694444444444444,111,302,hist_gb,electrical_missing,6.652842800016515
0.9987373737373737,0.9987373556209196,0.9987373556209197,111,302,hist_gb,vibration_gain_075,6.652842800016515
1.0,1.0,1.0,111,302,hist_gb,vibration_gain_050,6.652842800016515
0.9002525252525253,0.8904420455440865,0.8904420455440863,111,302,hist_gb,vibration_gain_025,6.652842800016515
0.9696969696969697,0.9694444444444444,0.9694444444444444,111,302,hist_gb,electrical_gain_075,6.652842800016515
0.9696969696969697,0.9694444444444444,0.9694444444444444,111,302,hist_gb,electrical_gain_050,6.652842800016515
0.9696969696969697,0.9694444444444444,0.9694444444444444,111,302,hist_gb,electrical_gain_025,6.652842800016515
0.9987373737373737,0.9987373556209196,0.9987373556209197,111,302,hist_gb,vibration_drift_025rms,6.652842800016515
0.9987373737373737,0.9987373556209196,0.9987373556209197,111,302,hist_gb,vibration_drift_050rms,6.652842800016515
1.0,1.0,1.0,111,302,hist_gb,vibration_drift_100rms,6.652842800016515
0.9987373737373737,0.9987373556209196,0.9987373556209197,111,302,hist_gb,electrical_drift_025rms,6.652842800016515
1.0,1.0,1.0,111,302,hist_gb,electrical_drift_050rms,6.652842800016515
1.0,1.0,1.0,111,302,hist_gb,electrical_drift_100rms,6.652842800016515
0.9987373737373737,0.9987373556209196,0.9987373556209197,111,302,xgboost,clean_reextract,5.483430800028145
0.8611111111111112,0.8584646386083025,0.8584646386083026,111,302,xgboost,vibration_missing,5.483430800028145
0.9696969696969697,0.9694444444444444,0.9694444444444444,111,302,xgboost,electrical_missing,5.483430800028145
0.9987373737373737,0.9987373556209196,0.9987373556209197,111,302,xgboost,vibration_gain_075,5.483430800028145
1.0,1.0,1.0,111,302,xgboost,vibration_gain_050,5.483430800028145
0.8863636363636364,0.873026358187794,0.8730263581877941,111,302,xgboost,vibration_gain_025,5.483430800028145
0.9696969696969697,0.9694444444444444,0.9694444444444444,111,302,xgboost,electrical_gain_075,5.483430800028145
0.9696969696969697,0.9694444444444444,0.9694444444444444,111,302,xgboost,electrical_gain_050,5.483430800028145
0.9696969696969697,0.9694444444444444,0.9694444444444444,111,302,xgboost,electrical_gain_025,5.483430800028145
0.9987373737373737,0.9987373556209196,0.9987373556209197,111,302,xgboost,vibration_drift_025rms,5.483430800028145
0.9987373737373737,0.9987373556209196,0.9987373556209197,111,302,xgboost,vibration_drift_050rms,5.483430800028145
0.9987373737373737,0.9987373556209196,0.9987373556209197,111,302,xgboost,vibration_drift_100rms,5.483430800028145
0.9987373737373737,0.9987373556209196,0.9987373556209197,111,302,xgboost,electrical_drift_025rms,5.483430800028145
1.0,1.0,1.0,111,302,xgboost,electrical_drift_050rms,5.483430800028145
0.9987373737373737,0.9987373556209196,0.9987373556209197,111,302,xgboost,electrical_drift_100rms,5.483430800028145
1.0,1.0,1.0,111,303,lr,clean_reextract,0.1395689999917522
0.9356060606060606,0.9360193058330227,0.9360193058330227,111,303,lr,vibration_missing,0.1395689999917522
0.9734848484848485,0.9734471184213841,0.9734471184213842,111,303,lr,electrical_missing,0.1395689999917522
1.0,1.0,1.0,111,303,lr,vibration_gain_075,0.1395689999917522
1.0,1.0,1.0,111,303,lr,vibration_gain_050,0.1395689999917522
0.9595959595959596,0.9591617423885177,0.9591617423885178,111,303,lr,vibration_gain_025,0.1395689999917522
1.0,1.0,1.0,111,303,lr,electrical_gain_075,0.1395689999917522
0.9974747474747475,0.9974746025368765,0.9974746025368766,111,303,lr,electrical_gain_050,0.1395689999917522
0.9924242424242424,0.9924599291011506,0.9924599291011504,111,303,lr,electrical_gain_025,0.1395689999917522
1.0,1.0,1.0,111,303,lr,vibration_drift_025rms,0.1395689999917522
1.0,1.0,1.0,111,303,lr,vibration_drift_050rms,0.1395689999917522
1.0,1.0,1.0,111,303,lr,vibration_drift_100rms,0.1395689999917522
1.0,1.0,1.0,111,303,lr,electrical_drift_025rms,0.1395689999917522
0.9974747474747475,0.9974746025368767,0.9974746025368766,111,303,lr,electrical_drift_050rms,0.1395689999917522
0.7285353535353535,0.6597489596232665,0.6597489596232665,111,303,lr,electrical_drift_100rms,0.1395689999917522
1.0,1.0,1.0,111,303,svm_rbf,clean_reextract,0.9673047000542283
0.9242424242424242,0.9241899296292112,0.9241899296292111,111,303,svm_rbf,vibration_missing,0.9673047000542283
0.9696969696969697,0.9696747685130961,0.969674768513096,111,303,svm_rbf,electrical_missing,0.9673047000542283
1.0,1.0,1.0,111,303,svm_rbf,vibration_gain_075,0.9673047000542283
0.9987373737373737,0.9987373556209197,0.9987373556209197,111,303,svm_rbf,vibration_gain_050,0.9673047000542283
0.9835858585858586,0.9836128404482355,0.9836128404482355,111,303,svm_rbf,vibration_gain_025,0.9673047000542283
0.16666666666666666,0.047619047619047616,0.04761904761904762,111,303,svm_rbf,electrical_gain_075,0.9673047000542283
1.0,1.0,1.0,111,303,svm_rbf,electrical_gain_050,0.9673047000542283
0.32575757575757575,0.2162654521795706,0.2162654521795706,111,303,svm_rbf,electrical_gain_025,0.9673047000542283
1.0,1.0,1.0,111,303,svm_rbf,vibration_drift_025rms,0.9673047000542283
1.0,1.0,1.0,111,303,svm_rbf,vibration_drift_050rms,0.9673047000542283
1.0,1.0,1.0,111,303,svm_rbf,vibration_drift_100rms,0.9673047000542283
1.0,1.0,1.0,111,303,svm_rbf,electrical_drift_025rms,0.9673047000542283
1.0,1.0,1.0,111,303,svm_rbf,electrical_drift_050rms,0.9673047000542283
0.7904040404040404,0.7574150225450537,0.7574150225450536,111,303,svm_rbf,electrical_drift_100rms,0.9673047000542283
1.0,1.0,1.0,111,303,knn,clean_reextract,0.001491399947553873
0.5997474747474747,0.5825227856293699,0.5825227856293699,111,303,knn,vibration_missing,0.001491399947553873
0.9646464646464646,0.9646035765964974,0.9646035765964974,111,303,knn,electrical_missing,0.001491399947553873
0.9949494949494949,0.9949538807442734,0.9949538807442735,111,303,knn,vibration_gain_075,0.001491399947553873
0.9886363636363636,0.988713816700986,0.9887138167009859,111,303,knn,vibration_gain_050,0.001491399947553873
0.9343434343434344,0.9350561744140841,0.9350561744140842,111,303,knn,vibration_gain_025,0.001491399947553873
0.41035353535353536,0.38827390660777567,0.3882739066077757,111,303,knn,electrical_gain_075,0.001491399947553873
0.9861111111111112,0.986101718804392,0.986101718804392,111,303,knn,electrical_gain_050,0.001491399947553873
0.7222222222222222,0.6666279334178525,0.6666279334178525,111,303,knn,electrical_gain_025,0.001491399947553873
1.0,1.0,1.0,111,303,knn,vibration_drift_025rms,0.001491399947553873
1.0,1.0,1.0,111,303,knn,vibration_drift_050rms,0.001491399947553873
1.0,1.0,1.0,111,303,knn,vibration_drift_100rms,0.001491399947553873
0.9987373737373737,0.9987373556209197,0.9987373556209197,111,303,knn,electrical_drift_025rms,0.001491399947553873
0.9987373737373737,0.9987373556209197,0.9987373556209197,111,303,knn,electrical_drift_050rms,0.001491399947553873
0.9431818181818182,0.9428554075840897,0.9428554075840898,111,303,knn,electrical_drift_100rms,0.001491399947553873
0.9267676767676768,0.9256547818763846,0.9256547818763844,111,303,gnb,clean_reextract,0.003467799979262054
0.23484848484848486,0.1353062937126986,0.1353062937126986,111,303,gnb,vibration_missing,0.003467799979262054
0.8712121212121212,0.8671026538349373,0.8671026538349373,111,303,gnb,electrical_missing,0.003467799979262054
0.9419191919191919,0.9415886832022552,0.9415886832022552,111,303,gnb,vibration_gain_075,0.003467799979262054
0.875,0.8813729852749878,0.8813729852749878,111,303,gnb,vibration_gain_050,0.003467799979262054
0.6553030303030303,0.607607756484886,0.607607756484886,111,303,gnb,vibration_gain_025,0.003467799979262054
0.9154040404040404,0.9141918577213679,0.9141918577213679,111,303,gnb,electrical_gain_075,0.003467799979262054
0.9015151515151515,0.9000126129846819,0.9000126129846818,111,303,gnb,electrical_gain_050,0.003467799979262054
0.8636363636363636,0.8582114560671128,0.8582114560671129,111,303,gnb,electrical_gain_025,0.003467799979262054
0.928030303030303,0.9270584777068854,0.9270584777068853,111,303,gnb,vibration_drift_025rms,0.003467799979262054
0.928030303030303,0.9272553438334062,0.9272553438334061,111,303,gnb,vibration_drift_050rms,0.003467799979262054
0.9217171717171717,0.921136000747664,0.9211360007476641,111,303,gnb,vibration_drift_100rms,0.003467799979262054
0.9242424242424242,0.923185681180079,0.923185681180079,111,303,gnb,electrical_drift_025rms,0.003467799979262054
0.928030303030303,0.9272628710160585,0.9272628710160585,111,303,gnb,electrical_drift_050rms,0.003467799979262054
0.9368686868686869,0.9364048481229513,0.9364048481229513,111,303,gnb,electrical_drift_100rms,0.003467799979262054
0.9936868686868687,0.9936846033500308,0.993684603350031,111,303,lda,clean_reextract,0.015344200073741376
0.7550505050505051,0.7340456197864965,0.7340456197864965,111,303,lda,vibration_missing,0.015344200073741376
0.9356060606060606,0.9346828435982384,0.9346828435982383,111,303,lda,electrical_missing,0.015344200073741376
0.9936868686868687,0.9936846033500308,0.993684603350031,111,303,lda,vibration_gain_075,0.015344200073741376
0.98989898989899,0.9898211140581709,0.9898211140581707,111,303,lda,vibration_gain_050,0.015344200073741376
0.9179292929292929,0.9157794423124693,0.9157794423124693,111,303,lda,vibration_gain_025,0.015344200073741376
0.9911616161616161,0.9911553979353024,0.9911553979353023,111,303,lda,electrical_gain_075,0.015344200073741376
0.9823232323232324,0.9822733812949641,0.9822733812949639,111,303,lda,electrical_gain_050,0.015344200073741376
0.9734848484848485,0.9731239704665361,0.9731239704665361,111,303,lda,electrical_gain_025,0.015344200073741376
0.9936868686868687,0.9936846033500308,0.993684603350031,111,303,lda,vibration_drift_025rms,0.015344200073741376
0.9936868686868687,0.9936846033500308,0.993684603350031,111,303,lda,vibration_drift_050rms,0.015344200073741376
0.9949494949494949,0.9949483352468427,0.9949483352468428,111,303,lda,vibration_drift_100rms,0.015344200073741376
0.9949494949494949,0.9949483352468427,0.9949483352468428,111,303,lda,electrical_drift_025rms,0.015344200073741376
0.9962121212121212,0.9962116320117094,0.9962116320117095,111,303,lda,electrical_drift_050rms,0.015344200073741376
0.8787878787878788,0.8603174603174604,0.8603174603174603,111,303,lda,electrical_drift_100rms,0.015344200073741376
0.9772727272727273,0.9772843811071544,0.9772843811071544,111,303,cart,clean_reextract,0.2961940999375656
0.7348484848484849,0.7326344497382834,0.7326344497382834,111,303,cart,vibration_missing,0.2961940999375656
0.9797979797979798,0.9798101047163646,0.9798101047163646,111,303,cart,electrical_missing,0.2961940999375656
0.9583333333333334,0.9583101680029408,0.9583101680029408,111,303,cart,vibration_gain_075,0.2961940999375656
0.9457070707070707,0.9457131850854927,0.9457131850854928,111,303,cart,vibration_gain_050,0.2961940999375656
0.5441919191919192,0.4691707902234219,0.46917079022342173,111,303,cart,vibration_gain_025,0.2961940999375656
0.976010101010101,0.9760326498067179,0.9760326498067179,111,303,cart,electrical_gain_075,0.2961940999375656
0.9772727272727273,0.9772843811071544,0.9772843811071544,111,303,cart,electrical_gain_050,0.2961940999375656
0.9772727272727273,0.9772843811071544,0.9772843811071544,111,303,cart,electrical_gain_025,0.2961940999375656
0.9772727272727273,0.9772843811071544,0.9772843811071544,111,303,cart,vibration_drift_025rms,0.2961940999375656
0.9772727272727273,0.9773643043039962,0.9773643043039962,111,303,cart,vibration_drift_050rms,0.2961940999375656
0.9621212121212122,0.9622714776080902,0.9622714776080903,111,303,cart,vibration_drift_100rms,0.2961940999375656
0.9747474747474747,0.9747624176444534,0.9747624176444533,111,303,cart,electrical_drift_025rms,0.2961940999375656
0.9772727272727273,0.9772843811071544,0.9772843811071544,111,303,cart,electrical_drift_050rms,0.2961940999375656
0.9179292929292929,0.9172169837434098,0.9172169837434097,111,303,cart,electrical_drift_100rms,0.2961940999375656
1.0,1.0,1.0,111,303,rf,clean_reextract,7.339551000040956
0.8042929292929293,0.7992377767366118,0.7992377767366117,111,303,rf,vibration_missing,7.339551000040956
0.9987373737373737,0.9987373556209196,0.9987373556209198,111,303,rf,electrical_missing,7.339551000040956
0.9924242424242424,0.992383335986617,0.992383335986617,111,303,rf,vibration_gain_075,7.339551000040956
0.9987373737373737,0.9987373556209196,0.9987373556209198,111,303,rf,vibration_gain_050,7.339551000040956
0.8232323232323232,0.8030386884181818,0.8030386884181818,111,303,rf,vibration_gain_025,7.339551000040956
1.0,1.0,1.0,111,303,rf,electrical_gain_075,7.339551000040956
1.0,1.0,1.0,111,303,rf,electrical_gain_050,7.339551000040956
1.0,1.0,1.0,111,303,rf,electrical_gain_025,7.339551000040956
1.0,1.0,1.0,111,303,rf,vibration_drift_025rms,7.339551000040956
1.0,1.0,1.0,111,303,rf,vibration_drift_050rms,7.339551000040956
0.9987373737373737,0.9987373556209197,0.9987373556209197,111,303,rf,vibration_drift_100rms,7.339551000040956
1.0,1.0,1.0,111,303,rf,electrical_drift_025rms,7.339551000040956
1.0,1.0,1.0,111,303,rf,electrical_drift_050rms,7.339551000040956
1.0,1.0,1.0,111,303,rf,electrical_drift_100rms,7.339551000040956
1.0,1.0,1.0,111,303,extra_trees,clean_reextract,1.2597679999889806
0.7651515151515151,0.7430137189900549,0.7430137189900549,111,303,extra_trees,vibration_missing,1.2597679999889806
0.9987373737373737,0.9987373556209196,0.9987373556209198,111,303,extra_trees,electrical_missing,1.2597679999889806
1.0,1.0,1.0,111,303,extra_trees,vibration_gain_075,1.2597679999889806
1.0,1.0,1.0,111,303,extra_trees,vibration_gain_050,1.2597679999889806
0.898989898989899,0.8887765419615773,0.8887765419615774,111,303,extra_trees,vibration_gain_025,1.2597679999889806
1.0,1.0,1.0,111,303,extra_trees,electrical_gain_075,1.2597679999889806
1.0,1.0,1.0,111,303,extra_trees,electrical_gain_050,1.2597679999889806
1.0,1.0,1.0,111,303,extra_trees,electrical_gain_025,1.2597679999889806
1.0,1.0,1.0,111,303,extra_trees,vibration_drift_025rms,1.2597679999889806
1.0,1.0,1.0,111,303,extra_trees,vibration_drift_050rms,1.2597679999889806
1.0,1.0,1.0,111,303,extra_trees,vibration_drift_100rms,1.2597679999889806
1.0,1.0,1.0,111,303,extra_trees,electrical_drift_025rms,1.2597679999889806
1.0,1.0,1.0,111,303,extra_trees,electrical_drift_050rms,1.2597679999889806
1.0,1.0,1.0,111,303,extra_trees,electrical_drift_100rms,1.2597679999889806
0.9987373737373737,0.9987373556209196,0.9987373556209197,111,303,hist_gb,clean_reextract,6.707893199985847
0.8547979797979798,0.8515319780203217,0.8515319780203217,111,303,hist_gb,vibration_missing,6.707893199985847
0.9696969696969697,0.9694444444444444,0.9694444444444444,111,303,hist_gb,electrical_missing,6.707893199985847
0.9987373737373737,0.9987373556209196,0.9987373556209197,111,303,hist_gb,vibration_gain_075,6.707893199985847
0.9987373737373737,0.9987373556209196,0.9987373556209197,111,303,hist_gb,vibration_gain_050,6.707893199985847
0.86489898989899,0.8383436056792625,0.8383436056792625,111,303,hist_gb,vibration_gain_025,6.707893199985847
0.9709595959595959,0.9707374904217329,0.970737490421733,111,303,hist_gb,electrical_gain_075,6.707893199985847
0.9709595959595959,0.9707374904217329,0.970737490421733,111,303,hist_gb,electrical_gain_050,6.707893199985847
0.9709595959595959,0.9707374904217329,0.970737490421733,111,303,hist_gb,electrical_gain_025,6.707893199985847
0.9987373737373737,0.9987373556209196,0.9987373556209197,111,303,hist_gb,vibration_drift_025rms,6.707893199985847
0.9987373737373737,0.9987373556209196,0.9987373556209197,111,303,hist_gb,vibration_drift_050rms,6.707893199985847
1.0,1.0,1.0,111,303,hist_gb,vibration_drift_100rms,6.707893199985847
0.9987373737373737,0.9987373556209196,0.9987373556209197,111,303,hist_gb,electrical_drift_025rms,6.707893199985847
1.0,1.0,1.0,111,303,hist_gb,electrical_drift_050rms,6.707893199985847
1.0,1.0,1.0,111,303,hist_gb,electrical_drift_100rms,6.707893199985847
0.9974747474747475,0.9974746025368765,0.9974746025368766,111,303,xgboost,clean_reextract,5.4070944000268355
0.8573232323232324,0.8539285297677438,0.8539285297677438,111,303,xgboost,vibration_missing,5.4070944000268355
0.9696969696969697,0.9694444444444444,0.9694444444444444,111,303,xgboost,electrical_missing,5.4070944000268355
0.9974747474747475,0.9974746025368765,0.9974746025368766,111,303,xgboost,vibration_gain_075,5.4070944000268355
0.9974747474747475,0.9974747293582933,0.9974747293582935,111,303,xgboost,vibration_gain_050,5.4070944000268355
0.8939393939393939,0.881992337164751,0.881992337164751,111,303,xgboost,vibration_gain_025,5.4070944000268355
0.9709595959595959,0.9707374904217329,0.970737490421733,111,303,xgboost,electrical_gain_075,5.4070944000268355
0.9709595959595959,0.9707374904217329,0.970737490421733,111,303,xgboost,electrical_gain_050,5.4070944000268355
0.9709595959595959,0.9707374904217329,0.970737490421733,111,303,xgboost,electrical_gain_025,5.4070944000268355
0.9974747474747475,0.9974746025368765,0.9974746025368766,111,303,xgboost,vibration_drift_025rms,5.4070944000268355
0.9974747474747475,0.9974746025368765,0.9974746025368766,111,303,xgboost,vibration_drift_050rms,5.4070944000268355
0.9974747474747475,0.9974746025368765,0.9974746025368766,111,303,xgboost,vibration_drift_100rms,5.4070944000268355
0.9974747474747475,0.9974746025368765,0.9974746025368766,111,303,xgboost,electrical_drift_025rms,5.4070944000268355
0.9987373737373737,0.9987373556209196,0.9987373556209197,111,303,xgboost,electrical_drift_050rms,5.4070944000268355
0.9987373737373737,0.9987373556209196,0.9987373556209197,111,303,xgboost,electrical_drift_100rms,5.4070944000268355
1.0,1.0,1.0,111,304,lr,clean_reextract,0.11865850002504885
0.9393939393939394,0.939069850960188,0.9390698509601879,111,304,lr,vibration_missing,0.11865850002504885
0.9785353535353535,0.9785083222676412,0.9785083222676413,111,304,lr,electrical_missing,0.11865850002504885
1.0,1.0,1.0,111,304,lr,vibration_gain_075,0.11865850002504885
1.0,1.0,1.0,111,304,lr,vibration_gain_050,0.11865850002504885
0.9532828282828283,0.9530425509814062,0.953042550981406,111,304,lr,vibration_gain_025,0.11865850002504885
1.0,1.0,1.0,111,304,lr,electrical_gain_075,0.11865850002504885
0.9987373737373737,0.9987373556209196,0.9987373556209197,111,304,lr,electrical_gain_050,0.11865850002504885
0.9886363636363636,0.9886634476106909,0.9886634476106909,111,304,lr,electrical_gain_025,0.11865850002504885
1.0,1.0,1.0,111,304,lr,vibration_drift_025rms,0.11865850002504885
1.0,1.0,1.0,111,304,lr,vibration_drift_050rms,0.11865850002504885
1.0,1.0,1.0,111,304,lr,vibration_drift_100rms,0.11865850002504885
1.0,1.0,1.0,111,304,lr,electrical_drift_025rms,0.11865850002504885
1.0,1.0,1.0,111,304,lr,electrical_drift_050rms,0.11865850002504885
0.6805555555555556,0.6160701731424147,0.6160701731424147,111,304,lr,electrical_drift_100rms,0.11865850002504885
1.0,1.0,1.0,111,304,svm_rbf,clean_reextract,0.939478800049983
0.9343434343434344,0.9339858436585118,0.9339858436585119,111,304,svm_rbf,vibration_missing,0.939478800049983
0.9722222222222222,0.9721691021264017,0.9721691021264018,111,304,svm_rbf,electrical_missing,0.939478800049983
1.0,1.0,1.0,111,304,svm_rbf,vibration_gain_075,0.939478800049983
1.0,1.0,1.0,111,304,svm_rbf,vibration_gain_050,0.939478800049983
0.9835858585858586,0.9835672271608561,0.9835672271608561,111,304,svm_rbf,vibration_gain_025,0.939478800049983
0.16666666666666666,0.047619047619047616,0.04761904761904762,111,304,svm_rbf,electrical_gain_075,0.939478800049983
1.0,1.0,1.0,111,304,svm_rbf,electrical_gain_050,0.939478800049983
0.39646464646464646,0.2976571534037192,0.2976571534037192,111,304,svm_rbf,electrical_gain_025,0.939478800049983
1.0,1.0,1.0,111,304,svm_rbf,vibration_drift_025rms,0.939478800049983
1.0,1.0,1.0,111,304,svm_rbf,vibration_drift_050rms,0.939478800049983
1.0,1.0,1.0,111,304,svm_rbf,vibration_drift_100rms,0.939478800049983
1.0,1.0,1.0,111,304,svm_rbf,electrical_drift_025rms,0.939478800049983
1.0,1.0,1.0,111,304,svm_rbf,electrical_drift_050rms,0.939478800049983
0.7323232323232324,0.6778404288489354,0.6778404288489354,111,304,svm_rbf,electrical_drift_100rms,0.939478800049983
1.0,1.0,1.0,111,304,knn,clean_reextract,0.0017796000465750694
0.5808080808080808,0.5703282829642632,0.5703282829642633,111,304,knn,vibration_missing,0.0017796000465750694
0.9608585858585859,0.9607251963527595,0.9607251963527594,111,304,knn,electrical_missing,0.0017796000465750694
0.9962121212121212,0.9962119762742504,0.9962119762742503,111,304,knn,vibration_gain_075,0.0017796000465750694
0.9797979797979798,0.9798603115732515,0.9798603115732514,111,304,knn,vibration_gain_050,0.0017796000465750694
0.9305555555555556,0.9313216993398236,0.9313216993398236,111,304,knn,vibration_gain_025,0.0017796000465750694
0.46085858585858586,0.4434693711913462,0.4434693711913462,111,304,knn,electrical_gain_075,0.0017796000465750694
0.9848484848484849,0.9848301976860229,0.9848301976860231,111,304,knn,electrical_gain_050,0.0017796000465750694
0.6868686868686869,0.6245652830076583,0.6245652830076582,111,304,knn,electrical_gain_025,0.0017796000465750694
1.0,1.0,1.0,111,304,knn,vibration_drift_025rms,0.0017796000465750694
1.0,1.0,1.0,111,304,knn,vibration_drift_050rms,0.0017796000465750694
1.0,1.0,1.0,111,304,knn,vibration_drift_100rms,0.0017796000465750694
1.0,1.0,1.0,111,304,knn,electrical_drift_025rms,0.0017796000465750694
0.9974747474747475,0.9974746025368765,0.9974746025368766,111,304,knn,electrical_drift_050rms,0.0017796000465750694
0.9292929292929293,0.9288036324723175,0.9288036324723175,111,304,knn,electrical_drift_100rms,0.0017796000465750694
0.9179292929292929,0.916235938908286,0.9162359389082861,111,304,gnb,clean_reextract,0.0034645000705495477
0.32323232323232326,0.16476568356768026,0.16476568356768023,111,304,gnb,vibration_missing,0.0034645000705495477
0.8737373737373737,0.8691784276046027,0.8691784276046028,111,304,gnb,electrical_missing,0.0034645000705495477
0.9406565656565656,0.9399940825705503,0.9399940825705504,111,304,gnb,vibration_gain_075,0.0034645000705495477
0.8598484848484849,0.8651857640974447,0.8651857640974449,111,304,gnb,vibration_gain_050,0.0034645000705495477
0.6477272727272727,0.5988275148918221,0.5988275148918221,111,304,gnb,vibration_gain_025,0.0034645000705495477
0.8686868686868687,0.8641265754420377,0.8641265754420377,111,304,gnb,electrical_gain_075,0.0034645000705495477
0.8017676767676768,0.7849477428369306,0.7849477428369306,111,304,gnb,electrical_gain_050,0.0034645000705495477
0.7702020202020202,0.7450759606822458,0.7450759606822458,111,304,gnb,electrical_gain_025,0.0034645000705495477
0.9191919191919192,0.9176495016808751,0.9176495016808753,111,304,gnb,vibration_drift_025rms,0.0034645000705495477
0.9217171717171717,0.9206231942611699,0.9206231942611699,111,304,gnb,vibration_drift_050rms,0.0034645000705495477
0.9191919191919192,0.9184744314191082,0.9184744314191082,111,304,gnb,vibration_drift_100rms,0.0034645000705495477
0.9141414141414141,0.9123767171264056,0.9123767171264054,111,304,gnb,electrical_drift_025rms,0.0034645000705495477
0.9217171717171717,0.9203934155131979,0.920393415513198,111,304,gnb,electrical_drift_050rms,0.0034645000705495477
0.9343434343434344,0.9337483218205126,0.9337483218205126,111,304,gnb,electrical_drift_100rms,0.0034645000705495477
0.9936868686868687,0.9936846033500308,0.993684603350031,111,304,lda,clean_reextract,0.015301299979910254
0.7196969696969697,0.6941323235642839,0.6941323235642839,111,304,lda,vibration_missing,0.015301299979910254
0.9368686868686869,0.9360608772394068,0.9360608772394067,111,304,lda,electrical_missing,0.015301299979910254
0.9924242424242424,0.9924203273040483,0.9924203273040482,111,304,lda,vibration_gain_075,0.015301299979910254
0.98989898989899,0.9898348301308828,0.9898348301308827,111,304,lda,vibration_gain_050,0.015301299979910254
0.9179292929292929,0.9150945594586514,0.9150945594586514,111,304,lda,vibration_gain_025,0.015301299979910254
0.9886363636363636,0.9886231415643181,0.9886231415643181,111,304,lda,electrical_gain_075,0.015301299979910254
0.9797979797979798,0.9796008936241741,0.9796008936241741,111,304,lda,electrical_gain_050,0.015301299979910254
0.9709595959595959,0.9703761486002667,0.9703761486002666,111,304,lda,electrical_gain_025,0.015301299979910254
0.9936868686868687,0.9936846033500308,0.993684603350031,111,304,lda,vibration_drift_025rms,0.015301299979910254
0.9936868686868687,0.9936846033500308,0.993684603350031,111,304,lda,vibration_drift_050rms,0.015301299979910254
0.9936868686868687,0.9936846033500308,0.993684603350031,111,304,lda,vibration_drift_100rms,0.015301299979910254
0.9924242424242424,0.9924203273040483,0.9924203273040482,111,304,lda,electrical_drift_025rms,0.015301299979910254
0.9936868686868687,0.9936846033500308,0.993684603350031,111,304,lda,electrical_drift_050rms,0.015301299979910254
0.9015151515151515,0.8930885094243736,0.8930885094243733,111,304,lda,electrical_drift_100rms,0.015301299979910254
0.9482323232323232,0.9482655117706121,0.9482655117706124,111,304,cart,clean_reextract,0.3176361999940127
0.7664141414141414,0.7653838108914134,0.7653838108914135,111,304,cart,vibration_missing,0.3176361999940127
0.9482323232323232,0.9482655117706121,0.9482655117706124,111,304,cart,electrical_missing,0.3176361999940127
0.9482323232323232,0.948291789237025,0.9482917892370251,111,304,cart,vibration_gain_075,0.3176361999940127
0.9494949494949495,0.9494665650716154,0.9494665650716154,111,304,cart,vibration_gain_050,0.3176361999940127
0.63510101010101,0.5981971461064156,0.5981971461064155,111,304,cart,vibration_gain_025,0.3176361999940127
0.946969696969697,0.9468824404713764,0.9468824404713764,111,304,cart,electrical_gain_075,0.3176361999940127
0.9482323232323232,0.9482655117706121,0.9482655117706124,111,304,cart,electrical_gain_050,0.3176361999940127
0.7866161616161617,0.7397259333612185,0.7397259333612185,111,304,cart,electrical_gain_025,0.3176361999940127
0.946969696969697,0.9470574148508292,0.9470574148508292,111,304,cart,vibration_drift_025rms,0.3176361999940127
0.946969696969697,0.9471405191972299,0.9471405191972299,111,304,cart,vibration_drift_050rms,0.3176361999940127
0.9431818181818182,0.9416735301351736,0.9416735301351735,111,304,cart,vibration_drift_100rms,0.3176361999940127
0.9482323232323232,0.9482655117706121,0.9482655117706124,111,304,cart,electrical_drift_025rms,0.3176361999940127
0.9482323232323232,0.9482655117706121,0.9482655117706124,111,304,cart,electrical_drift_050rms,0.3176361999940127
0.9482323232323232,0.9482655117706121,0.9482655117706124,111,304,cart,electrical_drift_100rms,0.3176361999940127
1.0,1.0,1.0,111,304,rf,clean_reextract,7.423361500026658
0.8068181818181818,0.7999235977936873,0.7999235977936872,111,304,rf,vibration_missing,7.423361500026658
0.9962121212121212,0.9962119581577963,0.9962119581577963,111,304,rf,electrical_missing,7.423361500026658
0.9911616161616161,0.9911002196206481,0.9911002196206481,111,304,rf,vibration_gain_075,7.423361500026658
0.9936868686868687,0.9936660037758319,0.993666003775832,111,304,rf,vibration_gain_050,7.423361500026658
0.7803030303030303,0.7602671214263298,0.7602671214263299,111,304,rf,vibration_gain_025,7.423361500026658
0.9974747474747475,0.9974746025368765,0.9974746025368766,111,304,rf,electrical_gain_075,7.423361500026658
1.0,1.0,1.0,111,304,rf,electrical_gain_050,7.423361500026658
1.0,1.0,1.0,111,304,rf,electrical_gain_025,7.423361500026658
1.0,1.0,1.0,111,304,rf,vibration_drift_025rms,7.423361500026658
1.0,1.0,1.0,111,304,rf,vibration_drift_050rms,7.423361500026658
0.9987373737373737,0.9987373556209197,0.9987373556209197,111,304,rf,vibration_drift_100rms,7.423361500026658
1.0,1.0,1.0,111,304,rf,electrical_drift_025rms,7.423361500026658
1.0,1.0,1.0,111,304,rf,electrical_drift_050rms,7.423361500026658
1.0,1.0,1.0,111,304,rf,electrical_drift_100rms,7.423361500026658
1.0,1.0,1.0,111,304,extra_trees,clean_reextract,1.2434841999784112
0.7904040404040404,0.7709418486221479,0.7709418486221481,111,304,extra_trees,vibration_missing,1.2434841999784112
1.0,1.0,1.0,111,304,extra_trees,electrical_missing,1.2434841999784112
1.0,1.0,1.0,111,304,extra_trees,vibration_gain_075,1.2434841999784112
1.0,1.0,1.0,111,304,extra_trees,vibration_gain_050,1.2434841999784112
0.9040404040404041,0.8953692115143931,0.895369211514393,111,304,extra_trees,vibration_gain_025,1.2434841999784112
1.0,1.0,1.0,111,304,extra_trees,electrical_gain_075,1.2434841999784112
1.0,1.0,1.0,111,304,extra_trees,electrical_gain_050,1.2434841999784112
1.0,1.0,1.0,111,304,extra_trees,electrical_gain_025,1.2434841999784112
1.0,1.0,1.0,111,304,extra_trees,vibration_drift_025rms,1.2434841999784112
1.0,1.0,1.0,111,304,extra_trees,vibration_drift_050rms,1.2434841999784112
1.0,1.0,1.0,111,304,extra_trees,vibration_drift_100rms,1.2434841999784112
1.0,1.0,1.0,111,304,extra_trees,electrical_drift_025rms,1.2434841999784112
1.0,1.0,1.0,111,304,extra_trees,electrical_drift_050rms,1.2434841999784112
1.0,1.0,1.0,111,304,extra_trees,electrical_drift_100rms,1.2434841999784112
0.9987373737373737,0.9987373556209196,0.9987373556209197,111,304,hist_gb,clean_reextract,6.3904996999772266
0.8547979797979798,0.8520437065700254,0.8520437065700254,111,304,hist_gb,vibration_missing,6.3904996999772266
0.9696969696969697,0.9694444444444444,0.9694444444444444,111,304,hist_gb,electrical_missing,6.3904996999772266
0.9987373737373737,0.9987373556209196,0.9987373556209197,111,304,hist_gb,vibration_gain_075,6.3904996999772266
0.9924242424242424,0.9924203273040483,0.9924203273040482,111,304,hist_gb,vibration_gain_050,6.3904996999772266
0.8636363636363636,0.8362282878411911,0.8362282878411911,111,304,hist_gb,vibration_gain_025,6.3904996999772266
0.9696969696969697,0.9694444444444444,0.9694444444444444,111,304,hist_gb,electrical_gain_075,6.3904996999772266
0.9696969696969697,0.9694444444444444,0.9694444444444444,111,304,hist_gb,electrical_gain_050,6.3904996999772266
0.9696969696969697,0.9694444444444444,0.9694444444444444,111,304,hist_gb,electrical_gain_025,6.3904996999772266
0.9987373737373737,0.9987373556209196,0.9987373556209197,111,304,hist_gb,vibration_drift_025rms,6.3904996999772266
0.9987373737373737,0.9987373556209196,0.9987373556209197,111,304,hist_gb,vibration_drift_050rms,6.3904996999772266
0.9987373737373737,0.9987373556209196,0.9987373556209197,111,304,hist_gb,vibration_drift_100rms,6.3904996999772266
0.9974747474747475,0.9974746025368765,0.9974746025368766,111,304,hist_gb,electrical_drift_025rms,6.3904996999772266
1.0,1.0,1.0,111,304,hist_gb,electrical_drift_050rms,6.3904996999772266
1.0,1.0,1.0,111,304,hist_gb,electrical_drift_100rms,6.3904996999772266
0.9974747474747475,0.9974746025368765,0.9974746025368766,111,304,xgboost,clean_reextract,5.4181121999863535
0.8497474747474747,0.8474723828021412,0.8474723828021412,111,304,xgboost,vibration_missing,5.4181121999863535
0.9696969696969697,0.9694444444444444,0.9694444444444444,111,304,xgboost,electrical_missing,5.4181121999863535
0.9974747474747475,0.9974746025368765,0.9974746025368766,111,304,xgboost,vibration_gain_075,5.4181121999863535
0.9987373737373737,0.9987373556209196,0.9987373556209197,111,304,xgboost,vibration_gain_050,5.4181121999863535
0.8787878787878788,0.8638588463601193,0.8638588463601194,111,304,xgboost,vibration_gain_025,5.4181121999863535
0.9696969696969697,0.9693478403786733,0.9693478403786735,111,304,xgboost,electrical_gain_075,5.4181121999863535
0.9696969696969697,0.9693478403786733,0.9693478403786735,111,304,xgboost,electrical_gain_050,5.4181121999863535
0.9696969696969697,0.9694444444444444,0.9694444444444444,111,304,xgboost,electrical_gain_025,5.4181121999863535
0.9974747474747475,0.9974746025368765,0.9974746025368766,111,304,xgboost,vibration_drift_025rms,5.4181121999863535
0.9974747474747475,0.9974746025368765,0.9974746025368766,111,304,xgboost,vibration_drift_050rms,5.4181121999863535
0.9974747474747475,0.9974746025368765,0.9974746025368766,111,304,xgboost,vibration_drift_100rms,5.4181121999863535
0.9974747474747475,0.9974746025368765,0.9974746025368766,111,304,xgboost,electrical_drift_025rms,5.4181121999863535
1.0,1.0,1.0,111,304,xgboost,electrical_drift_050rms,5.4181121999863535
0.9974747474747475,0.9974746025368765,0.9974746025368766,111,304,xgboost,electrical_drift_100rms,5.4181121999863535
1.0,1.0,1.0,111,305,lr,clean_reextract,0.13567570003215224
0.9507575757575758,0.9508142430528187,0.9508142430528187,111,305,lr,vibration_missing,0.13567570003215224
0.9785353535353535,0.9785338497698453,0.9785338497698453,111,305,lr,electrical_missing,0.13567570003215224
1.0,1.0,1.0,111,305,lr,vibration_gain_075,0.13567570003215224
1.0,1.0,1.0,111,305,lr,vibration_gain_050,0.13567570003215224
0.9684343434343434,0.9684933008460367,0.9684933008460367,111,305,lr,vibration_gain_025,0.13567570003215224
1.0,1.0,1.0,111,305,lr,electrical_gain_075,0.13567570003215224
1.0,1.0,1.0,111,305,lr,electrical_gain_050,0.13567570003215224
0.9911616161616161,0.9911553979353024,0.9911553979353023,111,305,lr,electrical_gain_025,0.13567570003215224
1.0,1.0,1.0,111,305,lr,vibration_drift_025rms,0.13567570003215224
1.0,1.0,1.0,111,305,lr,vibration_drift_050rms,0.13567570003215224
1.0,1.0,1.0,111,305,lr,vibration_drift_100rms,0.13567570003215224
1.0,1.0,1.0,111,305,lr,electrical_drift_025rms,0.13567570003215224
0.9987373737373737,0.9987373556209197,0.9987373556209197,111,305,lr,electrical_drift_050rms,0.13567570003215224
0.6515151515151515,0.5904461730464788,0.590446173046479,111,305,lr,electrical_drift_100rms,0.13567570003215224
1.0,1.0,1.0,111,305,svm_rbf,clean_reextract,0.9350760000525042
0.9330808080808081,0.932959403622359,0.932959403622359,111,305,svm_rbf,vibration_missing,0.9350760000525042
0.9823232323232324,0.9823196082774048,0.9823196082774046,111,305,svm_rbf,electrical_missing,0.9350760000525042
1.0,1.0,1.0,111,305,svm_rbf,vibration_gain_075,0.9350760000525042
1.0,1.0,1.0,111,305,svm_rbf,vibration_gain_050,0.9350760000525042
0.9911616161616161,0.9912151455732063,0.9912151455732063,111,305,svm_rbf,vibration_gain_025,0.9350760000525042
0.17676767676767677,0.0676427776350715,0.0676427776350715,111,305,svm_rbf,electrical_gain_075,0.9350760000525042
1.0,1.0,1.0,111,305,svm_rbf,electrical_gain_050,0.9350760000525042
0.3055555555555556,0.20556920556920555,0.20556920556920558,111,305,svm_rbf,electrical_gain_025,0.9350760000525042
1.0,1.0,1.0,111,305,svm_rbf,vibration_drift_025rms,0.9350760000525042
1.0,1.0,1.0,111,305,svm_rbf,vibration_drift_050rms,0.9350760000525042
1.0,1.0,1.0,111,305,svm_rbf,vibration_drift_100rms,0.9350760000525042
1.0,1.0,1.0,111,305,svm_rbf,electrical_drift_025rms,0.9350760000525042
1.0,1.0,1.0,111,305,svm_rbf,electrical_drift_050rms,0.9350760000525042
0.7083333333333334,0.6728115603743504,0.6728115603743505,111,305,svm_rbf,electrical_drift_100rms,0.9350760000525042
0.9974747474747475,0.9974746025368765,0.9974746025368766,111,305,knn,clean_reextract,0.0019165000412613153
0.5568181818181818,0.5497278993352804,0.5497278993352803,111,305,knn,vibration_missing,0.0019165000412613153
0.9646464646464646,0.9645653420457947,0.9645653420457946,111,305,knn,electrical_missing,0.0019165000412613153
0.9949494949494949,0.9949444762706131,0.9949444762706133,111,305,knn,vibration_gain_075,0.0019165000412613153
0.9797979797979798,0.9797774296572133,0.9797774296572134,111,305,knn,vibration_gain_050,0.0019165000412613153
0.9356060606060606,0.9356376310394484,0.9356376310394483,111,305,knn,vibration_gain_025,0.0019165000412613153
0.4734848484848485,0.4657852393511423,0.46578523935114224,111,305,knn,electrical_gain_075,0.0019165000412613153
0.9734848484848485,0.9736117167459925,0.9736117167459925,111,305,knn,electrical_gain_050,0.0019165000412613153
0.6578282828282829,0.6061109339118366,0.6061109339118366,111,305,knn,electrical_gain_025,0.0019165000412613153
0.9962121212121212,0.9962116320117095,0.9962116320117095,111,305,knn,vibration_drift_025rms,0.0019165000412613153
0.9949494949494949,0.9949483352468427,0.9949483352468428,111,305,knn,vibration_drift_050rms,0.0019165000412613153
0.9949494949494949,0.9949483352468427,0.9949483352468428,111,305,knn,vibration_drift_100rms,0.0019165000412613153
0.9962121212121212,0.9962116320117095,0.9962116320117095,111,305,knn,electrical_drift_025rms,0.0019165000412613153
0.9936868686868687,0.9936856908677624,0.9936856908677625,111,305,knn,electrical_drift_050rms,0.0019165000412613153
0.9166666666666666,0.9161339475883367,0.9161339475883366,111,305,knn,electrical_drift_100rms,0.0019165000412613153
0.9217171717171717,0.9206166639628287,0.9206166639628288,111,305,gnb,clean_reextract,0.0032989000901579857
0.3573232323232323,0.22342075032722372,0.22342075032722372,111,305,gnb,vibration_missing,0.0032989000901579857
0.8838383838383839,0.8806564656182352,0.8806564656182353,111,305,gnb,electrical_missing,0.0032989000901579857
0.9444444444444444,0.9441130454283736,0.9441130454283735,111,305,gnb,vibration_gain_075,0.0032989000901579857
0.8674242424242424,0.8740357153413338,0.8740357153413338,111,305,gnb,vibration_gain_050,0.0032989000901579857
0.6313131313131313,0.5830267887053037,0.5830267887053037,111,305,gnb,vibration_gain_025,0.0032989000901579857
0.8926767676767676,0.8902417117176403,0.8902417117176404,111,305,gnb,electrical_gain_075,0.0032989000901579857
0.8371212121212122,0.8286929973019785,0.8286929973019784,111,305,gnb,electrical_gain_050,0.0032989000901579857
0.8118686868686869,0.7975907113715998,0.7975907113715996,111,305,gnb,electrical_gain_025,0.0032989000901579857
0.9217171717171717,0.9206166639628287,0.9206166639628288,111,305,gnb,vibration_drift_025rms,0.0032989000901579857
0.922979797979798,0.9222100945956528,0.922210094595653,111,305,gnb,vibration_drift_050rms,0.0032989000901579857
0.9204545454545454,0.9198911061424311,0.9198911061424311,111,305,gnb,vibration_drift_100rms,0.0032989000901579857
0.9217171717171717,0.9205220919866591,0.9205220919866592,111,305,gnb,electrical_drift_025rms,0.0032989000901579857
0.9255050505050505,0.9246024685404501,0.92460246854045,111,305,gnb,electrical_drift_050rms,0.0032989000901579857
0.9343434343434344,0.9338487632137688,0.9338487632137688,111,305,gnb,electrical_drift_100rms,0.0032989000901579857
0.9924242424242424,0.9924203273040483,0.9924203273040482,111,305,lda,clean_reextract,0.015101100085303187
0.7234848484848485,0.7015961021993807,0.7015961021993806,111,305,lda,vibration_missing,0.015101100085303187
0.9393939393939394,0.9385720621444212,0.938572062144421,111,305,lda,electrical_missing,0.015101100085303187
0.9924242424242424,0.9924203273040483,0.9924203273040482,111,305,lda,vibration_gain_075,0.015101100085303187
0.9911616161616161,0.9911094147211869,0.9911094147211867,111,305,lda,vibration_gain_050,0.015101100085303187
0.9191919191919192,0.9163739573535873,0.9163739573535874,111,305,lda,vibration_gain_025,0.015101100085303187
0.9886363636363636,0.9886231415643181,0.9886231415643181,111,305,lda,electrical_gain_075,0.015101100085303187
0.9797979797979798,0.9796008936241741,0.9796008936241741,111,305,lda,electrical_gain_050,0.015101100085303187
0.9722222222222222,0.9716973777303268,0.9716973777303268,111,305,lda,electrical_gain_025,0.015101100085303187
0.9924242424242424,0.9924203273040483,0.9924203273040482,111,305,lda,vibration_drift_025rms,0.015101100085303187
0.9924242424242424,0.9924203273040483,0.9924203273040482,111,305,lda,vibration_drift_050rms,0.015101100085303187
0.9924242424242424,0.9924203273040483,0.9924203273040482,111,305,lda,vibration_drift_100rms,0.015101100085303187
0.9911616161616161,0.9911553979353024,0.9911553979353023,111,305,lda,electrical_drift_025rms,0.015101100085303187
0.9949494949494949,0.9949483352468427,0.9949483352468428,111,305,lda,electrical_drift_050rms,0.015101100085303187
0.8964646464646465,0.8854093882995616,0.8854093882995617,111,305,lda,electrical_drift_100rms,0.015101100085303187
0.9633838383838383,0.9635789554140767,0.9635789554140767,111,305,cart,clean_reextract,0.29582960007246584
0.76010101010101,0.7635934594849169,0.7635934594849169,111,305,cart,vibration_missing,0.29582960007246584
0.9659090909090909,0.966104679023287,0.966104679023287,111,305,cart,electrical_missing,0.29582960007246584
0.9482323232323232,0.9480099412597841,0.9480099412597842,111,305,cart,vibration_gain_075,0.29582960007246584
0.9406565656565656,0.9409674209544217,0.9409674209544217,111,305,cart,vibration_gain_050,0.29582960007246584
0.6388888888888888,0.5690896879937087,0.5690896879937087,111,305,cart,vibration_gain_025,0.29582960007246584
0.9633838383838383,0.9635789554140767,0.9635789554140767,111,305,cart,electrical_gain_075,0.29582960007246584
0.9633838383838383,0.9635789554140767,0.9635789554140767,111,305,cart,electrical_gain_050,0.29582960007246584
0.9633838383838383,0.9635789554140767,0.9635789554140767,111,305,cart,electrical_gain_025,0.29582960007246584
0.9633838383838383,0.9635789554140767,0.9635789554140767,111,305,cart,vibration_drift_025rms,0.29582960007246584
0.9671717171717171,0.9674293034493396,0.9674293034493398,111,305,cart,vibration_drift_050rms,0.29582960007246584
0.9684343434343434,0.9685331700830893,0.9685331700830894,111,305,cart,vibration_drift_100rms,0.29582960007246584
0.9633838383838383,0.9635789554140767,0.9635789554140767,111,305,cart,electrical_drift_025rms,0.29582960007246584
0.9633838383838383,0.9635789554140767,0.9635789554140767,111,305,cart,electrical_drift_050rms,0.29582960007246584
0.9633838383838383,0.9635789554140767,0.9635789554140767,111,305,cart,electrical_drift_100rms,0.29582960007246584
1.0,1.0,1.0,111,305,rf,clean_reextract,7.552480300073512
0.8042929292929293,0.7932212356780246,0.7932212356780247,111,305,rf,vibration_missing,7.552480300073512
0.9987373737373737,0.9987373556209197,0.9987373556209197,111,305,rf,electrical_missing,7.552480300073512
0.9936868686868687,0.9936567047743866,0.9936567047743866,111,305,rf,vibration_gain_075,7.552480300073512
0.9962121212121212,0.9962116320117095,0.9962116320117095,111,305,rf,vibration_gain_050,7.552480300073512
0.8295454545454546,0.805016776299546,0.8050167762995459,111,305,rf,vibration_gain_025,7.552480300073512
1.0,1.0,1.0,111,305,rf,electrical_gain_075,7.552480300073512
1.0,1.0,1.0,111,305,rf,electrical_gain_050,7.552480300073512
1.0,1.0,1.0,111,305,rf,electrical_gain_025,7.552480300073512
1.0,1.0,1.0,111,305,rf,vibration_drift_025rms,7.552480300073512
1.0,1.0,1.0,111,305,rf,vibration_drift_050rms,7.552480300073512
0.9987373737373737,0.9987373556209197,0.9987373556209197,111,305,rf,vibration_drift_100rms,7.552480300073512
1.0,1.0,1.0,111,305,rf,electrical_drift_025rms,7.552480300073512
1.0,1.0,1.0,111,305,rf,electrical_drift_050rms,7.552480300073512
1.0,1.0,1.0,111,305,rf,electrical_drift_100rms,7.552480300073512
1.0,1.0,1.0,111,305,extra_trees,clean_reextract,1.2456320999190211
0.7878787878787878,0.7704516812967993,0.7704516812967992,111,305,extra_trees,vibration_missing,1.2456320999190211
0.9987373737373737,0.9987373556209196,0.9987373556209198,111,305,extra_trees,electrical_missing,1.2456320999190211
0.9987373737373737,0.9987373556209197,0.9987373556209197,111,305,extra_trees,vibration_gain_075,1.2456320999190211
1.0,1.0,1.0,111,305,extra_trees,vibration_gain_050,1.2456320999190211
0.8914141414141414,0.8785232744783307,0.8785232744783307,111,305,extra_trees,vibration_gain_025,1.2456320999190211
1.0,1.0,1.0,111,305,extra_trees,electrical_gain_075,1.2456320999190211
1.0,1.0,1.0,111,305,extra_trees,electrical_gain_050,1.2456320999190211
1.0,1.0,1.0,111,305,extra_trees,electrical_gain_025,1.2456320999190211
1.0,1.0,1.0,111,305,extra_trees,vibration_drift_025rms,1.2456320999190211
1.0,1.0,1.0,111,305,extra_trees,vibration_drift_050rms,1.2456320999190211
1.0,1.0,1.0,111,305,extra_trees,vibration_drift_100rms,1.2456320999190211
1.0,1.0,1.0,111,305,extra_trees,electrical_drift_025rms,1.2456320999190211
1.0,1.0,1.0,111,305,extra_trees,electrical_drift_050rms,1.2456320999190211
1.0,1.0,1.0,111,305,extra_trees,electrical_drift_100rms,1.2456320999190211
0.9987373737373737,0.9987373556209196,0.9987373556209197,111,305,hist_gb,clean_reextract,6.578766799997538
0.8396464646464646,0.835171208221486,0.835171208221486,111,305,hist_gb,vibration_missing,6.578766799997538
0.9696969696969697,0.9694444444444444,0.9694444444444444,111,305,hist_gb,electrical_missing,6.578766799997538
0.9987373737373737,0.9987373556209196,0.9987373556209197,111,305,hist_gb,vibration_gain_075,6.578766799997538
0.9987373737373737,0.9987373556209196,0.9987373556209197,111,305,hist_gb,vibration_gain_050,6.578766799997538
0.9318181818181818,0.9295453454318499,0.9295453454318497,111,305,hist_gb,vibration_gain_025,6.578766799997538
0.9722222222222222,0.9720279720279721,0.972027972027972,111,305,hist_gb,electrical_gain_075,6.578766799997538
0.9722222222222222,0.9720279720279721,0.972027972027972,111,305,hist_gb,electrical_gain_050,6.578766799997538
0.9722222222222222,0.9720279720279721,0.972027972027972,111,305,hist_gb,electrical_gain_025,6.578766799997538
0.9987373737373737,0.9987373556209196,0.9987373556209197,111,305,hist_gb,vibration_drift_025rms,6.578766799997538
1.0,1.0,1.0,111,305,hist_gb,vibration_drift_050rms,6.578766799997538
1.0,1.0,1.0,111,305,hist_gb,vibration_drift_100rms,6.578766799997538
0.9974747474747475,0.9974746025368765,0.9974746025368766,111,305,hist_gb,electrical_drift_025rms,6.578766799997538
1.0,1.0,1.0,111,305,hist_gb,electrical_drift_050rms,6.578766799997538
0.9936868686868687,0.993684603350031,0.993684603350031,111,305,hist_gb,electrical_drift_100rms,6.578766799997538
0.9962121212121212,0.9962116320117094,0.9962116320117095,111,305,xgboost,clean_reextract,5.395050800056197
0.8446969696969697,0.8410598509255046,0.8410598509255047,111,305,xgboost,vibration_missing,5.395050800056197
0.9696969696969697,0.9693478403786733,0.9693478403786733,111,305,xgboost,electrical_missing,5.395050800056197
0.9962121212121212,0.9962116320117094,0.9962116320117095,111,305,xgboost,vibration_gain_075,5.395050800056197
0.9987373737373737,0.9987373556209196,0.9987373556209197,111,305,xgboost,vibration_gain_050,5.395050800056197
0.9141414141414141,0.9121476699778212,0.9121476699778212,111,305,xgboost,vibration_gain_025,5.395050800056197
0.9709595959595959,0.9707374904217329,0.970737490421733,111,305,xgboost,electrical_gain_075,5.395050800056197
0.9709595959595959,0.9707374904217329,0.970737490421733,111,305,xgboost,electrical_gain_050,5.395050800056197
0.9709595959595959,0.9707374904217329,0.970737490421733,111,305,xgboost,electrical_gain_025,5.395050800056197
0.9962121212121212,0.9962116320117094,0.9962116320117095,111,305,xgboost,vibration_drift_025rms,5.395050800056197
0.9974747474747475,0.9974746025368765,0.9974746025368766,111,305,xgboost,vibration_drift_050rms,5.395050800056197
0.9974747474747475,0.9974746025368765,0.9974746025368766,111,305,xgboost,vibration_drift_100rms,5.395050800056197
0.9974747474747475,0.9974746025368765,0.9974746025368766,111,305,xgboost,electrical_drift_025rms,5.395050800056197
0.9987373737373737,0.9987373556209196,0.9987373556209197,111,305,xgboost,electrical_drift_050rms,5.395050800056197
0.9987373737373737,0.9987373556209196,0.9987373556209197,111,305,xgboost,electrical_drift_100rms,5.395050800056197
0.9987373737373737,0.9987373556209196,0.9987373556209197,222,301,lr,clean_reextract,0.12294860009569675
0.9558080808080808,0.9556203665215127,0.9556203665215125,222,301,lr,vibration_missing,0.12294860009569675
0.9747474747474747,0.9747848834203493,0.9747848834203492,222,301,lr,electrical_missing,0.12294860009569675
0.9987373737373737,0.9987373556209196,0.9987373556209197,222,301,lr,vibration_gain_075,0.12294860009569675
0.9974747474747475,0.9974747293582933,0.9974747293582935,222,301,lr,vibration_gain_050,0.12294860009569675
0.9305555555555556,0.9293928212772147,0.9293928212772147,222,301,lr,vibration_gain_025,0.12294860009569675
0.9987373737373737,0.9987373556209196,0.9987373556209197,222,301,lr,electrical_gain_075,0.12294860009569675
0.9974747474747475,0.9974746025368765,0.9974746025368766,222,301,lr,electrical_gain_050,0.12294860009569675
0.9861111111111112,0.9862296717549636,0.9862296717549637,222,301,lr,electrical_gain_025,0.12294860009569675
1.0,1.0,1.0,222,301,lr,vibration_drift_025rms,0.12294860009569675
1.0,1.0,1.0,222,301,lr,vibration_drift_050rms,0.12294860009569675
1.0,1.0,1.0,222,301,lr,vibration_drift_100rms,0.12294860009569675
0.9974747474747475,0.9974747112418395,0.9974747112418396,222,301,lr,electrical_drift_025rms,0.12294860009569675
0.9962121212121212,0.9962022275380492,0.9962022275380492,222,301,lr,electrical_drift_050rms,0.12294860009569675
0.7348484848484849,0.6658108649665438,0.6658108649665437,222,301,lr,electrical_drift_100rms,0.12294860009569675
1.0,1.0,1.0,222,301,svm_rbf,clean_reextract,0.9726823000237346
0.9305555555555556,0.9306429625915635,0.9306429625915633,222,301,svm_rbf,vibration_missing,0.9726823000237346
0.9797979797979798,0.9797235023041475,0.9797235023041474,222,301,svm_rbf,electrical_missing,0.9726823000237346
1.0,1.0,1.0,222,301,svm_rbf,vibration_gain_075,0.9726823000237346
1.0,1.0,1.0,222,301,svm_rbf,vibration_gain_050,0.9726823000237346
0.9684343434343434,0.968085195999593,0.9680851959995931,222,301,svm_rbf,vibration_gain_025,0.9726823000237346
0.17297979797979798,0.06004357852208977,0.06004357852208977,222,301,svm_rbf,electrical_gain_075,0.9726823000237346
1.0,1.0,1.0,222,301,svm_rbf,electrical_gain_050,0.9726823000237346
0.16792929292929293,0.050176904884095395,0.05017690488409539,222,301,svm_rbf,electrical_gain_025,0.9726823000237346
1.0,1.0,1.0,222,301,svm_rbf,vibration_drift_025rms,0.9726823000237346
1.0,1.0,1.0,222,301,svm_rbf,vibration_drift_050rms,0.9726823000237346
1.0,1.0,1.0,222,301,svm_rbf,vibration_drift_100rms,0.9726823000237346
0.9974747474747475,0.9974698737337365,0.9974698737337367,222,301,svm_rbf,electrical_drift_025rms,0.9726823000237346
0.9974747474747475,0.9974747112418395,0.9974747112418394,222,301,svm_rbf,electrical_drift_050rms,0.9726823000237346
0.7247474747474747,0.6839651627438622,0.6839651627438622,222,301,svm_rbf,electrical_drift_100rms,0.9726823000237346
0.9772727272727273,0.9772213500512507,0.9772213500512507,222,301,knn,clean_reextract,0.001653099898248911
0.6085858585858586,0.5940963953838742,0.594096395383874,222,301,knn,vibration_missing,0.001653099898248911
0.9570707070707071,0.9568861916162216,0.9568861916162216,222,301,knn,electrical_missing,0.001653099898248911
0.976010101010101,0.9759960525433987,0.9759960525433988,222,301,knn,vibration_gain_075,0.001653099898248911
0.9431818181818182,0.9432743033886322,0.943274303388632,222,301,knn,vibration_gain_050,0.001653099898248911
0.8674242424242424,0.8657964039586128,0.8657964039586126,222,301,knn,vibration_gain_025,0.001653099898248911
0.4797979797979798,0.44779021774149025,0.4477902177414902,222,301,knn,electrical_gain_075,0.001653099898248911
0.9696969696969697,0.9697303397717221,0.9697303397717222,222,301,knn,electrical_gain_050,0.001653099898248911
0.672979797979798,0.6121903429769614,0.6121903429769614,222,301,knn,electrical_gain_025,0.001653099898248911
0.9785353535353535,0.978483217897031,0.9784832178970312,222,301,knn,vibration_drift_025rms,0.001653099898248911
0.9772727272727273,0.9772046357869607,0.9772046357869607,222,301,knn,vibration_drift_050rms,0.001653099898248911
0.9797979797979798,0.9797481472657769,0.9797481472657769,222,301,knn,vibration_drift_100rms,0.001653099898248911
0.9709595959595959,0.9708549691499977,0.9708549691499974,222,301,knn,electrical_drift_025rms,0.001653099898248911
0.9734848484848485,0.9734298629278894,0.9734298629278891,222,301,knn,electrical_drift_050rms,0.001653099898248911
0.9772727272727273,0.9772888537080578,0.9772888537080578,222,301,knn,electrical_drift_100rms,0.001653099898248911
0.9166666666666666,0.9152982349312812,0.9152982349312812,222,301,gnb,clean_reextract,0.0030807999428361654
0.273989898989899,0.14494596051229516,0.1449459605122952,222,301,gnb,vibration_missing,0.0030807999428361654
0.8712121212121212,0.8675569620856036,0.8675569620856037,222,301,gnb,electrical_missing,0.0030807999428361654
0.928030303030303,0.926756108084762,0.926756108084762,222,301,gnb,vibration_gain_075,0.0030807999428361654
0.9141414141414141,0.9156077851837031,0.9156077851837029,222,301,gnb,vibration_gain_050,0.0030807999428361654
0.6906565656565656,0.640908872256692,0.6409088722566919,222,301,gnb,vibration_gain_025,0.0030807999428361654
0.898989898989899,0.8967332327776774,0.8967332327776775,222,301,gnb,electrical_gain_075,0.0030807999428361654
0.8775252525252525,0.8736369673049543,0.8736369673049544,222,301,gnb,electrical_gain_050,0.0030807999428361654
0.8686868686868687,0.8636158715291486,0.8636158715291486,222,301,gnb,electrical_gain_025,0.0030807999428361654
0.9179292929292929,0.9167222004625124,0.9167222004625124,222,301,gnb,vibration_drift_025rms,0.0030807999428361654
0.922979797979798,0.9220015812134505,0.9220015812134505,222,301,gnb,vibration_drift_050rms,0.0030807999428361654
0.9368686868686869,0.9364877951948891,0.9364877951948889,222,301,gnb,vibration_drift_100rms,0.0030807999428361654
0.9103535353535354,0.9087742206135708,0.9087742206135708,222,301,gnb,electrical_drift_025rms,0.0030807999428361654
0.9242424242424242,0.9232196945565397,0.9232196945565397,222,301,gnb,electrical_drift_050rms,0.0030807999428361654
0.9570707070707071,0.9571775507309533,0.9571775507309533,222,301,gnb,electrical_drift_100rms,0.0030807999428361654
0.98989898989899,0.9898962353617405,0.9898962353617403,222,301,lda,clean_reextract,0.014914699946530163
0.6994949494949495,0.6782249653262097,0.6782249653262095,222,301,lda,vibration_missing,0.014914699946530163
0.9343434343434344,0.9341712431931409,0.934171243193141,222,301,lda,electrical_missing,0.014914699946530163
0.98989898989899,0.9898962353617405,0.9898962353617403,222,301,lda,vibration_gain_075,0.014914699946530163
0.98989898989899,0.9898777461553255,0.9898777461553255,222,301,lda,vibration_gain_050,0.014914699946530163
0.9494949494949495,0.9485412302597965,0.9485412302597965,222,301,lda,vibration_gain_025,0.014914699946530163
0.9886363636363636,0.9886329385968736,0.9886329385968735,222,301,lda,electrical_gain_075,0.014914699946530163
0.9848484848484849,0.9848400012853332,0.9848400012853332,222,301,lda,electrical_gain_050,0.014914699946530163
0.976010101010101,0.9759082611944491,0.975908261194449,222,301,lda,electrical_gain_025,0.014914699946530163
0.98989898989899,0.9898962353617405,0.9898962353617403,222,301,lda,vibration_drift_025rms,0.014914699946530163
0.98989898989899,0.9898962353617405,0.9898962353617403,222,301,lda,vibration_drift_050rms,0.014914699946530163
0.9911616161616161,0.9911599672585524,0.991159967258552,222,301,lda,vibration_drift_100rms,0.014914699946530163
0.9861111111111112,0.9861049306540791,0.9861049306540791,222,301,lda,electrical_drift_025rms,0.014914699946530163
0.9873737373737373,0.9873721428574723,0.9873721428574722,222,301,lda,electrical_drift_050rms,0.014914699946530163
0.898989898989899,0.8887765419615773,0.8887765419615774,222,301,lda,electrical_drift_100rms,0.014914699946530163
0.9570707070707071,0.9562271996901117,0.9562271996901118,222,301,cart,clean_reextract,0.3231750000268221
0.8005050505050505,0.800900555209665,0.8009005552096649,222,301,cart,vibration_missing,0.3231750000268221
0.9558080808080808,0.9549750521989407,0.9549750521989407,222,301,cart,electrical_missing,0.3231750000268221
0.9558080808080808,0.954895803838919,0.9548958038389189,222,301,cart,vibration_gain_075,0.3231750000268221
0.9330808080808081,0.932463089534361,0.9324630895343607,222,301,cart,vibration_gain_050,0.3231750000268221
0.6654040404040404,0.6392645428532325,0.6392645428532325,222,301,cart,vibration_gain_025,0.3231750000268221
0.9532828282828283,0.9522843554048525,0.9522843554048523,222,301,cart,electrical_gain_075,0.3231750000268221
0.9545454545454546,0.9535616799743045,0.9535616799743044,222,301,cart,electrical_gain_050,0.3231750000268221
0.8232323232323232,0.803695049679282,0.803695049679282,222,301,cart,electrical_gain_025,0.3231750000268221
0.9621212121212122,0.9612177779125443,0.9612177779125443,222,301,cart,vibration_drift_025rms,0.3231750000268221
0.9583333333333334,0.9577088869778988,0.9577088869778986,222,301,cart,vibration_drift_050rms,0.3231750000268221
0.9785353535353535,0.9785780869676567,0.9785780869676567,222,301,cart,vibration_drift_100rms,0.3231750000268221
0.952020202020202,0.9509793913489815,0.9509793913489815,222,301,cart,electrical_drift_025rms,0.3231750000268221
0.9583333333333334,0.9576283905630172,0.9576283905630172,222,301,cart,electrical_drift_050rms,0.3231750000268221
0.9583333333333334,0.9576283905630172,0.9576283905630172,222,301,cart,electrical_drift_100rms,0.3231750000268221
1.0,1.0,1.0,222,301,rf,clean_reextract,7.481905500055291
0.8446969696969697,0.8401937894756957,0.8401937894756957,222,301,rf,vibration_missing,7.481905500055291
0.9873737373737373,0.9873621323529411,0.9873621323529411,222,301,rf,electrical_missing,7.481905500055291
0.9987373737373737,0.9987373556209196,0.9987373556209198,222,301,rf,vibration_gain_075,7.481905500055291
1.0,1.0,1.0,222,301,rf,vibration_gain_050,7.481905500055291
0.8686868686868687,0.8456395783639956,0.8456395783639956,222,301,rf,vibration_gain_025,7.481905500055291
0.9962121212121212,0.9962120668627592,0.9962120668627592,222,301,rf,electrical_gain_075,7.481905500055291
0.9987373737373737,0.9987373556209196,0.9987373556209198,222,301,rf,electrical_gain_050,7.481905500055291
0.9987373737373737,0.9987373556209196,0.9987373556209198,222,301,rf,electrical_gain_025,7.481905500055291
1.0,1.0,1.0,222,301,rf,vibration_drift_025rms,7.481905500055291
1.0,1.0,1.0,222,301,rf,vibration_drift_050rms,7.481905500055291
1.0,1.0,1.0,222,301,rf,vibration_drift_100rms,7.481905500055291
1.0,1.0,1.0,222,301,rf,electrical_drift_025rms,7.481905500055291
0.9987373737373737,0.9987373556209196,0.9987373556209198,222,301,rf,electrical_drift_050rms,7.481905500055291
0.9987373737373737,0.9987373556209196,0.9987373556209198,222,301,rf,electrical_drift_100rms,7.481905500055291
0.9987373737373737,0.9987373556209196,0.9987373556209198,222,301,extra_trees,clean_reextract,1.269316100049764
0.8080808080808081,0.8023787776884919,0.8023787776884918,222,301,extra_trees,vibration_missing,1.269316100049764
0.9823232323232324,0.982297833208805,0.982297833208805,222,301,extra_trees,electrical_missing,1.269316100049764
0.9987373737373737,0.9987373556209196,0.9987373556209198,222,301,extra_trees,vibration_gain_075,1.269316100049764
1.0,1.0,1.0,222,301,extra_trees,vibration_gain_050,1.269316100049764
0.9696969696969697,0.9693478403786733,0.9693478403786733,222,301,extra_trees,vibration_gain_025,1.269316100049764
0.9974747474747475,0.9974747474747474,0.9974747474747475,222,301,extra_trees,electrical_gain_075,1.269316100049764
0.9974747474747475,0.9974747474747474,0.9974747474747475,222,301,extra_trees,electrical_gain_050,1.269316100049764
0.9974747474747475,0.9974747474747474,0.9974747474747475,222,301,extra_trees,electrical_gain_025,1.269316100049764
0.9987373737373737,0.9987373556209196,0.9987373556209198,222,301,extra_trees,vibration_drift_025rms,1.269316100049764
1.0,1.0,1.0,222,301,extra_trees,vibration_drift_050rms,1.269316100049764
0.9987373737373737,0.9987373556209197,0.9987373556209197,222,301,extra_trees,vibration_drift_100rms,1.269316100049764
0.9974747474747475,0.9974747474747474,0.9974747474747475,222,301,extra_trees,electrical_drift_025rms,1.269316100049764
0.9974747474747475,0.9974747474747474,0.9974747474747475,222,301,extra_trees,electrical_drift_050rms,1.269316100049764
0.9962121212121212,0.9962120668627592,0.9962120668627592,222,301,extra_trees,electrical_drift_100rms,1.269316100049764
0.9987373737373737,0.9987373556209196,0.9987373556209197,222,301,hist_gb,clean_reextract,6.4709905999479815
0.8876262626262627,0.8850099791478766,0.8850099791478766,222,301,hist_gb,vibration_missing,6.4709905999479815
0.9810606060606061,0.9810358398967427,0.9810358398967428,222,301,hist_gb,electrical_missing,6.4709905999479815
0.9987373737373737,0.9987373556209196,0.9987373556209197,222,301,hist_gb,vibration_gain_075,6.4709905999479815
0.9987373737373737,0.9987373556209196,0.9987373556209197,222,301,hist_gb,vibration_gain_050,6.4709905999479815
0.9886363636363636,0.9885867554568998,0.9885867554568998,222,301,hist_gb,vibration_gain_025,6.4709905999479815
0.9974747474747475,0.9974747112418395,0.9974747112418396,222,301,hist_gb,electrical_gain_075,6.4709905999479815
0.9987373737373737,0.9987373556209196,0.9987373556209197,222,301,hist_gb,electrical_gain_050,6.4709905999479815
0.9962121212121212,0.9962119581577963,0.9962119581577964,222,301,hist_gb,electrical_gain_025,6.4709905999479815
1.0,1.0,1.0,222,301,hist_gb,vibration_drift_025rms,6.4709905999479815
0.9987373737373737,0.9987373556209197,0.9987373556209197,222,301,hist_gb,vibration_drift_050rms,6.4709905999479815
0.9987373737373737,0.9987373556209197,0.9987373556209197,222,301,hist_gb,vibration_drift_100rms,6.4709905999479815
0.9974747474747475,0.9974746025368765,0.9974746025368766,222,301,hist_gb,electrical_drift_025rms,6.4709905999479815
0.9911616161616161,0.9911576829249679,0.9911576829249679,222,301,hist_gb,electrical_drift_050rms,6.4709905999479815
0.9886363636363636,0.9886270615032725,0.9886270615032726,222,301,hist_gb,electrical_drift_100rms,6.4709905999479815
1.0,1.0,1.0,222,301,xgboost,clean_reextract,5.383753600064665
0.9027777777777778,0.9016653049787066,0.9016653049787067,222,301,xgboost,vibration_missing,5.383753600064665
0.9823232323232324,0.9823222177581359,0.9823222177581357,222,301,xgboost,electrical_missing,5.383753600064665
1.0,1.0,1.0,222,301,xgboost,vibration_gain_075,5.383753600064665
1.0,1.0,1.0,222,301,xgboost,vibration_gain_050,5.383753600064665
0.9949494949494949,0.9949483352468427,0.9949483352468428,222,301,xgboost,vibration_gain_025,5.383753600064665
0.9987373737373737,0.9987373556209197,0.9987373556209197,222,301,xgboost,electrical_gain_075,5.383753600064665
1.0,1.0,1.0,222,301,xgboost,electrical_gain_050,5.383753600064665
0.9924242424242424,0.9924203273040483,0.9924203273040482,222,301,xgboost,electrical_gain_025,5.383753600064665
1.0,1.0,1.0,222,301,xgboost,vibration_drift_025rms,5.383753600064665
1.0,1.0,1.0,222,301,xgboost,vibration_drift_050rms,5.383753600064665
1.0,1.0,1.0,222,301,xgboost,vibration_drift_100rms,5.383753600064665
1.0,1.0,1.0,222,301,xgboost,electrical_drift_025rms,5.383753600064665
0.9962121212121212,0.9962116320117095,0.9962116320117095,222,301,xgboost,electrical_drift_050rms,5.383753600064665
0.9949494949494949,0.9949483352468427,0.9949483352468428,222,301,xgboost,electrical_drift_100rms,5.383753600064665
0.9987373737373737,0.9987373556209196,0.9987373556209197,222,302,lr,clean_reextract,0.13665129989385605
0.9444444444444444,0.9441910260092078,0.9441910260092078,222,302,lr,vibration_missing,0.13665129989385605
0.9659090909090909,0.9660027952480784,0.9660027952480782,222,302,lr,electrical_missing,0.13665129989385605
0.9987373737373737,0.9987373556209196,0.9987373556209197,222,302,lr,vibration_gain_075,0.13665129989385605
0.9924242424242424,0.9923943405842658,0.9923943405842657,222,302,lr,vibration_gain_050,0.13665129989385605
0.9166666666666666,0.914328169032575,0.914328169032575,222,302,lr,vibration_gain_025,0.13665129989385605
0.9987373737373737,0.9987373556209196,0.9987373556209197,222,302,lr,electrical_gain_075,0.13665129989385605
0.9987373737373737,0.9987373556209196,0.9987373556209197,222,302,lr,electrical_gain_050,0.13665129989385605
0.9924242424242424,0.9924647666092533,0.9924647666092533,222,302,lr,electrical_gain_025,0.13665129989385605
1.0,1.0,1.0,222,302,lr,vibration_drift_025rms,0.13665129989385605
1.0,1.0,1.0,222,302,lr,vibration_drift_050rms,0.13665129989385605
1.0,1.0,1.0,222,302,lr,vibration_drift_100rms,0.13665129989385605
0.9974747474747475,0.9974747112418395,0.9974747112418396,222,302,lr,electrical_drift_025rms,0.13665129989385605
0.9987373737373737,0.9987373556209196,0.9987373556209198,222,302,lr,electrical_drift_050rms,0.13665129989385605
0.6767676767676768,0.6087762645125899,0.6087762645125899,222,302,lr,electrical_drift_100rms,0.13665129989385605
1.0,1.0,1.0,222,302,svm_rbf,clean_reextract,0.9724010999780148
0.952020202020202,0.951998543389044,0.9519985433890439,222,302,svm_rbf,vibration_missing,0.9724010999780148
0.9696969696969697,0.9696932010440259,0.9696932010440259,222,302,svm_rbf,electrical_missing,0.9724010999780148
1.0,1.0,1.0,222,302,svm_rbf,vibration_gain_075,0.9724010999780148
1.0,1.0,1.0,222,302,svm_rbf,vibration_gain_050,0.9724010999780148
0.9772727272727273,0.9772108978924368,0.9772108978924366,222,302,svm_rbf,vibration_gain_025,0.9724010999780148
0.18181818181818182,0.07602339181286549,0.07602339181286549,222,302,svm_rbf,electrical_gain_075,0.9724010999780148
1.0,1.0,1.0,222,302,svm_rbf,electrical_gain_050,0.9724010999780148
0.26262626262626265,0.18762667481631246,0.18762667481631246,222,302,svm_rbf,electrical_gain_025,0.9724010999780148
1.0,1.0,1.0,222,302,svm_rbf,vibration_drift_025rms,0.9724010999780148
1.0,1.0,1.0,222,302,svm_rbf,vibration_drift_050rms,0.9724010999780148
1.0,1.0,1.0,222,302,svm_rbf,vibration_drift_100rms,0.9724010999780148
0.9974747474747475,0.9974698737337365,0.9974698737337367,222,302,svm_rbf,electrical_drift_025rms,0.9724010999780148
0.9962121212121212,0.9962022275380492,0.9962022275380492,222,302,svm_rbf,electrical_drift_050rms,0.9724010999780148
0.73989898989899,0.6983455849911567,0.698345584991157,222,302,svm_rbf,electrical_drift_100rms,0.9724010999780148
0.9861111111111112,0.9861098320688066,0.9861098320688066,222,302,knn,clean_reextract,0.0014292000560089946
0.6060606060606061,0.601812505071643,0.601812505071643,222,302,knn,vibration_missing,0.0014292000560089946
0.9835858585858586,0.9835794606064935,0.9835794606064936,222,302,knn,electrical_missing,0.0014292000560089946
0.9823232323232324,0.9822610398862546,0.9822610398862546,222,302,knn,vibration_gain_075,0.0014292000560089946
0.9507575757575758,0.9508040906531109,0.9508040906531108,222,302,knn,vibration_gain_050,0.0014292000560089946
0.8686868686868687,0.8646034632224092,0.8646034632224092,222,302,knn,vibration_gain_025,0.0014292000560089946
0.4797979797979798,0.44792507432487566,0.44792507432487566,222,302,knn,electrical_gain_075,0.0014292000560089946
0.9823232323232324,0.9823215829095223,0.9823215829095223,222,302,knn,electrical_gain_050,0.0014292000560089946
0.6452020202020202,0.5813701172825496,0.5813701172825496,222,302,knn,electrical_gain_025,0.0014292000560089946
0.9861111111111112,0.9861098320688066,0.9861098320688066,222,302,knn,vibration_drift_025rms,0.0014292000560089946
0.9848484848484849,0.9848465353039398,0.9848465353039396,222,302,knn,vibration_drift_050rms,0.0014292000560089946
0.9797979797979798,0.9797646788662177,0.9797646788662177,222,302,knn,vibration_drift_100rms,0.0014292000560089946
0.9810606060606061,0.9810191747707654,0.9810191747707653,222,302,knn,electrical_drift_025rms,0.0014292000560089946
0.9797979797979798,0.9797660095139982,0.9797660095139982,222,302,knn,electrical_drift_050rms,0.0014292000560089946
0.9659090909090909,0.9657964085366301,0.9657964085366301,222,302,knn,electrical_drift_100rms,0.0014292000560089946
0.9128787878787878,0.9112239022361175,0.9112239022361176,222,302,gnb,clean_reextract,0.0030767000280320644
0.2803030303030303,0.1480372318899231,0.14803723188992307,222,302,gnb,vibration_missing,0.0030767000280320644
0.8623737373737373,0.8580018299920816,0.8580018299920816,222,302,gnb,electrical_missing,0.0030767000280320644
0.922979797979798,0.9215972455234817,0.9215972455234817,222,302,gnb,vibration_gain_075,0.0030767000280320644
0.9154040404040404,0.9169858134641417,0.9169858134641417,222,302,gnb,vibration_gain_050,0.0030767000280320644
0.6553030303030303,0.6066073363066738,0.606607336306674,222,302,gnb,vibration_gain_025,0.0030767000280320644
0.8611111111111112,0.8547428216130143,0.8547428216130142,222,302,gnb,electrical_gain_075,0.0030767000280320644
0.7878787878787878,0.7652841148945425,0.7652841148945426,222,302,gnb,electrical_gain_050,0.0030767000280320644
0.7424242424242424,0.7031268817328447,0.7031268817328445,222,302,gnb,electrical_gain_025,0.0030767000280320644
0.9141414141414141,0.9125830083809053,0.9125830083809053,222,302,gnb,vibration_drift_025rms,0.0030767000280320644
0.9154040404040404,0.9141630375116511,0.9141630375116511,222,302,gnb,vibration_drift_050rms,0.0030767000280320644
0.9318181818181818,0.93141537411082,0.9314153741108199,222,302,gnb,vibration_drift_100rms,0.0030767000280320644
0.9090909090909091,0.9071143220194351,0.9071143220194349,222,302,gnb,electrical_drift_025rms,0.0030767000280320644
0.9204545454545454,0.9190253144128638,0.9190253144128638,222,302,gnb,electrical_drift_050rms,0.0030767000280320644
0.9545454545454546,0.9546447685682483,0.9546447685682483,222,302,gnb,electrical_drift_100rms,0.0030767000280320644
0.98989898989899,0.9898962353617405,0.9898962353617403,222,302,lda,clean_reextract,0.015947299893014133
0.7058080808080808,0.6797645052238691,0.6797645052238692,222,302,lda,vibration_missing,0.015947299893014133
0.928030303030303,0.9277328718920503,0.9277328718920502,222,302,lda,electrical_missing,0.015947299893014133
0.98989898989899,0.9898962353617405,0.9898962353617403,222,302,lda,vibration_gain_075,0.015947299893014133
0.98989898989899,0.9898962353617405,0.9898962353617403,222,302,lda,vibration_gain_050,0.015947299893014133
0.9482323232323232,0.9469117301913165,0.9469117301913164,222,302,lda,vibration_gain_025,0.015947299893014133
0.9873737373737373,0.987368662550891,0.987368662550891,222,302,lda,electrical_gain_075,0.015947299893014133
0.9823232323232324,0.9823100331864012,0.9823100331864013,222,302,lda,electrical_gain_050,0.015947299893014133
0.9722222222222222,0.9721335380356263,0.9721335380356264,222,302,lda,electrical_gain_025,0.015947299893014133
0.98989898989899,0.9898962353617405,0.9898962353617403,222,302,lda,vibration_drift_025rms,0.015947299893014133
0.9911616161616161,0.9911599672585524,0.991159967258552,222,302,lda,vibration_drift_050rms,0.015947299893014133
0.9911616161616161,0.9911599672585524,0.991159967258552,222,302,lda,vibration_drift_100rms,0.015947299893014133
0.9861111111111112,0.9861049306540791,0.9861049306540791,222,302,lda,electrical_drift_025rms,0.015947299893014133
0.9861111111111112,0.9861098245932808,0.9861098245932807,222,302,lda,electrical_drift_050rms,0.015947299893014133
0.8939393939393939,0.881992337164751,0.881992337164751,222,302,lda,electrical_drift_100rms,0.015947299893014133
0.9835858585858586,0.9836381923422045,0.9836381923422045,222,302,cart,clean_reextract,0.30783060006797314
0.8093434343434344,0.8081831130359004,0.8081831130359004,222,302,cart,vibration_missing,0.30783060006797314
0.9835858585858586,0.9836152571571107,0.9836152571571108,222,302,cart,electrical_missing,0.30783060006797314
0.976010101010101,0.9760979420083905,0.9760979420083903,222,302,cart,vibration_gain_075,0.30783060006797314
0.9848484848484849,0.9848923963652845,0.9848923963652844,222,302,cart,vibration_gain_050,0.30783060006797314
0.7866161616161617,0.7630748601064109,0.7630748601064107,222,302,cart,vibration_gain_025,0.30783060006797314
0.9835858585858586,0.9836152571571107,0.9836152571571108,222,302,cart,electrical_gain_075,0.30783060006797314
0.9823232323232324,0.9823329256861001,0.9823329256861,222,302,cart,electrical_gain_050,0.30783060006797314
0.9823232323232324,0.9823329256861001,0.9823329256861,222,302,cart,electrical_gain_025,0.30783060006797314
0.98989898989899,0.9899212584276126,0.9899212584276127,222,302,cart,vibration_drift_025rms,0.30783060006797314
0.9911616161616161,0.9911609070897747,0.9911609070897747,222,302,cart,vibration_drift_050rms,0.30783060006797314
0.98989898989899,0.9899118563876684,0.9899118563876684,222,302,cart,vibration_drift_100rms,0.30783060006797314
0.9835858585858586,0.9836381923422045,0.9836381923422045,222,302,cart,electrical_drift_025rms,0.30783060006797314
0.9848484848484849,0.984877349715191,0.984877349715191,222,302,cart,electrical_drift_050rms,0.30783060006797314
0.9848484848484849,0.984877349715191,0.984877349715191,222,302,cart,electrical_drift_100rms,0.30783060006797314
1.0,1.0,1.0,222,302,rf,clean_reextract,7.624631999991834
0.8484848484848485,0.8441022571167739,0.8441022571167739,222,302,rf,vibration_missing,7.624631999991834
0.9911616161616161,0.991161489346438,0.991161489346438,222,302,rf,electrical_missing,7.624631999991834
1.0,1.0,1.0,222,302,rf,vibration_gain_075,7.624631999991834
1.0,1.0,1.0,222,302,rf,vibration_gain_050,7.624631999991834
0.8686868686868687,0.8456395783639956,0.8456395783639956,222,302,rf,vibration_gain_025,7.624631999991834
0.9949494949494949,0.9949483352468427,0.9949483352468428,222,302,rf,electrical_gain_075,7.624631999991834
0.9974747474747475,0.9974746025368765,0.9974746025368766,222,302,rf,electrical_gain_050,7.624631999991834
0.9987373737373737,0.9987373556209197,0.9987373556209197,222,302,rf,electrical_gain_025,7.624631999991834
1.0,1.0,1.0,222,302,rf,vibration_drift_025rms,7.624631999991834
1.0,1.0,1.0,222,302,rf,vibration_drift_050rms,7.624631999991834
0.9987373737373737,0.9987373556209197,0.9987373556209197,222,302,rf,vibration_drift_100rms,7.624631999991834
1.0,1.0,1.0,222,302,rf,electrical_drift_025rms,7.624631999991834
0.9974747474747475,0.9974746025368767,0.9974746025368766,222,302,rf,electrical_drift_050rms,7.624631999991834
0.9974747474747475,0.9974746025368767,0.9974746025368766,222,302,rf,electrical_drift_100rms,7.624631999991834
0.9987373737373737,0.9987373556209196,0.9987373556209198,222,302,extra_trees,clean_reextract,1.2962318999925628
0.8244949494949495,0.8130837586031627,0.8130837586031626,222,302,extra_trees,vibration_missing,1.2962318999925628
0.9785353535353535,0.9785202521285914,0.9785202521285914,222,302,extra_trees,electrical_missing,1.2962318999925628
0.9974747474747475,0.9974746025368767,0.9974746025368766,222,302,extra_trees,vibration_gain_075,1.2962318999925628
0.9974747474747475,0.9974746025368767,0.9974746025368766,222,302,extra_trees,vibration_gain_050,1.2962318999925628
0.9532828282828283,0.9527673993710458,0.9527673993710458,222,302,extra_trees,vibration_gain_025,1.2962318999925628
0.9962121212121212,0.9962116320117095,0.9962116320117095,222,302,extra_trees,electrical_gain_075,1.2962318999925628
0.9987373737373737,0.9987373556209197,0.9987373556209197,222,302,extra_trees,electrical_gain_050,1.2962318999925628
0.9949494949494949,0.9949492050737532,0.9949492050737532,222,302,extra_trees,electrical_gain_025,1.2962318999925628
0.9987373737373737,0.9987373556209196,0.9987373556209198,222,302,extra_trees,vibration_drift_025rms,1.2962318999925628
0.9987373737373737,0.9987373556209196,0.9987373556209198,222,302,extra_trees,vibration_drift_050rms,1.2962318999925628
1.0,1.0,1.0,222,302,extra_trees,vibration_drift_100rms,1.2962318999925628
0.9974747474747475,0.9974747474747474,0.9974747474747475,222,302,extra_trees,electrical_drift_025rms,1.2962318999925628
0.9949494949494949,0.9949492050737532,0.9949492050737532,222,302,extra_trees,electrical_drift_050rms,1.2962318999925628
0.9936868686868687,0.9936860533528491,0.9936860533528491,222,302,extra_trees,electrical_drift_100rms,1.2962318999925628
0.9962121212121212,0.9962119581577963,0.9962119581577964,222,302,hist_gb,clean_reextract,6.86552400002256
0.8888888888888888,0.8861322403830476,0.8861322403830475,222,302,hist_gb,vibration_missing,6.86552400002256
0.9873737373737373,0.9873657243948797,0.9873657243948799,222,302,hist_gb,electrical_missing,6.86552400002256
0.9962121212121212,0.9962119581577963,0.9962119581577964,222,302,hist_gb,vibration_gain_075,6.86552400002256
0.9962121212121212,0.9962119581577963,0.9962119581577964,222,302,hist_gb,vibration_gain_050,6.86552400002256
0.9797979797979798,0.9798048977413109,0.9798048977413109,222,302,hist_gb,vibration_gain_025,6.86552400002256
0.9873737373737373,0.9873657243948797,0.9873657243948799,222,302,hist_gb,electrical_gain_075,6.86552400002256
0.9886363636363636,0.9886311253596505,0.9886311253596506,222,302,hist_gb,electrical_gain_050,6.86552400002256
0.9873737373737373,0.9873657243948797,0.9873657243948799,222,302,hist_gb,electrical_gain_025,6.86552400002256
0.9974747474747475,0.9974746025368767,0.9974746025368766,222,302,hist_gb,vibration_drift_025rms,6.86552400002256
0.9974747474747475,0.9974746025368767,0.9974746025368766,222,302,hist_gb,vibration_drift_050rms,6.86552400002256
0.9987373737373737,0.9987373556209197,0.9987373556209197,222,302,hist_gb,vibration_drift_100rms,6.86552400002256
0.9949494949494949,0.9949489876326291,0.9949489876326293,222,302,hist_gb,electrical_drift_025rms,6.86552400002256
0.9886363636363636,0.9886270615032725,0.9886270615032726,222,302,hist_gb,electrical_drift_050rms,6.86552400002256
0.9886363636363636,0.9886270615032725,0.9886270615032726,222,302,hist_gb,electrical_drift_100rms,6.86552400002256
0.9987373737373737,0.9987373556209196,0.9987373556209197,222,302,xgboost,clean_reextract,5.684037599945441
0.8939393939393939,0.8919954014319771,0.8919954014319772,222,302,xgboost,vibration_missing,5.684037599945441
0.9861111111111112,0.9860949508008332,0.9860949508008331,222,302,xgboost,electrical_missing,5.684037599945441
0.9987373737373737,0.9987373556209196,0.9987373556209197,222,302,xgboost,vibration_gain_075,5.684037599945441
0.9987373737373737,0.9987373556209196,0.9987373556209197,222,302,xgboost,vibration_gain_050,5.684037599945441
0.9911616161616161,0.991127806464419,0.991127806464419,222,302,xgboost,vibration_gain_025,5.684037599945441
0.9987373737373737,0.9987373556209196,0.9987373556209198,222,302,xgboost,electrical_gain_075,5.684037599945441
0.9987373737373737,0.9987373556209196,0.9987373556209198,222,302,xgboost,electrical_gain_050,5.684037599945441
0.9962121212121212,0.9962116320117095,0.9962116320117095,222,302,xgboost,electrical_gain_025,5.684037599945441
1.0,1.0,1.0,222,302,xgboost,vibration_drift_025rms,5.684037599945441
1.0,1.0,1.0,222,302,xgboost,vibration_drift_050rms,5.684037599945441
0.9987373737373737,0.9987373556209197,0.9987373556209197,222,302,xgboost,vibration_drift_100rms,5.684037599945441
0.9987373737373737,0.9987373556209196,0.9987373556209197,222,302,xgboost,electrical_drift_025rms,5.684037599945441
0.9873737373737373,0.9873604971852377,0.9873604971852379,222,302,xgboost,electrical_drift_050rms,5.684037599945441
0.9861111111111112,0.9860929507700661,0.9860929507700663,222,302,xgboost,electrical_drift_100rms,5.684037599945441
0.9987373737373737,0.9987373556209196,0.9987373556209197,222,303,lr,clean_reextract,0.12549939996097237
0.9646464646464646,0.9644077575427256,0.9644077575427253,222,303,lr,vibration_missing,0.12549939996097237
0.9747474747474747,0.9747512097952579,0.9747512097952579,222,303,lr,electrical_missing,0.12549939996097237
0.9987373737373737,0.9987373556209196,0.9987373556209197,222,303,lr,vibration_gain_075,0.12549939996097237
0.9936868686868687,0.9936718484244554,0.9936718484244554,222,303,lr,vibration_gain_050,0.12549939996097237
0.9154040404040404,0.9126618820225998,0.9126618820225998,222,303,lr,vibration_gain_025,0.12549939996097237
0.9987373737373737,0.9987373556209196,0.9987373556209197,222,303,lr,electrical_gain_075,0.12549939996097237
0.9974747474747475,0.9974746025368765,0.9974746025368766,222,303,lr,electrical_gain_050,0.12549939996097237
0.9835858585858586,0.983787322883053,0.9837873228830529,222,303,lr,electrical_gain_025,0.12549939996097237
1.0,1.0,1.0,222,303,lr,vibration_drift_025rms,0.12549939996097237
1.0,1.0,1.0,222,303,lr,vibration_drift_050rms,0.12549939996097237
1.0,1.0,1.0,222,303,lr,vibration_drift_100rms,0.12549939996097237
0.9987373737373737,0.9987373556209196,0.9987373556209197,222,303,lr,electrical_drift_025rms,0.12549939996097237
0.9974747474747475,0.9974746025368767,0.9974746025368766,222,303,lr,electrical_drift_050rms,0.12549939996097237
0.7045454545454546,0.6374231425967667,0.6374231425967668,222,303,lr,electrical_drift_100rms,0.12549939996097237
1.0,1.0,1.0,222,303,svm_rbf,clean_reextract,0.9470921999309212
0.9431818181818182,0.9432103371133405,0.9432103371133403,222,303,svm_rbf,vibration_missing,0.9470921999309212
0.9734848484848485,0.9734814240819665,0.9734814240819665,222,303,svm_rbf,electrical_missing,0.9470921999309212
1.0,1.0,1.0,222,303,svm_rbf,vibration_gain_075,0.9470921999309212
1.0,1.0,1.0,222,303,svm_rbf,vibration_gain_050,0.9470921999309212
0.9684343434343434,0.9679868052933959,0.9679868052933958,222,303,svm_rbf,vibration_gain_025,0.9470921999309212
0.1717171717171717,0.05763000852514919,0.05763000852514919,222,303,svm_rbf,electrical_gain_075,0.9470921999309212
0.9987373737373737,0.9987373556209197,0.9987373556209197,222,303,svm_rbf,electrical_gain_050,0.9470921999309212
0.3333333333333333,0.17466684209537056,0.1746668420953706,222,303,svm_rbf,electrical_gain_025,0.9470921999309212
1.0,1.0,1.0,222,303,svm_rbf,vibration_drift_025rms,0.9470921999309212
1.0,1.0,1.0,222,303,svm_rbf,vibration_drift_050rms,0.9470921999309212
1.0,1.0,1.0,222,303,svm_rbf,vibration_drift_100rms,0.9470921999309212
1.0,1.0,1.0,222,303,svm_rbf,electrical_drift_025rms,0.9470921999309212
0.9987373737373737,0.9987373556209197,0.9987373556209197,222,303,svm_rbf,electrical_drift_050rms,0.9470921999309212
0.7083333333333334,0.6708599092587842,0.6708599092587842,222,303,svm_rbf,electrical_drift_100rms,0.9470921999309212
0.9848484848484849,0.9848540808666489,0.9848540808666489,222,303,knn,clean_reextract,0.0014321999624371529
0.5845959595959596,0.5832502656507276,0.5832502656507276,222,303,knn,vibration_missing,0.0014321999624371529
0.9684343434343434,0.9683979668610609,0.9683979668610609,222,303,knn,electrical_missing,0.0014321999624371529
0.9823232323232324,0.9823226136043592,0.9823226136043592,222,303,knn,vibration_gain_075,0.0014321999624371529
0.9507575757575758,0.950811777996266,0.9508117779962661,222,303,knn,vibration_gain_050,0.0014321999624371529
0.8737373737373737,0.8708994590896887,0.8708994590896885,222,303,knn,vibration_gain_025,0.0014321999624371529
0.4659090909090909,0.44219680595790717,0.4421968059579072,222,303,knn,electrical_gain_075,0.0014321999624371529
0.9595959595959596,0.9594847457802493,0.9594847457802492,222,303,knn,electrical_gain_050,0.0014321999624371529
0.6818181818181818,0.6047826451535839,0.6047826451535838,222,303,knn,electrical_gain_025,0.0014321999624371529
0.9848484848484849,0.9848540808666489,0.9848540808666489,222,303,knn,vibration_drift_025rms,0.0014321999624371529
0.9848484848484849,0.9848540808666489,0.9848540808666489,222,303,knn,vibration_drift_050rms,0.0014321999624371529
0.9823232323232324,0.9823287373442456,0.9823287373442458,222,303,knn,vibration_drift_100rms,0.0014321999624371529
0.9810606060606061,0.9810542429026602,0.9810542429026601,222,303,knn,electrical_drift_025rms,0.0014321999624371529
0.9785353535353535,0.9785363113337584,0.9785363113337584,222,303,knn,electrical_drift_050rms,0.0014321999624371529
0.9709595959595959,0.9709028107109031,0.9709028107109031,222,303,knn,electrical_drift_100rms,0.0014321999624371529
0.9267676767676768,0.9255754301040046,0.9255754301040046,222,303,gnb,clean_reextract,0.003016300033777952
0.18434343434343434,0.07445070652617823,0.07445070652617822,222,303,gnb,vibration_missing,0.003016300033777952
0.8813131313131313,0.8780478959905297,0.8780478959905299,222,303,gnb,electrical_missing,0.003016300033777952
0.9318181818181818,0.9306010240099298,0.9306010240099298,222,303,gnb,vibration_gain_075,0.003016300033777952
0.9103535353535354,0.9117305347095476,0.9117305347095477,222,303,gnb,vibration_gain_050,0.003016300033777952
0.6919191919191919,0.6437204616494907,0.6437204616494907,222,303,gnb,vibration_gain_025,0.003016300033777952
0.9141414141414141,0.9127554875387022,0.9127554875387023,222,303,gnb,electrical_gain_075,0.003016300033777952
0.8838383838383839,0.8819142817416333,0.8819142817416333,222,303,gnb,electrical_gain_050,0.003016300033777952
0.851010101010101,0.8443223358107904,0.8443223358107905,222,303,gnb,electrical_gain_025,0.003016300033777952
0.928030303030303,0.9269143719724866,0.9269143719724866,222,303,gnb,vibration_drift_025rms,0.003016300033777952
0.9343434343434344,0.9336022602709052,0.9336022602709052,222,303,gnb,vibration_drift_050rms,0.003016300033777952
0.946969696969697,0.9466297567479091,0.9466297567479092,222,303,gnb,vibration_drift_100rms,0.003016300033777952
0.9242424242424242,0.922788741870991,0.9227887418709909,222,303,gnb,electrical_drift_025rms,0.003016300033777952
0.9318181818181818,0.9308590858059471,0.930859085805947,222,303,gnb,electrical_drift_050rms,0.003016300033777952
0.952020202020202,0.9520891170295395,0.9520891170295394,222,303,gnb,electrical_drift_100rms,0.003016300033777952
0.9911616161616161,0.9911599672585524,0.991159967258552,222,303,lda,clean_reextract,0.01557340007275343
0.7222222222222222,0.7056439395701554,0.7056439395701555,222,303,lda,vibration_missing,0.01557340007275343
0.9267676767676768,0.9263873549502364,0.9263873549502364,222,303,lda,electrical_missing,0.01557340007275343
0.98989898989899,0.9898962353617405,0.9898962353617403,222,303,lda,vibration_gain_075,0.01557340007275343
0.98989898989899,0.9898962353617405,0.9898962353617403,222,303,lda,vibration_gain_050,0.01557340007275343
0.9381313131313131,0.9369405784158041,0.9369405784158042,222,303,lda,vibration_gain_025,0.01557340007275343
0.9873737373737373,0.9873692067000618,0.9873692067000618,222,303,lda,electrical_gain_075,0.01557340007275343
0.9848484848484849,0.9848406546080964,0.9848406546080964,222,303,lda,electrical_gain_050,0.01557340007275343
0.9772727272727273,0.9772423544570414,0.9772423544570414,222,303,lda,electrical_gain_025,0.01557340007275343
0.9911616161616161,0.9911599672585524,0.991159967258552,222,303,lda,vibration_drift_025rms,0.01557340007275343
0.9911616161616161,0.9911599672585524,0.991159967258552,222,303,lda,vibration_drift_050rms,0.01557340007275343
0.98989898989899,0.9898966704936853,0.9898966704936855,222,303,lda,vibration_drift_100rms,0.01557340007275343
0.9861111111111112,0.9861049306540791,0.9861049306540791,222,303,lda,electrical_drift_025rms,0.01557340007275343
0.9873737373737373,0.9873721067056985,0.9873721067056983,222,303,lda,electrical_drift_050rms,0.01557340007275343
0.8825757575757576,0.8659393581994203,0.8659393581994201,222,303,lda,electrical_drift_100rms,0.01557340007275343
0.9608585858585859,0.9606177339001203,0.9606177339001203,222,303,cart,clean_reextract,0.312800099956803
0.797979797979798,0.7975571183171541,0.7975571183171541,222,303,cart,vibration_missing,0.312800099956803
0.9595959595959596,0.9595205454566095,0.9595205454566094,222,303,cart,electrical_missing,0.312800099956803
0.9393939393939394,0.9388330438366914,0.9388330438366915,222,303,cart,vibration_gain_075,0.312800099956803
0.9179292929292929,0.9175133711490902,0.9175133711490903,222,303,cart,vibration_gain_050,0.312800099956803
0.5858585858585859,0.5606701503754551,0.5606701503754551,222,303,cart,vibration_gain_025,0.312800099956803
0.9545454545454546,0.9541143021721356,0.9541143021721356,222,303,cart,electrical_gain_075,0.312800099956803
0.9545454545454546,0.9541143021721356,0.9541143021721356,222,303,cart,electrical_gain_050,0.312800099956803
0.9545454545454546,0.9541143021721356,0.9541143021721356,222,303,cart,electrical_gain_025,0.312800099956803
0.9659090909090909,0.9657409133920493,0.9657409133920495,222,303,cart,vibration_drift_025rms,0.312800099956803
0.9696969696969697,0.9695579750463309,0.9695579750463309,222,303,cart,vibration_drift_050rms,0.312800099956803
0.9797979797979798,0.9797342064540487,0.9797342064540489,222,303,cart,vibration_drift_100rms,0.312800099956803
0.9545454545454546,0.9536779372072233,0.9536779372072234,222,303,cart,electrical_drift_025rms,0.312800099956803
0.9646464646464646,0.9645977642897412,0.9645977642897412,222,303,cart,electrical_drift_050rms,0.312800099956803
0.9659090909090909,0.965880095760752,0.965880095760752,222,303,cart,electrical_drift_100rms,0.312800099956803
1.0,1.0,1.0,222,303,rf,clean_reextract,7.371754699968733
0.8434343434343434,0.8399881757588411,0.839988175758841,222,303,rf,vibration_missing,7.371754699968733
0.9873737373737373,0.9873722516560481,0.9873722516560482,222,303,rf,electrical_missing,7.371754699968733
0.9987373737373737,0.9987373556209196,0.9987373556209198,222,303,rf,vibration_gain_075,7.371754699968733
1.0,1.0,1.0,222,303,rf,vibration_gain_050,7.371754699968733
0.8661616161616161,0.840437906260691,0.8404379062606911,222,303,rf,vibration_gain_025,7.371754699968733
0.9962121212121212,0.9962116320117095,0.9962116320117095,222,303,rf,electrical_gain_075,7.371754699968733
0.9987373737373737,0.9987373556209197,0.9987373556209197,222,303,rf,electrical_gain_050,7.371754699968733
0.9974747474747475,0.9974747474747474,0.9974747474747475,222,303,rf,electrical_gain_025,7.371754699968733
0.9987373737373737,0.9987373556209196,0.9987373556209197,222,303,rf,vibration_drift_025rms,7.371754699968733
0.9987373737373737,0.9987373556209196,0.9987373556209197,222,303,rf,vibration_drift_050rms,7.371754699968733
0.9987373737373737,0.9987373556209196,0.9987373556209197,222,303,rf,vibration_drift_100rms,7.371754699968733
1.0,1.0,1.0,222,303,rf,electrical_drift_025rms,7.371754699968733
0.9962121212121212,0.9962116320117095,0.9962116320117095,222,303,rf,electrical_drift_050rms,7.371754699968733
0.9974747474747475,0.9974746025368767,0.9974746025368766,222,303,rf,electrical_drift_100rms,7.371754699968733
0.9974747474747475,0.9974746025368767,0.9974746025368766,222,303,extra_trees,clean_reextract,1.2684486999642104
0.8068181818181818,0.797140541048468,0.7971405410484679,222,303,extra_trees,vibration_missing,1.2684486999642104
0.9835858585858586,0.9835743104512757,0.9835743104512757,222,303,extra_trees,electrical_missing,1.2684486999642104
0.9962121212121212,0.9962116320117095,0.9962116320117095,222,303,extra_trees,vibration_gain_075,1.2684486999642104
0.9962121212121212,0.9962116320117095,0.9962116320117095,222,303,extra_trees,vibration_gain_050,1.2684486999642104
0.9065656565656566,0.8994959361042646,0.8994959361042647,222,303,extra_trees,vibration_gain_025,1.2684486999642104
0.9924242424242424,0.992422502870264,0.992422502870264,222,303,extra_trees,electrical_gain_075,1.2684486999642104
0.9936868686868687,0.9936867781045985,0.9936867781045987,222,303,extra_trees,electrical_gain_050,1.2684486999642104
0.9936868686868687,0.9936867781045985,0.9936867781045987,222,303,extra_trees,electrical_gain_025,1.2684486999642104
0.9974747474747475,0.9974746025368767,0.9974746025368766,222,303,extra_trees,vibration_drift_025rms,1.2684486999642104
0.9987373737373737,0.9987373556209196,0.9987373556209198,222,303,extra_trees,vibration_drift_050rms,1.2684486999642104
0.9987373737373737,0.9987373556209197,0.9987373556209197,222,303,extra_trees,vibration_drift_100rms,1.2684486999642104
0.9987373737373737,0.9987373556209196,0.9987373556209198,222,303,extra_trees,electrical_drift_025rms,1.2684486999642104
0.9962121212121212,0.9962116320117095,0.9962116320117095,222,303,extra_trees,electrical_drift_050rms,1.2684486999642104
0.9962121212121212,0.9962116320117095,0.9962116320117095,222,303,extra_trees,electrical_drift_100rms,1.2684486999642104
0.9974747474747475,0.9974747112418395,0.9974747112418395,222,303,hist_gb,clean_reextract,6.605454200063832
0.8901515151515151,0.8887854044766849,0.8887854044766845,222,303,hist_gb,vibration_missing,6.605454200063832
0.9861111111111112,0.9860949508008332,0.9860949508008331,222,303,hist_gb,electrical_missing,6.605454200063832
0.9974747474747475,0.9974747112418395,0.9974747112418395,222,303,hist_gb,vibration_gain_075,6.605454200063832
0.9974747474747475,0.9974747112418395,0.9974747112418395,222,303,hist_gb,vibration_gain_050,6.605454200063832
0.9861111111111112,0.9860929507700663,0.9860929507700663,222,303,hist_gb,vibration_gain_025,6.605454200063832
0.9911616161616161,0.9911598584911836,0.9911598584911837,222,303,hist_gb,electrical_gain_075,6.605454200063832
0.9936868686868687,0.993684603350031,0.993684603350031,222,303,hist_gb,electrical_gain_050,6.605454200063832
0.9911616161616161,0.9911598584911836,0.9911598584911837,222,303,hist_gb,electrical_gain_025,6.605454200063832
0.9987373737373737,0.9987373556209196,0.9987373556209198,222,303,hist_gb,vibration_drift_025rms,6.605454200063832
0.9987373737373737,0.9987373556209196,0.9987373556209198,222,303,hist_gb,vibration_drift_050rms,6.605454200063832
0.9987373737373737,0.9987373556209197,0.9987373556209197,222,303,hist_gb,vibration_drift_100rms,6.605454200063832
0.9974747474747475,0.9974747112418395,0.9974747112418395,222,303,hist_gb,electrical_drift_025rms,6.605454200063832
0.9861111111111112,0.9860929507700661,0.9860929507700663,222,303,hist_gb,electrical_drift_050rms,6.605454200063832
0.9861111111111112,0.9860929507700661,0.9860929507700663,222,303,hist_gb,electrical_drift_100rms,6.605454200063832
0.9987373737373737,0.9987373556209196,0.9987373556209197,222,303,xgboost,clean_reextract,5.439568200032227
0.8964646464646465,0.8942216860273257,0.8942216860273258,222,303,xgboost,vibration_missing,5.439568200032227
0.9886363636363636,0.9886330472269198,0.9886330472269197,222,303,xgboost,electrical_missing,5.439568200032227
0.9987373737373737,0.9987373556209196,0.9987373556209197,222,303,xgboost,vibration_gain_075,5.439568200032227
0.9987373737373737,0.9987373556209196,0.9987373556209197,222,303,xgboost,vibration_gain_050,5.439568200032227
0.9873737373737373,0.9873148838978582,0.9873148838978582,222,303,xgboost,vibration_gain_025,5.439568200032227
0.9987373737373737,0.9987373556209196,0.9987373556209197,222,303,xgboost,electrical_gain_075,5.439568200032227
0.9987373737373737,0.9987373556209196,0.9987373556209197,222,303,xgboost,electrical_gain_050,5.439568200032227
0.9962121212121212,0.9962119581577963,0.9962119581577964,222,303,xgboost,electrical_gain_025,5.439568200032227
1.0,1.0,1.0,222,303,xgboost,vibration_drift_025rms,5.439568200032227
1.0,1.0,1.0,222,303,xgboost,vibration_drift_050rms,5.439568200032227
1.0,1.0,1.0,222,303,xgboost,vibration_drift_100rms,5.439568200032227
0.9987373737373737,0.9987373556209196,0.9987373556209197,222,303,xgboost,electrical_drift_025rms,5.439568200032227
0.9911616161616161,0.9911576829249679,0.9911576829249679,222,303,xgboost,electrical_drift_050rms,5.439568200032227
0.9911616161616161,0.9911576829249679,0.9911576829249679,222,303,xgboost,electrical_drift_100rms,5.439568200032227
0.9987373737373737,0.9987373556209196,0.9987373556209197,222,304,lr,clean_reextract,0.13101459993049502
0.9583333333333334,0.9577835461681858,0.9577835461681858,222,304,lr,vibration_missing,0.13101459993049502
0.9684343434343434,0.9684216179640096,0.9684216179640097,222,304,lr,electrical_missing,0.13101459993049502
0.9987373737373737,0.9987373556209196,0.9987373556209197,222,304,lr,vibration_gain_075,0.13101459993049502
0.9949494949494949,0.994939693526753,0.994939693526753,222,304,lr,vibration_gain_050,0.13101459993049502
0.9166666666666666,0.9148621137944642,0.9148621137944642,222,304,lr,vibration_gain_025,0.13101459993049502
0.9987373737373737,0.9987373556209196,0.9987373556209197,222,304,lr,electrical_gain_075,0.13101459993049502
0.9974747474747475,0.9974746025368765,0.9974746025368766,222,304,lr,electrical_gain_050,0.13101459993049502
0.9911616161616161,0.9911875541023232,0.9911875541023232,222,304,lr,electrical_gain_025,0.13101459993049502
1.0,1.0,1.0,222,304,lr,vibration_drift_025rms,0.13101459993049502
1.0,1.0,1.0,222,304,lr,vibration_drift_050rms,0.13101459993049502
1.0,1.0,1.0,222,304,lr,vibration_drift_100rms,0.13101459993049502
0.9974747474747475,0.9974747112418395,0.9974747112418396,222,304,lr,electrical_drift_025rms,0.13101459993049502
0.9987373737373737,0.9987373556209196,0.9987373556209197,222,304,lr,electrical_drift_050rms,0.13101459993049502
0.6502525252525253,0.5860914540645975,0.5860914540645974,222,304,lr,electrical_drift_100rms,0.13101459993049502
1.0,1.0,1.0,222,304,svm_rbf,clean_reextract,0.9183114999905229
0.9406565656565656,0.9403318539643403,0.9403318539643404,222,304,svm_rbf,vibration_missing,0.9183114999905229
0.9709595959595959,0.9709196649490419,0.9709196649490419,222,304,svm_rbf,electrical_missing,0.9183114999905229
1.0,1.0,1.0,222,304,svm_rbf,vibration_gain_075,0.9183114999905229
1.0,1.0,1.0,222,304,svm_rbf,vibration_gain_050,0.9183114999905229
0.9696969696969697,0.9694685673788938,0.9694685673788939,222,304,svm_rbf,vibration_gain_025,0.9183114999905229
0.17676767676767677,0.06708255354543564,0.06708255354543564,222,304,svm_rbf,electrical_gain_075,0.9183114999905229
1.0,1.0,1.0,222,304,svm_rbf,electrical_gain_050,0.9183114999905229
0.49873737373737376,0.36240087035083485,0.36240087035083485,222,304,svm_rbf,electrical_gain_025,0.9183114999905229
1.0,1.0,1.0,222,304,svm_rbf,vibration_drift_025rms,0.9183114999905229
1.0,1.0,1.0,222,304,svm_rbf,vibration_drift_050rms,0.9183114999905229
1.0,1.0,1.0,222,304,svm_rbf,vibration_drift_100rms,0.9183114999905229
0.9987373737373737,0.9987373556209197,0.9987373556209197,222,304,svm_rbf,electrical_drift_025rms,0.9183114999905229
0.9974747474747475,0.9974747293582934,0.9974747293582934,222,304,svm_rbf,electrical_drift_050rms,0.9183114999905229
0.6616161616161617,0.6069454313455097,0.6069454313455097,222,304,svm_rbf,electrical_drift_100rms,0.9183114999905229
0.9873737373737373,0.9873722656583758,0.9873722656583755,222,304,knn,clean_reextract,0.001323699951171875
0.6161616161616161,0.612330901836891,0.6123309018368909,222,304,knn,vibration_missing,0.001323699951171875
0.9671717171717171,0.9671075196206994,0.9671075196206995,222,304,knn,electrical_missing,0.001323699951171875
0.9861111111111112,0.9860819038105176,0.9860819038105176,222,304,knn,vibration_gain_075,0.001323699951171875
0.9659090909090909,0.9660315114404417,0.9660315114404419,222,304,knn,vibration_gain_050,0.001323699951171875
0.86489898989899,0.8640569251464113,0.8640569251464113,222,304,knn,vibration_gain_025,0.001323699951171875
0.4734848484848485,0.44448999358684205,0.4444899935868421,222,304,knn,electrical_gain_075,0.001323699951171875
0.9494949494949495,0.9493678609995854,0.9493678609995854,222,304,knn,electrical_gain_050,0.001323699951171875
0.6767676767676768,0.6064222012959499,0.6064222012959499,222,304,knn,electrical_gain_025,0.001323699951171875
0.9861111111111112,0.9861096393957492,0.9861096393957492,222,304,knn,vibration_drift_025rms,0.001323699951171875
0.9861111111111112,0.9861096393957492,0.9861096393957492,222,304,knn,vibration_drift_050rms,0.001323699951171875
0.9823232323232324,0.982331685104659,0.982331685104659,222,304,knn,vibration_drift_100rms,0.001323699951171875
0.9810606060606061,0.9810546618086927,0.9810546618086926,222,304,knn,electrical_drift_025rms,0.001323699951171875
0.9823232323232324,0.9823180998010362,0.9823180998010363,222,304,knn,electrical_drift_050rms,0.001323699951171875
0.952020202020202,0.9515904322159271,0.9515904322159271,222,304,knn,electrical_drift_100rms,0.001323699951171875
0.9204545454545454,0.9188115311568148,0.9188115311568148,222,304,gnb,clean_reextract,0.003495299955829978
0.30934343434343436,0.15684173437993773,0.15684173437993773,222,304,gnb,vibration_missing,0.003495299955829978
0.8762626262626263,0.872271469566862,0.872271469566862,222,304,gnb,electrical_missing,0.003495299955829978
0.9267676767676768,0.9252094662979157,0.9252094662979158,222,304,gnb,vibration_gain_075,0.003495299955829978
0.8800505050505051,0.8809737575896858,0.8809737575896858,222,304,gnb,vibration_gain_050,0.003495299955829978
0.6906565656565656,0.6439708571257384,0.6439708571257385,222,304,gnb,vibration_gain_025,0.003495299955829978
0.8585858585858586,0.8541805161104833,0.8541805161104835,222,304,gnb,electrical_gain_075,0.003495299955829978
0.8042929292929293,0.7912280329221572,0.791228032922157,222,304,gnb,electrical_gain_050,0.003495299955829978
0.7752525252525253,0.754084450281533,0.754084450281533,222,304,gnb,electrical_gain_025,0.003495299955829978
0.922979797979798,0.9216123566884048,0.9216123566884047,222,304,gnb,vibration_drift_025rms,0.003495299955829978
0.9267676767676768,0.9257005213675349,0.9257005213675348,222,304,gnb,vibration_drift_050rms,0.003495299955829978
0.9431818181818182,0.9428653276606599,0.9428653276606598,222,304,gnb,vibration_drift_100rms,0.003495299955829978
0.9191919191919192,0.9174479913150141,0.9174479913150141,222,304,gnb,electrical_drift_025rms,0.003495299955829978
0.9217171717171717,0.9204543996020312,0.9204543996020312,222,304,gnb,electrical_drift_050rms,0.003495299955829978
0.952020202020202,0.9519870651808252,0.9519870651808254,222,304,gnb,electrical_drift_100rms,0.003495299955829978
0.98989898989899,0.9898962353617405,0.9898962353617403,222,304,lda,clean_reextract,0.016772800008766353
0.6906565656565656,0.6649193537112826,0.6649193537112827,222,304,lda,vibration_missing,0.016772800008766353
0.9305555555555556,0.9303784507828703,0.9303784507828704,222,304,lda,electrical_missing,0.016772800008766353
0.98989898989899,0.9898962353617405,0.9898962353617403,222,304,lda,vibration_gain_075,0.016772800008766353
0.98989898989899,0.9898962353617405,0.9898962353617403,222,304,lda,vibration_gain_050,0.016772800008766353
0.9381313131313131,0.93663591390328,0.9366359139032803,222,304,lda,vibration_gain_025,0.016772800008766353
0.9886363636363636,0.9886329385968736,0.9886329385968735,222,304,lda,electrical_gain_075,0.016772800008766353
0.9810606060606061,0.9810182006222291,0.981018200622229,222,304,lda,electrical_gain_050,0.016772800008766353
0.9734848484848485,0.9733520271595433,0.9733520271595433,222,304,lda,electrical_gain_025,0.016772800008766353
0.9911616161616161,0.9911599672585524,0.991159967258552,222,304,lda,vibration_drift_025rms,0.016772800008766353
0.9911616161616161,0.9911599672585524,0.991159967258552,222,304,lda,vibration_drift_050rms,0.016772800008766353
0.98989898989899,0.9898966704936853,0.9898966704936855,222,304,lda,vibration_drift_100rms,0.016772800008766353
0.9861111111111112,0.9861049306540791,0.9861049306540791,222,304,lda,electrical_drift_025rms,0.016772800008766353
0.9861111111111112,0.9861088099408316,0.9861088099408316,222,304,lda,electrical_drift_050rms,0.016772800008766353
0.8926767676767676,0.8807296927856706,0.8807296927856708,222,304,lda,electrical_drift_100rms,0.016772800008766353
0.976010101010101,0.9761943740060963,0.9761943740060962,222,304,cart,clean_reextract,0.3229038999415934
0.8320707070707071,0.8280663772620057,0.8280663772620056,222,304,cart,vibration_missing,0.3229038999415934
0.9734848484848485,0.9736037863681397,0.9736037863681397,222,304,cart,electrical_missing,0.3229038999415934
0.9684343434343434,0.9686711302289229,0.9686711302289229,222,304,cart,vibration_gain_075,0.3229038999415934
0.9532828282828283,0.95320795357093,0.9532079535709299,222,304,cart,vibration_gain_050,0.3229038999415934
0.7285353535353535,0.702976010213081,0.702976010213081,222,304,cart,vibration_gain_025,0.3229038999415934
0.9747474747474747,0.9748607802535276,0.9748607802535276,222,304,cart,electrical_gain_075,0.3229038999415934
0.9734848484848485,0.9736043333910693,0.9736043333910692,222,304,cart,electrical_gain_050,0.3229038999415934
0.8080808080808081,0.7532205178504959,0.7532205178504959,222,304,cart,electrical_gain_025,0.3229038999415934
0.9835858585858586,0.9836824805278894,0.9836824805278894,222,304,cart,vibration_drift_025rms,0.3229038999415934
0.9722222222222222,0.9722617406698263,0.9722617406698261,222,304,cart,vibration_drift_050rms,0.3229038999415934
0.9671717171717171,0.9671891750007989,0.967189175000799,222,304,cart,vibration_drift_100rms,0.3229038999415934
0.976010101010101,0.9761943740060963,0.9761943740060962,222,304,cart,electrical_drift_025rms,0.3229038999415934
0.976010101010101,0.9761943740060963,0.9761943740060962,222,304,cart,electrical_drift_050rms,0.3229038999415934
0.8143939393939394,0.7611896467465623,0.7611896467465623,222,304,cart,electrical_drift_100rms,0.3229038999415934
0.9987373737373737,0.9987373556209196,0.9987373556209198,222,304,rf,clean_reextract,7.4815779000055045
0.8459595959595959,0.8394975804762371,0.8394975804762372,222,304,rf,vibration_missing,7.4815779000055045
0.9848484848484849,0.9848345588235294,0.9848345588235295,222,304,rf,electrical_missing,7.4815779000055045
0.9987373737373737,0.9987373556209196,0.9987373556209198,222,304,rf,vibration_gain_075,7.4815779000055045
0.9987373737373737,0.9987373556209196,0.9987373556209198,222,304,rf,vibration_gain_050,7.4815779000055045
0.8623737373737373,0.8352774708751834,0.8352774708751833,222,304,rf,vibration_gain_025,7.4815779000055045
0.9911616161616161,0.9911584446900431,0.9911584446900433,222,304,rf,electrical_gain_075,7.4815779000055045
0.9974747474747475,0.9974747474747474,0.9974747474747475,222,304,rf,electrical_gain_050,7.4815779000055045
0.9974747474747475,0.9974747474747474,0.9974747474747475,222,304,rf,electrical_gain_025,7.4815779000055045
0.9987373737373737,0.9987373556209196,0.9987373556209198,222,304,rf,vibration_drift_025rms,7.4815779000055045
0.9987373737373737,0.9987373556209196,0.9987373556209198,222,304,rf,vibration_drift_050rms,7.4815779000055045
0.9987373737373737,0.9987373556209197,0.9987373556209197,222,304,rf,vibration_drift_100rms,7.4815779000055045
0.9987373737373737,0.9987373556209196,0.9987373556209198,222,304,rf,electrical_drift_025rms,7.4815779000055045
0.9974747474747475,0.9974746025368767,0.9974746025368766,222,304,rf,electrical_drift_050rms,7.4815779000055045
0.9974747474747475,0.9974746025368767,0.9974746025368766,222,304,rf,electrical_drift_100rms,7.4815779000055045
0.9987373737373737,0.9987373556209196,0.9987373556209198,222,304,extra_trees,clean_reextract,1.2749675000086427
0.8333333333333334,0.8241504068534744,0.8241504068534745,222,304,extra_trees,vibration_missing,1.2749675000086427
0.9835858585858586,0.9835667600373483,0.9835667600373483,222,304,extra_trees,electrical_missing,1.2749675000086427
0.9987373737373737,0.9987373556209196,0.9987373556209198,222,304,extra_trees,vibration_gain_075,1.2749675000086427
0.9987373737373737,0.9987373556209196,0.9987373556209198,222,304,extra_trees,vibration_gain_050,1.2749675000086427
0.9608585858585859,0.9604846407772231,0.9604846407772232,222,304,extra_trees,vibration_gain_025,1.2749675000086427
0.9949494949494949,0.9949492050737532,0.9949492050737532,222,304,extra_trees,electrical_gain_075,1.2749675000086427
0.9949494949494949,0.9949492050737532,0.9949492050737532,222,304,extra_trees,electrical_gain_050,1.2749675000086427
0.9949494949494949,0.9949492050737532,0.9949492050737532,222,304,extra_trees,electrical_gain_025,1.2749675000086427
0.9987373737373737,0.9987373556209196,0.9987373556209198,222,304,extra_trees,vibration_drift_025rms,1.2749675000086427
0.9987373737373737,0.9987373556209196,0.9987373556209198,222,304,extra_trees,vibration_drift_050rms,1.2749675000086427
1.0,1.0,1.0,222,304,extra_trees,vibration_drift_100rms,1.2749675000086427
0.9974747474747475,0.9974747474747474,0.9974747474747475,222,304,extra_trees,electrical_drift_025rms,1.2749675000086427
0.9949494949494949,0.9949492050737532,0.9949492050737532,222,304,extra_trees,electrical_drift_050rms,1.2749675000086427
0.9949494949494949,0.9949492050737532,0.9949492050737532,222,304,extra_trees,electrical_drift_100rms,1.2749675000086427
0.9987373737373737,0.9987373556209196,0.9987373556209197,222,304,hist_gb,clean_reextract,6.462895300006494
0.8863636363636364,0.8829743942387601,0.88297439423876,222,304,hist_gb,vibration_missing,6.462895300006494
0.9823232323232324,0.9823012606815387,0.9823012606815389,222,304,hist_gb,electrical_missing,6.462895300006494
0.9987373737373737,0.9987373556209196,0.9987373556209197,222,304,hist_gb,vibration_gain_075,6.462895300006494
0.9987373737373737,0.9987373556209196,0.9987373556209197,222,304,hist_gb,vibration_gain_050,6.462895300006494
0.9444444444444444,0.9426935447524225,0.9426935447524226,222,304,hist_gb,vibration_gain_025,6.462895300006494
0.9962121212121212,0.9962119581577963,0.9962119581577964,222,304,hist_gb,electrical_gain_075,6.462895300006494
0.9974747474747475,0.9974747112418395,0.9974747112418396,222,304,hist_gb,electrical_gain_050,6.462895300006494
0.9974747474747475,0.9974747112418395,0.9974747112418396,222,304,hist_gb,electrical_gain_025,6.462895300006494
1.0,1.0,1.0,222,304,hist_gb,vibration_drift_025rms,6.462895300006494
1.0,1.0,1.0,222,304,hist_gb,vibration_drift_050rms,6.462895300006494
1.0,1.0,1.0,222,304,hist_gb,vibration_drift_100rms,6.462895300006494
0.9987373737373737,0.9987373556209196,0.9987373556209197,222,304,hist_gb,electrical_drift_025rms,6.462895300006494
0.9987373737373737,0.9987373556209196,0.9987373556209197,222,304,hist_gb,electrical_drift_050rms,6.462895300006494
0.9886363636363636,0.9886270615032725,0.9886270615032726,222,304,hist_gb,electrical_drift_100rms,6.462895300006494
0.9987373737373737,0.9987373556209196,0.9987373556209197,222,304,xgboost,clean_reextract,5.3764022999675944
0.9040404040404041,0.9014649659299555,0.9014649659299554,222,304,xgboost,vibration_missing,5.3764022999675944
0.9823232323232324,0.982315257144973,0.982315257144973,222,304,xgboost,electrical_missing,5.3764022999675944
0.9987373737373737,0.9987373556209196,0.9987373556209197,222,304,xgboost,vibration_gain_075,5.3764022999675944
0.9987373737373737,0.9987373556209196,0.9987373556209197,222,304,xgboost,vibration_gain_050,5.3764022999675944
0.9848484848484849,0.9847678945792153,0.9847678945792153,222,304,xgboost,vibration_gain_025,5.3764022999675944
0.9962121212121212,0.9962120668627592,0.9962120668627592,222,304,xgboost,electrical_gain_075,5.3764022999675944
0.9974747474747475,0.9974747474747474,0.9974747474747475,222,304,xgboost,electrical_gain_050,5.3764022999675944
0.9974747474747475,0.9974747474747474,0.9974747474747475,222,304,xgboost,electrical_gain_025,5.3764022999675944
1.0,1.0,1.0,222,304,xgboost,vibration_drift_025rms,5.3764022999675944
1.0,1.0,1.0,222,304,xgboost,vibration_drift_050rms,5.3764022999675944
1.0,1.0,1.0,222,304,xgboost,vibration_drift_100rms,5.3764022999675944
0.9987373737373737,0.9987373556209196,0.9987373556209197,222,304,xgboost,electrical_drift_025rms,5.3764022999675944
0.9974747474747475,0.9974747112418395,0.9974747112418395,222,304,xgboost,electrical_drift_050rms,5.3764022999675944
0.9962121212121212,0.9962119581577963,0.9962119581577964,222,304,xgboost,electrical_drift_100rms,5.3764022999675944
0.9987373737373737,0.9987373556209196,0.9987373556209197,222,305,lr,clean_reextract,0.11944519996177405
0.9734848484848485,0.9733871727975695,0.9733871727975695,222,305,lr,vibration_missing,0.11944519996177405
0.9722222222222222,0.9722169931993844,0.9722169931993846,222,305,lr,electrical_missing,0.11944519996177405
0.9987373737373737,0.9987373556209196,0.9987373556209197,222,305,lr,vibration_gain_075,0.11944519996177405
0.9911616161616161,0.9911349576839493,0.9911349576839493,222,305,lr,vibration_gain_050,0.11944519996177405
0.9255050505050505,0.9238341330978012,0.9238341330978012,222,305,lr,vibration_gain_025,0.11944519996177405
0.9987373737373737,0.9987373556209196,0.9987373556209197,222,305,lr,electrical_gain_075,0.11944519996177405
0.9987373737373737,0.9987373556209196,0.9987373556209197,222,305,lr,electrical_gain_050,0.11944519996177405
0.9962121212121212,0.9962213626314567,0.9962213626314566,222,305,lr,electrical_gain_025,0.11944519996177405
1.0,1.0,1.0,222,305,lr,vibration_drift_025rms,0.11944519996177405
1.0,1.0,1.0,222,305,lr,vibration_drift_050rms,0.11944519996177405
1.0,1.0,1.0,222,305,lr,vibration_drift_100rms,0.11944519996177405
0.9987373737373737,0.9987373556209196,0.9987373556209197,222,305,lr,electrical_drift_025rms,0.11944519996177405
0.9987373737373737,0.9987373556209196,0.9987373556209198,222,305,lr,electrical_drift_050rms,0.11944519996177405
0.6603535353535354,0.5978232774765931,0.5978232774765933,222,305,lr,electrical_drift_100rms,0.11944519996177405
1.0,1.0,1.0,222,305,svm_rbf,clean_reextract,0.9181671999394894
0.9431818181818182,0.9431562111714311,0.9431562111714312,222,305,svm_rbf,vibration_missing,0.9181671999394894
0.9734848484848485,0.9734616203268022,0.973461620326802,222,305,svm_rbf,electrical_missing,0.9181671999394894
1.0,1.0,1.0,222,305,svm_rbf,vibration_gain_075,0.9181671999394894
1.0,1.0,1.0,222,305,svm_rbf,vibration_gain_050,0.9181671999394894
0.9734848484848485,0.9733390642332495,0.9733390642332493,222,305,svm_rbf,vibration_gain_025,0.9181671999394894
0.22853535353535354,0.152988416988417,0.152988416988417,222,305,svm_rbf,electrical_gain_075,0.9181671999394894
1.0,1.0,1.0,222,305,svm_rbf,electrical_gain_050,0.9181671999394894
0.23737373737373738,0.14353667246095592,0.14353667246095592,222,305,svm_rbf,electrical_gain_025,0.9181671999394894
1.0,1.0,1.0,222,305,svm_rbf,vibration_drift_025rms,0.9181671999394894
1.0,1.0,1.0,222,305,svm_rbf,vibration_drift_050rms,0.9181671999394894
1.0,1.0,1.0,222,305,svm_rbf,vibration_drift_100rms,0.9181671999394894
0.9962121212121212,0.9962022275380492,0.9962022275380492,222,305,svm_rbf,electrical_drift_025rms,0.9181671999394894
0.9949494949494949,0.9949343074422573,0.9949343074422574,222,305,svm_rbf,electrical_drift_050rms,0.9181671999394894
0.6868686868686869,0.6460634245333129,0.646063424533313,222,305,svm_rbf,electrical_drift_100rms,0.9181671999394894
0.9886363636363636,0.9886362005882776,0.9886362005882775,222,305,knn,clean_reextract,0.001719699939712882
0.5707070707070707,0.5698766184153435,0.5698766184153435,222,305,knn,vibration_missing,0.001719699939712882
0.9797979797979798,0.9797927967697037,0.9797927967697035,222,305,knn,electrical_missing,0.001719699939712882
0.9911616161616161,0.9911614893464381,0.991161489346438,222,305,knn,vibration_gain_075,0.001719699939712882
0.9621212121212122,0.9622670444851166,0.9622670444851167,222,305,knn,vibration_gain_050,0.001719699939712882
0.8787878787878788,0.8778351990524175,0.8778351990524177,222,305,knn,vibration_gain_025,0.001719699939712882
0.4823232323232323,0.4540073932553959,0.4540073932553959,222,305,knn,electrical_gain_075,0.001719699939712882
0.9671717171717171,0.9671138074660252,0.9671138074660252,222,305,knn,electrical_gain_050,0.001719699939712882
0.6641414141414141,0.5942538426978902,0.5942538426978903,222,305,knn,electrical_gain_025,0.001719699939712882
0.9886363636363636,0.9886362005882776,0.9886362005882775,222,305,knn,vibration_drift_025rms,0.001719699939712882
0.9886363636363636,0.9886362005882776,0.9886362005882775,222,305,knn,vibration_drift_050rms,0.001719699939712882
0.9911616161616161,0.991161489346438,0.991161489346438,222,305,knn,vibration_drift_100rms,0.001719699939712882
0.9886363636363636,0.9886311253596508,0.9886311253596508,222,305,knn,electrical_drift_025rms,0.001719699939712882
0.9848484848484849,0.9848441355578057,0.9848441355578057,222,305,knn,electrical_drift_050rms,0.001719699939712882
0.9608585858585859,0.960818723950367,0.9608187239503669,222,305,knn,electrical_drift_100rms,0.001719699939712882
0.928030303030303,0.926759747027807,0.926759747027807,222,305,gnb,clean_reextract,0.003024799982085824
0.3042929292929293,0.15361658842504358,0.15361658842504355,222,305,gnb,vibration_missing,0.003024799982085824
0.8863636363636364,0.8831250769927639,0.883125076992764,222,305,gnb,electrical_missing,0.003024799982085824
0.9343434343434344,0.9332756482362782,0.9332756482362782,222,305,gnb,vibration_gain_075,0.003024799982085824
0.8825757575757576,0.8841037818945404,0.8841037818945404,222,305,gnb,vibration_gain_050,0.003024799982085824
0.6843434343434344,0.63673979999925,0.63673979999925,222,305,gnb,vibration_gain_025,0.003024799982085824
0.898989898989899,0.8969380832381435,0.8969380832381434,222,305,gnb,electrical_gain_075,0.003024799982085824
0.8232323232323232,0.8131643166435086,0.8131643166435086,222,305,gnb,electrical_gain_050,0.003024799982085824
0.8080808080808081,0.7955480486085881,0.7955480486085882,222,305,gnb,electrical_gain_025,0.003024799982085824
0.9305555555555556,0.9295029519348419,0.9295029519348417,222,305,gnb,vibration_drift_025rms,0.003024799982085824
0.9330808080808081,0.9322832639917831,0.9322832639917831,222,305,gnb,vibration_drift_050rms,0.003024799982085824
0.9482323232323232,0.9479219944223094,0.9479219944223095,222,305,gnb,vibration_drift_100rms,0.003024799982085824
0.922979797979798,0.9215133399653627,0.9215133399653629,222,305,gnb,electrical_drift_025rms,0.003024799982085824
0.9267676767676768,0.9257098933190379,0.9257098933190381,222,305,gnb,electrical_drift_050rms,0.003024799982085824
0.9507575757575758,0.9508329827634938,0.9508329827634937,222,305,gnb,electrical_drift_100rms,0.003024799982085824
0.98989898989899,0.9898962353617405,0.9898962353617403,222,305,lda,clean_reextract,0.015423299977555871
0.7045454545454546,0.6855178961447037,0.6855178961447037,222,305,lda,vibration_missing,0.015423299977555871
0.9330808080808081,0.9329177410173851,0.932917741017385,222,305,lda,electrical_missing,0.015423299977555871
0.9886363636363636,0.9886329385968736,0.9886329385968735,222,305,lda,vibration_gain_075,0.015423299977555871
0.9886363636363636,0.9886329385968736,0.9886329385968735,222,305,lda,vibration_gain_050,0.015423299977555871
0.9393939393939394,0.9376551840528541,0.9376551840528542,222,305,lda,vibration_gain_025,0.015423299977555871
0.9886363636363636,0.9886329385968736,0.9886329385968735,222,305,lda,electrical_gain_075,0.015423299977555871
0.9797979797979798,0.9797538700307987,0.9797538700307987,222,305,lda,electrical_gain_050,0.015423299977555871
0.9747474747474747,0.9746492053155826,0.9746492053155826,222,305,lda,electrical_gain_025,0.015423299977555871
0.9886363636363636,0.9886329385968736,0.9886329385968735,222,305,lda,vibration_drift_025rms,0.015423299977555871
0.9886363636363636,0.9886329385968736,0.9886329385968735,222,305,lda,vibration_drift_050rms,0.015423299977555871
0.98989898989899,0.9898966704936853,0.9898966704936855,222,305,lda,vibration_drift_100rms,0.015423299977555871
0.9861111111111112,0.9861049306540791,0.9861049306540791,222,305,lda,electrical_drift_025rms,0.015423299977555871
0.9861111111111112,0.9861088099408316,0.9861088099408316,222,305,lda,electrical_drift_050rms,0.015423299977555871
0.8926767676767676,0.8802644427014136,0.8802644427014135,222,305,lda,electrical_drift_100rms,0.015423299977555871
0.9810606060606061,0.9810504861127601,0.9810504861127601,222,305,cart,clean_reextract,0.3101866999641061
0.797979797979798,0.79732185813754,0.7973218581375399,222,305,cart,vibration_missing,0.3101866999641061
0.9772727272727273,0.9772599310757523,0.9772599310757524,222,305,cart,electrical_missing,0.3101866999641061
0.9709595959595959,0.9709108476825014,0.9709108476825012,222,305,cart,vibration_gain_075,0.3101866999641061
0.9393939393939394,0.9396174907313534,0.9396174907313533,222,305,cart,vibration_gain_050,0.3101866999641061
0.7108585858585859,0.6894404840226005,0.6894404840226004,222,305,cart,vibration_gain_025,0.3101866999641061
0.9772727272727273,0.9772702939672085,0.9772702939672088,222,305,cart,electrical_gain_075,0.3101866999641061
0.9772727272727273,0.9772905953777782,0.9772905953777781,222,305,cart,electrical_gain_050,0.3101866999641061
0.9772727272727273,0.9772905953777782,0.9772905953777781,222,305,cart,electrical_gain_025,0.3101866999641061
0.9810606060606061,0.9810459426708986,0.9810459426708986,222,305,cart,vibration_drift_025rms,0.3101866999641061
0.9861111111111112,0.9861046410452147,0.9861046410452147,222,305,cart,vibration_drift_050rms,0.3101866999641061
0.9949494949494949,0.9949542233439931,0.9949542233439932,222,305,cart,vibration_drift_100rms,0.3101866999641061
0.976010101010101,0.9759774875379565,0.9759774875379565,222,305,cart,electrical_drift_025rms,0.3101866999641061
0.9810606060606061,0.9810504861127601,0.9810504861127601,222,305,cart,electrical_drift_050rms,0.3101866999641061
0.9797979797979798,0.9797886098092635,0.9797886098092634,222,305,cart,electrical_drift_100rms,0.3101866999641061
0.9987373737373737,0.9987373556209196,0.9987373556209198,222,305,rf,clean_reextract,7.457621300010942
0.8295454545454546,0.8243333840784478,0.8243333840784478,222,305,rf,vibration_missing,7.457621300010942
0.9936868686868687,0.9936860533528491,0.9936860533528491,222,305,rf,electrical_missing,7.457621300010942
0.9987373737373737,0.9987373556209196,0.9987373556209198,222,305,rf,vibration_gain_075,7.457621300010942
0.9987373737373737,0.9987373556209196,0.9987373556209198,222,305,rf,vibration_gain_050,7.457621300010942
0.8636363636363636,0.8382210121505479,0.8382210121505478,222,305,rf,vibration_gain_025,7.457621300010942
0.9949494949494949,0.9949492050737532,0.9949492050737532,222,305,rf,electrical_gain_075,7.457621300010942
0.9974747474747475,0.9974747474747474,0.9974747474747475,222,305,rf,electrical_gain_050,7.457621300010942
0.9974747474747475,0.9974746025368767,0.9974746025368766,222,305,rf,electrical_gain_025,7.457621300010942
0.9987373737373737,0.9987373556209196,0.9987373556209198,222,305,rf,vibration_drift_025rms,7.457621300010942
0.9987373737373737,0.9987373556209196,0.9987373556209198,222,305,rf,vibration_drift_050rms,7.457621300010942
1.0,1.0,1.0,222,305,rf,vibration_drift_100rms,7.457621300010942
0.9987373737373737,0.9987373556209196,0.9987373556209198,222,305,rf,electrical_drift_025rms,7.457621300010942
0.9962121212121212,0.9962116320117095,0.9962116320117095,222,305,rf,electrical_drift_050rms,7.457621300010942
0.9962121212121212,0.9962116320117095,0.9962116320117095,222,305,rf,electrical_drift_100rms,7.457621300010942
0.9987373737373737,0.9987373556209197,0.9987373556209197,222,305,extra_trees,clean_reextract,1.218666399945505
0.8143939393939394,0.8015798878589103,0.8015798878589104,222,305,extra_trees,vibration_missing,1.218666399945505
0.9848484848484849,0.9848450057405281,0.984845005740528,222,305,extra_trees,electrical_missing,1.218666399945505
0.9987373737373737,0.9987373556209196,0.9987373556209198,222,305,extra_trees,vibration_gain_075,1.218666399945505
0.9974747474747475,0.9974747474747474,0.9974747474747475,222,305,extra_trees,vibration_gain_050,1.218666399945505
0.9444444444444444,0.9431284066712382,0.9431284066712382,222,305,extra_trees,vibration_gain_025,1.218666399945505
0.9962121212121212,0.9962120668627592,0.9962120668627592,222,305,extra_trees,electrical_gain_075,1.218666399945505
0.9962121212121212,0.9962120668627592,0.9962120668627592,222,305,extra_trees,electrical_gain_050,1.218666399945505
0.9949494949494949,0.9949494949494948,0.9949494949494949,222,305,extra_trees,electrical_gain_025,1.218666399945505
0.9987373737373737,0.9987373556209197,0.9987373556209197,222,305,extra_trees,vibration_drift_025rms,1.218666399945505
1.0,1.0,1.0,222,305,extra_trees,vibration_drift_050rms,1.218666399945505
1.0,1.0,1.0,222,305,extra_trees,vibration_drift_100rms,1.218666399945505
0.9974747474747475,0.9974747474747474,0.9974747474747475,222,305,extra_trees,electrical_drift_025rms,1.218666399945505
0.9962121212121212,0.9962120668627592,0.9962120668627592,222,305,extra_trees,electrical_drift_050rms,1.218666399945505
0.9962121212121212,0.9962120668627592,0.9962120668627592,222,305,extra_trees,electrical_drift_100rms,1.218666399945505
0.9987373737373737,0.9987373556209196,0.9987373556209197,222,305,hist_gb,clean_reextract,6.643667299998924
0.8977272727272727,0.8950769381258082,0.8950769381258084,222,305,hist_gb,vibration_missing,6.643667299998924
0.9886363636363636,0.9886270615032725,0.9886270615032726,222,305,hist_gb,electrical_missing,6.643667299998924
0.9974747474747475,0.9974747112418395,0.9974747112418395,222,305,hist_gb,vibration_gain_075,6.643667299998924
0.9974747474747475,0.9974747112418395,0.9974747112418395,222,305,hist_gb,vibration_gain_050,6.643667299998924
0.9911616161616161,0.991157682924968,0.9911576829249679,222,305,hist_gb,vibration_gain_025,6.643667299998924
0.9987373737373737,0.9987373556209196,0.9987373556209197,222,305,hist_gb,electrical_gain_075,6.643667299998924
0.9987373737373737,0.9987373556209196,0.9987373556209197,222,305,hist_gb,electrical_gain_050,6.643667299998924
0.9974747474747475,0.9974747112418395,0.9974747112418395,222,305,hist_gb,electrical_gain_025,6.643667299998924
1.0,1.0,1.0,222,305,hist_gb,vibration_drift_025rms,6.643667299998924
0.9987373737373737,0.9987373556209197,0.9987373556209197,222,305,hist_gb,vibration_drift_050rms,6.643667299998924
0.9987373737373737,0.9987373556209197,0.9987373556209197,222,305,hist_gb,vibration_drift_100rms,6.643667299998924
0.9962121212121212,0.9962119581577963,0.9962119581577964,222,305,hist_gb,electrical_drift_025rms,6.643667299998924
0.9886363636363636,0.9886270615032725,0.9886270615032726,222,305,hist_gb,electrical_drift_050rms,6.643667299998924
0.9886363636363636,0.9886270615032725,0.9886270615032726,222,305,hist_gb,electrical_drift_100rms,6.643667299998924
1.0,1.0,1.0,222,305,xgboost,clean_reextract,5.376600899966434
0.9141414141414141,0.9136504960302503,0.9136504960302504,222,305,xgboost,vibration_missing,5.376600899966434
0.9861111111111112,0.986101339612618,0.9861013396126179,222,305,xgboost,electrical_missing,5.376600899966434
1.0,1.0,1.0,222,305,xgboost,vibration_gain_075,5.376600899966434
1.0,1.0,1.0,222,305,xgboost,vibration_gain_050,5.376600899966434
0.976010101010101,0.9758851950674261,0.9758851950674262,222,305,xgboost,vibration_gain_025,5.376600899966434
0.9974747474747475,0.9974747474747474,0.9974747474747475,222,305,xgboost,electrical_gain_075,5.376600899966434
0.9987373737373737,0.9987373556209196,0.9987373556209198,222,305,xgboost,electrical_gain_050,5.376600899966434
0.9987373737373737,0.9987373556209196,0.9987373556209198,222,305,xgboost,electrical_gain_025,5.376600899966434
1.0,1.0,1.0,222,305,xgboost,vibration_drift_025rms,5.376600899966434
1.0,1.0,1.0,222,305,xgboost,vibration_drift_050rms,5.376600899966434
1.0,1.0,1.0,222,305,xgboost,vibration_drift_100rms,5.376600899966434
1.0,1.0,1.0,222,305,xgboost,electrical_drift_025rms,5.376600899966434
0.98989898989899,0.9898897058823529,0.9898897058823529,222,305,xgboost,electrical_drift_050rms,5.376600899966434
0.9873737373737373,0.9873555951491465,0.9873555951491466,222,305,xgboost,electrical_drift_100rms,5.376600899966434
1.0,1.0,1.0,333,301,lr,clean_reextract,0.1361541000660509
0.9381313131313131,0.9375518969118208,0.937551896911821,333,301,lr,vibration_missing,0.1361541000660509
0.9545454545454546,0.9541461376809628,0.9541461376809627,333,301,lr,electrical_missing,0.1361541000660509
0.9987373737373737,0.9987373556209196,0.9987373556209197,333,301,lr,vibration_gain_075,0.1361541000660509
0.9949494949494949,0.994924902968597,0.9949249029685971,333,301,lr,vibration_gain_050,0.1361541000660509
0.9431818181818182,0.9428311176648908,0.9428311176648908,333,301,lr,vibration_gain_025,0.1361541000660509
1.0,1.0,1.0,333,301,lr,electrical_gain_075,0.1361541000660509
0.9987373737373737,0.9987373556209196,0.9987373556209197,333,301,lr,electrical_gain_050,0.1361541000660509
0.9709595959595959,0.9708749995497641,0.9708749995497638,333,301,lr,electrical_gain_025,0.1361541000660509
1.0,1.0,1.0,333,301,lr,vibration_drift_025rms,0.1361541000660509
1.0,1.0,1.0,333,301,lr,vibration_drift_050rms,0.1361541000660509
1.0,1.0,1.0,333,301,lr,vibration_drift_100rms,0.1361541000660509
1.0,1.0,1.0,333,301,lr,electrical_drift_025rms,0.1361541000660509
0.9962121212121212,0.9962116320117095,0.9962116320117095,333,301,lr,electrical_drift_050rms,0.1361541000660509
0.7310606060606061,0.6706969652719739,0.670696965271974,333,301,lr,electrical_drift_100rms,0.1361541000660509
0.9987373737373737,0.9987373556209196,0.9987373556209197,333,301,svm_rbf,clean_reextract,0.8946221000514925
0.9179292929292929,0.9169616469096343,0.9169616469096343,333,301,svm_rbf,vibration_missing,0.8946221000514925
0.9659090909090909,0.9656958821630033,0.9656958821630032,333,301,svm_rbf,electrical_missing,0.8946221000514925
0.9987373737373737,0.9987373556209196,0.9987373556209197,333,301,svm_rbf,vibration_gain_075,0.8946221000514925
1.0,1.0,1.0,333,301,svm_rbf,vibration_gain_050,0.8946221000514925
0.9911616161616161,0.9911887356611069,0.9911887356611069,333,301,svm_rbf,vibration_gain_025,0.8946221000514925
0.16666666666666666,0.047619047619047616,0.04761904761904762,333,301,svm_rbf,electrical_gain_075,0.8946221000514925
0.9949494949494949,0.9949343074422573,0.9949343074422574,333,301,svm_rbf,electrical_gain_050,0.8946221000514925
0.1691919191919192,0.05269746711129817,0.05269746711129818,333,301,svm_rbf,electrical_gain_025,0.8946221000514925
0.9974747474747475,0.9974746025368765,0.9974746025368766,333,301,svm_rbf,vibration_drift_025rms,0.8946221000514925
0.9974747474747475,0.9974746025368765,0.9974746025368766,333,301,svm_rbf,vibration_drift_050rms,0.8946221000514925
0.9962121212121212,0.9962116320117094,0.9962116320117095,333,301,svm_rbf,vibration_drift_100rms,0.8946221000514925
0.9987373737373737,0.9987373556209196,0.9987373556209197,333,301,svm_rbf,electrical_drift_025rms,0.8946221000514925
0.9974747474747475,0.9974747112418395,0.9974747112418395,333,301,svm_rbf,electrical_drift_050rms,0.8946221000514925
0.6717171717171717,0.6104856376138156,0.6104856376138156,333,301,svm_rbf,electrical_drift_100rms,0.8946221000514925
0.98989898989899,0.9899081934537942,0.9899081934537941,333,301,knn,clean_reextract,0.0014350999845191836
0.5883838383838383,0.5767539710175607,0.5767539710175605,333,301,knn,vibration_missing,0.0014350999845191836
0.9936868686868687,0.9936868505704147,0.9936868505704146,333,301,knn,electrical_missing,0.0014350999845191836
0.9886363636363636,0.9886588982456805,0.9886588982456805,333,301,knn,vibration_gain_075,0.0014350999845191836
0.9671717171717171,0.9670582459934313,0.9670582459934312,333,301,knn,vibration_gain_050,0.0014350999845191836
0.9053030303030303,0.9045488256381796,0.9045488256381796,333,301,knn,vibration_gain_025,0.0014350999845191836
0.5845959595959596,0.561738484870152,0.561738484870152,333,301,knn,electrical_gain_075,0.0014350999845191836
0.9772727272727273,0.9772770375500995,0.9772770375500998,333,301,knn,electrical_gain_050,0.0014350999845191836
0.6717171717171717,0.6046641104443266,0.6046641104443267,333,301,knn,electrical_gain_025,0.0014350999845191836
0.98989898989899,0.9899081934537942,0.9899081934537941,333,301,knn,vibration_drift_025rms,0.0014350999845191836
0.9873737373737373,0.9873826333137895,0.9873826333137894,333,301,knn,vibration_drift_050rms,0.0014350999845191836
0.9823232323232324,0.9823304878050606,0.9823304878050607,333,301,knn,vibration_drift_100rms,0.0014350999845191836
0.9886363636363636,0.9886442063990204,0.9886442063990203,333,301,knn,electrical_drift_025rms,0.0014350999845191836
0.9911616161616161,0.9911598547078829,0.9911598547078829,333,301,knn,electrical_drift_050rms,0.0014350999845191836
0.9684343434343434,0.9685163384577119,0.968516338457712,333,301,knn,electrical_drift_100rms,0.0014350999845191836
0.9267676767676768,0.9263584507479966,0.9263584507479966,333,301,gnb,clean_reextract,0.0032175000524148345
0.2638888888888889,0.13577825240567445,0.13577825240567445,333,301,gnb,vibration_missing,0.0032175000524148345
0.8775252525252525,0.8734637842809908,0.8734637842809908,333,301,gnb,electrical_missing,0.0032175000524148345
0.9217171717171717,0.9203130303614344,0.9203130303614343,333,301,gnb,vibration_gain_075,0.0032175000524148345
0.8813131313131313,0.8821601727490554,0.8821601727490554,333,301,gnb,vibration_gain_050,0.0032175000524148345
0.7209595959595959,0.6679771984389117,0.6679771984389117,333,301,gnb,vibration_gain_025,0.0032175000524148345
0.9103535353535354,0.909133058095676,0.9091330580956761,333,301,gnb,electrical_gain_075,0.0032175000524148345
0.8952020202020202,0.8928202968033062,0.8928202968033062,333,301,gnb,electrical_gain_050,0.0032175000524148345
0.8787878787878788,0.8744066331069494,0.8744066331069493,333,301,gnb,electrical_gain_025,0.0032175000524148345
0.9267676767676768,0.9263898669615949,0.9263898669615949,333,301,gnb,vibration_drift_025rms,0.0032175000524148345
0.9318181818181818,0.9315654002133654,0.9315654002133654,333,301,gnb,vibration_drift_050rms,0.0032175000524148345
0.9494949494949495,0.9494111936364984,0.9494111936364984,333,301,gnb,vibration_drift_100rms,0.0032175000524148345
0.9154040404040404,0.9145650063958727,0.9145650063958727,333,301,gnb,electrical_drift_025rms,0.0032175000524148345
0.9217171717171717,0.9211776061061875,0.9211776061061875,333,301,gnb,electrical_drift_050rms,0.0032175000524148345
0.9482323232323232,0.9481768681257172,0.9481768681257172,333,301,gnb,electrical_drift_100rms,0.0032175000524148345
0.9911616161616161,0.991127806464419,0.991127806464419,333,301,lda,clean_reextract,0.015657200012356043
0.6856060606060606,0.6630567272761206,0.6630567272761205,333,301,lda,vibration_missing,0.015657200012356043
0.875,0.8614139428672445,0.8614139428672444,333,301,lda,electrical_missing,0.015657200012356043
0.9911616161616161,0.991127806464419,0.991127806464419,333,301,lda,vibration_gain_075,0.015657200012356043
0.9886363636363636,0.9885724974836757,0.9885724974836758,333,301,lda,vibration_gain_050,0.015657200012356043
0.9267676767676768,0.9234438210938275,0.9234438210938275,333,301,lda,vibration_gain_025,0.015657200012356043
0.98989898989899,0.9898698908884787,0.9898698908884788,333,301,lda,electrical_gain_075,0.015657200012356043
0.9886363636363636,0.9885815902254627,0.9885815902254628,333,301,lda,electrical_gain_050,0.015657200012356043
0.9797979797979798,0.9797969045688024,0.9797969045688024,333,301,lda,electrical_gain_025,0.015657200012356043
0.9911616161616161,0.991127806464419,0.991127806464419,333,301,lda,vibration_drift_025rms,0.015657200012356043
0.9911616161616161,0.991127806464419,0.991127806464419,333,301,lda,vibration_drift_050rms,0.015657200012356043
0.9924242424242424,0.9924203273040483,0.9924203273040482,333,301,lda,vibration_drift_100rms,0.015657200012356043
0.9924242424242424,0.9924203273040483,0.9924203273040482,333,301,lda,electrical_drift_025rms,0.015657200012356043
0.9772727272727273,0.9772374425559461,0.9772374425559461,333,301,lda,electrical_drift_050rms,0.015657200012356043
0.8396464646464646,0.7940383797927067,0.7940383797927067,333,301,lda,electrical_drift_100rms,0.015657200012356043
0.9722222222222222,0.9722061677187508,0.9722061677187508,333,301,cart,clean_reextract,0.30036780005320907
0.7626262626262627,0.7623244304848035,0.7623244304848035,333,301,cart,vibration_missing,0.30036780005320907
0.9659090909090909,0.9660369994389048,0.9660369994389046,333,301,cart,electrical_missing,0.30036780005320907
0.9722222222222222,0.9722061677187508,0.9722061677187508,333,301,cart,vibration_gain_075,0.30036780005320907
0.9621212121212122,0.9623536574573506,0.9623536574573505,333,301,cart,vibration_gain_050,0.30036780005320907
0.6363636363636364,0.5377092861541027,0.5377092861541027,333,301,cart,vibration_gain_025,0.30036780005320907
0.9646464646464646,0.9646303327162221,0.9646303327162222,333,301,cart,electrical_gain_075,0.30036780005320907
0.9621212121212122,0.9618280590517477,0.9618280590517478,333,301,cart,electrical_gain_050,0.30036780005320907
0.9292929292929293,0.9262843741814075,0.9262843741814076,333,301,cart,electrical_gain_025,0.30036780005320907
0.9734848484848485,0.9734884991897615,0.9734884991897614,333,301,cart,vibration_drift_025rms,0.30036780005320907
0.976010101010101,0.9760221957556848,0.9760221957556848,333,301,cart,vibration_drift_050rms,0.30036780005320907
0.9722222222222222,0.9723823580092966,0.9723823580092965,333,301,cart,vibration_drift_100rms,0.30036780005320907
0.9646464646464646,0.9645267249633624,0.9645267249633627,333,301,cart,electrical_drift_025rms,0.30036780005320907
0.9621212121212122,0.9616819213630782,0.9616819213630781,333,301,cart,electrical_drift_050rms,0.30036780005320907
0.9659090909090909,0.9657244889442089,0.965724488944209,333,301,cart,electrical_drift_100rms,0.30036780005320907
0.9987373737373737,0.9987373556209196,0.9987373556209198,333,301,rf,clean_reextract,7.430319699924439
0.8257575757575758,0.8218636879375273,0.8218636879375273,333,301,rf,vibration_missing,7.430319699924439
1.0,1.0,1.0,333,301,rf,electrical_missing,7.430319699924439
0.9962121212121212,0.9962213626314566,0.9962213626314564,333,301,rf,vibration_gain_075,7.430319699924439
0.9962121212121212,0.9962213626314566,0.9962213626314564,333,301,rf,vibration_gain_050,7.430319699924439
0.8434343434343434,0.8135881305579602,0.8135881305579602,333,301,rf,vibration_gain_025,7.430319699924439
0.9974747474747475,0.9974746025368767,0.9974746025368766,333,301,rf,electrical_gain_075,7.430319699924439
0.9974747474747475,0.9974746025368767,0.9974746025368766,333,301,rf,electrical_gain_050,7.430319699924439
0.9974747474747475,0.9974746025368767,0.9974746025368766,333,301,rf,electrical_gain_025,7.430319699924439
0.9987373737373737,0.9987373556209196,0.9987373556209198,333,301,rf,vibration_drift_025rms,7.430319699924439
0.9987373737373737,0.9987373556209196,0.9987373556209198,333,301,rf,vibration_drift_050rms,7.430319699924439
0.9974747474747475,0.9974747112418395,0.9974747112418395,333,301,rf,vibration_drift_100rms,7.430319699924439
0.9987373737373737,0.9987373556209196,0.9987373556209198,333,301,rf,electrical_drift_025rms,7.430319699924439
0.9987373737373737,0.9987373556209196,0.9987373556209198,333,301,rf,electrical_drift_050rms,7.430319699924439
0.9987373737373737,0.9987373556209196,0.9987373556209198,333,301,rf,electrical_drift_100rms,7.430319699924439
0.9987373737373737,0.9987373556209196,0.9987373556209198,333,301,extra_trees,clean_reextract,1.2665096001001075
0.7878787878787878,0.7796157542728378,0.7796157542728379,333,301,extra_trees,vibration_missing,1.2665096001001075
0.9974747474747475,0.9974746025368767,0.9974746025368766,333,301,extra_trees,electrical_missing,1.2665096001001075
0.9962121212121212,0.9962213626314566,0.9962213626314564,333,301,extra_trees,vibration_gain_075,1.2665096001001075
0.9962121212121212,0.9962213626314566,0.9962213626314564,333,301,extra_trees,vibration_gain_050,1.2665096001001075
0.9532828282828283,0.9527673993710458,0.9527673993710458,333,301,extra_trees,vibration_gain_025,1.2665096001001075
0.9962121212121212,0.9962116320117095,0.9962116320117095,333,301,extra_trees,electrical_gain_075,1.2665096001001075
0.9962121212121212,0.9962116320117095,0.9962116320117095,333,301,extra_trees,electrical_gain_050,1.2665096001001075
0.9962121212121212,0.9962116320117095,0.9962116320117095,333,301,extra_trees,electrical_gain_025,1.2665096001001075
0.9987373737373737,0.9987373556209196,0.9987373556209198,333,301,extra_trees,vibration_drift_025rms,1.2665096001001075
0.9987373737373737,0.9987373556209196,0.9987373556209198,333,301,extra_trees,vibration_drift_050rms,1.2665096001001075
0.9987373737373737,0.9987373556209196,0.9987373556209198,333,301,extra_trees,vibration_drift_100rms,1.2665096001001075
0.9987373737373737,0.9987373556209196,0.9987373556209198,333,301,extra_trees,electrical_drift_025rms,1.2665096001001075
0.9974747474747475,0.9974746025368767,0.9974746025368766,333,301,extra_trees,electrical_drift_050rms,1.2665096001001075
0.9962121212121212,0.9962116320117095,0.9962116320117095,333,301,extra_trees,electrical_drift_100rms,1.2665096001001075
0.9987373737373737,0.9987373556209196,0.9987373556209197,333,301,hist_gb,clean_reextract,6.472025400027633
0.875,0.8746611513819862,0.8746611513819863,333,301,hist_gb,vibration_missing,6.472025400027633
0.9987373737373737,0.9987373556209196,0.9987373556209197,333,301,hist_gb,electrical_missing,6.472025400027633
0.9987373737373737,0.9987373556209196,0.9987373556209197,333,301,hist_gb,vibration_gain_075,6.472025400027633
0.9987373737373737,0.9987373556209196,0.9987373556209197,333,301,hist_gb,vibration_gain_050,6.472025400027633
0.9936868686868687,0.9936660037758319,0.993666003775832,333,301,hist_gb,vibration_gain_025,6.472025400027633
0.9987373737373737,0.9987373556209196,0.9987373556209197,333,301,hist_gb,electrical_gain_075,6.472025400027633
0.9987373737373737,0.9987373556209196,0.9987373556209197,333,301,hist_gb,electrical_gain_050,6.472025400027633
0.9987373737373737,0.9987373556209196,0.9987373556209197,333,301,hist_gb,electrical_gain_025,6.472025400027633
1.0,1.0,1.0,333,301,hist_gb,vibration_drift_025rms,6.472025400027633
1.0,1.0,1.0,333,301,hist_gb,vibration_drift_050rms,6.472025400027633
0.9987373737373737,0.9987373556209197,0.9987373556209197,333,301,hist_gb,vibration_drift_100rms,6.472025400027633
0.9974747474747475,0.9974746025368765,0.9974746025368766,333,301,hist_gb,electrical_drift_025rms,6.472025400027633
0.9987373737373737,0.9987373556209196,0.9987373556209197,333,301,hist_gb,electrical_drift_050rms,6.472025400027633
0.9987373737373737,0.9987373556209196,0.9987373556209197,333,301,hist_gb,electrical_drift_100rms,6.472025400027633
1.0,1.0,1.0,333,301,xgboost,clean_reextract,5.320487899938598
0.8825757575757576,0.881431532793603,0.8814315327936031,333,301,xgboost,vibration_missing,5.320487899938598
1.0,1.0,1.0,333,301,xgboost,electrical_missing,5.320487899938598
1.0,1.0,1.0,333,301,xgboost,vibration_gain_075,5.320487899938598
1.0,1.0,1.0,333,301,xgboost,vibration_gain_050,5.320487899938598
1.0,1.0,1.0,333,301,xgboost,vibration_gain_025,5.320487899938598
1.0,1.0,1.0,333,301,xgboost,electrical_gain_075,5.320487899938598
1.0,1.0,1.0,333,301,xgboost,electrical_gain_050,5.320487899938598
1.0,1.0,1.0,333,301,xgboost,electrical_gain_025,5.320487899938598
1.0,1.0,1.0,333,301,xgboost,vibration_drift_025rms,5.320487899938598
1.0,1.0,1.0,333,301,xgboost,vibration_drift_050rms,5.320487899938598
0.9987373737373737,0.9987373556209197,0.9987373556209197,333,301,xgboost,vibration_drift_100rms,5.320487899938598
1.0,1.0,1.0,333,301,xgboost,electrical_drift_025rms,5.320487899938598
1.0,1.0,1.0,333,301,xgboost,electrical_drift_050rms,5.320487899938598
0.9936868686868687,0.993684603350031,0.993684603350031,333,301,xgboost,electrical_drift_100rms,5.320487899938598
1.0,1.0,1.0,333,302,lr,clean_reextract,0.12358430004678667
0.9444444444444444,0.9445353160975062,0.9445353160975062,333,302,lr,vibration_missing,0.12358430004678667
0.9633838383838383,0.9630970517848977,0.9630970517848978,333,302,lr,electrical_missing,0.12358430004678667
1.0,1.0,1.0,333,302,lr,vibration_gain_075,0.12358430004678667
0.9974747474747475,0.9974698737337366,0.9974698737337367,333,302,lr,vibration_gain_050,0.12358430004678667
0.9255050505050505,0.9227639717630801,0.9227639717630801,333,302,lr,vibration_gain_025,0.12358430004678667
1.0,1.0,1.0,333,302,lr,electrical_gain_075,0.12358430004678667
1.0,1.0,1.0,333,302,lr,electrical_gain_050,0.12358430004678667
0.9696969696969697,0.9694980209129246,0.9694980209129246,333,302,lr,electrical_gain_025,0.12358430004678667
1.0,1.0,1.0,333,302,lr,vibration_drift_025rms,0.12358430004678667
1.0,1.0,1.0,333,302,lr,vibration_drift_050rms,0.12358430004678667
1.0,1.0,1.0,333,302,lr,vibration_drift_100rms,0.12358430004678667
1.0,1.0,1.0,333,302,lr,electrical_drift_025rms,0.12358430004678667
0.9974747474747475,0.9974747112418393,0.9974747112418395,333,302,lr,electrical_drift_050rms,0.12358430004678667
0.6792929292929293,0.6130944005002851,0.613094400500285,333,302,lr,electrical_drift_100rms,0.12358430004678667
1.0,1.0,1.0,333,302,svm_rbf,clean_reextract,0.946049099904485
0.9419191919191919,0.9417695214753811,0.9417695214753812,333,302,svm_rbf,vibration_missing,0.946049099904485
0.9696969696969697,0.9695714501084237,0.9695714501084237,333,302,svm_rbf,electrical_missing,0.946049099904485
0.9987373737373737,0.9987373556209196,0.9987373556209197,333,302,svm_rbf,vibration_gain_075,0.946049099904485
0.9974747474747475,0.9974746025368765,0.9974746025368766,333,302,svm_rbf,vibration_gain_050,0.946049099904485
0.9886363636363636,0.9886024637655383,0.9886024637655384,333,302,svm_rbf,vibration_gain_025,0.946049099904485
0.16666666666666666,0.047619047619047616,0.04761904761904762,333,302,svm_rbf,electrical_gain_075,0.946049099904485
0.9962121212121212,0.9962116320117094,0.9962116320117095,333,302,svm_rbf,electrical_gain_050,0.946049099904485
0.18434343434343434,0.08015416112618094,0.08015416112618093,333,302,svm_rbf,electrical_gain_025,0.946049099904485
1.0,1.0,1.0,333,302,svm_rbf,vibration_drift_025rms,0.946049099904485
0.9974747474747475,0.9974746025368765,0.9974746025368766,333,302,svm_rbf,vibration_drift_050rms,0.946049099904485
0.9962121212121212,0.9962116320117094,0.9962116320117095,333,302,svm_rbf,vibration_drift_100rms,0.946049099904485
1.0,1.0,1.0,333,302,svm_rbf,electrical_drift_025rms,0.946049099904485
0.9987373737373737,0.9987373556209197,0.9987373556209197,333,302,svm_rbf,electrical_drift_050rms,0.946049099904485
0.7058080808080808,0.6698418108159426,0.6698418108159427,333,302,svm_rbf,electrical_drift_100rms,0.946049099904485
0.9886363636363636,0.9886446891821213,0.9886446891821212,333,302,knn,clean_reextract,0.0013500999193638563
0.5808080808080808,0.578354993565615,0.5783549935656149,333,302,knn,vibration_missing,0.0013500999193638563
0.9722222222222222,0.9721881386536758,0.9721881386536758,333,302,knn,electrical_missing,0.0013500999193638563
0.9835858585858586,0.9836022431618924,0.9836022431618926,333,302,knn,vibration_gain_075,0.0013500999193638563
0.9671717171717171,0.9671327933363618,0.9671327933363619,333,302,knn,vibration_gain_050,0.0013500999193638563
0.8939393939393939,0.890008046207765,0.8900080462077649,333,302,knn,vibration_gain_025,0.0013500999193638563
0.5366161616161617,0.5272094038846102,0.5272094038846102,333,302,knn,electrical_gain_075,0.0013500999193638563
0.9861111111111112,0.9861239764677094,0.9861239764677094,333,302,knn,electrical_gain_050,0.0013500999193638563
0.6944444444444444,0.6317053756626964,0.6317053756626962,333,302,knn,electrical_gain_025,0.0013500999193638563
0.9886363636363636,0.9886446891821213,0.9886446891821212,333,302,knn,vibration_drift_025rms,0.0013500999193638563
0.9873737373737373,0.9873820995672838,0.9873820995672838,333,302,knn,vibration_drift_050rms,0.0013500999193638563
0.9861111111111112,0.9860997298202955,0.9860997298202956,333,302,knn,vibration_drift_100rms,0.0013500999193638563
0.9873737373737373,0.9873852027923045,0.9873852027923044,333,302,knn,electrical_drift_025rms,0.0013500999193638563
0.9886363636363636,0.9886442063990204,0.9886442063990203,333,302,knn,electrical_drift_050rms,0.0013500999193638563
0.9545454545454546,0.9543232079553757,0.9543232079553757,333,302,knn,electrical_drift_100rms,0.0013500999193638563
0.9204545454545454,0.9197468590295492,0.9197468590295491,333,302,gnb,clean_reextract,0.0029011000879108906
0.2765151515151515,0.14205623598412973,0.14205623598412973,333,302,gnb,vibration_missing,0.0029011000879108906
0.8699494949494949,0.865082285812969,0.865082285812969,333,302,gnb,electrical_missing,0.0029011000879108906
0.9166666666666666,0.915116911737725,0.9151169117377249,333,302,gnb,vibration_gain_075,0.0029011000879108906
0.9078282828282829,0.9089107532880547,0.9089107532880548,333,302,gnb,vibration_gain_050,0.0029011000879108906
0.6982323232323232,0.6556729331275889,0.6556729331275889,333,302,gnb,vibration_gain_025,0.0029011000879108906
0.8813131313131313,0.876649223510989,0.8766492235109891,333,302,gnb,electrical_gain_075,0.0029011000879108906
0.8194444444444444,0.7966069318150472,0.796606931815047,333,302,gnb,electrical_gain_050,0.0029011000879108906
0.7411616161616161,0.7015727983335528,0.7015727983335528,333,302,gnb,electrical_gain_025,0.0029011000879108906
0.9217171717171717,0.9210673720108561,0.9210673720108561,333,302,gnb,vibration_drift_025rms,0.0029011000879108906
0.9292929292929293,0.9289476030734914,0.9289476030734914,333,302,gnb,vibration_drift_050rms,0.0029011000879108906
0.9444444444444444,0.9443332532362972,0.9443332532362972,333,302,gnb,vibration_drift_100rms,0.0029011000879108906
0.9128787878787878,0.9118167494302095,0.9118167494302094,333,302,gnb,electrical_drift_025rms,0.0029011000879108906
0.9166666666666666,0.9158344083218841,0.915834408321884,333,302,gnb,electrical_drift_050rms,0.0029011000879108906
0.9494949494949495,0.9494372197428643,0.9494372197428643,333,302,gnb,electrical_drift_100rms,0.0029011000879108906
0.9924242424242424,0.9924203273040483,0.9924203273040482,333,302,lda,clean_reextract,0.01545910001732409
0.7058080808080808,0.6813594344344712,0.6813594344344712,333,302,lda,vibration_missing,0.01545910001732409
0.8699494949494949,0.8535303796097845,0.8535303796097846,333,302,lda,electrical_missing,0.01545910001732409
0.9886363636363636,0.988611813474956,0.9886118134749559,333,302,lda,vibration_gain_075,0.01545910001732409
0.9873737373737373,0.9873281361428651,0.9873281361428652,333,302,lda,vibration_gain_050,0.01545910001732409
0.9330808080808081,0.9299072956085285,0.9299072956085284,333,302,lda,vibration_gain_025,0.01545910001732409
0.98989898989899,0.9898698908884787,0.9898698908884788,333,302,lda,electrical_gain_075,0.01545910001732409
0.9886363636363636,0.9885815902254627,0.9885815902254628,333,302,lda,electrical_gain_050,0.01545910001732409
0.9810606060606061,0.9810484031079049,0.981048403107905,333,302,lda,electrical_gain_025,0.01545910001732409
0.9924242424242424,0.9924203273040483,0.9924203273040482,333,302,lda,vibration_drift_025rms,0.01545910001732409
0.9924242424242424,0.9924203273040483,0.9924203273040482,333,302,lda,vibration_drift_050rms,0.01545910001732409
0.9924242424242424,0.9924203273040483,0.9924203273040482,333,302,lda,vibration_drift_100rms,0.01545910001732409
0.9924242424242424,0.9924203273040483,0.9924203273040482,333,302,lda,electrical_drift_025rms,0.01545910001732409
0.9785353535353535,0.9785072838257873,0.9785072838257873,333,302,lda,electrical_drift_050rms,0.01545910001732409
0.8409090909090909,0.7965909501068323,0.7965909501068325,333,302,lda,electrical_drift_100rms,0.01545910001732409
0.9684343434343434,0.9685543529580357,0.9685543529580356,333,302,cart,clean_reextract,0.2985007999232039
0.7815656565656566,0.7802685815727571,0.7802685815727571,333,302,cart,vibration_missing,0.2985007999232039
0.9671717171717171,0.9672769352914742,0.9672769352914741,333,302,cart,electrical_missing,0.2985007999232039
0.9722222222222222,0.9722775213209819,0.9722775213209818,333,302,cart,vibration_gain_075,0.2985007999232039
0.952020202020202,0.952264237937077,0.9522642379370768,333,302,cart,vibration_gain_050,0.2985007999232039
0.5631313131313131,0.5146133478860994,0.5146133478860994,333,302,cart,vibration_gain_025,0.2985007999232039
0.9671717171717171,0.9672721163147059,0.967272116314706,333,302,cart,electrical_gain_075,0.2985007999232039
0.9671717171717171,0.9672721163147059,0.967272116314706,333,302,cart,electrical_gain_050,0.2985007999232039
0.9671717171717171,0.9672721163147059,0.967272116314706,333,302,cart,electrical_gain_025,0.2985007999232039
0.9684343434343434,0.9685544415198266,0.9685544415198266,333,302,cart,vibration_drift_025rms,0.2985007999232039
0.9684343434343434,0.9685617982180682,0.9685617982180682,333,302,cart,vibration_drift_050rms,0.2985007999232039
0.9659090909090909,0.9661774705765019,0.9661774705765019,333,302,cart,vibration_drift_100rms,0.2985007999232039
0.9646464646464646,0.9648671120084922,0.964867112008492,333,302,cart,electrical_drift_025rms,0.2985007999232039
0.9696969696969697,0.9698315477697507,0.9698315477697508,333,302,cart,electrical_drift_050rms,0.2985007999232039
0.9709595959595959,0.9710904462338648,0.9710904462338648,333,302,cart,electrical_drift_100rms,0.2985007999232039
0.9974747474747475,0.9974746025368767,0.9974746025368766,333,302,rf,clean_reextract,7.531475699972361
0.8320707070707071,0.8291576185152344,0.8291576185152342,333,302,rf,vibration_missing,7.531475699972361
0.9962121212121212,0.9962116320117095,0.9962116320117095,333,302,rf,electrical_missing,7.531475699972361
0.9962121212121212,0.9962213626314566,0.9962213626314564,333,302,rf,vibration_gain_075,7.531475699972361
0.9962121212121212,0.9962213626314566,0.9962213626314564,333,302,rf,vibration_gain_050,7.531475699972361
0.8434343434343434,0.8148567158066292,0.8148567158066292,333,302,rf,vibration_gain_025,7.531475699972361
0.9974747474747475,0.9974746025368767,0.9974746025368766,333,302,rf,electrical_gain_075,7.531475699972361
0.9974747474747475,0.9974746025368767,0.9974746025368766,333,302,rf,electrical_gain_050,7.531475699972361
0.9949494949494949,0.9949483352468427,0.9949483352468428,333,302,rf,electrical_gain_025,7.531475699972361
0.9974747474747475,0.9974746025368767,0.9974746025368766,333,302,rf,vibration_drift_025rms,7.531475699972361
0.9974747474747475,0.9974746025368767,0.9974746025368766,333,302,rf,vibration_drift_050rms,7.531475699972361
0.9974747474747475,0.9974746025368767,0.9974746025368766,333,302,rf,vibration_drift_100rms,7.531475699972361
0.9974747474747475,0.9974746025368767,0.9974746025368766,333,302,rf,electrical_drift_025rms,7.531475699972361
0.9962121212121212,0.9962116320117095,0.9962116320117095,333,302,rf,electrical_drift_050rms,7.531475699972361
0.9974747474747475,0.9974747112418393,0.9974747112418395,333,302,rf,electrical_drift_100rms,7.531475699972361
0.9974747474747475,0.9974746025368767,0.9974746025368766,333,302,extra_trees,clean_reextract,1.3182774999877438
0.8282828282828283,0.8243661849401757,0.8243661849401757,333,302,extra_trees,vibration_missing,1.3182774999877438
0.9962121212121212,0.9962116320117095,0.9962116320117095,333,302,extra_trees,electrical_missing,1.3182774999877438
0.9974747474747475,0.9974746025368767,0.9974746025368766,333,302,extra_trees,vibration_gain_075,1.3182774999877438
0.9962121212121212,0.9962213626314566,0.9962213626314564,333,302,extra_trees,vibration_gain_050,1.3182774999877438
0.9734848484848485,0.9735218635465436,0.9735218635465436,333,302,extra_trees,vibration_gain_025,1.3182774999877438
0.9987373737373737,0.9987373556209196,0.9987373556209198,333,302,extra_trees,electrical_gain_075,1.3182774999877438
0.9974747474747475,0.9974746025368767,0.9974746025368766,333,302,extra_trees,electrical_gain_050,1.3182774999877438
0.9974747474747475,0.9974746025368767,0.9974746025368766,333,302,extra_trees,electrical_gain_025,1.3182774999877438
0.9974747474747475,0.9974746025368767,0.9974746025368766,333,302,extra_trees,vibration_drift_025rms,1.3182774999877438
0.9974747474747475,0.9974746025368767,0.9974746025368766,333,302,extra_trees,vibration_drift_050rms,1.3182774999877438
0.9987373737373737,0.9987373556209196,0.9987373556209198,333,302,extra_trees,vibration_drift_100rms,1.3182774999877438
0.9987373737373737,0.9987373556209196,0.9987373556209198,333,302,extra_trees,electrical_drift_025rms,1.3182774999877438
0.9949494949494949,0.9949483352468427,0.9949483352468428,333,302,extra_trees,electrical_drift_050rms,1.3182774999877438
0.9949494949494949,0.9949483352468427,0.9949483352468428,333,302,extra_trees,electrical_drift_100rms,1.3182774999877438
1.0,1.0,1.0,333,302,hist_gb,clean_reextract,6.794740200042725
0.8838383838383839,0.8825857925452899,0.8825857925452897,333,302,hist_gb,vibration_missing,6.794740200042725
0.9987373737373737,0.9987373556209196,0.9987373556209197,333,302,hist_gb,electrical_missing,6.794740200042725
1.0,1.0,1.0,333,302,hist_gb,vibration_gain_075,6.794740200042725
1.0,1.0,1.0,333,302,hist_gb,vibration_gain_050,6.794740200042725
0.9911616161616161,0.9911553979353024,0.9911553979353023,333,302,hist_gb,vibration_gain_025,6.794740200042725
0.9987373737373737,0.9987373556209196,0.9987373556209197,333,302,hist_gb,electrical_gain_075,6.794740200042725
0.9987373737373737,0.9987373556209196,0.9987373556209197,333,302,hist_gb,electrical_gain_050,6.794740200042725
0.9987373737373737,0.9987373556209196,0.9987373556209197,333,302,hist_gb,electrical_gain_025,6.794740200042725
1.0,1.0,1.0,333,302,hist_gb,vibration_drift_025rms,6.794740200042725
1.0,1.0,1.0,333,302,hist_gb,vibration_drift_050rms,6.794740200042725
1.0,1.0,1.0,333,302,hist_gb,vibration_drift_100rms,6.794740200042725
1.0,1.0,1.0,333,302,hist_gb,electrical_drift_025rms,6.794740200042725
1.0,1.0,1.0,333,302,hist_gb,electrical_drift_050rms,6.794740200042725
1.0,1.0,1.0,333,302,hist_gb,electrical_drift_100rms,6.794740200042725
1.0,1.0,1.0,333,302,xgboost,clean_reextract,5.456950100022368
0.8825757575757576,0.8816356756670202,0.8816356756670201,333,302,xgboost,vibration_missing,5.456950100022368
1.0,1.0,1.0,333,302,xgboost,electrical_missing,5.456950100022368
1.0,1.0,1.0,333,302,xgboost,vibration_gain_075,5.456950100022368
1.0,1.0,1.0,333,302,xgboost,vibration_gain_050,5.456950100022368
0.9987373737373737,0.9987373556209196,0.9987373556209198,333,302,xgboost,vibration_gain_025,5.456950100022368
1.0,1.0,1.0,333,302,xgboost,electrical_gain_075,5.456950100022368
1.0,1.0,1.0,333,302,xgboost,electrical_gain_050,5.456950100022368
1.0,1.0,1.0,333,302,xgboost,electrical_gain_025,5.456950100022368
1.0,1.0,1.0,333,302,xgboost,vibration_drift_025rms,5.456950100022368
1.0,1.0,1.0,333,302,xgboost,vibration_drift_050rms,5.456950100022368
1.0,1.0,1.0,333,302,xgboost,vibration_drift_100rms,5.456950100022368
1.0,1.0,1.0,333,302,xgboost,electrical_drift_025rms,5.456950100022368
1.0,1.0,1.0,333,302,xgboost,electrical_drift_050rms,5.456950100022368
0.9949494949494949,0.9949483352468427,0.9949483352468428,333,302,xgboost,electrical_drift_100rms,5.456950100022368
1.0,1.0,1.0,333,303,lr,clean_reextract,0.11805729998741299
0.9494949494949495,0.949368190727314,0.9493681907273139,333,303,lr,vibration_missing,0.11805729998741299
0.9444444444444444,0.9436695348809048,0.9436695348809048,333,303,lr,electrical_missing,0.11805729998741299
1.0,1.0,1.0,333,303,lr,vibration_gain_075,0.11805729998741299
0.9974747474747475,0.9974698737337366,0.9974698737337367,333,303,lr,vibration_gain_050,0.11805729998741299
0.9570707070707071,0.9566682890539607,0.9566682890539607,333,303,lr,vibration_gain_025,0.11805729998741299
1.0,1.0,1.0,333,303,lr,electrical_gain_075,0.11805729998741299
0.9987373737373737,0.9987373556209196,0.9987373556209197,333,303,lr,electrical_gain_050,0.11805729998741299
0.9797979797979798,0.9798667418384012,0.9798667418384012,333,303,lr,electrical_gain_025,0.11805729998741299
1.0,1.0,1.0,333,303,lr,vibration_drift_025rms,0.11805729998741299
1.0,1.0,1.0,333,303,lr,vibration_drift_050rms,0.11805729998741299
1.0,1.0,1.0,333,303,lr,vibration_drift_100rms,0.11805729998741299
1.0,1.0,1.0,333,303,lr,electrical_drift_025rms,0.11805729998741299
0.9949494949494949,0.9949483352468427,0.9949483352468428,333,303,lr,electrical_drift_050rms,0.11805729998741299
0.7373737373737373,0.6751533568952447,0.6751533568952447,333,303,lr,electrical_drift_100rms,0.11805729998741299
1.0,1.0,1.0,333,303,svm_rbf,clean_reextract,0.9047083000186831
0.9305555555555556,0.9303215693218304,0.9303215693218304,333,303,svm_rbf,vibration_missing,0.9047083000186831
0.9507575757575758,0.9498385996083604,0.9498385996083606,333,303,svm_rbf,electrical_missing,0.9047083000186831
1.0,1.0,1.0,333,303,svm_rbf,vibration_gain_075,0.9047083000186831
1.0,1.0,1.0,333,303,svm_rbf,vibration_gain_050,0.9047083000186831
0.9810606060606061,0.9809376231681171,0.9809376231681171,333,303,svm_rbf,vibration_gain_025,0.9047083000186831
0.1755050505050505,0.06476912254275097,0.06476912254275097,333,303,svm_rbf,electrical_gain_075,0.9047083000186831
0.9962121212121212,0.9962116320117094,0.9962116320117095,333,303,svm_rbf,electrical_gain_050,0.9047083000186831
0.4356060606060606,0.33787509648150965,0.33787509648150965,333,303,svm_rbf,electrical_gain_025,0.9047083000186831
1.0,1.0,1.0,333,303,svm_rbf,vibration_drift_025rms,0.9047083000186831
0.9987373737373737,0.9987373556209196,0.9987373556209197,333,303,svm_rbf,vibration_drift_050rms,0.9047083000186831
0.9974747474747475,0.9974746025368765,0.9974746025368766,333,303,svm_rbf,vibration_drift_100rms,0.9047083000186831
1.0,1.0,1.0,333,303,svm_rbf,electrical_drift_025rms,0.9047083000186831
1.0,1.0,1.0,333,303,svm_rbf,electrical_drift_050rms,0.9047083000186831
0.6742424242424242,0.6211550049354541,0.6211550049354541,333,303,svm_rbf,electrical_drift_100rms,0.9047083000186831
0.9924242424242424,0.9924288439973236,0.9924288439973237,333,303,knn,clean_reextract,0.0015518999425694346
0.5606060606060606,0.5541947893382946,0.5541947893382947,333,303,knn,vibration_missing,0.0015518999425694346
0.9785353535353535,0.978445978071376,0.978445978071376,333,303,knn,electrical_missing,0.0015518999425694346
0.9873737373737373,0.9873870289413955,0.9873870289413956,333,303,knn,vibration_gain_075,0.0015518999425694346
0.9696969696969697,0.9697763171728967,0.9697763171728967,333,303,knn,vibration_gain_050,0.0015518999425694346
0.9103535353535354,0.9097734610117713,0.9097734610117713,333,303,knn,vibration_gain_025,0.0015518999425694346
0.5037878787878788,0.4831410449652926,0.48314104496529264,333,303,knn,electrical_gain_075,0.0015518999425694346
0.9722222222222222,0.9723607384314571,0.9723607384314571,333,303,knn,electrical_gain_050,0.0015518999425694346
0.6881313131313131,0.6256125276253753,0.6256125276253754,333,303,knn,electrical_gain_025,0.0015518999425694346
0.9924242424242424,0.9924288439973236,0.9924288439973237,333,303,knn,vibration_drift_025rms,0.0015518999425694346
0.9924242424242424,0.9924288439973236,0.9924288439973237,333,303,knn,vibration_drift_050rms,0.0015518999425694346
0.9936868686868687,0.9936864536213329,0.993686453621333,333,303,knn,vibration_drift_100rms,0.0015518999425694346
0.98989898989899,0.9898958003109629,0.989895800310963,333,303,knn,electrical_drift_025rms,0.0015518999425694346
0.9886363636363636,0.9886551680945126,0.9886551680945125,333,303,knn,electrical_drift_050rms,0.0015518999425694346
0.9722222222222222,0.9723826207637506,0.9723826207637506,333,303,knn,electrical_drift_100rms,0.0015518999425694346
0.9507575757575758,0.9503312100624867,0.9503312100624868,333,303,gnb,clean_reextract,0.0035429999697953463
0.17803030303030304,0.06817496229260935,0.06817496229260936,333,303,gnb,vibration_missing,0.0035429999697953463
0.9002525252525253,0.8960485980749197,0.8960485980749195,333,303,gnb,electrical_missing,0.0035429999697953463
0.9318181818181818,0.9305816519716558,0.9305816519716557,333,303,gnb,vibration_gain_075,0.0035429999697953463
0.8888888888888888,0.8893539317583384,0.8893539317583387,333,303,gnb,vibration_gain_050,0.0035429999697953463
0.7146464646464646,0.6633378161969845,0.6633378161969844,333,303,gnb,vibration_gain_025,0.0035429999697953463
0.9457070707070707,0.945138054835119,0.9451380548351189,333,303,gnb,electrical_gain_075,0.0035429999697953463
0.952020202020202,0.9517613338245309,0.9517613338245309,333,303,gnb,electrical_gain_050,0.0035429999697953463
0.9116161616161617,0.9099476394040047,0.9099476394040047,333,303,gnb,electrical_gain_025,0.0035429999697953463
0.9532828282828283,0.9529371448729417,0.9529371448729418,333,303,gnb,vibration_drift_025rms,0.0035429999697953463
0.9558080808080808,0.9555546056736307,0.9555546056736307,333,303,gnb,vibration_drift_050rms,0.0035429999697953463
0.9684343434343434,0.9683603378167032,0.968360337816703,333,303,gnb,vibration_drift_100rms,0.0035429999697953463
0.9444444444444444,0.9438105914867534,0.9438105914867534,333,303,gnb,electrical_drift_025rms,0.0035429999697953463
0.9482323232323232,0.9477633200899481,0.9477633200899482,333,303,gnb,electrical_drift_050rms,0.0035429999697953463
0.9494949494949495,0.9493632713529107,0.9493632713529107,333,303,gnb,electrical_drift_100rms,0.0035429999697953463
0.9924242424242424,0.9924203273040483,0.9924203273040482,333,303,lda,clean_reextract,0.01464280008804053
0.7159090909090909,0.6971636935825378,0.6971636935825377,333,303,lda,vibration_missing,0.01464280008804053
0.8724747474747475,0.8571860352587137,0.8571860352587138,333,303,lda,electrical_missing,0.01464280008804053
0.9911616161616161,0.991127806464419,0.991127806464419,333,303,lda,vibration_gain_075,0.01464280008804053
0.9873737373737373,0.9873281361428651,0.9873281361428652,333,303,lda,vibration_gain_050,0.01464280008804053
0.9267676767676768,0.923777936632301,0.923777936632301,333,303,lda,vibration_gain_025,0.01464280008804053
0.98989898989899,0.9898698908884787,0.9898698908884788,333,303,lda,electrical_gain_075,0.01464280008804053
0.9861111111111112,0.9860743607182366,0.9860743607182366,333,303,lda,electrical_gain_050,0.01464280008804053
0.9747474747474747,0.9747581696547525,0.9747581696547524,333,303,lda,electrical_gain_025,0.01464280008804053
0.9924242424242424,0.9924203273040483,0.9924203273040482,333,303,lda,vibration_drift_025rms,0.01464280008804053
0.9924242424242424,0.9924203273040483,0.9924203273040482,333,303,lda,vibration_drift_050rms,0.01464280008804053
0.9924242424242424,0.9924203273040483,0.9924203273040482,333,303,lda,vibration_drift_100rms,0.01464280008804053
0.9924242424242424,0.9924203273040483,0.9924203273040482,333,303,lda,electrical_drift_025rms,0.01464280008804053
0.976010101010101,0.975966287866132,0.9759662878661319,333,303,lda,electrical_drift_050rms,0.01464280008804053
0.8371212121212122,0.7888386886346606,0.7888386886346607,333,303,lda,electrical_drift_100rms,0.01464280008804053
0.98989898989899,0.9898579385234935,0.9898579385234936,333,303,cart,clean_reextract,0.3127458000089973
0.7714646464646465,0.7728961723563392,0.7728961723563391,333,303,cart,vibration_missing,0.3127458000089973
0.9747474747474747,0.9746546063797733,0.9746546063797732,333,303,cart,electrical_missing,0.3127458000089973
0.98989898989899,0.9898579385234935,0.9898579385234936,333,303,cart,vibration_gain_075,0.3127458000089973
0.9924242424242424,0.9924329072874051,0.9924329072874052,333,303,cart,vibration_gain_050,0.3127458000089973
0.648989898989899,0.5528842662858178,0.5528842662858177,333,303,cart,vibration_gain_025,0.3127458000089973
0.9873737373737373,0.9872695470582227,0.9872695470582227,333,303,cart,electrical_gain_075,0.3127458000089973
0.9873737373737373,0.9872695470582227,0.9872695470582227,333,303,cart,electrical_gain_050,0.3127458000089973
0.9873737373737373,0.9872695470582227,0.9872695470582227,333,303,cart,electrical_gain_025,0.3127458000089973
0.9886363636363636,0.9885949679983265,0.9885949679983265,333,303,cart,vibration_drift_025rms,0.3127458000089973
0.98989898989899,0.9898776357875415,0.9898776357875415,333,303,cart,vibration_drift_050rms,0.3127458000089973
0.9772727272727273,0.9772165554742509,0.9772165554742509,333,303,cart,vibration_drift_100rms,0.3127458000089973
0.9861111111111112,0.9860679393366479,0.9860679393366478,333,303,cart,electrical_drift_025rms,0.3127458000089973
0.9823232323232324,0.982277105725348,0.9822771057253479,333,303,cart,electrical_drift_050rms,0.3127458000089973
0.9583333333333334,0.9579839498477165,0.9579839498477165,333,303,cart,electrical_drift_100rms,0.3127458000089973
0.9974747474747475,0.9974746025368767,0.9974746025368766,333,303,rf,clean_reextract,7.361945000011474
0.8207070707070707,0.8213251626097265,0.8213251626097267,333,303,rf,vibration_missing,7.361945000011474
0.9873737373737373,0.9873555951491465,0.9873555951491466,333,303,rf,electrical_missing,7.361945000011474
0.9962121212121212,0.9962213626314566,0.9962213626314564,333,303,rf,vibration_gain_075,7.361945000011474
0.9962121212121212,0.9962213626314566,0.9962213626314564,333,303,rf,vibration_gain_050,7.361945000011474
0.8181818181818182,0.7910662924133963,0.7910662924133961,333,303,rf,vibration_gain_025,7.361945000011474
0.9974747474747475,0.9974746025368767,0.9974746025368766,333,303,rf,electrical_gain_075,7.361945000011474
0.9974747474747475,0.9974746025368767,0.9974746025368766,333,303,rf,electrical_gain_050,7.361945000011474
0.9974747474747475,0.9974746025368767,0.9974746025368766,333,303,rf,electrical_gain_025,7.361945000011474
0.9974747474747475,0.9974746025368767,0.9974746025368766,333,303,rf,vibration_drift_025rms,7.361945000011474
0.9974747474747475,0.9974746025368767,0.9974746025368766,333,303,rf,vibration_drift_050rms,7.361945000011474
0.9974747474747475,0.9974746025368767,0.9974746025368766,333,303,rf,vibration_drift_100rms,7.361945000011474
0.9974747474747475,0.9974746025368767,0.9974746025368766,333,303,rf,electrical_drift_025rms,7.361945000011474
0.9962121212121212,0.9962116320117095,0.9962116320117095,333,303,rf,electrical_drift_050rms,7.361945000011474
0.9987373737373737,0.9987373556209196,0.9987373556209198,333,303,rf,electrical_drift_100rms,7.361945000011474
0.9974747474747475,0.9974746025368767,0.9974746025368766,333,303,extra_trees,clean_reextract,1.2883496000431478
0.7651515151515151,0.7616654206760857,0.7616654206760857,333,303,extra_trees,vibration_missing,1.2883496000431478
0.9886363636363636,0.9886231415643181,0.9886231415643181,333,303,extra_trees,electrical_missing,1.2883496000431478
0.9949494949494949,0.9949630154372144,0.9949630154372145,333,303,extra_trees,vibration_gain_075,1.2883496000431478
0.9936868686868687,0.9937042904419613,0.9937042904419614,333,303,extra_trees,vibration_gain_050,1.2883496000431478
0.9267676767676768,0.9242039381311851,0.924203938131185,333,303,extra_trees,vibration_gain_025,1.2883496000431478
0.9962121212121212,0.9962116320117095,0.9962116320117095,333,303,extra_trees,electrical_gain_075,1.2883496000431478
0.9949494949494949,0.9949483352468427,0.9949483352468428,333,303,extra_trees,electrical_gain_050,1.2883496000431478
0.9949494949494949,0.9949483352468427,0.9949483352468428,333,303,extra_trees,electrical_gain_025,1.2883496000431478
0.9974747474747475,0.9974746025368767,0.9974746025368766,333,303,extra_trees,vibration_drift_025rms,1.2883496000431478
0.9974747474747475,0.9974746025368767,0.9974746025368766,333,303,extra_trees,vibration_drift_050rms,1.2883496000431478
0.9987373737373737,0.9987373556209196,0.9987373556209198,333,303,extra_trees,vibration_drift_100rms,1.2883496000431478
0.9974747474747475,0.9974746025368767,0.9974746025368766,333,303,extra_trees,electrical_drift_025rms,1.2883496000431478
0.9936868686868687,0.993684603350031,0.993684603350031,333,303,extra_trees,electrical_drift_050rms,1.2883496000431478
0.9911616161616161,0.9911553979353024,0.9911553979353023,333,303,extra_trees,electrical_drift_100rms,1.2883496000431478
1.0,1.0,1.0,333,303,hist_gb,clean_reextract,6.680152699933387
0.8636363636363636,0.8642212953184237,0.8642212953184238,333,303,hist_gb,vibration_missing,6.680152699933387
0.9987373737373737,0.9987373556209196,0.9987373556209197,333,303,hist_gb,electrical_missing,6.680152699933387
1.0,1.0,1.0,333,303,hist_gb,vibration_gain_075,6.680152699933387
1.0,1.0,1.0,333,303,hist_gb,vibration_gain_050,6.680152699933387
0.9835858585858586,0.9835459605620839,0.9835459605620838,333,303,hist_gb,vibration_gain_025,6.680152699933387
0.9974747474747475,0.9974698737337366,0.9974698737337367,333,303,hist_gb,electrical_gain_075,6.680152699933387
0.9974747474747475,0.9974746025368765,0.9974746025368766,333,303,hist_gb,electrical_gain_050,6.680152699933387
0.9974747474747475,0.9974746025368765,0.9974746025368766,333,303,hist_gb,electrical_gain_025,6.680152699933387
1.0,1.0,1.0,333,303,hist_gb,vibration_drift_025rms,6.680152699933387
1.0,1.0,1.0,333,303,hist_gb,vibration_drift_050rms,6.680152699933387
0.9987373737373737,0.9987373556209196,0.9987373556209197,333,303,hist_gb,vibration_drift_100rms,6.680152699933387
0.9987373737373737,0.9987373556209196,0.9987373556209197,333,303,hist_gb,electrical_drift_025rms,6.680152699933387
1.0,1.0,1.0,333,303,hist_gb,electrical_drift_050rms,6.680152699933387
0.9974747474747475,0.9974794400449793,0.9974794400449793,333,303,hist_gb,electrical_drift_100rms,6.680152699933387
1.0,1.0,1.0,333,303,xgboost,clean_reextract,5.528597000055015
0.8712121212121212,0.8715728258308809,0.8715728258308809,333,303,xgboost,vibration_missing,5.528597000055015
0.9962121212121212,0.9962116320117094,0.9962116320117095,333,303,xgboost,electrical_missing,5.528597000055015
1.0,1.0,1.0,333,303,xgboost,vibration_gain_075,5.528597000055015
1.0,1.0,1.0,333,303,xgboost,vibration_gain_050,5.528597000055015
0.9974747474747475,0.9974746025368767,0.9974746025368766,333,303,xgboost,vibration_gain_025,5.528597000055015
0.9962121212121212,0.9962022275380491,0.9962022275380492,333,303,xgboost,electrical_gain_075,5.528597000055015
0.9962121212121212,0.9962116320117094,0.9962116320117095,333,303,xgboost,electrical_gain_050,5.528597000055015
0.9962121212121212,0.9962116320117094,0.9962116320117095,333,303,xgboost,electrical_gain_025,5.528597000055015
1.0,1.0,1.0,333,303,xgboost,vibration_drift_025rms,5.528597000055015
1.0,1.0,1.0,333,303,xgboost,vibration_drift_050rms,5.528597000055015
1.0,1.0,1.0,333,303,xgboost,vibration_drift_100rms,5.528597000055015
0.9987373737373737,0.9987373556209196,0.9987373556209197,333,303,xgboost,electrical_drift_025rms,5.528597000055015
1.0,1.0,1.0,333,303,xgboost,electrical_drift_050rms,5.528597000055015
0.9987373737373737,0.9987373556209197,0.9987373556209197,333,303,xgboost,electrical_drift_100rms,5.528597000055015
1.0,1.0,1.0,333,304,lr,clean_reextract,0.1399614999536425
0.9343434343434344,0.9337054338553025,0.9337054338553024,333,304,lr,vibration_missing,0.1399614999536425
0.9444444444444444,0.9433249696724216,0.9433249696724216,333,304,lr,electrical_missing,0.1399614999536425
1.0,1.0,1.0,333,304,lr,vibration_gain_075,0.1399614999536425
0.9974747474747475,0.9974698737337366,0.9974698737337367,333,304,lr,vibration_gain_050,0.1399614999536425
0.9431818181818182,0.9413489290703553,0.9413489290703552,333,304,lr,vibration_gain_025,0.1399614999536425
1.0,1.0,1.0,333,304,lr,electrical_gain_075,0.1399614999536425
0.9987373737373737,0.9987373556209196,0.9987373556209198,333,304,lr,electrical_gain_050,0.1399614999536425
0.9911616161616161,0.9911741641756979,0.9911741641756979,333,304,lr,electrical_gain_025,0.1399614999536425
1.0,1.0,1.0,333,304,lr,vibration_drift_025rms,0.1399614999536425
1.0,1.0,1.0,333,304,lr,vibration_drift_050rms,0.1399614999536425
1.0,1.0,1.0,333,304,lr,vibration_drift_100rms,0.1399614999536425
1.0,1.0,1.0,333,304,lr,electrical_drift_025rms,0.1399614999536425
0.9924242424242424,0.992383335986617,0.992383335986617,333,304,lr,electrical_drift_050rms,0.1399614999536425
0.6893939393939394,0.6345534182472247,0.6345534182472247,333,304,lr,electrical_drift_100rms,0.1399614999536425
0.9974747474747475,0.9974746025368765,0.9974746025368766,333,304,svm_rbf,clean_reextract,0.9283659000648186
0.9318181818181818,0.9314832998765654,0.9314832998765653,333,304,svm_rbf,vibration_missing,0.9283659000648186
0.9595959595959596,0.9591482379226819,0.9591482379226819,333,304,svm_rbf,electrical_missing,0.9283659000648186
0.9962121212121212,0.9962116320117094,0.9962116320117095,333,304,svm_rbf,vibration_gain_075,0.9283659000648186
0.9974747474747475,0.9974746025368765,0.9974746025368766,333,304,svm_rbf,vibration_gain_050,0.9283659000648186
0.9861111111111112,0.986080832079446,0.986080832079446,333,304,svm_rbf,vibration_gain_025,0.9283659000648186
0.1893939393939394,0.08856512141280352,0.08856512141280352,333,304,svm_rbf,electrical_gain_075,0.9283659000648186
0.9949494949494949,0.9949343074422573,0.9949343074422574,333,304,svm_rbf,electrical_gain_050,0.9283659000648186
0.4532828282828283,0.366250939423489,0.36625093942348896,333,304,svm_rbf,electrical_gain_025,0.9283659000648186
0.9974747474747475,0.9974746025368765,0.9974746025368766,333,304,svm_rbf,vibration_drift_025rms,0.9283659000648186
0.9962121212121212,0.9962116320117094,0.9962116320117095,333,304,svm_rbf,vibration_drift_050rms,0.9283659000648186
0.9962121212121212,0.9962116320117094,0.9962116320117095,333,304,svm_rbf,vibration_drift_100rms,0.9283659000648186
0.9974747474747475,0.9974746025368765,0.9974746025368766,333,304,svm_rbf,electrical_drift_025rms,0.9283659000648186
0.9949494949494949,0.9949444762706131,0.9949444762706131,333,304,svm_rbf,electrical_drift_050rms,0.9283659000648186
0.6452020202020202,0.5740541138002263,0.5740541138002262,333,304,svm_rbf,electrical_drift_100rms,0.9283659000648186
0.9949494949494949,0.9949493685429586,0.9949493685429587,333,304,knn,clean_reextract,0.0016073000151664019
0.5656565656565656,0.5604140958660101,0.5604140958660101,333,304,knn,vibration_missing,0.0016073000151664019
0.9924242424242424,0.9924241337255183,0.9924241337255183,333,304,knn,electrical_missing,0.0016073000151664019
0.9936868686868687,0.9936865042676088,0.9936865042676091,333,304,knn,vibration_gain_075,0.0016073000151664019
0.9785353535353535,0.9785518654203881,0.978551865420388,333,304,knn,vibration_gain_050,0.0016073000151664019
0.9154040404040404,0.9149624683535406,0.9149624683535406,333,304,knn,vibration_gain_025,0.0016073000151664019
0.5391414141414141,0.5193396805082656,0.5193396805082655,333,304,knn,electrical_gain_075,0.0016073000151664019
0.9570707070707071,0.9575528679193431,0.9575528679193429,333,304,knn,electrical_gain_050,0.0016073000151664019
0.6805555555555556,0.6149828954389365,0.6149828954389365,333,304,knn,electrical_gain_025,0.0016073000151664019
0.9949494949494949,0.9949493685429586,0.9949493685429587,333,304,knn,vibration_drift_025rms,0.0016073000151664019
0.9936868686868687,0.9936819047722296,0.9936819047722296,333,304,knn,vibration_drift_050rms,0.0016073000151664019
0.9861111111111112,0.9861003856463256,0.9861003856463257,333,304,knn,vibration_drift_100rms,0.0016073000151664019
0.9949494949494949,0.9949493685429586,0.9949493685429587,333,304,knn,electrical_drift_025rms,0.0016073000151664019
0.9949494949494949,0.9949483352468427,0.9949483352468428,333,304,knn,electrical_drift_050rms,0.0016073000151664019
0.9595959595959596,0.959528654831276,0.959528654831276,333,304,knn,electrical_drift_100rms,0.0016073000151664019
0.9217171717171717,0.9209966489715261,0.9209966489715262,333,304,gnb,clean_reextract,0.0038825999945402145
0.32323232323232326,0.16377258061576042,0.16377258061576042,333,304,gnb,vibration_missing,0.0038825999945402145
0.8762626262626263,0.8716488846658522,0.8716488846658522,333,304,gnb,electrical_missing,0.0038825999945402145
0.9255050505050505,0.9236465820477305,0.9236465820477304,333,304,gnb,vibration_gain_075,0.0038825999945402145
0.8573232323232324,0.8537470874691002,0.8537470874691003,333,304,gnb,vibration_gain_050,0.0038825999945402145
0.7159090909090909,0.6594455548168355,0.6594455548168356,333,304,gnb,vibration_gain_025,0.0038825999945402145
0.9027777777777778,0.900877777996111,0.9008777779961109,333,304,gnb,electrical_gain_075,0.0038825999945402145
0.8194444444444444,0.8074677334780406,0.8074677334780405,333,304,gnb,electrical_gain_050,0.0038825999945402145
0.7904040404040404,0.7715389090604098,0.77153890906041,333,304,gnb,electrical_gain_025,0.0038825999945402145
0.9255050505050505,0.9249510779872469,0.924951077987247,333,304,gnb,vibration_drift_025rms,0.0038825999945402145
0.9318181818181818,0.9315020467587471,0.9315020467587471,333,304,gnb,vibration_drift_050rms,0.0038825999945402145
0.946969696969697,0.9468769871932311,0.9468769871932311,333,304,gnb,vibration_drift_100rms,0.0038825999945402145
0.9179292929292929,0.917008672576582,0.9170086725765821,333,304,gnb,electrical_drift_025rms,0.0038825999945402145
0.9204545454545454,0.9197364066287627,0.919736406628763,333,304,gnb,electrical_drift_050rms,0.0038825999945402145
0.9444444444444444,0.9443977979115172,0.9443977979115172,333,304,gnb,electrical_drift_100rms,0.0038825999945402145
0.9911616161616161,0.9911576829249679,0.991157682924968,333,304,lda,clean_reextract,0.014855300076305866
0.6893939393939394,0.6646834376213236,0.6646834376213238,333,304,lda,vibration_missing,0.014855300076305866
0.8686868686868687,0.8542188340491933,0.8542188340491932,333,304,lda,electrical_missing,0.014855300076305866
0.9886363636363636,0.988611813474956,0.9886118134749559,333,304,lda,vibration_gain_075,0.014855300076305866
0.9873737373737373,0.9873236151706916,0.9873236151706917,333,304,lda,vibration_gain_050,0.014855300076305866
0.9255050505050505,0.9216414117415064,0.9216414117415063,333,304,lda,vibration_gain_025,0.014855300076305866
0.98989898989899,0.9898698908884787,0.9898698908884788,333,304,lda,electrical_gain_075,0.014855300076305866
0.9886363636363636,0.9886027207331689,0.9886027207331689,333,304,lda,electrical_gain_050,0.014855300076305866
0.9785353535353535,0.9785389433551198,0.9785389433551198,333,304,lda,electrical_gain_025,0.014855300076305866
0.9911616161616161,0.9911576829249679,0.991157682924968,333,304,lda,vibration_drift_025rms,0.014855300076305866
0.9924242424242424,0.9924203273040483,0.9924203273040482,333,304,lda,vibration_drift_050rms,0.014855300076305866
0.9924242424242424,0.9924203273040483,0.9924203273040482,333,304,lda,vibration_drift_100rms,0.014855300076305866
0.9924242424242424,0.9924203273040483,0.9924203273040482,333,304,lda,electrical_drift_025rms,0.014855300076305866
0.9734848484848485,0.9734195931847754,0.9734195931847753,333,304,lda,electrical_drift_050rms,0.014855300076305866
0.8371212121212122,0.7888386886346606,0.7888386886346607,333,304,lda,electrical_drift_100rms,0.014855300076305866
0.9595959595959596,0.9591605609473183,0.9591605609473184,333,304,cart,clean_reextract,0.34229300008155406
0.7752525252525253,0.7762329385322073,0.7762329385322073,333,304,cart,vibration_missing,0.34229300008155406
0.9595959595959596,0.959166366338335,0.9591663663383349,333,304,cart,electrical_missing,0.34229300008155406
0.9545454545454546,0.9541652050630556,0.9541652050630555,333,304,cart,vibration_gain_075,0.34229300008155406
0.9444444444444444,0.9442298442298442,0.9442298442298442,333,304,cart,vibration_gain_050,0.34229300008155406
0.88510101010101,0.8844190080150623,0.8844190080150623,333,304,cart,vibration_gain_025,0.34229300008155406
0.9595959595959596,0.9592912135778736,0.9592912135778738,333,304,cart,electrical_gain_075,0.34229300008155406
0.9595959595959596,0.9592912135778736,0.9592912135778738,333,304,cart,electrical_gain_050,0.34229300008155406
0.9595959595959596,0.9592912135778736,0.9592912135778738,333,304,cart,electrical_gain_025,0.34229300008155406
0.9545454545454546,0.9541055116380647,0.9541055116380648,333,304,cart,vibration_drift_025rms,0.34229300008155406
0.9570707070707071,0.9567090834313038,0.9567090834313039,333,304,cart,vibration_drift_050rms,0.34229300008155406
0.9747474747474747,0.9747525088724146,0.9747525088724147,333,304,cart,vibration_drift_100rms,0.34229300008155406
0.9558080808080808,0.9553081679695011,0.9553081679695014,333,304,cart,electrical_drift_025rms,0.34229300008155406
0.9608585858585859,0.9604240805260725,0.9604240805260723,333,304,cart,electrical_drift_050rms,0.34229300008155406
0.9608585858585859,0.9603964890551892,0.9603964890551892,333,304,cart,electrical_drift_100rms,0.34229300008155406
0.9974747474747475,0.9974746025368767,0.9974746025368766,333,304,rf,clean_reextract,7.467402999987826
0.8421717171717171,0.838844871619441,0.8388448716194409,333,304,rf,vibration_missing,7.467402999987826
0.9949494949494949,0.9949483352468427,0.9949483352468428,333,304,rf,electrical_missing,7.467402999987826
0.9962121212121212,0.9962213626314566,0.9962213626314564,333,304,rf,vibration_gain_075,7.467402999987826
0.9962121212121212,0.9962213626314566,0.9962213626314564,333,304,rf,vibration_gain_050,7.467402999987826
0.8194444444444444,0.7854823335989648,0.7854823335989649,333,304,rf,vibration_gain_025,7.467402999987826
0.9962121212121212,0.9962116320117095,0.9962116320117095,333,304,rf,electrical_gain_075,7.467402999987826
0.9962121212121212,0.9962116320117095,0.9962116320117095,333,304,rf,electrical_gain_050,7.467402999987826
0.9962121212121212,0.9962116320117095,0.9962116320117095,333,304,rf,electrical_gain_025,7.467402999987826
0.9974747474747475,0.9974746025368767,0.9974746025368766,333,304,rf,vibration_drift_025rms,7.467402999987826
0.9974747474747475,0.9974746025368767,0.9974746025368766,333,304,rf,vibration_drift_050rms,7.467402999987826
0.9974747474747475,0.9974746025368767,0.9974746025368766,333,304,rf,vibration_drift_100rms,7.467402999987826
0.9974747474747475,0.9974746025368767,0.9974746025368766,333,304,rf,electrical_drift_025rms,7.467402999987826
0.9962121212121212,0.9962116320117095,0.9962116320117095,333,304,rf,electrical_drift_050rms,7.467402999987826
0.9987373737373737,0.9987373556209196,0.9987373556209198,333,304,rf,electrical_drift_100rms,7.467402999987826
0.9974747474747475,0.9974746025368767,0.9974746025368766,333,304,extra_trees,clean_reextract,1.2574244999559596
0.827020202020202,0.82157555800091,0.8215755580009099,333,304,extra_trees,vibration_missing,1.2574244999559596
0.9949494949494949,0.9949483352468427,0.9949483352468428,333,304,extra_trees,electrical_missing,1.2574244999559596
0.9962121212121212,0.9962213626314566,0.9962213626314564,333,304,extra_trees,vibration_gain_075,1.2574244999559596
0.9962121212121212,0.9962213626314566,0.9962213626314564,333,304,extra_trees,vibration_gain_050,1.2574244999559596
0.9343434343434344,0.9323607650625566,0.9323607650625567,333,304,extra_trees,vibration_gain_025,1.2574244999559596
0.9974747474747475,0.9974746025368767,0.9974746025368766,333,304,extra_trees,electrical_gain_075,1.2574244999559596
0.9974747474747475,0.9974746025368767,0.9974746025368766,333,304,extra_trees,electrical_gain_050,1.2574244999559596
0.9974747474747475,0.9974746025368767,0.9974746025368766,333,304,extra_trees,electrical_gain_025,1.2574244999559596
0.9974747474747475,0.9974746025368767,0.9974746025368766,333,304,extra_trees,vibration_drift_025rms,1.2574244999559596
0.9974747474747475,0.9974746025368767,0.9974746025368766,333,304,extra_trees,vibration_drift_050rms,1.2574244999559596
0.9987373737373737,0.9987373556209196,0.9987373556209198,333,304,extra_trees,vibration_drift_100rms,1.2574244999559596
0.9974747474747475,0.9974746025368767,0.9974746025368766,333,304,extra_trees,electrical_drift_025rms,1.2574244999559596
0.9962121212121212,0.9962116320117095,0.9962116320117095,333,304,extra_trees,electrical_drift_050rms,1.2574244999559596
0.9936868686868687,0.993684603350031,0.993684603350031,333,304,extra_trees,electrical_drift_100rms,1.2574244999559596
1.0,1.0,1.0,333,304,hist_gb,clean_reextract,6.8009094999870285
0.8775252525252525,0.8749292751759521,0.874929275175952,333,304,hist_gb,vibration_missing,6.8009094999870285
0.9987373737373737,0.9987373556209196,0.9987373556209197,333,304,hist_gb,electrical_missing,6.8009094999870285
1.0,1.0,1.0,333,304,hist_gb,vibration_gain_075,6.8009094999870285
1.0,1.0,1.0,333,304,hist_gb,vibration_gain_050,6.8009094999870285
0.9987373737373737,0.9987373556209196,0.9987373556209198,333,304,hist_gb,vibration_gain_025,6.8009094999870285
0.9974747474747475,0.9974698737337366,0.9974698737337367,333,304,hist_gb,electrical_gain_075,6.8009094999870285
0.9974747474747475,0.9974698737337366,0.9974698737337367,333,304,hist_gb,electrical_gain_050,6.8009094999870285
0.9974747474747475,0.9974698737337366,0.9974698737337367,333,304,hist_gb,electrical_gain_025,6.8009094999870285
1.0,1.0,1.0,333,304,hist_gb,vibration_drift_025rms,6.8009094999870285
1.0,1.0,1.0,333,304,hist_gb,vibration_drift_050rms,6.8009094999870285
1.0,1.0,1.0,333,304,hist_gb,vibration_drift_100rms,6.8009094999870285
1.0,1.0,1.0,333,304,hist_gb,electrical_drift_025rms,6.8009094999870285
1.0,1.0,1.0,333,304,hist_gb,electrical_drift_050rms,6.8009094999870285
1.0,1.0,1.0,333,304,hist_gb,electrical_drift_100rms,6.8009094999870285
0.9987373737373737,0.9987373556209196,0.9987373556209197,333,304,xgboost,clean_reextract,5.577806400018744
0.8901515151515151,0.8881649620616896,0.8881649620616895,333,304,xgboost,vibration_missing,5.577806400018744
0.9974747474747475,0.9974746025368765,0.9974746025368766,333,304,xgboost,electrical_missing,5.577806400018744
0.9987373737373737,0.9987373556209196,0.9987373556209197,333,304,xgboost,vibration_gain_075,5.577806400018744
0.9987373737373737,0.9987373556209196,0.9987373556209197,333,304,xgboost,vibration_gain_050,5.577806400018744
0.9924242424242424,0.992397206757676,0.9923972067576761,333,304,xgboost,vibration_gain_025,5.577806400018744
0.9962121212121212,0.9962022275380491,0.9962022275380492,333,304,xgboost,electrical_gain_075,5.577806400018744
0.9987373737373737,0.9987373556209196,0.9987373556209197,333,304,xgboost,electrical_gain_050,5.577806400018744
0.9974747474747475,0.9974698737337366,0.9974698737337367,333,304,xgboost,electrical_gain_025,5.577806400018744
1.0,1.0,1.0,333,304,xgboost,vibration_drift_025rms,5.577806400018744
1.0,1.0,1.0,333,304,xgboost,vibration_drift_050rms,5.577806400018744
1.0,1.0,1.0,333,304,xgboost,vibration_drift_100rms,5.577806400018744
0.9987373737373737,0.9987373556209196,0.9987373556209197,333,304,xgboost,electrical_drift_025rms,5.577806400018744
0.9987373737373737,0.9987373556209196,0.9987373556209197,333,304,xgboost,electrical_drift_050rms,5.577806400018744
0.9873737373737373,0.9873621323529411,0.9873621323529411,333,304,xgboost,electrical_drift_100rms,5.577806400018744
1.0,1.0,1.0,333,305,lr,clean_reextract,0.13173559994902462
0.9356060606060606,0.9353033942691876,0.9353033942691876,333,305,lr,vibration_missing,0.13173559994902462
0.9368686868686869,0.9350489567324893,0.9350489567324892,333,305,lr,electrical_missing,0.13173559994902462
1.0,1.0,1.0,333,305,lr,vibration_gain_075,0.13173559994902462
0.9987373737373737,0.9987373556209196,0.9987373556209198,333,305,lr,vibration_gain_050,0.13173559994902462
0.9406565656565656,0.9388372969974333,0.9388372969974335,333,305,lr,vibration_gain_025,0.13173559994902462
1.0,1.0,1.0,333,305,lr,electrical_gain_075,0.13173559994902462
1.0,1.0,1.0,333,305,lr,electrical_gain_050,0.13173559994902462
0.98989898989899,0.989922630016771,0.9899226300167709,333,305,lr,electrical_gain_025,0.13173559994902462
1.0,1.0,1.0,333,305,lr,vibration_drift_025rms,0.13173559994902462
1.0,1.0,1.0,333,305,lr,vibration_drift_050rms,0.13173559994902462
1.0,1.0,1.0,333,305,lr,vibration_drift_100rms,0.13173559994902462
1.0,1.0,1.0,333,305,lr,electrical_drift_025rms,0.13173559994902462
0.98989898989899,0.9898897058823529,0.9898897058823529,333,305,lr,electrical_drift_050rms,0.13173559994902462
0.7462121212121212,0.6874943091148991,0.6874943091148992,333,305,lr,electrical_drift_100rms,0.13173559994902462
1.0,1.0,1.0,333,305,svm_rbf,clean_reextract,0.8436564999865368
0.9330808080808081,0.9328044301819219,0.9328044301819219,333,305,svm_rbf,vibration_missing,0.8436564999865368
0.9494949494949495,0.948415616150262,0.948415616150262,333,305,svm_rbf,electrical_missing,0.8436564999865368
1.0,1.0,1.0,333,305,svm_rbf,vibration_gain_075,0.8436564999865368
0.9987373737373737,0.9987373556209196,0.9987373556209197,333,305,svm_rbf,vibration_gain_050,0.8436564999865368
0.9911616161616161,0.9911562734143494,0.9911562734143494,333,305,svm_rbf,vibration_gain_025,0.8436564999865368
0.16666666666666666,0.047619047619047616,0.04761904761904762,333,305,svm_rbf,electrical_gain_075,0.8436564999865368
0.9962121212121212,0.9962116320117094,0.9962116320117095,333,305,svm_rbf,electrical_gain_050,0.8436564999865368
0.17045454545454544,0.055185778077344344,0.055185778077344344,333,305,svm_rbf,electrical_gain_025,0.8436564999865368
1.0,1.0,1.0,333,305,svm_rbf,vibration_drift_025rms,0.8436564999865368
0.9987373737373737,0.9987373556209196,0.9987373556209197,333,305,svm_rbf,vibration_drift_050rms,0.8436564999865368
0.9962121212121212,0.9962116320117094,0.9962116320117095,333,305,svm_rbf,vibration_drift_100rms,0.8436564999865368
1.0,1.0,1.0,333,305,svm_rbf,electrical_drift_025rms,0.8436564999865368
0.9987373737373737,0.9987373556209196,0.9987373556209198,333,305,svm_rbf,electrical_drift_050rms,0.8436564999865368
0.6957070707070707,0.6429235755143673,0.6429235755143673,333,305,svm_rbf,electrical_drift_100rms,0.8436564999865368
0.98989898989899,0.9898886963994519,0.9898886963994517,333,305,knn,clean_reextract,0.0021551999961957335
0.553030303030303,0.5492580856496048,0.5492580856496047,333,305,knn,vibration_missing,0.0021551999961957335
0.9797979797979798,0.9797410071942446,0.9797410071942446,333,305,knn,electrical_missing,0.0021551999961957335
0.9886363636363636,0.9886349981192861,0.9886349981192861,333,305,knn,vibration_gain_075,0.0021551999961957335
0.9633838383838383,0.9632675723384613,0.9632675723384612,333,305,knn,vibration_gain_050,0.0021551999961957335
0.9053030303030303,0.9035722018657762,0.9035722018657761,333,305,knn,vibration_gain_025,0.0021551999961957335
0.5227272727272727,0.5090047825543251,0.509004782554325,333,305,knn,electrical_gain_075,0.0021551999961957335
0.9835858585858586,0.9836267701186134,0.9836267701186134,333,305,knn,electrical_gain_050,0.0021551999961957335
0.6906565656565656,0.6305157490753253,0.6305157490753253,333,305,knn,electrical_gain_025,0.0021551999961957335
0.9886363636363636,0.9886261067846142,0.9886261067846142,333,305,knn,vibration_drift_025rms,0.0021551999961957335
0.9848484848484849,0.9848221593083492,0.9848221593083494,333,305,knn,vibration_drift_050rms,0.0021551999961957335
0.9797979797979798,0.9797893534083671,0.979789353408367,333,305,knn,vibration_drift_100rms,0.0021551999961957335
0.9924242424242424,0.9924288439973236,0.9924288439973237,333,305,knn,electrical_drift_025rms,0.0021551999961957335
0.9886363636363636,0.9886440356236387,0.9886440356236387,333,305,knn,electrical_drift_050rms,0.0021551999961957335
0.9608585858585859,0.9608710016019356,0.9608710016019356,333,305,knn,electrical_drift_100rms,0.0021551999961957335
0.928030303030303,0.9276186930907598,0.9276186930907598,333,305,gnb,clean_reextract,0.0036439000396057963
0.3244949494949495,0.16461919751869136,0.1646191975186914,333,305,gnb,vibration_missing,0.0036439000396057963
0.8800505050505051,0.8765062159891314,0.8765062159891313,333,305,gnb,electrical_missing,0.0036439000396057963
0.9255050505050505,0.9242892414600412,0.9242892414600412,333,305,gnb,vibration_gain_075,0.0036439000396057963
0.8611111111111112,0.8598228700568482,0.8598228700568481,333,305,gnb,vibration_gain_050,0.0036439000396057963
0.6994949494949495,0.6427614717255145,0.6427614717255146,333,305,gnb,vibration_gain_025,0.0036439000396057963
0.9103535353535354,0.9091404521152876,0.9091404521152876,333,305,gnb,electrical_gain_075,0.0036439000396057963
0.851010101010101,0.8441127940806646,0.8441127940806645,333,305,gnb,electrical_gain_050,0.0036439000396057963
0.8118686868686869,0.7979800557852926,0.7979800557852926,333,305,gnb,electrical_gain_025,0.0036439000396057963
0.9305555555555556,0.9302174443433326,0.9302174443433328,333,305,gnb,vibration_drift_025rms,0.0036439000396057963
0.9356060606060606,0.9353978696420073,0.9353978696420073,333,305,gnb,vibration_drift_050rms,0.0036439000396057963
0.946969696969697,0.9468674596795646,0.9468674596795645,333,305,gnb,vibration_drift_100rms,0.0036439000396057963
0.9179292929292929,0.9172058630698937,0.9172058630698937,333,305,gnb,electrical_drift_025rms,0.0036439000396057963
0.9242424242424242,0.9237852334574234,0.9237852334574234,333,305,gnb,electrical_drift_050rms,0.0036439000396057963
0.9343434343434344,0.9342628544835568,0.9342628544835568,333,305,gnb,electrical_drift_100rms,0.0036439000396057963
0.9911616161616161,0.991127806464419,0.991127806464419,333,305,lda,clean_reextract,0.019061699975281954
0.7083333333333334,0.6897770043310046,0.6897770043310045,333,305,lda,vibration_missing,0.019061699975281954
0.8699494949494949,0.8542891419956167,0.8542891419956167,333,305,lda,electrical_missing,0.019061699975281954
0.9911616161616161,0.991127806464419,0.991127806464419,333,305,lda,vibration_gain_075,0.019061699975281954
0.9886363636363636,0.9885815902254627,0.9885815902254628,333,305,lda,vibration_gain_050,0.019061699975281954
0.928030303030303,0.9245259824803833,0.9245259824803835,333,305,lda,vibration_gain_025,0.019061699975281954
0.98989898989899,0.9898698908884787,0.9898698908884788,333,305,lda,electrical_gain_075,0.019061699975281954
0.9873737373737373,0.9873281361428651,0.9873281361428652,333,305,lda,electrical_gain_050,0.019061699975281954
0.9797979797979798,0.9797969045688024,0.9797969045688024,333,305,lda,electrical_gain_025,0.019061699975281954
0.9911616161616161,0.991127806464419,0.991127806464419,333,305,lda,vibration_drift_025rms,0.019061699975281954
0.9924242424242424,0.9924203273040483,0.9924203273040482,333,305,lda,vibration_drift_050rms,0.019061699975281954
0.9924242424242424,0.9924203273040483,0.9924203273040482,333,305,lda,vibration_drift_100rms,0.019061699975281954
0.9924242424242424,0.9924203273040483,0.9924203273040482,333,305,lda,electrical_drift_025rms,0.019061699975281954
0.9734848484848485,0.9734195931847754,0.9734195931847753,333,305,lda,electrical_drift_050rms,0.019061699975281954
0.8383838383838383,0.7901014417187038,0.7901014417187038,333,305,lda,electrical_drift_100rms,0.019061699975281954
0.976010101010101,0.975875890243203,0.975875890243203,333,305,cart,clean_reextract,0.31370590010192245
0.7588383838383839,0.7599854634234866,0.7599854634234866,333,305,cart,vibration_missing,0.31370590010192245
0.9734848484848485,0.9733543955657109,0.9733543955657109,333,305,cart,electrical_missing,0.31370590010192245
0.9722222222222222,0.9720696144105286,0.9720696144105285,333,305,cart,vibration_gain_075,0.31370590010192245
0.9722222222222222,0.972128795841905,0.9721287958419051,333,305,cart,vibration_gain_050,0.31370590010192245
0.8131313131313131,0.7940786267736272,0.7940786267736273,333,305,cart,vibration_gain_025,0.31370590010192245
0.9747474747474747,0.9745880982067137,0.9745880982067137,333,305,cart,electrical_gain_075,0.31370590010192245
0.9747474747474747,0.9745880982067137,0.9745880982067137,333,305,cart,electrical_gain_050,0.31370590010192245
0.9747474747474747,0.9745880982067137,0.9745880982067137,333,305,cart,electrical_gain_025,0.31370590010192245
0.9734848484848485,0.9733273843874687,0.9733273843874687,333,305,cart,vibration_drift_025rms,0.31370590010192245
0.9722222222222222,0.9720248498216183,0.9720248498216183,333,305,cart,vibration_drift_050rms,0.31370590010192245
0.9797979797979798,0.9796913714063712,0.9796913714063711,333,305,cart,vibration_drift_100rms,0.31370590010192245
0.9671717171717171,0.9665737962049167,0.9665737962049167,333,305,cart,electrical_drift_025rms,0.31370590010192245
0.9709595959595959,0.9708330000434775,0.9708330000434776,333,305,cart,electrical_drift_050rms,0.31370590010192245
0.9709595959595959,0.9708330000434775,0.9708330000434776,333,305,cart,electrical_drift_100rms,0.31370590010192245
0.9974747474747475,0.9974746025368767,0.9974746025368766,333,305,rf,clean_reextract,7.88580579997506
0.8345959595959596,0.8330034293319798,0.8330034293319797,333,305,rf,vibration_missing,7.88580579997506
0.9873737373737373,0.9873555951491465,0.9873555951491466,333,305,rf,electrical_missing,7.88580579997506
0.9949494949494949,0.9949538807442736,0.9949538807442735,333,305,rf,vibration_gain_075,7.88580579997506
0.9962121212121212,0.9962213626314566,0.9962213626314564,333,305,rf,vibration_gain_050,7.88580579997506
0.8131313131313131,0.7803977924381281,0.7803977924381283,333,305,rf,vibration_gain_025,7.88580579997506
0.9974747474747475,0.9974746025368767,0.9974746025368766,333,305,rf,electrical_gain_075,7.88580579997506
0.9962121212121212,0.9962116320117095,0.9962116320117095,333,305,rf,electrical_gain_050,7.88580579997506
0.9949494949494949,0.9949483352468427,0.9949483352468428,333,305,rf,electrical_gain_025,7.88580579997506
0.9974747474747475,0.9974746025368767,0.9974746025368766,333,305,rf,vibration_drift_025rms,7.88580579997506
0.9974747474747475,0.9974746025368767,0.9974746025368766,333,305,rf,vibration_drift_050rms,7.88580579997506
0.9974747474747475,0.9974746025368767,0.9974746025368766,333,305,rf,vibration_drift_100rms,7.88580579997506
0.9974747474747475,0.9974746025368767,0.9974746025368766,333,305,rf,electrical_drift_025rms,7.88580579997506
0.9924242424242424,0.9924203273040483,0.9924203273040482,333,305,rf,electrical_drift_050rms,7.88580579997506
0.9974747474747475,0.9974746025368767,0.9974746025368766,333,305,rf,electrical_drift_100rms,7.88580579997506
0.9974747474747475,0.9974746025368767,0.9974746025368766,333,305,extra_trees,clean_reextract,1.3902235999703407
0.8194444444444444,0.8160785874570986,0.8160785874570986,333,305,extra_trees,vibration_missing,1.3902235999703407
0.9936868686868687,0.993684603350031,0.993684603350031,333,305,extra_trees,electrical_missing,1.3902235999703407
0.9962121212121212,0.9962213626314566,0.9962213626314564,333,305,extra_trees,vibration_gain_075,1.3902235999703407
0.9974747474747475,0.9974746025368767,0.9974746025368766,333,305,extra_trees,vibration_gain_050,1.3902235999703407
0.9532828282828283,0.9527673993710458,0.9527673993710458,333,305,extra_trees,vibration_gain_025,1.3902235999703407
0.9974747474747475,0.9974746025368767,0.9974746025368766,333,305,extra_trees,electrical_gain_075,1.3902235999703407
0.9962121212121212,0.9962116320117095,0.9962116320117095,333,305,extra_trees,electrical_gain_050,1.3902235999703407
0.9949494949494949,0.9949483352468427,0.9949483352468428,333,305,extra_trees,electrical_gain_025,1.3902235999703407
0.9974747474747475,0.9974746025368767,0.9974746025368766,333,305,extra_trees,vibration_drift_025rms,1.3902235999703407
0.9974747474747475,0.9974746025368767,0.9974746025368766,333,305,extra_trees,vibration_drift_050rms,1.3902235999703407
0.9987373737373737,0.9987373556209196,0.9987373556209198,333,305,extra_trees,vibration_drift_100rms,1.3902235999703407
0.9987373737373737,0.9987373556209196,0.9987373556209198,333,305,extra_trees,electrical_drift_025rms,1.3902235999703407
0.9936868686868687,0.993684603350031,0.993684603350031,333,305,extra_trees,electrical_drift_050rms,1.3902235999703407
0.9949494949494949,0.9949483352468427,0.9949483352468428,333,305,extra_trees,electrical_drift_100rms,1.3902235999703407
0.9987373737373737,0.9987373556209196,0.9987373556209197,333,305,hist_gb,clean_reextract,7.129177100025117
0.875,0.873700987002203,0.873700987002203,333,305,hist_gb,vibration_missing,7.129177100025117
1.0,1.0,1.0,333,305,hist_gb,electrical_missing,7.129177100025117
0.9987373737373737,0.9987373556209196,0.9987373556209197,333,305,hist_gb,vibration_gain_075,7.129177100025117
0.9987373737373737,0.9987373556209196,0.9987373556209197,333,305,hist_gb,vibration_gain_050,7.129177100025117
0.9873737373737373,0.9873148838978582,0.9873148838978582,333,305,hist_gb,vibration_gain_025,7.129177100025117
0.9987373737373737,0.9987373556209196,0.9987373556209198,333,305,hist_gb,electrical_gain_075,7.129177100025117
1.0,1.0,1.0,333,305,hist_gb,electrical_gain_050,7.129177100025117
0.9987373737373737,0.9987373556209196,0.9987373556209198,333,305,hist_gb,electrical_gain_025,7.129177100025117
0.9987373737373737,0.9987373556209196,0.9987373556209197,333,305,hist_gb,vibration_drift_025rms,7.129177100025117
0.9987373737373737,0.9987373556209196,0.9987373556209197,333,305,hist_gb,vibration_drift_050rms,7.129177100025117
1.0,1.0,1.0,333,305,hist_gb,vibration_drift_100rms,7.129177100025117
0.9987373737373737,0.9987373556209196,0.9987373556209197,333,305,hist_gb,electrical_drift_025rms,7.129177100025117
0.9987373737373737,0.9987373556209196,0.9987373556209197,333,305,hist_gb,electrical_drift_050rms,7.129177100025117
0.9962121212121212,0.996216795665899,0.996216795665899,333,305,hist_gb,electrical_drift_100rms,7.129177100025117
1.0,1.0,1.0,333,305,xgboost,clean_reextract,5.664017100003548
0.8737373737373737,0.871921822292261,0.8719218222922611,333,305,xgboost,vibration_missing,5.664017100003548
1.0,1.0,1.0,333,305,xgboost,electrical_missing,5.664017100003548
1.0,1.0,1.0,333,305,xgboost,vibration_gain_075,5.664017100003548
1.0,1.0,1.0,333,305,xgboost,vibration_gain_050,5.664017100003548
0.9974747474747475,0.9974746025368767,0.9974746025368766,333,305,xgboost,vibration_gain_025,5.664017100003548
1.0,1.0,1.0,333,305,xgboost,electrical_gain_075,5.664017100003548
1.0,1.0,1.0,333,305,xgboost,electrical_gain_050,5.664017100003548
1.0,1.0,1.0,333,305,xgboost,electrical_gain_025,5.664017100003548
1.0,1.0,1.0,333,305,xgboost,vibration_drift_025rms,5.664017100003548
1.0,1.0,1.0,333,305,xgboost,vibration_drift_050rms,5.664017100003548
1.0,1.0,1.0,333,305,xgboost,vibration_drift_100rms,5.664017100003548
1.0,1.0,1.0,333,305,xgboost,electrical_drift_025rms,5.664017100003548
1.0,1.0,1.0,333,305,xgboost,electrical_drift_050rms,5.664017100003548
0.9987373737373737,0.9987373556209197,0.9987373556209197,333,305,xgboost,electrical_drift_100rms,5.664017100003548
1.0,1.0,1.0,444,301,lr,clean_reextract,0.15073240001220256
0.9570707070707071,0.9571312502435454,0.9571312502435455,444,301,lr,vibration_missing,0.15073240001220256
0.9861111111111112,0.9861064134771643,0.9861064134771644,444,301,lr,electrical_missing,0.15073240001220256
1.0,1.0,1.0,444,301,lr,vibration_gain_075,0.15073240001220256
1.0,1.0,1.0,444,301,lr,vibration_gain_050,0.15073240001220256
0.9482323232323232,0.948382222845329,0.948382222845329,444,301,lr,vibration_gain_025,0.15073240001220256
1.0,1.0,1.0,444,301,lr,electrical_gain_075,0.15073240001220256
1.0,1.0,1.0,444,301,lr,electrical_gain_050,0.15073240001220256
0.9987373737373737,0.9987373556209196,0.9987373556209198,444,301,lr,electrical_gain_025,0.15073240001220256
1.0,1.0,1.0,444,301,lr,vibration_drift_025rms,0.15073240001220256
1.0,1.0,1.0,444,301,lr,vibration_drift_050rms,0.15073240001220256
1.0,1.0,1.0,444,301,lr,vibration_drift_100rms,0.15073240001220256
1.0,1.0,1.0,444,301,lr,electrical_drift_025rms,0.15073240001220256
1.0,1.0,1.0,444,301,lr,electrical_drift_050rms,0.15073240001220256
0.6843434343434344,0.6393432932902879,0.6393432932902879,444,301,lr,electrical_drift_100rms,0.15073240001220256
1.0,1.0,1.0,444,301,svm_rbf,clean_reextract,0.9623534999554977
0.9116161616161617,0.9115209822864289,0.9115209822864289,444,301,svm_rbf,vibration_missing,0.9623534999554977
0.9785353535353535,0.9784474473104979,0.9784474473104979,444,301,svm_rbf,electrical_missing,0.9623534999554977
1.0,1.0,1.0,444,301,svm_rbf,vibration_gain_075,0.9623534999554977
0.9987373737373737,0.9987373556209196,0.9987373556209198,444,301,svm_rbf,vibration_gain_050,0.9623534999554977
0.9823232323232324,0.9823097448323899,0.9823097448323898,444,301,svm_rbf,vibration_gain_025,0.9623534999554977
0.1691919191919192,0.05269746711129817,0.05269746711129818,444,301,svm_rbf,electrical_gain_075,0.9623534999554977
0.9659090909090909,0.9665594138951485,0.9665594138951485,444,301,svm_rbf,electrical_gain_050,0.9623534999554977
0.2159090909090909,0.12111088950937376,0.12111088950937375,444,301,svm_rbf,electrical_gain_025,0.9623534999554977
1.0,1.0,1.0,444,301,svm_rbf,vibration_drift_025rms,0.9623534999554977
1.0,1.0,1.0,444,301,svm_rbf,vibration_drift_050rms,0.9623534999554977
1.0,1.0,1.0,444,301,svm_rbf,vibration_drift_100rms,0.9623534999554977
1.0,1.0,1.0,444,301,svm_rbf,electrical_drift_025rms,0.9623534999554977
0.9987373737373737,0.9987373556209197,0.9987373556209197,444,301,svm_rbf,electrical_drift_050rms,0.9623534999554977
0.6717171717171717,0.6208407483616202,0.6208407483616202,444,301,svm_rbf,electrical_drift_100rms,0.9623534999554977
0.9924242424242424,0.9924232499664146,0.9924232499664146,444,301,knn,clean_reextract,0.0019411001121625304
0.5340909090909091,0.5402127925527364,0.5402127925527364,444,301,knn,vibration_missing,0.0019411001121625304
0.9785353535353535,0.9783182322641614,0.9783182322641615,444,301,knn,electrical_missing,0.0019411001121625304
0.9810606060606061,0.9808964782414017,0.9808964782414018,444,301,knn,vibration_gain_075,0.0019411001121625304
0.9431818181818182,0.9414309907091757,0.9414309907091756,444,301,knn,vibration_gain_050,0.0019411001121625304
0.8712121212121212,0.8601693192310215,0.8601693192310212,444,301,knn,vibration_gain_025,0.0019411001121625304
0.4898989898989899,0.46797112810833497,0.4679711281083349,444,301,knn,electrical_gain_075,0.0019411001121625304
0.9595959595959596,0.9591208334223706,0.9591208334223706,444,301,knn,electrical_gain_050,0.0019411001121625304
0.5883838383838383,0.519560682262386,0.519560682262386,444,301,knn,electrical_gain_025,0.0019411001121625304
0.9924242424242424,0.9924232499664146,0.9924232499664146,444,301,knn,vibration_drift_025rms,0.0019411001121625304
0.9911616161616161,0.9911596128972837,0.9911596128972838,444,301,knn,vibration_drift_050rms,0.0019411001121625304
0.98989898989899,0.9899201753353379,0.9899201753353379,444,301,knn,vibration_drift_100rms,0.0019411001121625304
0.9924242424242424,0.9924229377837192,0.9924229377837194,444,301,knn,electrical_drift_025rms,0.0019411001121625304
0.9797979797979798,0.979771891243543,0.9797718912435429,444,301,knn,electrical_drift_050rms,0.0019411001121625304
0.9356060606060606,0.9345740792349471,0.9345740792349471,444,301,knn,electrical_drift_100rms,0.0019411001121625304
0.9507575757575758,0.9502689875540432,0.9502689875540432,444,301,gnb,clean_reextract,0.0034317999379709363
0.29797979797979796,0.14948465325508917,0.14948465325508917,444,301,gnb,vibration_missing,0.0034317999379709363
0.9015151515151515,0.899735235193941,0.899735235193941,444,301,gnb,electrical_missing,0.0034317999379709363
0.9242424242424242,0.9227376376616259,0.9227376376616258,444,301,gnb,vibration_gain_075,0.0034317999379709363
0.8459595959595959,0.8435618336306628,0.8435618336306627,444,301,gnb,vibration_gain_050,0.0034317999379709363
0.6742424242424242,0.6123771300519936,0.6123771300519936,444,301,gnb,vibration_gain_025,0.0034317999379709363
0.9356060606060606,0.9351646671810426,0.9351646671810427,444,301,gnb,electrical_gain_075,0.0034317999379709363
0.9204545454545454,0.9198156936376273,0.9198156936376272,444,301,gnb,electrical_gain_050,0.0034317999379709363
0.9053030303030303,0.9035120540906965,0.9035120540906963,444,301,gnb,electrical_gain_025,0.0034317999379709363
0.9532828282828283,0.9528525151375709,0.9528525151375709,444,301,gnb,vibration_drift_025rms,0.0034317999379709363
0.9595959595959596,0.9592705211809749,0.9592705211809749,444,301,gnb,vibration_drift_050rms,0.0034317999379709363
0.9696969696969697,0.9693435819958568,0.9693435819958569,444,301,gnb,vibration_drift_100rms,0.0034317999379709363
0.9494949494949495,0.9489732596476538,0.9489732596476538,444,301,gnb,electrical_drift_025rms,0.0034317999379709363
0.9532828282828283,0.952815166363412,0.9528151663634118,444,301,gnb,electrical_drift_050rms,0.0034317999379709363
0.9570707070707071,0.9576891110863506,0.9576891110863507,444,301,gnb,electrical_drift_100rms,0.0034317999379709363
1.0,1.0,1.0,444,301,lda,clean_reextract,0.015154199907556176
0.6237373737373737,0.583064152302557,0.5830641523025569,444,301,lda,vibration_missing,0.015154199907556176
0.9646464646464646,0.9645471363009318,0.9645471363009319,444,301,lda,electrical_missing,0.015154199907556176
1.0,1.0,1.0,444,301,lda,vibration_gain_075,0.015154199907556176
0.9974747474747475,0.9974746025368767,0.9974746025368766,444,301,lda,vibration_gain_050,0.015154199907556176
0.9305555555555556,0.9281658747213815,0.9281658747213815,444,301,lda,vibration_gain_025,0.015154199907556176
1.0,1.0,1.0,444,301,lda,electrical_gain_075,0.015154199907556176
1.0,1.0,1.0,444,301,lda,electrical_gain_050,0.015154199907556176
1.0,1.0,1.0,444,301,lda,electrical_gain_025,0.015154199907556176
1.0,1.0,1.0,444,301,lda,vibration_drift_025rms,0.015154199907556176
1.0,1.0,1.0,444,301,lda,vibration_drift_050rms,0.015154199907556176
1.0,1.0,1.0,444,301,lda,vibration_drift_100rms,0.015154199907556176
1.0,1.0,1.0,444,301,lda,electrical_drift_025rms,0.015154199907556176
1.0,1.0,1.0,444,301,lda,electrical_drift_050rms,0.015154199907556176
0.8497474747474747,0.8111060393936192,0.8111060393936195,444,301,lda,electrical_drift_100rms,0.015154199907556176
0.9810606060606061,0.9809390381503156,0.9809390381503156,444,301,cart,clean_reextract,0.2780282999156043
0.7462121212121212,0.7455099616631674,0.7455099616631674,444,301,cart,vibration_missing,0.2780282999156043
0.9684343434343434,0.9680194531414889,0.9680194531414889,444,301,cart,electrical_missing,0.2780282999156043
0.9848484848484849,0.9847940180712177,0.9847940180712177,444,301,cart,vibration_gain_075,0.2780282999156043
0.9696969696969697,0.9696024663673647,0.9696024663673647,444,301,cart,vibration_gain_050,0.2780282999156043
0.5858585858585859,0.5419679819229289,0.541967981922929,444,301,cart,vibration_gain_025,0.2780282999156043
0.9835858585858586,0.9835560499149426,0.9835560499149426,444,301,cart,electrical_gain_075,0.2780282999156043
0.9835858585858586,0.9835560499149426,0.9835560499149426,444,301,cart,electrical_gain_050,0.2780282999156043
0.9835858585858586,0.9835560499149426,0.9835560499149426,444,301,cart,electrical_gain_025,0.2780282999156043
0.9797979797979798,0.9797760380064041,0.9797760380064042,444,301,cart,vibration_drift_025rms,0.2780282999156043
0.9747474747474747,0.9747251455662145,0.9747251455662145,444,301,cart,vibration_drift_050rms,0.2780282999156043
0.9583333333333334,0.9584728681113122,0.9584728681113119,444,301,cart,vibration_drift_100rms,0.2780282999156043
0.9797979797979798,0.9796198860341635,0.9796198860341635,444,301,cart,electrical_drift_025rms,0.2780282999156043
0.9747474747474747,0.9744205110243436,0.9744205110243436,444,301,cart,electrical_drift_050rms,0.2780282999156043
0.976010101010101,0.9756349218952213,0.9756349218952213,444,301,cart,electrical_drift_100rms,0.2780282999156043
1.0,1.0,1.0,444,301,rf,clean_reextract,7.496972299995832
0.8118686868686869,0.8117971494232209,0.8117971494232209,444,301,rf,vibration_missing,7.496972299995832
0.9987373737373737,0.9987373556209197,0.9987373556209197,444,301,rf,electrical_missing,7.496972299995832
1.0,1.0,1.0,444,301,rf,vibration_gain_075,7.496972299995832
1.0,1.0,1.0,444,301,rf,vibration_gain_050,7.496972299995832
0.76010101010101,0.7381787705636277,0.7381787705636278,444,301,rf,vibration_gain_025,7.496972299995832
1.0,1.0,1.0,444,301,rf,electrical_gain_075,7.496972299995832
1.0,1.0,1.0,444,301,rf,electrical_gain_050,7.496972299995832
1.0,1.0,1.0,444,301,rf,electrical_gain_025,7.496972299995832
1.0,1.0,1.0,444,301,rf,vibration_drift_025rms,7.496972299995832
1.0,1.0,1.0,444,301,rf,vibration_drift_050rms,7.496972299995832
1.0,1.0,1.0,444,301,rf,vibration_drift_100rms,7.496972299995832
1.0,1.0,1.0,444,301,rf,electrical_drift_025rms,7.496972299995832
1.0,1.0,1.0,444,301,rf,electrical_drift_050rms,7.496972299995832
1.0,1.0,1.0,444,301,rf,electrical_drift_100rms,7.496972299995832
1.0,1.0,1.0,444,301,extra_trees,clean_reextract,1.3190815000561997
0.8068181818181818,0.8042497936078221,0.8042497936078221,444,301,extra_trees,vibration_missing,1.3190815000561997
0.9962121212121212,0.9962072293546562,0.9962072293546564,444,301,extra_trees,electrical_missing,1.3190815000561997
1.0,1.0,1.0,444,301,extra_trees,vibration_gain_075,1.3190815000561997
1.0,1.0,1.0,444,301,extra_trees,vibration_gain_050,1.3190815000561997
0.952020202020202,0.9514667385914456,0.9514667385914455,444,301,extra_trees,vibration_gain_025,1.3190815000561997
1.0,1.0,1.0,444,301,extra_trees,electrical_gain_075,1.3190815000561997
1.0,1.0,1.0,444,301,extra_trees,electrical_gain_050,1.3190815000561997
1.0,1.0,1.0,444,301,extra_trees,electrical_gain_025,1.3190815000561997
1.0,1.0,1.0,444,301,extra_trees,vibration_drift_025rms,1.3190815000561997
1.0,1.0,1.0,444,301,extra_trees,vibration_drift_050rms,1.3190815000561997
1.0,1.0,1.0,444,301,extra_trees,vibration_drift_100rms,1.3190815000561997
1.0,1.0,1.0,444,301,extra_trees,electrical_drift_025rms,1.3190815000561997
1.0,1.0,1.0,444,301,extra_trees,electrical_drift_050rms,1.3190815000561997
1.0,1.0,1.0,444,301,extra_trees,electrical_drift_100rms,1.3190815000561997
0.9962121212121212,0.996212012922039,0.996212012922039,444,301,hist_gb,clean_reextract,6.72099739999976
0.8674242424242424,0.8654340477208269,0.865434047720827,444,301,hist_gb,vibration_missing,6.72099739999976
0.9835858585858586,0.9835639824198176,0.9835639824198176,444,301,hist_gb,electrical_missing,6.72099739999976
0.9987373737373737,0.9987373556209197,0.9987373556209197,444,301,hist_gb,vibration_gain_075,6.72099739999976
1.0,1.0,1.0,444,301,hist_gb,vibration_gain_050,6.72099739999976
0.9292929292929293,0.9285596126459507,0.9285596126459507,444,301,hist_gb,vibration_gain_025,6.72099739999976
0.9936868686868687,0.993686504267609,0.9936865042676088,444,301,hist_gb,electrical_gain_075,6.72099739999976
0.9949494949494949,0.9949493500116239,0.994949350011624,444,301,hist_gb,electrical_gain_050,6.72099739999976
0.9911616161616161,0.9911598258730133,0.9911598258730133,444,301,hist_gb,electrical_gain_025,6.72099739999976
0.9974747474747475,0.9974747293582934,0.9974747293582934,444,301,hist_gb,vibration_drift_025rms,6.72099739999976
0.9987373737373737,0.9987373556209197,0.9987373556209197,444,301,hist_gb,vibration_drift_050rms,6.72099739999976
0.9987373737373737,0.9987373556209197,0.9987373556209197,444,301,hist_gb,vibration_drift_100rms,6.72099739999976
0.9962121212121212,0.996212012922039,0.996212012922039,444,301,hist_gb,electrical_drift_025rms,6.72099739999976
0.9924242424242424,0.9924233661075766,0.9924233661075766,444,301,hist_gb,electrical_drift_050rms,6.72099739999976
0.9886363636363636,0.9886331833592021,0.9886331833592022,444,301,hist_gb,electrical_drift_100rms,6.72099739999976
0.9987373737373737,0.9987373556209197,0.9987373556209197,444,301,xgboost,clean_reextract,5.3848584999796
0.8686868686868687,0.866447858733487,0.8664478587334866,444,301,xgboost,vibration_missing,5.3848584999796
0.9873737373737373,0.9873656943284136,0.9873656943284136,444,301,xgboost,electrical_missing,5.3848584999796
1.0,1.0,1.0,444,301,xgboost,vibration_gain_075,5.3848584999796
1.0,1.0,1.0,444,301,xgboost,vibration_gain_050,5.3848584999796
0.8838383838383839,0.8766920581670363,0.8766920581670362,444,301,xgboost,vibration_gain_025,5.3848584999796
0.9962121212121212,0.9962120120985164,0.9962120120985165,444,301,xgboost,electrical_gain_075,5.3848584999796
0.9962121212121212,0.9962120120985164,0.9962120120985165,444,301,xgboost,electrical_gain_050,5.3848584999796
0.9962121212121212,0.9962120120985164,0.9962120120985165,444,301,xgboost,electrical_gain_025,5.3848584999796
0.9987373737373737,0.9987373556209197,0.9987373556209197,444,301,xgboost,vibration_drift_025rms,5.3848584999796
1.0,1.0,1.0,444,301,xgboost,vibration_drift_050rms,5.3848584999796
0.9974747474747475,0.9974747293582934,0.9974747293582934,444,301,xgboost,vibration_drift_100rms,5.3848584999796
0.9987373737373737,0.9987373556209197,0.9987373556209197,444,301,xgboost,electrical_drift_025rms,5.3848584999796
0.9974747474747475,0.9974747293582934,0.9974747293582934,444,301,xgboost,electrical_drift_050rms,5.3848584999796
0.9949494949494949,0.9949494224836789,0.994949422483679,444,301,xgboost,electrical_drift_100rms,5.3848584999796
1.0,1.0,1.0,444,302,lr,clean_reextract,0.15968469996005297
0.9696969696969697,0.9696834141621055,0.9696834141621055,444,302,lr,vibration_missing,0.15968469996005297
0.9873737373737373,0.98737065670288,0.98737065670288,444,302,lr,electrical_missing,0.15968469996005297
1.0,1.0,1.0,444,302,lr,vibration_gain_075,0.15968469996005297
1.0,1.0,1.0,444,302,lr,vibration_gain_050,0.15968469996005297
0.9671717171717171,0.9667828342303206,0.9667828342303205,444,302,lr,vibration_gain_025,0.15968469996005297
1.0,1.0,1.0,444,302,lr,electrical_gain_075,0.15968469996005297
1.0,1.0,1.0,444,302,lr,electrical_gain_050,0.15968469996005297
0.9949494949494949,0.9949483352468427,0.9949483352468428,444,302,lr,electrical_gain_025,0.15968469996005297
1.0,1.0,1.0,444,302,lr,vibration_drift_025rms,0.15968469996005297
1.0,1.0,1.0,444,302,lr,vibration_drift_050rms,0.15968469996005297
1.0,1.0,1.0,444,302,lr,vibration_drift_100rms,0.15968469996005297
1.0,1.0,1.0,444,302,lr,electrical_drift_025rms,0.15968469996005297
1.0,1.0,1.0,444,302,lr,electrical_drift_050rms,0.15968469996005297
0.6603535353535354,0.6055317399650676,0.6055317399650677,444,302,lr,electrical_drift_100rms,0.15968469996005297
0.9987373737373737,0.9987373556209197,0.9987373556209197,444,302,svm_rbf,clean_reextract,0.961135599995032
0.9532828282828283,0.9531846336104906,0.9531846336104904,444,302,svm_rbf,vibration_missing,0.961135599995032
0.9810606060606061,0.9810206718039233,0.9810206718039232,444,302,svm_rbf,electrical_missing,0.961135599995032
1.0,1.0,1.0,444,302,svm_rbf,vibration_gain_075,0.961135599995032
0.9987373737373737,0.9987373556209196,0.9987373556209198,444,302,svm_rbf,vibration_gain_050,0.961135599995032
0.9835858585858586,0.9836570343882559,0.9836570343882559,444,302,svm_rbf,vibration_gain_025,0.961135599995032
0.16666666666666666,0.047619047619047616,0.04761904761904762,444,302,svm_rbf,electrical_gain_075,0.961135599995032
0.9924242424242424,0.9924203273040483,0.9924203273040482,444,302,svm_rbf,electrical_gain_050,0.961135599995032
0.17045454545454544,0.05546063760687071,0.055460637606870714,444,302,svm_rbf,electrical_gain_025,0.961135599995032
0.9987373737373737,0.9987373556209197,0.9987373556209197,444,302,svm_rbf,vibration_drift_025rms,0.961135599995032
0.9987373737373737,0.9987373556209197,0.9987373556209197,444,302,svm_rbf,vibration_drift_050rms,0.961135599995032
0.9974747474747475,0.9974746025368765,0.9974746025368766,444,302,svm_rbf,vibration_drift_100rms,0.961135599995032
0.9974747474747475,0.9974746025368765,0.9974746025368766,444,302,svm_rbf,electrical_drift_025rms,0.961135599995032
0.9962121212121212,0.9962120120985164,0.9962120120985165,444,302,svm_rbf,electrical_drift_050rms,0.961135599995032
0.6843434343434344,0.640860102706873,0.640860102706873,444,302,svm_rbf,electrical_drift_100rms,0.961135599995032
0.9962121212121212,0.9962168677230734,0.9962168677230734,444,302,knn,clean_reextract,0.0017393999733030796
0.5303030303030303,0.5324757536259314,0.5324757536259314,444,302,knn,vibration_missing,0.0017393999733030796
0.9810606060606061,0.9809058151381885,0.9809058151381885,444,302,knn,electrical_missing,0.0017393999733030796
0.9797979797979798,0.9796337002237786,0.9796337002237786,444,302,knn,vibration_gain_075,0.0017393999733030796
0.9444444444444444,0.9421254309270015,0.9421254309270014,444,302,knn,vibration_gain_050,0.0017393999733030796
0.8800505050505051,0.8693006748581663,0.8693006748581663,444,302,knn,vibration_gain_025,0.0017393999733030796
0.4797979797979798,0.45375047171355765,0.45375047171355753,444,302,knn,electrical_gain_075,0.0017393999733030796
0.946969696969697,0.9471795029423028,0.9471795029423028,444,302,knn,electrical_gain_050,0.0017393999733030796
0.5845959595959596,0.5180370441116441,0.5180370441116441,444,302,knn,electrical_gain_025,0.0017393999733030796
0.9962121212121212,0.9962168677230734,0.9962168677230734,444,302,knn,vibration_drift_025rms,0.0017393999733030796
0.9936868686868687,0.9937005662983966,0.9937005662983966,444,302,knn,vibration_drift_050rms,0.0017393999733030796
0.9911616161616161,0.9911800421676422,0.9911800421676421,444,302,knn,vibration_drift_100rms,0.0017393999733030796
0.98989898989899,0.9899171004434161,0.9899171004434163,444,302,knn,electrical_drift_025rms,0.0017393999733030796
0.9924242424242424,0.9924286990594527,0.9924286990594526,444,302,knn,electrical_drift_050rms,0.0017393999733030796
0.9646464646464646,0.9645121174930051,0.9645121174930051,444,302,knn,electrical_drift_100rms,0.0017393999733030796
0.9532828282828283,0.9528525151375709,0.9528525151375709,444,302,gnb,clean_reextract,0.0043067000806331635
0.27525252525252525,0.13667559133408802,0.13667559133408802,444,302,gnb,vibration_missing,0.0043067000806331635
0.898989898989899,0.8971030139125742,0.8971030139125742,444,302,gnb,electrical_missing,0.0043067000806331635
0.9255050505050505,0.923890742338052,0.9238907423380519,444,302,gnb,vibration_gain_075,0.0043067000806331635
0.8699494949494949,0.8691012288161469,0.8691012288161469,444,302,gnb,vibration_gain_050,0.0043067000806331635
0.6414141414141414,0.584551429331949,0.5845514293319491,444,302,gnb,vibration_gain_025,0.0043067000806331635
0.9040404040404041,0.9017458697835447,0.9017458697835448,444,302,gnb,electrical_gain_075,0.0043067000806331635
0.8446969696969697,0.8308652067422906,0.8308652067422907,444,302,gnb,electrical_gain_050,0.0043067000806331635
0.7752525252525253,0.7469398159404929,0.7469398159404929,444,302,gnb,electrical_gain_025,0.0043067000806331635
0.9545454545454546,0.9541405491741428,0.9541405491741428,444,302,gnb,vibration_drift_025rms,0.0043067000806331635
0.9595959595959596,0.9592705211809749,0.9592705211809749,444,302,gnb,vibration_drift_050rms,0.0043067000806331635
0.9696969696969697,0.9693347922078699,0.96933479220787,444,302,gnb,vibration_drift_100rms,0.0043067000806331635
0.9494949494949495,0.9489732596476538,0.9489732596476538,444,302,gnb,electrical_drift_025rms,0.0043067000806331635
0.9545454545454546,0.9541459083782818,0.9541459083782817,444,302,gnb,electrical_drift_050rms,0.0043067000806331635
0.9595959595959596,0.9601130479953657,0.9601130479953658,444,302,gnb,electrical_drift_100rms,0.0043067000806331635
1.0,1.0,1.0,444,302,lda,clean_reextract,0.015254399972036481
0.6553030303030303,0.6119770572059561,0.611977057205956,444,302,lda,vibration_missing,0.015254399972036481
0.9646464646464646,0.9645702195933187,0.9645702195933188,444,302,lda,electrical_missing,0.015254399972036481
1.0,1.0,1.0,444,302,lda,vibration_gain_075,0.015254399972036481
0.9987373737373737,0.9987373556209196,0.9987373556209198,444,302,lda,vibration_gain_050,0.015254399972036481
0.9343434343434344,0.9320948004039854,0.9320948004039856,444,302,lda,vibration_gain_025,0.015254399972036481
1.0,1.0,1.0,444,302,lda,electrical_gain_075,0.015254399972036481
1.0,1.0,1.0,444,302,lda,electrical_gain_050,0.015254399972036481
0.9987373737373737,0.9987373556209197,0.9987373556209197,444,302,lda,electrical_gain_025,0.015254399972036481
1.0,1.0,1.0,444,302,lda,vibration_drift_025rms,0.015254399972036481
1.0,1.0,1.0,444,302,lda,vibration_drift_050rms,0.015254399972036481
1.0,1.0,1.0,444,302,lda,vibration_drift_100rms,0.015254399972036481
1.0,1.0,1.0,444,302,lda,electrical_drift_025rms,0.015254399972036481
1.0,1.0,1.0,444,302,lda,electrical_drift_050rms,0.015254399972036481
0.851010101010101,0.8134867704731531,0.8134867704731532,444,302,lda,electrical_drift_100rms,0.015254399972036481
0.9861111111111112,0.9861003036050252,0.9861003036050253,444,302,cart,clean_reextract,0.2816039000172168
0.7272727272727273,0.7283696341099756,0.7283696341099758,444,302,cart,vibration_missing,0.2816039000172168
0.9772727272727273,0.9772453445017429,0.9772453445017429,444,302,cart,electrical_missing,0.2816039000172168
0.9949494949494949,0.994939583158969,0.9949395831589689,444,302,cart,vibration_gain_075,0.2816039000172168
0.9835858585858586,0.9835615879012619,0.9835615879012618,444,302,cart,vibration_gain_050,0.2816039000172168
0.6704545454545454,0.6211129643292521,0.6211129643292521,444,302,cart,vibration_gain_025,0.2816039000172168
0.9911616161616161,0.9911612925081118,0.9911612925081119,444,302,cart,electrical_gain_075,0.2816039000172168
0.9911616161616161,0.9911612925081118,0.9911612925081119,444,302,cart,electrical_gain_050,0.2816039000172168
0.9911616161616161,0.9911612925081118,0.9911612925081119,444,302,cart,electrical_gain_025,0.2816039000172168
0.9810606060606061,0.9810849814281394,0.9810849814281393,444,302,cart,vibration_drift_025rms,0.2816039000172168
0.9886363636363636,0.9886160268754655,0.9886160268754653,444,302,cart,vibration_drift_050rms,0.2816039000172168
0.9381313131313131,0.9372682635279078,0.9372682635279079,444,302,cart,vibration_drift_100rms,0.2816039000172168
0.9861111111111112,0.9861096895627727,0.9861096895627726,444,302,cart,electrical_drift_025rms,0.2816039000172168
0.9772727272727273,0.9772421467347222,0.9772421467347223,444,302,cart,electrical_drift_050rms,0.2816039000172168
0.9772727272727273,0.9770778920666646,0.9770778920666646,444,302,cart,electrical_drift_100rms,0.2816039000172168
1.0,1.0,1.0,444,302,rf,clean_reextract,7.648333900026046
0.8143939393939394,0.8110022665775317,0.8110022665775315,444,302,rf,vibration_missing,7.648333900026046
0.9987373737373737,0.9987373556209197,0.9987373556209197,444,302,rf,electrical_missing,7.648333900026046
1.0,1.0,1.0,444,302,rf,vibration_gain_075,7.648333900026046
1.0,1.0,1.0,444,302,rf,vibration_gain_050,7.648333900026046
0.7866161616161617,0.7711600279524807,0.7711600279524807,444,302,rf,vibration_gain_025,7.648333900026046
1.0,1.0,1.0,444,302,rf,electrical_gain_075,7.648333900026046
1.0,1.0,1.0,444,302,rf,electrical_gain_050,7.648333900026046
0.9987373737373737,0.9987373556209197,0.9987373556209197,444,302,rf,electrical_gain_025,7.648333900026046
1.0,1.0,1.0,444,302,rf,vibration_drift_025rms,7.648333900026046
1.0,1.0,1.0,444,302,rf,vibration_drift_050rms,7.648333900026046
0.9974747474747475,0.9974746025368765,0.9974746025368766,444,302,rf,vibration_drift_100rms,7.648333900026046
1.0,1.0,1.0,444,302,rf,electrical_drift_025rms,7.648333900026046
1.0,1.0,1.0,444,302,rf,electrical_drift_050rms,7.648333900026046
1.0,1.0,1.0,444,302,rf,electrical_drift_100rms,7.648333900026046
1.0,1.0,1.0,444,302,extra_trees,clean_reextract,1.2836088000331074
0.8068181818181818,0.797380801002494,0.797380801002494,444,302,extra_trees,vibration_missing,1.2836088000331074
0.9987373737373737,0.9987373556209197,0.9987373556209197,444,302,extra_trees,electrical_missing,1.2836088000331074
1.0,1.0,1.0,444,302,extra_trees,vibration_gain_075,1.2836088000331074
1.0,1.0,1.0,444,302,extra_trees,vibration_gain_050,1.2836088000331074
0.9558080808080808,0.9555165842406401,0.9555165842406401,444,302,extra_trees,vibration_gain_025,1.2836088000331074
1.0,1.0,1.0,444,302,extra_trees,electrical_gain_075,1.2836088000331074
1.0,1.0,1.0,444,302,extra_trees,electrical_gain_050,1.2836088000331074
1.0,1.0,1.0,444,302,extra_trees,electrical_gain_025,1.2836088000331074
1.0,1.0,1.0,444,302,extra_trees,vibration_drift_025rms,1.2836088000331074
1.0,1.0,1.0,444,302,extra_trees,vibration_drift_050rms,1.2836088000331074
1.0,1.0,1.0,444,302,extra_trees,vibration_drift_100rms,1.2836088000331074
1.0,1.0,1.0,444,302,extra_trees,electrical_drift_025rms,1.2836088000331074
1.0,1.0,1.0,444,302,extra_trees,electrical_drift_050rms,1.2836088000331074
1.0,1.0,1.0,444,302,extra_trees,electrical_drift_100rms,1.2836088000331074
0.9974747474747475,0.9974746025368765,0.9974746025368766,444,302,hist_gb,clean_reextract,7.03992760006804
0.8699494949494949,0.869388341108284,0.8693883411082839,444,302,hist_gb,vibration_missing,7.03992760006804
0.9810606060606061,0.9810461383331969,0.9810461383331969,444,302,hist_gb,electrical_missing,7.03992760006804
0.9987373737373737,0.9987373556209197,0.9987373556209197,444,302,hist_gb,vibration_gain_075,7.03992760006804
0.9987373737373737,0.9987373556209197,0.9987373556209197,444,302,hist_gb,vibration_gain_050,7.03992760006804
0.8901515151515151,0.8804000674723108,0.8804000674723108,444,302,hist_gb,vibration_gain_025,7.03992760006804
0.9949494949494949,0.9949493685429588,0.9949493685429587,444,302,hist_gb,electrical_gain_075,7.03992760006804
0.9949494949494949,0.9949489876326293,0.9949489876326293,444,302,hist_gb,electrical_gain_050,7.03992760006804
0.9886363636363636,0.9886346948520203,0.9886346948520203,444,302,hist_gb,electrical_gain_025,7.03992760006804
0.9974747474747475,0.9974747293582934,0.9974747293582934,444,302,hist_gb,vibration_drift_025rms,7.03992760006804
0.9987373737373737,0.9987373556209197,0.9987373556209197,444,302,hist_gb,vibration_drift_050rms,7.03992760006804
0.9962121212121212,0.9962121030956673,0.9962121030956671,444,302,hist_gb,vibration_drift_100rms,7.03992760006804
0.9962121212121212,0.996212012922039,0.996212012922039,444,302,hist_gb,electrical_drift_025rms,7.03992760006804
0.9936868686868687,0.993686504267609,0.9936865042676088,444,302,hist_gb,electrical_drift_050rms,7.03992760006804
0.9924242424242424,0.9924239138292489,0.9924239138292489,444,302,hist_gb,electrical_drift_100rms,7.03992760006804
0.9987373737373737,0.9987373556209197,0.9987373556209197,444,302,xgboost,clean_reextract,5.6339066999498755
0.8611111111111112,0.8601784006386112,0.8601784006386113,444,302,xgboost,vibration_missing,5.6339066999498755
0.9886363636363636,0.9886610303764831,0.9886610303764831,444,302,xgboost,electrical_missing,5.6339066999498755
1.0,1.0,1.0,444,302,xgboost,vibration_gain_075,5.6339066999498755
1.0,1.0,1.0,444,302,xgboost,vibration_gain_050,5.6339066999498755
0.875,0.8632218699935236,0.8632218699935236,444,302,xgboost,vibration_gain_025,5.6339066999498755
0.9987373737373737,0.9987373556209197,0.9987373556209197,444,302,xgboost,electrical_gain_075,5.6339066999498755
0.9987373737373737,0.9987373556209197,0.9987373556209197,444,302,xgboost,electrical_gain_050,5.6339066999498755
0.9987373737373737,0.9987373556209197,0.9987373556209197,444,302,xgboost,electrical_gain_025,5.6339066999498755
1.0,1.0,1.0,444,302,xgboost,vibration_drift_025rms,5.6339066999498755
1.0,1.0,1.0,444,302,xgboost,vibration_drift_050rms,5.6339066999498755
0.9987373737373737,0.9987373556209197,0.9987373556209197,444,302,xgboost,vibration_drift_100rms,5.6339066999498755
0.9987373737373737,0.9987373556209197,0.9987373556209197,444,302,xgboost,electrical_drift_025rms,5.6339066999498755
0.9974747474747475,0.9974747293582934,0.9974747293582934,444,302,xgboost,electrical_drift_050rms,5.6339066999498755
0.9962121212121212,0.9962121030956673,0.9962121030956671,444,302,xgboost,electrical_drift_100rms,5.6339066999498755
1.0,1.0,1.0,444,303,lr,clean_reextract,0.14361410005949438
0.9545454545454546,0.9546385472527031,0.9546385472527031,444,303,lr,vibration_missing,0.14361410005949438
0.9861111111111112,0.9861077282677804,0.9861077282677803,444,303,lr,electrical_missing,0.14361410005949438
1.0,1.0,1.0,444,303,lr,vibration_gain_075,0.14361410005949438
1.0,1.0,1.0,444,303,lr,vibration_gain_050,0.14361410005949438
0.9532828282828283,0.9534224807847643,0.9534224807847644,444,303,lr,vibration_gain_025,0.14361410005949438
1.0,1.0,1.0,444,303,lr,electrical_gain_075,0.14361410005949438
1.0,1.0,1.0,444,303,lr,electrical_gain_050,0.14361410005949438
0.98989898989899,0.9898897058823529,0.9898897058823529,444,303,lr,electrical_gain_025,0.14361410005949438
1.0,1.0,1.0,444,303,lr,vibration_drift_025rms,0.14361410005949438
1.0,1.0,1.0,444,303,lr,vibration_drift_050rms,0.14361410005949438
1.0,1.0,1.0,444,303,lr,vibration_drift_100rms,0.14361410005949438
1.0,1.0,1.0,444,303,lr,electrical_drift_025rms,0.14361410005949438
1.0,1.0,1.0,444,303,lr,electrical_drift_050rms,0.14361410005949438
0.6944444444444444,0.641973967464558,0.6419739674645581,444,303,lr,electrical_drift_100rms,0.14361410005949438
0.9974747474747475,0.9974746025368765,0.9974746025368766,444,303,svm_rbf,clean_reextract,0.9420768999261782
0.9343434343434344,0.9341711216639195,0.9341711216639196,444,303,svm_rbf,vibration_missing,0.9420768999261782
0.9924242424242424,0.9924222226813048,0.9924222226813046,444,303,svm_rbf,electrical_missing,0.9420768999261782
1.0,1.0,1.0,444,303,svm_rbf,vibration_gain_075,0.9420768999261782
1.0,1.0,1.0,444,303,svm_rbf,vibration_gain_050,0.9420768999261782
0.9911616161616161,0.991178892978838,0.9911788929788379,444,303,svm_rbf,vibration_gain_025,0.9420768999261782
0.16666666666666666,0.047619047619047616,0.04761904761904762,444,303,svm_rbf,electrical_gain_075,0.9420768999261782
0.9848484848484849,0.9848171152518979,0.9848171152518977,444,303,svm_rbf,electrical_gain_050,0.9420768999261782
0.25,0.13612040133779266,0.13612040133779266,444,303,svm_rbf,electrical_gain_025,0.9420768999261782
0.9974747474747475,0.9974746025368765,0.9974746025368766,444,303,svm_rbf,vibration_drift_025rms,0.9420768999261782
0.9962121212121212,0.9962116320117095,0.9962116320117095,444,303,svm_rbf,vibration_drift_050rms,0.9420768999261782
0.9962121212121212,0.9962116320117095,0.9962116320117095,444,303,svm_rbf,vibration_drift_100rms,0.9420768999261782
0.9974747474747475,0.9974746025368765,0.9974746025368766,444,303,svm_rbf,electrical_drift_025rms,0.9420768999261782
0.9949494949494949,0.9949483352468427,0.9949483352468428,444,303,svm_rbf,electrical_drift_050rms,0.9420768999261782
0.7474747474747475,0.718456567784986,0.7184565677849861,444,303,svm_rbf,electrical_drift_100rms,0.9420768999261782
0.9886363636363636,0.9886101983233857,0.9886101983233857,444,303,knn,clean_reextract,0.00184449995867908
0.5593434343434344,0.5613204855232626,0.5613204855232627,444,303,knn,vibration_missing,0.00184449995867908
0.9810606060606061,0.9809699831509419,0.9809699831509419,444,303,knn,electrical_missing,0.00184449995867908
0.976010101010101,0.9757706405705879,0.9757706405705879,444,303,knn,vibration_gain_075,0.00184449995867908
0.9457070707070707,0.9438478979176045,0.9438478979176044,444,303,knn,vibration_gain_050,0.00184449995867908
0.8699494949494949,0.8619429570188623,0.861942957018862,444,303,knn,vibration_gain_025,0.00184449995867908
0.5,0.47358391953348544,0.4735839195334855,444,303,knn,electrical_gain_075,0.00184449995867908
0.9734848484848485,0.973537501443261,0.9735375014432611,444,303,knn,electrical_gain_050,0.00184449995867908
0.6919191919191919,0.6549950501654841,0.654995050165484,444,303,knn,electrical_gain_025,0.00184449995867908
0.9886363636363636,0.9886101983233857,0.9886101983233857,444,303,knn,vibration_drift_025rms,0.00184449995867908
0.98989898989899,0.9898769286294634,0.9898769286294634,444,303,knn,vibration_drift_050rms,0.00184449995867908
0.9785353535353535,0.9783001903581164,0.9783001903581163,444,303,knn,vibration_drift_100rms,0.00184449995867908
0.9848484848484849,0.9847946592226835,0.9847946592226836,444,303,knn,electrical_drift_025rms,0.00184449995867908
0.9886363636363636,0.9886050206797529,0.9886050206797529,444,303,knn,electrical_drift_050rms,0.00184449995867908
0.9532828282828283,0.9526484654470484,0.9526484654470486,444,303,knn,electrical_drift_100rms,0.00184449995867908
0.9532828282828283,0.9528525151375709,0.9528525151375709,444,303,gnb,clean_reextract,0.003349500009790063
0.16666666666666666,0.04793028322440087,0.04793028322440087,444,303,gnb,vibration_missing,0.003349500009790063
0.9040404040404041,0.902327215312209,0.9023272153122092,444,303,gnb,electrical_missing,0.003349500009790063
0.9330808080808081,0.9320100922668666,0.9320100922668664,444,303,gnb,vibration_gain_075,0.003349500009790063
0.8421717171717171,0.8398016175352513,0.8398016175352513,444,303,gnb,vibration_gain_050,0.003349500009790063
0.6654040404040404,0.6081316873170025,0.6081316873170025,444,303,gnb,vibration_gain_025,0.003349500009790063
0.9457070707070707,0.9455871076153036,0.9455871076153038,444,303,gnb,electrical_gain_075,0.003349500009790063
0.9381313131313131,0.9387035865723122,0.9387035865723122,444,303,gnb,electrical_gain_050,0.003349500009790063
0.9217171717171717,0.9222970596284491,0.9222970596284492,444,303,gnb,electrical_gain_025,0.003349500009790063
0.9532828282828283,0.9528525151375709,0.9528525151375709,444,303,gnb,vibration_drift_025rms,0.003349500009790063
0.9608585858585859,0.9605480454137463,0.9605480454137463,444,303,gnb,vibration_drift_050rms,0.003349500009790063
0.9709595959595959,0.9706535873917144,0.9706535873917145,444,303,gnb,vibration_drift_100rms,0.003349500009790063
0.9494949494949495,0.9489732596476538,0.9489732596476538,444,303,gnb,electrical_drift_025rms,0.003349500009790063
0.9558080808080808,0.9554659464077365,0.9554659464077365,444,303,gnb,electrical_drift_050rms,0.003349500009790063
0.9457070707070707,0.9464960511614787,0.9464960511614787,444,303,gnb,electrical_drift_100rms,0.003349500009790063
1.0,1.0,1.0,444,303,lda,clean_reextract,0.01745670009404421
0.6666666666666666,0.6326033312531579,0.6326033312531579,444,303,lda,vibration_missing,0.01745670009404421
0.9621212121212122,0.9620322355967891,0.9620322355967891,444,303,lda,electrical_missing,0.01745670009404421
1.0,1.0,1.0,444,303,lda,vibration_gain_075,0.01745670009404421
0.9987373737373737,0.9987373556209196,0.9987373556209198,444,303,lda,vibration_gain_050,0.01745670009404421
0.9305555555555556,0.9286705651795469,0.9286705651795468,444,303,lda,vibration_gain_025,0.01745670009404421
1.0,1.0,1.0,444,303,lda,electrical_gain_075,0.01745670009404421
1.0,1.0,1.0,444,303,lda,electrical_gain_050,0.01745670009404421
0.9987373737373737,0.9987373556209197,0.9987373556209197,444,303,lda,electrical_gain_025,0.01745670009404421
1.0,1.0,1.0,444,303,lda,vibration_drift_025rms,0.01745670009404421
1.0,1.0,1.0,444,303,lda,vibration_drift_050rms,0.01745670009404421
1.0,1.0,1.0,444,303,lda,vibration_drift_100rms,0.01745670009404421
1.0,1.0,1.0,444,303,lda,electrical_drift_025rms,0.01745670009404421
1.0,1.0,1.0,444,303,lda,electrical_drift_050rms,0.01745670009404421
0.8434343434343434,0.7987804453359523,0.7987804453359522,444,303,lda,electrical_drift_100rms,0.01745670009404421
0.9886363636363636,0.9886448736769041,0.9886448736769041,444,303,cart,clean_reextract,0.28227199998218566
0.7424242424242424,0.7408860549571874,0.7408860549571873,444,303,cart,vibration_missing,0.28227199998218566
0.9785353535353535,0.9785160517155812,0.9785160517155811,444,303,cart,electrical_missing,0.28227199998218566
0.9936868686868687,0.9936770672641267,0.9936770672641269,444,303,cart,vibration_gain_075,0.28227199998218566
0.9797979797979798,0.979927050122563,0.9799270501225629,444,303,cart,vibration_gain_050,0.28227199998218566
0.5808080808080808,0.5239159248557593,0.5239159248557593,444,303,cart,vibration_gain_025,0.28227199998218566
0.9911616161616161,0.9911755678589955,0.9911755678589957,444,303,cart,electrical_gain_075,0.28227199998218566
0.9911616161616161,0.9911755678589955,0.9911755678589957,444,303,cart,electrical_gain_050,0.28227199998218566
0.9911616161616161,0.9911755678589955,0.9911755678589957,444,303,cart,electrical_gain_025,0.28227199998218566
0.9848484848484849,0.9848693027607327,0.9848693027607326,444,303,cart,vibration_drift_025rms,0.28227199998218566
0.98989898989899,0.9898831190606256,0.9898831190606255,444,303,cart,vibration_drift_050rms,0.28227199998218566
0.9444444444444444,0.9439471916629935,0.9439471916629935,444,303,cart,vibration_drift_100rms,0.28227199998218566
0.9835858585858586,0.9835872018977412,0.983587201897741,444,303,cart,electrical_drift_025rms,0.28227199998218566
0.9810606060606061,0.9809816987162546,0.9809816987162546,444,303,cart,electrical_drift_050rms,0.28227199998218566
0.9785353535353535,0.9783942470473727,0.9783942470473727,444,303,cart,electrical_drift_100rms,0.28227199998218566
1.0,1.0,1.0,444,303,rf,clean_reextract,7.461748900008388
0.8093434343434344,0.8108566039329429,0.8108566039329429,444,303,rf,vibration_missing,7.461748900008388
0.9962121212121212,0.9962116320117095,0.9962116320117095,444,303,rf,electrical_missing,7.461748900008388
0.9974747474747475,0.9974746025368765,0.9974746025368766,444,303,rf,vibration_gain_075,7.461748900008388
1.0,1.0,1.0,444,303,rf,vibration_gain_050,7.461748900008388
0.7563131313131313,0.731434158842228,0.731434158842228,444,303,rf,vibration_gain_025,7.461748900008388
1.0,1.0,1.0,444,303,rf,electrical_gain_075,7.461748900008388
1.0,1.0,1.0,444,303,rf,electrical_gain_050,7.461748900008388
1.0,1.0,1.0,444,303,rf,electrical_gain_025,7.461748900008388
1.0,1.0,1.0,444,303,rf,vibration_drift_025rms,7.461748900008388
1.0,1.0,1.0,444,303,rf,vibration_drift_050rms,7.461748900008388
1.0,1.0,1.0,444,303,rf,vibration_drift_100rms,7.461748900008388
1.0,1.0,1.0,444,303,rf,electrical_drift_025rms,7.461748900008388
1.0,1.0,1.0,444,303,rf,electrical_drift_050rms,7.461748900008388
1.0,1.0,1.0,444,303,rf,electrical_drift_100rms,7.461748900008388
1.0,1.0,1.0,444,303,extra_trees,clean_reextract,1.319176199962385
0.8042929292929293,0.8013897740345478,0.8013897740345477,444,303,extra_trees,vibration_missing,1.319176199962385
1.0,1.0,1.0,444,303,extra_trees,electrical_missing,1.319176199962385
1.0,1.0,1.0,444,303,extra_trees,vibration_gain_075,1.319176199962385
1.0,1.0,1.0,444,303,extra_trees,vibration_gain_050,1.319176199962385
0.952020202020202,0.951752804655707,0.951752804655707,444,303,extra_trees,vibration_gain_025,1.319176199962385
1.0,1.0,1.0,444,303,extra_trees,electrical_gain_075,1.319176199962385
1.0,1.0,1.0,444,303,extra_trees,electrical_gain_050,1.319176199962385
1.0,1.0,1.0,444,303,extra_trees,electrical_gain_025,1.319176199962385
1.0,1.0,1.0,444,303,extra_trees,vibration_drift_025rms,1.319176199962385
1.0,1.0,1.0,444,303,extra_trees,vibration_drift_050rms,1.319176199962385
1.0,1.0,1.0,444,303,extra_trees,vibration_drift_100rms,1.319176199962385
1.0,1.0,1.0,444,303,extra_trees,electrical_drift_025rms,1.319176199962385
1.0,1.0,1.0,444,303,extra_trees,electrical_drift_050rms,1.319176199962385
1.0,1.0,1.0,444,303,extra_trees,electrical_drift_100rms,1.319176199962385
0.9974747474747475,0.9974747293582934,0.9974747293582934,444,303,hist_gb,clean_reextract,6.894857000093907
0.8724747474747475,0.8730233138986351,0.8730233138986352,444,303,hist_gb,vibration_missing,6.894857000093907
0.9797979797979798,0.9797878885015426,0.9797878885015426,444,303,hist_gb,electrical_missing,6.894857000093907
1.0,1.0,1.0,444,303,hist_gb,vibration_gain_075,6.894857000093907
1.0,1.0,1.0,444,303,hist_gb,vibration_gain_050,6.894857000093907
0.8636363636363636,0.8414797103403049,0.8414797103403048,444,303,hist_gb,vibration_gain_025,6.894857000093907
0.9861111111111112,0.9861030499493334,0.9861030499493333,444,303,hist_gb,electrical_gain_075,6.894857000093907
0.9848484848484849,0.9848368021969865,0.9848368021969867,444,303,hist_gb,electrical_gain_050,6.894857000093907
0.9848484848484849,0.9848368021969865,0.9848368021969867,444,303,hist_gb,electrical_gain_025,6.894857000093907
0.9987373737373737,0.9987373556209197,0.9987373556209197,444,303,hist_gb,vibration_drift_025rms,6.894857000093907
0.9987373737373737,0.9987373556209197,0.9987373556209197,444,303,hist_gb,vibration_drift_050rms,6.894857000093907
0.9936868686868687,0.9936858762290409,0.9936858762290409,444,303,hist_gb,vibration_drift_100rms,6.894857000093907
0.9974747474747475,0.9974747293582934,0.9974747293582934,444,303,hist_gb,electrical_drift_025rms,6.894857000093907
0.9936868686868687,0.993686504267609,0.9936865042676088,444,303,hist_gb,electrical_drift_050rms,6.894857000093907
0.9911616161616161,0.9911607340683933,0.9911607340683931,444,303,hist_gb,electrical_drift_100rms,6.894857000093907
0.9987373737373737,0.9987373556209197,0.9987373556209197,444,303,xgboost,clean_reextract,5.652703800005838
0.8585858585858586,0.8581836245373492,0.858183624537349,444,303,xgboost,vibration_missing,5.652703800005838
0.9924242424242424,0.9924419278896891,0.9924419278896891,444,303,xgboost,electrical_missing,5.652703800005838
0.9987373737373737,0.9987373556209197,0.9987373556209197,444,303,xgboost,vibration_gain_075,5.652703800005838
1.0,1.0,1.0,444,303,xgboost,vibration_gain_050,5.652703800005838
0.8813131313131313,0.8710861761935926,0.8710861761935927,444,303,xgboost,vibration_gain_025,5.652703800005838
0.9949494949494949,0.99495884344217,0.9949588434421701,444,303,xgboost,electrical_gain_075,5.652703800005838
0.9949494949494949,0.99495884344217,0.9949588434421701,444,303,xgboost,electrical_gain_050,5.652703800005838
0.9949494949494949,0.99495884344217,0.9949588434421701,444,303,xgboost,electrical_gain_025,5.652703800005838
1.0,1.0,1.0,444,303,xgboost,vibration_drift_025rms,5.652703800005838
1.0,1.0,1.0,444,303,xgboost,vibration_drift_050rms,5.652703800005838
0.9987373737373737,0.9987373556209197,0.9987373556209197,444,303,xgboost,vibration_drift_100rms,5.652703800005838
0.9987373737373737,0.9987373556209197,0.9987373556209197,444,303,xgboost,electrical_drift_025rms,5.652703800005838
0.9974747474747475,0.9974747293582934,0.9974747293582934,444,303,xgboost,electrical_drift_050rms,5.652703800005838
0.9962121212121212,0.9962121030956673,0.9962121030956671,444,303,xgboost,electrical_drift_100rms,5.652703800005838
1.0,1.0,1.0,444,304,lr,clean_reextract,0.15087360003963113
0.9684343434343434,0.9685738760458915,0.9685738760458915,444,304,lr,vibration_missing,0.15087360003963113
0.9823232323232324,0.9823505686858575,0.9823505686858575,444,304,lr,electrical_missing,0.15087360003963113
1.0,1.0,1.0,444,304,lr,vibration_gain_075,0.15087360003963113
1.0,1.0,1.0,444,304,lr,vibration_gain_050,0.15087360003963113
0.9608585858585859,0.9605235492948035,0.9605235492948037,444,304,lr,vibration_gain_025,0.15087360003963113
1.0,1.0,1.0,444,304,lr,electrical_gain_075,0.15087360003963113
1.0,1.0,1.0,444,304,lr,electrical_gain_050,0.15087360003963113
0.9974747474747475,0.9974747293582934,0.9974747293582935,444,304,lr,electrical_gain_025,0.15087360003963113
1.0,1.0,1.0,444,304,lr,vibration_drift_025rms,0.15087360003963113
1.0,1.0,1.0,444,304,lr,vibration_drift_050rms,0.15087360003963113
1.0,1.0,1.0,444,304,lr,vibration_drift_100rms,0.15087360003963113
1.0,1.0,1.0,444,304,lr,electrical_drift_025rms,0.15087360003963113
0.9962121212121212,0.9962213626314566,0.9962213626314566,444,304,lr,electrical_drift_050rms,0.15087360003963113
0.6237373737373737,0.585670095427813,0.585670095427813,444,304,lr,electrical_drift_100rms,0.15087360003963113
1.0,1.0,1.0,444,304,svm_rbf,clean_reextract,1.0253987000323832
0.9368686868686869,0.937010079024598,0.937010079024598,444,304,svm_rbf,vibration_missing,1.0253987000323832
0.9810606060606061,0.9809809628921559,0.9809809628921559,444,304,svm_rbf,electrical_missing,1.0253987000323832
1.0,1.0,1.0,444,304,svm_rbf,vibration_gain_075,1.0253987000323832
0.9987373737373737,0.9987373556209196,0.9987373556209198,444,304,svm_rbf,vibration_gain_050,1.0253987000323832
0.9823232323232324,0.9823701328964431,0.9823701328964431,444,304,svm_rbf,vibration_gain_025,1.0253987000323832
0.16666666666666666,0.047619047619047616,0.04761904761904762,444,304,svm_rbf,electrical_gain_075,1.0253987000323832
1.0,1.0,1.0,444,304,svm_rbf,electrical_gain_050,1.0253987000323832
0.2765151515151515,0.17563847054714307,0.17563847054714307,444,304,svm_rbf,electrical_gain_025,1.0253987000323832
1.0,1.0,1.0,444,304,svm_rbf,vibration_drift_025rms,1.0253987000323832
0.9987373737373737,0.9987373556209197,0.9987373556209197,444,304,svm_rbf,vibration_drift_050rms,1.0253987000323832
0.9987373737373737,0.9987373556209197,0.9987373556209197,444,304,svm_rbf,vibration_drift_100rms,1.0253987000323832
1.0,1.0,1.0,444,304,svm_rbf,electrical_drift_025rms,1.0253987000323832
0.9987373737373737,0.9987373556209197,0.9987373556209197,444,304,svm_rbf,electrical_drift_050rms,1.0253987000323832
0.7714646464646465,0.7407180129204871,0.7407180129204872,444,304,svm_rbf,electrical_drift_100rms,1.0253987000323832
0.9949494949494949,0.9949588800899587,0.9949588800899587,444,304,knn,clean_reextract,0.0018011999782174826
0.5189393939393939,0.5206502316259033,0.5206502316259033,444,304,knn,vibration_missing,0.0018011999782174826
0.9810606060606061,0.9808056105017083,0.9808056105017083,444,304,knn,electrical_missing,0.0018011999782174826
0.9797979797979798,0.9796895841554196,0.9796895841554194,444,304,knn,vibration_gain_075,0.0018011999782174826
0.9343434343434344,0.9324410849417887,0.9324410849417888,444,304,knn,vibration_gain_050,0.0018011999782174826
0.8674242424242424,0.8588195886386831,0.8588195886386831,444,304,knn,vibration_gain_025,0.0018011999782174826
0.494949494949495,0.47068832345554973,0.4706883234555497,444,304,knn,electrical_gain_075,0.0018011999782174826
0.976010101010101,0.9758659360264147,0.9758659360264146,444,304,knn,electrical_gain_050,0.0018011999782174826
0.7184343434343434,0.6826683768133845,0.6826683768133847,444,304,knn,electrical_gain_025,0.0018011999782174826
0.9936868686868687,0.9937054960578297,0.9937054960578295,444,304,knn,vibration_drift_025rms,0.0018011999782174826
0.9924242424242424,0.9924430843474635,0.9924430843474636,444,304,knn,vibration_drift_050rms,0.0018011999782174826
0.9873737373737373,0.9874063831706644,0.9874063831706645,444,304,knn,vibration_drift_100rms,0.0018011999782174826
0.9924242424242424,0.9924430843474635,0.9924430843474636,444,304,knn,electrical_drift_025rms,0.0018011999782174826
0.9924242424242424,0.9924239163155927,0.9924239163155925,444,304,knn,electrical_drift_050rms,0.0018011999782174826
0.9621212121212122,0.9619074237202697,0.9619074237202698,444,304,knn,electrical_drift_100rms,0.0018011999782174826
0.9494949494949495,0.9489681247015122,0.9489681247015124,444,304,gnb,clean_reextract,0.0032807999523356557
0.1717171717171717,0.06315253374076904,0.06315253374076904,444,304,gnb,vibration_missing,0.0032807999523356557
0.898989898989899,0.8966081510071423,0.8966081510071422,444,304,gnb,electrical_missing,0.0032807999523356557
0.9242424242424242,0.9225204322495966,0.9225204322495966,444,304,gnb,vibration_gain_075,0.0032807999523356557
0.8282828282828283,0.8162480126676316,0.8162480126676315,444,304,gnb,vibration_gain_050,0.0032807999523356557
0.672979797979798,0.6154472499765844,0.6154472499765845,444,304,gnb,vibration_gain_025,0.0032807999523356557
0.9267676767676768,0.9264904267348402,0.9264904267348403,444,304,gnb,electrical_gain_075,0.0032807999523356557
0.8598484848484849,0.8573576083997967,0.8573576083997968,444,304,gnb,electrical_gain_050,0.0032807999523356557
0.803030303030303,0.7913793407236861,0.7913793407236861,444,304,gnb,electrical_gain_025,0.0032807999523356557
0.9532828282828283,0.9528554267720426,0.9528554267720427,444,304,gnb,vibration_drift_025rms,0.0032807999523356557
0.9558080808080808,0.9554339424148538,0.9554339424148538,444,304,gnb,vibration_drift_050rms,0.0032807999523356557
0.9684343434343434,0.9681471778462695,0.9681471778462697,444,304,gnb,vibration_drift_100rms,0.0032807999523356557
0.9494949494949495,0.9489681247015122,0.9489681247015124,444,304,gnb,electrical_drift_025rms,0.0032807999523356557
0.9482323232323232,0.9478081073006123,0.9478081073006125,444,304,gnb,electrical_drift_050rms,0.0032807999523356557
0.9558080808080808,0.956424835040368,0.9564248350403679,444,304,gnb,electrical_drift_100rms,0.0032807999523356557
1.0,1.0,1.0,444,304,lda,clean_reextract,0.015650499961338937
0.6414141414141414,0.601486446001483,0.6014864460014829,444,304,lda,vibration_missing,0.015650499961338937
0.9633838383838383,0.9632998514918963,0.9632998514918966,444,304,lda,electrical_missing,0.015650499961338937
1.0,1.0,1.0,444,304,lda,vibration_gain_075,0.015650499961338937
0.9974747474747475,0.9974746025368767,0.9974746025368766,444,304,lda,vibration_gain_050,0.015650499961338937
0.9255050505050505,0.922815393646723,0.9228153936467232,444,304,lda,vibration_gain_025,0.015650499961338937
1.0,1.0,1.0,444,304,lda,electrical_gain_075,0.015650499961338937
1.0,1.0,1.0,444,304,lda,electrical_gain_050,0.015650499961338937
0.9974747474747475,0.9974747112418395,0.9974747112418396,444,304,lda,electrical_gain_025,0.015650499961338937
1.0,1.0,1.0,444,304,lda,vibration_drift_025rms,0.015650499961338937
1.0,1.0,1.0,444,304,lda,vibration_drift_050rms,0.015650499961338937
1.0,1.0,1.0,444,304,lda,vibration_drift_100rms,0.015650499961338937
1.0,1.0,1.0,444,304,lda,electrical_drift_025rms,0.015650499961338937
1.0,1.0,1.0,444,304,lda,electrical_drift_050rms,0.015650499961338937
0.8371212121212122,0.7860333616058807,0.7860333616058807,444,304,lda,electrical_drift_100rms,0.015650499961338937
0.9848484848484849,0.9847765326055621,0.984776532605562,444,304,cart,clean_reextract,0.26184190006460994
0.702020202020202,0.7023203895060582,0.7023203895060581,444,304,cart,vibration_missing,0.26184190006460994
0.9810606060606061,0.9809809931459051,0.980980993145905,444,304,cart,electrical_missing,0.26184190006460994
0.9873737373737373,0.9873254557729046,0.9873254557729048,444,304,cart,vibration_gain_075,0.26184190006460994
0.9709595959595959,0.9710882330167258,0.9710882330167255,444,304,cart,vibration_gain_050,0.26184190006460994
0.6464646464646465,0.5898038163628395,0.5898038163628396,444,304,cart,vibration_gain_025,0.26184190006460994
0.9785353535353535,0.9783676651819415,0.9783676651819413,444,304,cart,electrical_gain_075,0.26184190006460994
0.9722222222222222,0.9720556377381703,0.9720556377381703,444,304,cart,electrical_gain_050,0.26184190006460994
0.8156565656565656,0.7619182092548266,0.7619182092548266,444,304,cart,electrical_gain_025,0.26184190006460994
0.9797979797979798,0.9797584296490983,0.9797584296490983,444,304,cart,vibration_drift_025rms,0.26184190006460994
0.9709595959595959,0.9709531937306997,0.9709531937306997,444,304,cart,vibration_drift_050rms,0.26184190006460994
0.9444444444444444,0.944427556042605,0.9444275560426049,444,304,cart,vibration_drift_100rms,0.26184190006460994
0.9848484848484849,0.9847765326055621,0.984776532605562,444,304,cart,electrical_drift_025rms,0.26184190006460994
0.9848484848484849,0.9847765326055621,0.984776532605562,444,304,cart,electrical_drift_050rms,0.26184190006460994
0.9835858585858586,0.983462904766384,0.983462904766384,444,304,cart,electrical_drift_100rms,0.26184190006460994
1.0,1.0,1.0,444,304,rf,clean_reextract,7.47721200005617
0.8194444444444444,0.8210334436531724,0.8210334436531723,444,304,rf,vibration_missing,7.47721200005617
1.0,1.0,1.0,444,304,rf,electrical_missing,7.47721200005617
1.0,1.0,1.0,444,304,rf,vibration_gain_075,7.47721200005617
1.0,1.0,1.0,444,304,rf,vibration_gain_050,7.47721200005617
0.75,0.7260682254538834,0.7260682254538835,444,304,rf,vibration_gain_025,7.47721200005617
1.0,1.0,1.0,444,304,rf,electrical_gain_075,7.47721200005617
1.0,1.0,1.0,444,304,rf,electrical_gain_050,7.47721200005617
1.0,1.0,1.0,444,304,rf,electrical_gain_025,7.47721200005617
1.0,1.0,1.0,444,304,rf,vibration_drift_025rms,7.47721200005617
1.0,1.0,1.0,444,304,rf,vibration_drift_050rms,7.47721200005617
0.9987373737373737,0.9987373556209197,0.9987373556209197,444,304,rf,vibration_drift_100rms,7.47721200005617
1.0,1.0,1.0,444,304,rf,electrical_drift_025rms,7.47721200005617
1.0,1.0,1.0,444,304,rf,electrical_drift_050rms,7.47721200005617
1.0,1.0,1.0,444,304,rf,electrical_drift_100rms,7.47721200005617
1.0,1.0,1.0,444,304,extra_trees,clean_reextract,1.330551299965009
0.7891414141414141,0.7892399793814794,0.7892399793814794,444,304,extra_trees,vibration_missing,1.330551299965009
0.9987373737373737,0.9987373556209197,0.9987373556209197,444,304,extra_trees,electrical_missing,1.330551299965009
1.0,1.0,1.0,444,304,extra_trees,vibration_gain_075,1.330551299965009
1.0,1.0,1.0,444,304,extra_trees,vibration_gain_050,1.330551299965009
0.928030303030303,0.9248793212301614,0.9248793212301616,444,304,extra_trees,vibration_gain_025,1.330551299965009
1.0,1.0,1.0,444,304,extra_trees,electrical_gain_075,1.330551299965009
1.0,1.0,1.0,444,304,extra_trees,electrical_gain_050,1.330551299965009
1.0,1.0,1.0,444,304,extra_trees,electrical_gain_025,1.330551299965009
1.0,1.0,1.0,444,304,extra_trees,vibration_drift_025rms,1.330551299965009
1.0,1.0,1.0,444,304,extra_trees,vibration_drift_050rms,1.330551299965009
1.0,1.0,1.0,444,304,extra_trees,vibration_drift_100rms,1.330551299965009
1.0,1.0,1.0,444,304,extra_trees,electrical_drift_025rms,1.330551299965009
1.0,1.0,1.0,444,304,extra_trees,electrical_drift_050rms,1.330551299965009
1.0,1.0,1.0,444,304,extra_trees,electrical_drift_100rms,1.330551299965009
0.9949494949494949,0.9949493500116239,0.994949350011624,444,304,hist_gb,clean_reextract,7.098871199996211
0.8623737373737373,0.8625129216110556,0.8625129216110556,444,304,hist_gb,vibration_missing,7.098871199996211
0.9810606060606061,0.9810385849566942,0.9810385849566942,444,304,hist_gb,electrical_missing,7.098871199996211
1.0,1.0,1.0,444,304,hist_gb,vibration_gain_075,7.098871199996211
1.0,1.0,1.0,444,304,hist_gb,vibration_gain_050,7.098871199996211
0.9128787878787878,0.9079942010976493,0.9079942010976494,444,304,hist_gb,vibration_gain_025,7.098871199996211
0.9835858585858586,0.9835750788507464,0.9835750788507464,444,304,hist_gb,electrical_gain_075,7.098871199996211
0.9848484848484849,0.9848312382977767,0.9848312382977767,444,304,hist_gb,electrical_gain_050,7.098871199996211
0.9823232323232324,0.9823013380407373,0.9823013380407374,444,304,hist_gb,electrical_gain_025,7.098871199996211
0.9962121212121212,0.9962120120985164,0.9962120120985165,444,304,hist_gb,vibration_drift_025rms,7.098871199996211
0.9974747474747475,0.9974746025368765,0.9974746025368766,444,304,hist_gb,vibration_drift_050rms,7.098871199996211
0.9949494949494949,0.9949493500116239,0.994949350011624,444,304,hist_gb,vibration_drift_100rms,7.098871199996211
0.9949494949494949,0.9949493500116239,0.994949350011624,444,304,hist_gb,electrical_drift_025rms,7.098871199996211
0.9924242424242424,0.9924237532238308,0.9924237532238307,444,304,hist_gb,electrical_drift_050rms,7.098871199996211
0.9924242424242424,0.9924237532238308,0.9924237532238307,444,304,hist_gb,electrical_drift_100rms,7.098871199996211
0.9974747474747475,0.9974747293582934,0.9974747293582934,444,304,xgboost,clean_reextract,5.6746781000401825
0.8547979797979798,0.8548333330482344,0.8548333330482343,444,304,xgboost,vibration_missing,5.6746781000401825
0.9861111111111112,0.986138945044568,0.9861389450445679,444,304,xgboost,electrical_missing,5.6746781000401825
1.0,1.0,1.0,444,304,xgboost,vibration_gain_075,5.6746781000401825
1.0,1.0,1.0,444,304,xgboost,vibration_gain_050,5.6746781000401825
0.8762626262626263,0.8627020186566416,0.8627020186566418,444,304,xgboost,vibration_gain_025,5.6746781000401825
0.9873737373737373,0.9874001149934727,0.9874001149934729,444,304,xgboost,electrical_gain_075,5.6746781000401825
0.9886363636363636,0.9886604887611071,0.988660488761107,444,304,xgboost,electrical_gain_050,5.6746781000401825
0.9873737373737373,0.9874001149934727,0.9874001149934729,444,304,xgboost,electrical_gain_025,5.6746781000401825
0.9974747474747475,0.9974747293582934,0.9974747293582934,444,304,xgboost,vibration_drift_025rms,5.6746781000401825
0.9987373737373737,0.9987373556209197,0.9987373556209197,444,304,xgboost,vibration_drift_050rms,5.6746781000401825
0.9987373737373737,0.9987373556209197,0.9987373556209197,444,304,xgboost,vibration_drift_100rms,5.6746781000401825
0.9974747474747475,0.9974747293582934,0.9974747293582934,444,304,xgboost,electrical_drift_025rms,5.6746781000401825
0.9949494949494949,0.9949493858358901,0.9949493858358903,444,304,xgboost,electrical_drift_050rms,5.6746781000401825
0.9949494949494949,0.9949493858358901,0.9949493858358903,444,304,xgboost,electrical_drift_100rms,5.6746781000401825
1.0,1.0,1.0,444,305,lr,clean_reextract,0.13070009998045862
0.9671717171717171,0.9672360468057716,0.9672360468057716,444,305,lr,vibration_missing,0.13070009998045862
0.9861111111111112,0.9861046030090553,0.9861046030090554,444,305,lr,electrical_missing,0.13070009998045862
1.0,1.0,1.0,444,305,lr,vibration_gain_075,0.13070009998045862
1.0,1.0,1.0,444,305,lr,vibration_gain_050,0.13070009998045862
0.9709595959595959,0.9710154454382973,0.9710154454382973,444,305,lr,vibration_gain_025,0.13070009998045862
1.0,1.0,1.0,444,305,lr,electrical_gain_075,0.13070009998045862
1.0,1.0,1.0,444,305,lr,electrical_gain_050,0.13070009998045862
0.9974747474747475,0.9974746025368767,0.9974746025368766,444,305,lr,electrical_gain_025,0.13070009998045862
1.0,1.0,1.0,444,305,lr,vibration_drift_025rms,0.13070009998045862
1.0,1.0,1.0,444,305,lr,vibration_drift_050rms,0.13070009998045862
1.0,1.0,1.0,444,305,lr,vibration_drift_100rms,0.13070009998045862
1.0,1.0,1.0,444,305,lr,electrical_drift_025rms,0.13070009998045862
0.9987373737373737,0.9987373556209197,0.9987373556209197,444,305,lr,electrical_drift_050rms,0.13070009998045862
0.6944444444444444,0.6429487783226517,0.6429487783226517,444,305,lr,electrical_drift_100rms,0.13070009998045862
1.0,1.0,1.0,444,305,svm_rbf,clean_reextract,0.948831700021401
0.9381313131313131,0.9383353642843354,0.9383353642843353,444,305,svm_rbf,vibration_missing,0.948831700021401
0.9785353535353535,0.9785104940799806,0.9785104940799806,444,305,svm_rbf,electrical_missing,0.948831700021401
1.0,1.0,1.0,444,305,svm_rbf,vibration_gain_075,0.948831700021401
0.9987373737373737,0.9987373556209196,0.9987373556209198,444,305,svm_rbf,vibration_gain_050,0.948831700021401
0.9823232323232324,0.9822567390978549,0.9822567390978549,444,305,svm_rbf,vibration_gain_025,0.948831700021401
0.1856060606060606,0.08241844592622528,0.08241844592622528,444,305,svm_rbf,electrical_gain_075,0.948831700021401
1.0,1.0,1.0,444,305,svm_rbf,electrical_gain_050,0.948831700021401
0.32575757575757575,0.18389077606480272,0.18389077606480272,444,305,svm_rbf,electrical_gain_025,0.948831700021401
1.0,1.0,1.0,444,305,svm_rbf,vibration_drift_025rms,0.948831700021401
1.0,1.0,1.0,444,305,svm_rbf,vibration_drift_050rms,0.948831700021401
0.9987373737373737,0.9987373556209197,0.9987373556209197,444,305,svm_rbf,vibration_drift_100rms,0.948831700021401
0.9987373737373737,0.9987373556209197,0.9987373556209197,444,305,svm_rbf,electrical_drift_025rms,0.948831700021401
0.9936868686868687,0.993667041333377,0.993667041333377,444,305,svm_rbf,electrical_drift_050rms,0.948831700021401
0.7752525252525253,0.7454083931726427,0.7454083931726427,444,305,svm_rbf,electrical_drift_100rms,0.948831700021401
0.9886363636363636,0.9886704680285289,0.9886704680285288,444,305,knn,clean_reextract,0.0022641000105068088
0.5252525252525253,0.5320590515448949,0.5320590515448949,444,305,knn,vibration_missing,0.0022641000105068088
0.9810606060606061,0.9809685679927019,0.9809685679927022,444,305,knn,electrical_missing,0.0022641000105068088
0.9797979797979798,0.9796897365733006,0.9796897365733006,444,305,knn,vibration_gain_075,0.0022641000105068088
0.9419191919191919,0.9406323544539905,0.9406323544539904,444,305,knn,vibration_gain_050,0.0022641000105068088
0.8712121212121212,0.864339063595721,0.8643390635957211,444,305,knn,vibration_gain_025,0.0022641000105068088
0.48358585858585856,0.46898797332746334,0.46898797332746334,444,305,knn,electrical_gain_075,0.0022641000105068088
0.9696969696969697,0.9694143881032963,0.9694143881032963,444,305,knn,electrical_gain_050,0.0022641000105068088
0.648989898989899,0.5946589779936118,0.5946589779936118,444,305,knn,electrical_gain_025,0.0022641000105068088
0.9886363636363636,0.9886704680285289,0.9886704680285288,444,305,knn,vibration_drift_025rms,0.0022641000105068088
0.9886363636363636,0.9886704680285289,0.9886704680285288,444,305,knn,vibration_drift_050rms,0.0022641000105068088
0.9861111111111112,0.9861256163987724,0.9861256163987724,444,305,knn,vibration_drift_100rms,0.0022641000105068088
0.9886363636363636,0.9886327968594371,0.9886327968594372,444,305,knn,electrical_drift_025rms,0.0022641000105068088
0.9886363636363636,0.9886145243839531,0.9886145243839533,444,305,knn,electrical_drift_050rms,0.0022641000105068088
0.9457070707070707,0.9444084878979488,0.9444084878979487,444,305,knn,electrical_drift_100rms,0.0022641000105068088
0.9532828282828283,0.9528082017946627,0.9528082017946625,444,305,gnb,clean_reextract,0.004175900015980005
0.1691919191919192,0.05530978629777872,0.05530978629777871,444,305,gnb,vibration_missing,0.004175900015980005
0.9078282828282829,0.9063963944866891,0.9063963944866892,444,305,gnb,electrical_missing,0.004175900015980005
0.9393939393939394,0.9387226047328348,0.9387226047328346,444,305,gnb,vibration_gain_075,0.004175900015980005
0.8282828282828283,0.8227261392088776,0.8227261392088776,444,305,gnb,vibration_gain_050,0.004175900015980005
0.6578282828282829,0.6007274054971292,0.6007274054971291,444,305,gnb,vibration_gain_025,0.004175900015980005
0.9343434343434344,0.9343802456602835,0.9343802456602837,444,305,gnb,electrical_gain_075,0.004175900015980005
0.898989898989899,0.8988423955816075,0.8988423955816075,444,305,gnb,electrical_gain_050,0.004175900015980005
0.8497474747474747,0.8462051623265164,0.8462051623265165,444,305,gnb,electrical_gain_025,0.004175900015980005
0.9545454545454546,0.9541139357779084,0.9541139357779085,444,305,gnb,vibration_drift_025rms,0.004175900015980005
0.9621212121212122,0.9617794956474178,0.9617794956474178,444,305,gnb,vibration_drift_050rms,0.004175900015980005
0.9709595959595959,0.97060060280806,0.9706006028080602,444,305,gnb,vibration_drift_100rms,0.004175900015980005
0.952020202020202,0.9515354201350972,0.9515354201350973,444,305,gnb,electrical_drift_025rms,0.004175900015980005
0.9545454545454546,0.95422053682491,0.95422053682491,444,305,gnb,electrical_drift_050rms,0.004175900015980005
0.9532828282828283,0.9540080461112125,0.9540080461112125,444,305,gnb,electrical_drift_100rms,0.004175900015980005
1.0,1.0,1.0,444,305,lda,clean_reextract,0.017066100030206144
0.6452020202020202,0.6062721505534131,0.6062721505534131,444,305,lda,vibration_missing,0.017066100030206144
0.9646464646464646,0.9645515271842741,0.9645515271842741,444,305,lda,electrical_missing,0.017066100030206144
1.0,1.0,1.0,444,305,lda,vibration_gain_075,0.017066100030206144
0.9987373737373737,0.9987373556209196,0.9987373556209198,444,305,lda,vibration_gain_050,0.017066100030206144
0.9330808080808081,0.9304002903012466,0.9304002903012468,444,305,lda,vibration_gain_025,0.017066100030206144
1.0,1.0,1.0,444,305,lda,electrical_gain_075,0.017066100030206144
1.0,1.0,1.0,444,305,lda,electrical_gain_050,0.017066100030206144
0.9987373737373737,0.9987373556209197,0.9987373556209197,444,305,lda,electrical_gain_025,0.017066100030206144
1.0,1.0,1.0,444,305,lda,vibration_drift_025rms,0.017066100030206144
1.0,1.0,1.0,444,305,lda,vibration_drift_050rms,0.017066100030206144
1.0,1.0,1.0,444,305,lda,vibration_drift_100rms,0.017066100030206144
1.0,1.0,1.0,444,305,lda,electrical_drift_025rms,0.017066100030206144
1.0,1.0,1.0,444,305,lda,electrical_drift_050rms,0.017066100030206144
0.851010101010101,0.8134867704731531,0.8134867704731532,444,305,lda,electrical_drift_100rms,0.017066100030206144
0.9734848484848485,0.9735466687362432,0.9735466687362432,444,305,cart,clean_reextract,0.2684410000219941
0.7335858585858586,0.7351218724296252,0.7351218724296253,444,305,cart,vibration_missing,0.2684410000219941
0.9646464646464646,0.9644991963790855,0.9644991963790857,444,305,cart,electrical_missing,0.2684410000219941
0.9911616161616161,0.9911607645946887,0.9911607645946886,444,305,cart,vibration_gain_075,0.2684410000219941
0.9696969696969697,0.9698433498270039,0.9698433498270039,444,305,cart,vibration_gain_050,0.2684410000219941
0.6287878787878788,0.5447836750762574,0.5447836750762574,444,305,cart,vibration_gain_025,0.2684410000219941
0.9696969696969697,0.9696954120281781,0.9696954120281783,444,305,cart,electrical_gain_075,0.2684410000219941
0.9671717171717171,0.9671094031024036,0.9671094031024036,444,305,cart,electrical_gain_050,0.2684410000219941
0.9671717171717171,0.9671424394485345,0.9671424394485345,444,305,cart,electrical_gain_025,0.2684410000219941
0.9684343434343434,0.9686166496163483,0.9686166496163484,444,305,cart,vibration_drift_025rms,0.2684410000219941
0.9722222222222222,0.9722367277171999,0.9722367277171998,444,305,cart,vibration_drift_050rms,0.2684410000219941
0.9646464646464646,0.9645786963830498,0.9645786963830497,444,305,cart,vibration_drift_100rms,0.2684410000219941
0.9772727272727273,0.9773224251488627,0.9773224251488627,444,305,cart,electrical_drift_025rms,0.2684410000219941
0.9646464646464646,0.964422205726453,0.9644222057264529,444,305,cart,electrical_drift_050rms,0.2684410000219941
0.9646464646464646,0.9643362219619789,0.9643362219619788,444,305,cart,electrical_drift_100rms,0.2684410000219941
1.0,1.0,1.0,444,305,rf,clean_reextract,7.439479599939659
0.8257575757575758,0.8262378851053492,0.8262378851053492,444,305,rf,vibration_missing,7.439479599939659
0.9949494949494949,0.9949483352468427,0.9949483352468428,444,305,rf,electrical_missing,7.439479599939659
1.0,1.0,1.0,444,305,rf,vibration_gain_075,7.439479599939659
1.0,1.0,1.0,444,305,rf,vibration_gain_050,7.439479599939659
0.7752525252525253,0.7561070680624944,0.7561070680624943,444,305,rf,vibration_gain_025,7.439479599939659
1.0,1.0,1.0,444,305,rf,electrical_gain_075,7.439479599939659
1.0,1.0,1.0,444,305,rf,electrical_gain_050,7.439479599939659
0.9974747474747475,0.9974746025368765,0.9974746025368766,444,305,rf,electrical_gain_025,7.439479599939659
1.0,1.0,1.0,444,305,rf,vibration_drift_025rms,7.439479599939659
1.0,1.0,1.0,444,305,rf,vibration_drift_050rms,7.439479599939659
0.9987373737373737,0.9987373556209197,0.9987373556209197,444,305,rf,vibration_drift_100rms,7.439479599939659
1.0,1.0,1.0,444,305,rf,electrical_drift_025rms,7.439479599939659
1.0,1.0,1.0,444,305,rf,electrical_drift_050rms,7.439479599939659
1.0,1.0,1.0,444,305,rf,electrical_drift_100rms,7.439479599939659
1.0,1.0,1.0,444,305,extra_trees,clean_reextract,1.3167069000191987
0.7878787878787878,0.7844504961833211,0.7844504961833211,444,305,extra_trees,vibration_missing,1.3167069000191987
0.9962121212121212,0.9962072474711103,0.9962072474711104,444,305,extra_trees,electrical_missing,1.3167069000191987
1.0,1.0,1.0,444,305,extra_trees,vibration_gain_075,1.3167069000191987
1.0,1.0,1.0,444,305,extra_trees,vibration_gain_050,1.3167069000191987
0.9444444444444444,0.943505479466851,0.9435054794668509,444,305,extra_trees,vibration_gain_025,1.3167069000191987
1.0,1.0,1.0,444,305,extra_trees,electrical_gain_075,1.3167069000191987
1.0,1.0,1.0,444,305,extra_trees,electrical_gain_050,1.3167069000191987
1.0,1.0,1.0,444,305,extra_trees,electrical_gain_025,1.3167069000191987
1.0,1.0,1.0,444,305,extra_trees,vibration_drift_025rms,1.3167069000191987
1.0,1.0,1.0,444,305,extra_trees,vibration_drift_050rms,1.3167069000191987
1.0,1.0,1.0,444,305,extra_trees,vibration_drift_100rms,1.3167069000191987
1.0,1.0,1.0,444,305,extra_trees,electrical_drift_025rms,1.3167069000191987
1.0,1.0,1.0,444,305,extra_trees,electrical_drift_050rms,1.3167069000191987
1.0,1.0,1.0,444,305,extra_trees,electrical_drift_100rms,1.3167069000191987
0.9949494949494949,0.9949493500116239,0.994949350011624,444,305,hist_gb,clean_reextract,6.94118049996905
0.8674242424242424,0.8665031926086543,0.866503192608654,444,305,hist_gb,vibration_missing,6.94118049996905
0.9785353535353535,0.9785165421669829,0.9785165421669831,444,305,hist_gb,electrical_missing,6.94118049996905
0.9974747474747475,0.9974747293582934,0.9974747293582934,444,305,hist_gb,vibration_gain_075,6.94118049996905
0.9987373737373737,0.9987373556209197,0.9987373556209197,444,305,hist_gb,vibration_gain_050,6.94118049996905
0.8674242424242424,0.8480708122668518,0.8480708122668517,444,305,hist_gb,vibration_gain_025,6.94118049996905
0.9886363636363636,0.9886351858172574,0.9886351858172574,444,305,hist_gb,electrical_gain_075,6.94118049996905
0.98989898989899,0.9898978301963376,0.9898978301963377,444,305,hist_gb,electrical_gain_050,6.94118049996905
0.9886363636363636,0.9886351858172574,0.9886351858172574,444,305,hist_gb,electrical_gain_025,6.94118049996905
0.9949494949494949,0.9949493858358901,0.9949493858358903,444,305,hist_gb,vibration_drift_025rms,6.94118049996905
0.9974747474747475,0.9974746025368765,0.9974746025368766,444,305,hist_gb,vibration_drift_050rms,6.94118049996905
0.9936868686868687,0.9936865606946729,0.9936865606946728,444,305,hist_gb,vibration_drift_100rms,6.94118049996905
0.9936868686868687,0.993686504267609,0.9936865042676088,444,305,hist_gb,electrical_drift_025rms,6.94118049996905
0.9911616161616161,0.9911607340683933,0.9911607340683931,444,305,hist_gb,electrical_drift_050rms,6.94118049996905
0.98989898989899,0.9898794401549275,0.9898794401549275,444,305,hist_gb,electrical_drift_100rms,6.94118049996905
0.9987373737373737,0.9987373556209197,0.9987373556209197,444,305,xgboost,clean_reextract,5.703621200053021
0.8787878787878788,0.8782804932234928,0.8782804932234928,444,305,xgboost,vibration_missing,5.703621200053021
0.9886363636363636,0.9886345572349514,0.9886345572349515,444,305,xgboost,electrical_missing,5.703621200053021
1.0,1.0,1.0,444,305,xgboost,vibration_gain_075,5.703621200053021
1.0,1.0,1.0,444,305,xgboost,vibration_gain_050,5.703621200053021
0.9154040404040404,0.9123057761300117,0.9123057761300117,444,305,xgboost,vibration_gain_025,5.703621200053021
0.9949494949494949,0.994949094705969,0.994949094705969,444,305,xgboost,electrical_gain_075,5.703621200053021
0.9962121212121212,0.9962120120985164,0.9962120120985165,444,305,xgboost,electrical_gain_050,5.703621200053021
0.9962121212121212,0.9962120120985164,0.9962120120985165,444,305,xgboost,electrical_gain_025,5.703621200053021
0.9987373737373737,0.9987373556209197,0.9987373556209197,444,305,xgboost,vibration_drift_025rms,5.703621200053021
0.9987373737373737,0.9987373556209197,0.9987373556209197,444,305,xgboost,vibration_drift_050rms,5.703621200053021
0.9987373737373737,0.9987373556209197,0.9987373556209197,444,305,xgboost,vibration_drift_100rms,5.703621200053021
0.9987373737373737,0.9987373556209197,0.9987373556209197,444,305,xgboost,electrical_drift_025rms,5.703621200053021
0.9974747474747475,0.9974746025368765,0.9974746025368766,444,305,xgboost,electrical_drift_050rms,5.703621200053021
0.9962121212121212,0.9962119581577963,0.9962119581577963,444,305,xgboost,electrical_drift_100rms,5.703621200053021
0.9949494949494949,0.9949489876326293,0.9949489876326293,555,301,lr,clean_reextract,0.1121739000082016
0.8535353535353535,0.8553564052444352,0.8553564052444353,555,301,lr,vibration_missing,0.1121739000082016
0.9797979797979798,0.979665313091055,0.979665313091055,555,301,lr,electrical_missing,0.1121739000082016
0.9962121212121212,0.9962213626314566,0.9962213626314564,555,301,lr,vibration_gain_075,0.1121739000082016
0.9911616161616161,0.9911557771470538,0.9911557771470538,555,301,lr,vibration_gain_050,0.1121739000082016
0.9027777777777778,0.9007493869152131,0.9007493869152131,555,301,lr,vibration_gain_025,0.1121739000082016
0.9974747474747475,0.9974747112418395,0.9974747112418396,555,301,lr,electrical_gain_075,0.1121739000082016
0.9974747474747475,0.9974747293582934,0.9974747293582934,555,301,lr,electrical_gain_050,0.1121739000082016
0.9646464646464646,0.9642488678081548,0.9642488678081548,555,301,lr,electrical_gain_025,0.1121739000082016
0.9949494949494949,0.9949489876326293,0.9949489876326293,555,301,lr,vibration_drift_025rms,0.1121739000082016
0.9949494949494949,0.9949630154372144,0.9949630154372145,555,301,lr,vibration_drift_050rms,0.1121739000082016
0.9924242424242424,0.992427887354344,0.9924278873543441,555,301,lr,vibration_drift_100rms,0.1121739000082016
0.98989898989899,0.9898467703421064,0.9898467703421064,555,301,lr,electrical_drift_025rms,0.1121739000082016
0.9936868686868687,0.9936856908677624,0.9936856908677625,555,301,lr,electrical_drift_050rms,0.1121739000082016
0.7159090909090909,0.6589705724345737,0.6589705724345736,555,301,lr,electrical_drift_100rms,0.1121739000082016
0.98989898989899,0.9899648271859226,0.9899648271859226,555,301,svm_rbf,clean_reextract,0.9800266000675038
0.8535353535353535,0.8538688721377223,0.8538688721377223,555,301,svm_rbf,vibration_missing,0.9800266000675038
0.9785353535353535,0.978406687610346,0.9784066876103459,555,301,svm_rbf,electrical_missing,0.9800266000675038
0.9949494949494949,0.9949679085488587,0.9949679085488587,555,301,svm_rbf,vibration_gain_075,0.9800266000675038
0.9974747474747475,0.9974746025368765,0.9974746025368766,555,301,svm_rbf,vibration_gain_050,0.9800266000675038
0.9873737373737373,0.9872957165950473,0.9872957165950473,555,301,svm_rbf,vibration_gain_025,0.9800266000675038
0.16666666666666666,0.047619047619047616,0.04761904761904762,555,301,svm_rbf,electrical_gain_075,0.9800266000675038
0.9936868686868687,0.9937042904419613,0.9937042904419612,555,301,svm_rbf,electrical_gain_050,0.9800266000675038
0.16666666666666666,0.047619047619047616,0.04761904761904762,555,301,svm_rbf,electrical_gain_025,0.9800266000675038
0.98989898989899,0.9899648271859226,0.9899648271859226,555,301,svm_rbf,vibration_drift_025rms,0.9800266000675038
0.98989898989899,0.9899648271859226,0.9899648271859226,555,301,svm_rbf,vibration_drift_050rms,0.9800266000675038
0.9886363636363636,0.9887238887238888,0.9887238887238887,555,301,svm_rbf,vibration_drift_100rms,0.9800266000675038
0.9861111111111112,0.9861283195278204,0.9861283195278204,555,301,svm_rbf,electrical_drift_025rms,0.9800266000675038
0.9785353535353535,0.9787027878784764,0.9787027878784765,555,301,svm_rbf,electrical_drift_050rms,0.9800266000675038
0.7462121212121212,0.7193452649650635,0.7193452649650635,555,301,svm_rbf,electrical_drift_100rms,0.9800266000675038
0.9608585858585859,0.9605236357507905,0.9605236357507906,555,301,knn,clean_reextract,0.0016092000296339393
0.49242424242424243,0.49108946291293104,0.49108946291293115,555,301,knn,vibration_missing,0.0016092000296339393
0.9848484848484849,0.9848359671009166,0.9848359671009167,555,301,knn,electrical_missing,0.0016092000296339393
0.9595959595959596,0.9594560944177788,0.9594560944177788,555,301,knn,vibration_gain_075,0.0016092000296339393
0.9267676767676768,0.9270847724208937,0.9270847724208937,555,301,knn,vibration_gain_050,0.0016092000296339393
0.8825757575757576,0.8819129114043744,0.8819129114043744,555,301,knn,vibration_gain_025,0.0016092000296339393
0.5416666666666666,0.4524478060071256,0.4524478060071257,555,301,knn,electrical_gain_075,0.0016092000296339393
0.946969696969697,0.9466683983330112,0.9466683983330112,555,301,knn,electrical_gain_050,0.0016092000296339393
0.6628787878787878,0.5980587726670935,0.5980587726670935,555,301,knn,electrical_gain_025,0.0016092000296339393
0.9633838383838383,0.9630499030408243,0.9630499030408244,555,301,knn,vibration_drift_025rms,0.0016092000296339393
0.9633838383838383,0.9631072407461184,0.9631072407461182,555,301,knn,vibration_drift_050rms,0.0016092000296339393
0.9532828282828283,0.9530275778623492,0.9530275778623492,555,301,knn,vibration_drift_100rms,0.0016092000296339393
0.9646464646464646,0.9642848626129267,0.9642848626129268,555,301,knn,electrical_drift_025rms,0.0016092000296339393
0.9356060606060606,0.9352484414560341,0.9352484414560341,555,301,knn,electrical_drift_050rms,0.0016092000296339393
0.8813131313131313,0.8779266237743709,0.8779266237743708,555,301,knn,electrical_drift_100rms,0.0016092000296339393
0.9381313131313131,0.9373655190368148,0.9373655190368145,555,301,gnb,clean_reextract,0.004689399967901409
0.20707070707070707,0.09400463637751773,0.09400463637751776,555,301,gnb,vibration_missing,0.004689399967901409
0.8952020202020202,0.8939516992461471,0.8939516992461473,555,301,gnb,electrical_missing,0.004689399967901409
0.9179292929292929,0.9163075751664317,0.9163075751664318,555,301,gnb,vibration_gain_075,0.004689399967901409
0.8194444444444444,0.8097802885220945,0.8097802885220944,555,301,gnb,vibration_gain_050,0.004689399967901409
0.7474747474747475,0.6863267737599519,0.6863267737599518,555,301,gnb,vibration_gain_025,0.004689399967901409
0.9318181818181818,0.9311477787827344,0.9311477787827344,555,301,gnb,electrical_gain_075,0.004689399967901409
0.9166666666666666,0.9157676961575825,0.9157676961575828,555,301,gnb,electrical_gain_050,0.004689399967901409
0.9103535353535354,0.9093537908280477,0.9093537908280476,555,301,gnb,electrical_gain_025,0.004689399967901409
0.9431818181818182,0.9423871886008296,0.9423871886008295,555,301,gnb,vibration_drift_025rms,0.004689399967901409
0.9431818181818182,0.9422895256512063,0.9422895256512063,555,301,gnb,vibration_drift_050rms,0.004689399967901409
0.9419191919191919,0.9407873191499778,0.9407873191499779,555,301,gnb,vibration_drift_100rms,0.004689399967901409
0.9343434343434344,0.9332737369713094,0.9332737369713094,555,301,gnb,electrical_drift_025rms,0.004689399967901409
0.9494949494949495,0.9488352764726842,0.9488352764726842,555,301,gnb,electrical_drift_050rms,0.004689399967901409
0.9419191919191919,0.9423418028742746,0.9423418028742746,555,301,gnb,electrical_drift_100rms,0.004689399967901409
0.9974747474747475,0.9974747112418395,0.9974747112418396,555,301,lda,clean_reextract,0.017017200007103384
0.672979797979798,0.6437940677316448,0.6437940677316447,555,301,lda,vibration_missing,0.017017200007103384
0.98989898989899,0.9898734456760431,0.9898734456760432,555,301,lda,electrical_missing,0.017017200007103384
0.9974747474747475,0.9974698737337366,0.9974698737337367,555,301,lda,vibration_gain_075,0.017017200007103384
0.9886363636363636,0.9886142351217679,0.9886142351217679,555,301,lda,vibration_gain_050,0.017017200007103384
0.9128787878787878,0.9083719411971894,0.9083719411971896,555,301,lda,vibration_gain_025,0.017017200007103384
0.9974747474747475,0.9974747112418395,0.9974747112418396,555,301,lda,electrical_gain_075,0.017017200007103384
0.9987373737373737,0.9987373556209196,0.9987373556209197,555,301,lda,electrical_gain_050,0.017017200007103384
0.9962121212121212,0.9962119581577963,0.9962119581577964,555,301,lda,electrical_gain_025,0.017017200007103384
0.9974747474747475,0.9974747293582933,0.9974747293582934,555,301,lda,vibration_drift_025rms,0.017017200007103384
0.9949494949494949,0.994949094705969,0.994949094705969,555,301,lda,vibration_drift_050rms,0.017017200007103384
0.9886363636363636,0.988627680498503,0.9886276804985031,555,301,lda,vibration_drift_100rms,0.017017200007103384
0.9962121212121212,0.9962072293546563,0.9962072293546564,555,301,lda,electrical_drift_025rms,0.017017200007103384
0.9974747474747475,0.9974747112418395,0.9974747112418396,555,301,lda,electrical_drift_050rms,0.017017200007103384
0.8762626262626263,0.8601822497210058,0.8601822497210057,555,301,lda,electrical_drift_100rms,0.017017200007103384
0.898989898989899,0.8962810078996554,0.8962810078996556,555,301,cart,clean_reextract,0.31306219997350127
0.6679292929292929,0.6686072576848577,0.6686072576848576,555,301,cart,vibration_missing,0.31306219997350127
0.9608585858585859,0.9602112755828077,0.9602112755828078,555,301,cart,electrical_missing,0.31306219997350127
0.9040404040404041,0.9007519455481412,0.9007519455481412,555,301,cart,vibration_gain_075,0.31306219997350127
0.8926767676767676,0.8883899763851208,0.888389976385121,555,301,cart,vibration_gain_050,0.31306219997350127
0.6742424242424242,0.6056745059086126,0.6056745059086127,555,301,cart,vibration_gain_025,0.31306219997350127
0.9116161616161617,0.9082578040759425,0.9082578040759425,555,301,cart,electrical_gain_075,0.31306219997350127
0.9053030303030303,0.9017089302513196,0.9017089302513196,555,301,cart,electrical_gain_050,0.31306219997350127
0.7954545454545454,0.7792838774181293,0.7792838774181294,555,301,cart,electrical_gain_025,0.31306219997350127
0.8964646464646465,0.8935841951794042,0.8935841951794044,555,301,cart,vibration_drift_025rms,0.31306219997350127
0.8901515151515151,0.8874008847846057,0.8874008847846059,555,301,cart,vibration_drift_050rms,0.31306219997350127
0.7866161616161617,0.7742391059023404,0.7742391059023404,555,301,cart,vibration_drift_100rms,0.31306219997350127
0.8939393939393939,0.891587024919949,0.8915870249199488,555,301,cart,electrical_drift_025rms,0.31306219997350127
0.8901515151515151,0.8866165292960275,0.8866165292960276,555,301,cart,electrical_drift_050rms,0.31306219997350127
0.8787878787878788,0.8721224419441195,0.8721224419441196,555,301,cart,electrical_drift_100rms,0.31306219997350127
0.9861111111111112,0.9862296717549636,0.9862296717549637,555,301,rf,clean_reextract,7.480105199967511
0.7411616161616161,0.7293989518205973,0.7293989518205972,555,301,rf,vibration_missing,7.480105199967511
0.9583333333333334,0.958430592531135,0.9584305925311352,555,301,rf,electrical_missing,7.480105199967511
0.9987373737373737,0.9987373556209197,0.9987373556209197,555,301,rf,vibration_gain_075,7.480105199967511
0.9987373737373737,0.9987373556209197,0.9987373556209197,555,301,rf,vibration_gain_050,7.480105199967511
0.7323232323232324,0.7012903363425896,0.7012903363425896,555,301,rf,vibration_gain_025,7.480105199967511
0.9709595959595959,0.9709771094494917,0.9709771094494919,555,301,rf,electrical_gain_075,7.480105199967511
0.9747474747474747,0.9748474417032179,0.9748474417032179,555,301,rf,electrical_gain_050,7.480105199967511
0.976010101010101,0.976200566752451,0.9762005667524509,555,301,rf,electrical_gain_025,7.480105199967511
0.9861111111111112,0.9862296717549636,0.9862296717549637,555,301,rf,vibration_drift_025rms,7.480105199967511
0.9835858585858586,0.9837316431710147,0.9837316431710146,555,301,rf,vibration_drift_050rms,7.480105199967511
0.9747474747474747,0.9749434575497005,0.9749434575497002,555,301,rf,vibration_drift_100rms,7.480105199967511
0.9861111111111112,0.9862296717549636,0.9862296717549637,555,301,rf,electrical_drift_025rms,7.480105199967511
0.9835858585858586,0.9837316431710147,0.9837316431710146,555,301,rf,electrical_drift_050rms,7.480105199967511
0.9861111111111112,0.9862296717549636,0.9862296717549637,555,301,rf,electrical_drift_100rms,7.480105199967511
0.9936868686868687,0.9936567047743866,0.9936567047743866,555,301,extra_trees,clean_reextract,1.2151196000631899
0.7310606060606061,0.7197512440988206,0.7197512440988204,555,301,extra_trees,vibration_missing,1.2151196000631899
0.9848484848484849,0.9846739690901236,0.9846739690901235,555,301,extra_trees,electrical_missing,1.2151196000631899
1.0,1.0,1.0,555,301,extra_trees,vibration_gain_075,1.2151196000631899
1.0,1.0,1.0,555,301,extra_trees,vibration_gain_050,1.2151196000631899
0.9507575757575758,0.9508623619837068,0.9508623619837067,555,301,extra_trees,vibration_gain_025,1.2151196000631899
0.98989898989899,0.9898576927986261,0.9898576927986261,555,301,extra_trees,electrical_gain_075,1.2151196000631899
0.9936868686868687,0.993684603350031,0.993684603350031,555,301,extra_trees,electrical_gain_050,1.2151196000631899
0.9962121212121212,0.9962116320117095,0.9962116320117095,555,301,extra_trees,electrical_gain_025,1.2151196000631899
0.9949494949494949,0.9949296317717371,0.994929631771737,555,301,extra_trees,vibration_drift_025rms,1.2151196000631899
0.9949494949494949,0.9949296317717371,0.994929631771737,555,301,extra_trees,vibration_drift_050rms,1.2151196000631899
0.98989898989899,0.9898467703421064,0.9898467703421064,555,301,extra_trees,vibration_drift_100rms,1.2151196000631899
0.9924242424242424,0.9923787126556919,0.992378712655692,555,301,extra_trees,electrical_drift_025rms,1.2151196000631899
0.9911616161616161,0.9911002196206482,0.9911002196206482,555,301,extra_trees,electrical_drift_050rms,1.2151196000631899
0.9886363636363636,0.9885727611940299,0.9885727611940299,555,301,extra_trees,electrical_drift_100rms,1.2151196000631899
0.9924242424242424,0.9924233661075766,0.9924233661075766,555,301,hist_gb,clean_reextract,6.7265181000111625
0.7512626262626263,0.7503279308932762,0.7503279308932762,555,301,hist_gb,vibration_missing,6.7265181000111625
0.9861111111111112,0.9861374736768201,0.9861374736768201,555,301,hist_gb,electrical_missing,6.7265181000111625
0.9936868686868687,0.9936567047743866,0.9936567047743866,555,301,hist_gb,vibration_gain_075,6.7265181000111625
0.9911616161616161,0.9911315230895658,0.991131523089566,555,301,hist_gb,vibration_gain_050,6.7265181000111625
0.86489898989899,0.8528397295946858,0.8528397295946859,555,301,hist_gb,vibration_gain_025,6.7265181000111625
0.9886363636363636,0.9886778258989213,0.9886778258989212,555,301,hist_gb,electrical_gain_075,6.7265181000111625
0.98989898989899,0.9898973392311006,0.9898973392311005,555,301,hist_gb,electrical_gain_050,6.7265181000111625
0.98989898989899,0.9898973392311006,0.9898973392311005,555,301,hist_gb,electrical_gain_025,6.7265181000111625
0.9924242424242424,0.9924233661075766,0.9924233661075766,555,301,hist_gb,vibration_drift_025rms,6.7265181000111625
0.9936868686868687,0.9936858679915708,0.9936858679915709,555,301,hist_gb,vibration_drift_050rms,6.7265181000111625
0.9924242424242424,0.9924222226813048,0.9924222226813046,555,301,hist_gb,vibration_drift_100rms,6.7265181000111625
0.9911616161616161,0.9911795129649438,0.9911795129649438,555,301,hist_gb,electrical_drift_025rms,6.7265181000111625
0.9886363636363636,0.9886908476131181,0.988690847613118,555,301,hist_gb,electrical_drift_050rms,6.7265181000111625
0.9861111111111112,0.9861228074896063,0.9861228074896065,555,301,hist_gb,electrical_drift_100rms,6.7265181000111625
0.9911616161616161,0.9912051891010231,0.9912051891010231,555,301,xgboost,clean_reextract,5.4345352000091225
0.7702020202020202,0.76953367596276,0.7695336759627599,555,301,xgboost,vibration_missing,5.4345352000091225
0.9621212121212122,0.9625436859221627,0.9625436859221626,555,301,xgboost,electrical_missing,5.4345352000091225
0.9924242424242424,0.9923787126556919,0.992378712655692,555,301,xgboost,vibration_gain_075,5.4345352000091225
0.9924242424242424,0.9923787126556919,0.992378712655692,555,301,xgboost,vibration_gain_050,5.4345352000091225
0.922979797979798,0.9239748642733717,0.9239748642733718,555,301,xgboost,vibration_gain_025,5.4345352000091225
0.9848484848484849,0.9848877405782513,0.9848877405782513,555,301,xgboost,electrical_gain_075,5.4345352000091225
0.9861111111111112,0.9861456603510494,0.9861456603510496,555,301,xgboost,electrical_gain_050,5.4345352000091225
0.9835858585858586,0.9836393879974489,0.9836393879974488,555,301,xgboost,electrical_gain_025,5.4345352000091225
0.9911616161616161,0.9912051891010231,0.9912051891010231,555,301,xgboost,vibration_drift_025rms,5.4345352000091225
0.98989898989899,0.9899430297289052,0.9899430297289052,555,301,xgboost,vibration_drift_050rms,5.4345352000091225
0.98989898989899,0.9899430297289052,0.9899430297289052,555,301,xgboost,vibration_drift_100rms,5.4345352000091225
0.98989898989899,0.9899498055923951,0.989949805592395,555,301,xgboost,electrical_drift_025rms,5.4345352000091225
0.9734848484848485,0.9737491068560679,0.9737491068560679,555,301,xgboost,electrical_drift_050rms,5.4345352000091225
0.9696969696969697,0.9699687378724046,0.9699687378724046,555,301,xgboost,electrical_drift_100rms,5.4345352000091225
0.9949494949494949,0.9949630154372144,0.9949630154372145,555,302,lr,clean_reextract,0.12943309999536723
0.86489898989899,0.8675264938126062,0.8675264938126062,555,302,lr,vibration_missing,0.12943309999536723
0.9810606060606061,0.9810392625918992,0.9810392625918992,555,302,lr,electrical_missing,0.12943309999536723
0.9987373737373737,0.9987373556209196,0.9987373556209197,555,302,lr,vibration_gain_075,0.12943309999536723
0.9924242424242424,0.9924091307466187,0.9924091307466189,555,302,lr,vibration_gain_050,0.12943309999536723
0.9191919191919192,0.9178179470970592,0.9178179470970592,555,302,lr,vibration_gain_025,0.12943309999536723
0.9987373737373737,0.9987373556209196,0.9987373556209197,555,302,lr,electrical_gain_075,0.12943309999536723
0.9962121212121212,0.9962073022353529,0.9962073022353531,555,302,lr,electrical_gain_050,0.12943309999536723
0.9747474747474747,0.9741927016754445,0.9741927016754444,555,302,lr,electrical_gain_025,0.12943309999536723
0.9949494949494949,0.9949630154372144,0.9949630154372145,555,302,lr,vibration_drift_025rms,0.12943309999536723
0.9962121212121212,0.9962213626314566,0.9962213626314564,555,302,lr,vibration_drift_050rms,0.12943309999536723
0.9936868686868687,0.9937141331242302,0.9937141331242303,555,302,lr,vibration_drift_100rms,0.12943309999536723
0.9924242424242424,0.9924219589709505,0.9924219589709508,555,302,lr,electrical_drift_025rms,0.12943309999536723
0.9886363636363636,0.9885726746074841,0.9885726746074842,555,302,lr,electrical_drift_050rms,0.12943309999536723
0.6022727272727273,0.5510901946729881,0.5510901946729881,555,302,lr,electrical_drift_100rms,0.12943309999536723
0.9974747474747475,0.9974746025368765,0.9974746025368766,555,302,svm_rbf,clean_reextract,1.0200334000401199
0.8888888888888888,0.8890552422797807,0.8890552422797807,555,302,svm_rbf,vibration_missing,1.0200334000401199
0.9873737373737373,0.9873697649225628,0.9873697649225628,555,302,svm_rbf,electrical_missing,1.0200334000401199
0.9987373737373737,0.9987373556209196,0.9987373556209197,555,302,svm_rbf,vibration_gain_075,1.0200334000401199
0.9987373737373737,0.9987373556209196,0.9987373556209197,555,302,svm_rbf,vibration_gain_050,1.0200334000401199
0.9873737373737373,0.9873362430030733,0.9873362430030733,555,302,svm_rbf,vibration_gain_025,1.0200334000401199
0.16666666666666666,0.047619047619047616,0.04761904761904762,555,302,svm_rbf,electrical_gain_075,1.0200334000401199
0.9949494949494949,0.9949483352468427,0.9949483352468428,555,302,svm_rbf,electrical_gain_050,1.0200334000401199
0.3282828282828283,0.16593345716427152,0.16593345716427152,555,302,svm_rbf,electrical_gain_025,1.0200334000401199
0.9987373737373737,0.9987373556209196,0.9987373556209197,555,302,svm_rbf,vibration_drift_025rms,1.0200334000401199
0.9974747474747475,0.9974746025368765,0.9974746025368766,555,302,svm_rbf,vibration_drift_050rms,1.0200334000401199
0.9949494949494949,0.9949483352468427,0.9949483352468428,555,302,svm_rbf,vibration_drift_100rms,1.0200334000401199
0.9949494949494949,0.9949492050737531,0.9949492050737532,555,302,svm_rbf,electrical_drift_025rms,1.0200334000401199
0.9861111111111112,0.9861046030090553,0.9861046030090554,555,302,svm_rbf,electrical_drift_050rms,1.0200334000401199
0.7727272727272727,0.7566508364911174,0.7566508364911175,555,302,svm_rbf,electrical_drift_100rms,1.0200334000401199
0.9671717171717171,0.9671414229199152,0.9671414229199151,555,302,knn,clean_reextract,0.0015635000308975577
0.5214646464646465,0.5063765625285783,0.5063765625285782,555,302,knn,vibration_missing,0.0015635000308975577
0.9684343434343434,0.9683882732375914,0.9683882732375915,555,302,knn,electrical_missing,0.0015635000308975577
0.9696969696969697,0.9696239585960401,0.96962395859604,555,302,knn,vibration_gain_075,0.0015635000308975577
0.9507575757575758,0.9512807817477352,0.9512807817477353,555,302,knn,vibration_gain_050,0.0015635000308975577
0.9179292929292929,0.9184517300392363,0.9184517300392363,555,302,knn,vibration_gain_025,0.0015635000308975577
0.5492424242424242,0.46959647357104295,0.46959647357104284,555,302,knn,electrical_gain_075,0.0015635000308975577
0.9179292929292929,0.9181001607706546,0.9181001607706546,555,302,knn,electrical_gain_050,0.0015635000308975577
0.6186868686868687,0.523720903775954,0.523720903775954,555,302,knn,electrical_gain_025,0.0015635000308975577
0.9671717171717171,0.9671414229199152,0.9671414229199151,555,302,knn,vibration_drift_025rms,0.0015635000308975577
0.9696969696969697,0.9696224111749951,0.969622411174995,555,302,knn,vibration_drift_050rms,0.0015635000308975577
0.9646464646464646,0.9645861590612612,0.9645861590612612,555,302,knn,vibration_drift_100rms,0.0015635000308975577
0.9595959595959596,0.9590567635005658,0.9590567635005658,555,302,knn,electrical_drift_025rms,0.0015635000308975577
0.9457070707070707,0.9454098690948003,0.9454098690948002,555,302,knn,electrical_drift_050rms,0.0015635000308975577
0.9267676767676768,0.9254586610773634,0.9254586610773635,555,302,knn,electrical_drift_100rms,0.0015635000308975577
0.9267676767676768,0.9255297499200544,0.9255297499200544,555,302,gnb,clean_reextract,0.0031430000672116876
0.28535353535353536,0.14272271503881753,0.14272271503881753,555,302,gnb,vibration_missing,0.0031430000672116876
0.8914141414141414,0.8899408738726756,0.8899408738726755,555,302,gnb,electrical_missing,0.0031430000672116876
0.898989898989899,0.8959780010743663,0.8959780010743664,555,302,gnb,vibration_gain_075,0.0031430000672116876
0.8282828282828283,0.8198009682831482,0.8198009682831482,555,302,gnb,vibration_gain_050,0.0031430000672116876
0.7297979797979798,0.6701787021833105,0.6701787021833105,555,302,gnb,vibration_gain_025,0.0031430000672116876
0.9090909090909091,0.9077217946482347,0.9077217946482344,555,302,gnb,electrical_gain_075,0.0031430000672116876
0.8017676767676768,0.7875125738538004,0.7875125738538001,555,302,gnb,electrical_gain_050,0.0031430000672116876
0.6856060606060606,0.6348761531600879,0.6348761531600879,555,302,gnb,electrical_gain_025,0.0031430000672116876
0.9255050505050505,0.9241901101634626,0.9241901101634628,555,302,gnb,vibration_drift_025rms,0.0031430000672116876
0.9305555555555556,0.9293233102574033,0.9293233102574032,555,302,gnb,vibration_drift_050rms,0.0031430000672116876
0.9419191919191919,0.9406647431921447,0.9406647431921447,555,302,gnb,vibration_drift_100rms,0.0031430000672116876
0.9217171717171717,0.920325891972866,0.920325891972866,555,302,gnb,electrical_drift_025rms,0.0031430000672116876
0.9330808080808081,0.9318588451772936,0.9318588451772936,555,302,gnb,electrical_drift_050rms,0.0031430000672116876
0.9343434343434344,0.9347820630017455,0.9347820630017455,555,302,gnb,electrical_drift_100rms,0.0031430000672116876
0.9974747474747475,0.9974747112418395,0.9974747112418396,555,302,lda,clean_reextract,0.015487500000745058
0.6881313131313131,0.6457177424166888,0.6457177424166888,555,302,lda,vibration_missing,0.015487500000745058
0.9911616161616161,0.9911562532201937,0.9911562532201936,555,302,lda,electrical_missing,0.015487500000745058
0.9974747474747475,0.9974698737337366,0.9974698737337367,555,302,lda,vibration_gain_075,0.015487500000745058
0.9873737373737373,0.9873413081244174,0.9873413081244176,555,302,lda,vibration_gain_050,0.015487500000745058
0.9128787878787878,0.9081980919092175,0.9081980919092175,555,302,lda,vibration_gain_025,0.015487500000745058
0.9974747474747475,0.9974747112418395,0.9974747112418396,555,302,lda,electrical_gain_075,0.015487500000745058
0.9974747474747475,0.9974747112418395,0.9974747112418394,555,302,lda,electrical_gain_050,0.015487500000745058
0.9936868686868687,0.9936856908677624,0.9936856908677625,555,302,lda,electrical_gain_025,0.015487500000745058
0.9974747474747475,0.9974747293582933,0.9974747293582934,555,302,lda,vibration_drift_025rms,0.015487500000745058
0.9974747474747475,0.9974747293582933,0.9974747293582934,555,302,lda,vibration_drift_050rms,0.015487500000745058
0.9936868686868687,0.9936858679915708,0.9936858679915709,555,302,lda,vibration_drift_100rms,0.015487500000745058
0.9962121212121212,0.9962072293546563,0.9962072293546564,555,302,lda,electrical_drift_025rms,0.015487500000745058
0.9974747474747475,0.9974747112418395,0.9974747112418396,555,302,lda,electrical_drift_050rms,0.015487500000745058
0.8712121212121212,0.8496391479088524,0.8496391479088522,555,302,lda,electrical_drift_100rms,0.015487500000745058
0.7348484848484849,0.7186499997213994,0.7186499997213993,555,302,cart,clean_reextract,0.2920453998958692
0.6565656565656566,0.663520127748069,0.6635201277480689,555,302,cart,vibration_missing,0.2920453998958692
0.9053030303030303,0.9049975276336978,0.9049975276336977,555,302,cart,electrical_missing,0.2920453998958692
0.773989898989899,0.7576410293031124,0.7576410293031124,555,302,cart,vibration_gain_075,0.2920453998958692
0.8068181818181818,0.7813192364983625,0.7813192364983624,555,302,cart,vibration_gain_050,0.2920453998958692
0.5189393939393939,0.4483912145532661,0.4483912145532662,555,302,cart,vibration_gain_025,0.2920453998958692
0.7285353535353535,0.7225243906199691,0.722524390619969,555,302,cart,electrical_gain_075,0.2920453998958692
0.7222222222222222,0.7161307578365655,0.7161307578365655,555,302,cart,electrical_gain_050,0.2920453998958692
0.7171717171717171,0.7109982603095751,0.7109982603095749,555,302,cart,electrical_gain_025,0.2920453998958692
0.7323232323232324,0.7161424971279823,0.7161424971279821,555,302,cart,vibration_drift_025rms,0.2920453998958692
0.7297979797979798,0.7139606722054114,0.7139606722054113,555,302,cart,vibration_drift_050rms,0.2920453998958692
0.7045454545454546,0.6903371109485569,0.690337110948557,555,302,cart,vibration_drift_100rms,0.2920453998958692
0.7386363636363636,0.7224806418176626,0.7224806418176626,555,302,cart,electrical_drift_025rms,0.2920453998958692
0.7487373737373737,0.7352909746566044,0.7352909746566045,555,302,cart,electrical_drift_050rms,0.2920453998958692
0.7828282828282829,0.7655412911594585,0.7655412911594585,555,302,cart,electrical_drift_100rms,0.2920453998958692
0.9873737373737373,0.9874772033828222,0.9874772033828221,555,302,rf,clean_reextract,7.467442600056529
0.7234848484848485,0.7154839200393001,0.7154839200393001,555,302,rf,vibration_missing,7.467442600056529
0.9595959595959596,0.9597546296296295,0.9597546296296297,555,302,rf,electrical_missing,7.467442600056529
0.9962121212121212,0.9962022275380492,0.9962022275380492,555,302,rf,vibration_gain_075,7.467442600056529
0.9987373737373737,0.9987373556209197,0.9987373556209197,555,302,rf,vibration_gain_050,7.467442600056529
0.6830808080808081,0.6278812629431715,0.6278812629431716,555,302,rf,vibration_gain_025,7.467442600056529
0.9734848484848485,0.9735720495390275,0.9735720495390277,555,302,rf,electrical_gain_075,7.467442600056529
0.9810606060606061,0.9812200160701384,0.9812200160701384,555,302,rf,electrical_gain_050,7.467442600056529
0.9810606060606061,0.9812200160701384,0.9812200160701384,555,302,rf,electrical_gain_025,7.467442600056529
0.9873737373737373,0.9874772033828222,0.9874772033828221,555,302,rf,vibration_drift_025rms,7.467442600056529
0.9873737373737373,0.9874772033828222,0.9874772033828221,555,302,rf,vibration_drift_050rms,7.467442600056529
0.9797979797979798,0.9799663027685205,0.9799663027685204,555,302,rf,vibration_drift_100rms,7.467442600056529
0.9861111111111112,0.9862296717549636,0.9862296717549637,555,302,rf,electrical_drift_025rms,7.467442600056529
0.9810606060606061,0.9812289471476007,0.9812289471476007,555,302,rf,electrical_drift_050rms,7.467442600056529
0.9823232323232324,0.9824809322741684,0.9824809322741686,555,302,rf,electrical_drift_100rms,7.467442600056529
0.9974747474747475,0.9974746025368765,0.9974746025368766,555,302,extra_trees,clean_reextract,1.313719000085257
0.7095959595959596,0.687679118622529,0.687679118622529,555,302,extra_trees,vibration_missing,1.313719000085257
0.9873737373737373,0.9873241291942735,0.9873241291942736,555,302,extra_trees,electrical_missing,1.313719000085257
1.0,1.0,1.0,555,302,extra_trees,vibration_gain_075,1.313719000085257
0.9987373737373737,0.9987373556209197,0.9987373556209197,555,302,extra_trees,vibration_gain_050,1.313719000085257
0.9608585858585859,0.961291888096644,0.9612918880966439,555,302,extra_trees,vibration_gain_025,1.313719000085257
0.9924242424242424,0.9924203273040483,0.9924203273040482,555,302,extra_trees,electrical_gain_075,1.313719000085257
0.9949494949494949,0.9949483352468427,0.9949483352468428,555,302,extra_trees,electrical_gain_050,1.313719000085257
0.9949494949494949,0.9949483352468427,0.9949483352468428,555,302,extra_trees,electrical_gain_025,1.313719000085257
0.9962121212121212,0.9962116320117095,0.9962116320117095,555,302,extra_trees,vibration_drift_025rms,1.313719000085257
0.9962121212121212,0.9962116320117095,0.9962116320117095,555,302,extra_trees,vibration_drift_050rms,1.313719000085257
0.9911616161616161,0.991127806464419,0.991127806464419,555,302,extra_trees,vibration_drift_100rms,1.313719000085257
0.9949494949494949,0.9949483352468427,0.9949483352468428,555,302,extra_trees,electrical_drift_025rms,1.313719000085257
0.9949494949494949,0.9949343074422575,0.9949343074422574,555,302,extra_trees,electrical_drift_050rms,1.313719000085257
0.9911616161616161,0.9911002196206482,0.9911002196206482,555,302,extra_trees,electrical_drift_100rms,1.313719000085257
0.9924242424242424,0.9924419097732352,0.992441909773235,555,302,hist_gb,clean_reextract,6.622548299957998
0.7777777777777778,0.781643760841125,0.781643760841125,555,302,hist_gb,vibration_missing,6.622548299957998
0.9810606060606061,0.9811360587096808,0.9811360587096806,555,302,hist_gb,electrical_missing,6.622548299957998
0.9936868686868687,0.9936567047743866,0.9936567047743866,555,302,hist_gb,vibration_gain_075,6.622548299957998
0.98989898989899,0.9898688259865079,0.9898688259865078,555,302,hist_gb,vibration_gain_050,6.622548299957998
0.9065656565656566,0.9036021605873387,0.9036021605873386,555,302,hist_gb,vibration_gain_025,6.622548299957998
0.9861111111111112,0.9861276309945511,0.9861276309945511,555,302,hist_gb,electrical_gain_075,6.622548299957998
0.9873737373737373,0.9873708705769775,0.9873708705769775,555,302,hist_gb,electrical_gain_050,6.622548299957998
0.9848484848484849,0.9848759574451581,0.9848759574451582,555,302,hist_gb,electrical_gain_025,6.622548299957998
0.9924242424242424,0.9924419097732352,0.992441909773235,555,302,hist_gb,vibration_drift_025rms,6.622548299957998
0.9911616161616161,0.9911828015979642,0.9911828015979642,555,302,hist_gb,vibration_drift_050rms,6.622548299957998
0.9936868686868687,0.993684603350031,0.993684603350031,555,302,hist_gb,vibration_drift_100rms,6.622548299957998
0.9924242424242424,0.9924419097732352,0.992441909773235,555,302,hist_gb,electrical_drift_025rms,6.622548299957998
0.9861111111111112,0.9861799611383407,0.9861799611383407,555,302,hist_gb,electrical_drift_050rms,6.622548299957998
0.9861111111111112,0.9861464028717436,0.9861464028717434,555,302,hist_gb,electrical_drift_100rms,6.622548299957998
0.98989898989899,0.9899231150237334,0.9899231150237333,555,302,xgboost,clean_reextract,5.566578799975105
0.7954545454545454,0.7989499099650876,0.7989499099650875,555,302,xgboost,vibration_missing,5.566578799975105
0.9772727272727273,0.9773934733454973,0.9773934733454973,555,302,xgboost,electrical_missing,5.566578799975105
0.9936868686868687,0.9936567047743866,0.9936567047743866,555,302,xgboost,vibration_gain_075,5.566578799975105
0.9924242424242424,0.9923943405842658,0.9923943405842658,555,302,xgboost,vibration_gain_050,5.566578799975105
0.8901515151515151,0.8907599808472839,0.8907599808472839,555,302,xgboost,vibration_gain_025,5.566578799975105
0.9873737373737373,0.9873911591288299,0.9873911591288299,555,302,xgboost,electrical_gain_075,5.566578799975105
0.9873737373737373,0.9873911591288299,0.9873911591288299,555,302,xgboost,electrical_gain_050,5.566578799975105
0.9873737373737373,0.9873911591288299,0.9873911591288299,555,302,xgboost,electrical_gain_025,5.566578799975105
0.98989898989899,0.9899231150237334,0.9899231150237333,555,302,xgboost,vibration_drift_025rms,5.566578799975105
0.9886363636363636,0.988662741256099,0.9886627412560991,555,302,xgboost,vibration_drift_050rms,5.566578799975105
0.9924242424242424,0.9924203273040483,0.9924203273040482,555,302,xgboost,vibration_drift_100rms,5.566578799975105
0.9911616161616161,0.9911852743958512,0.9911852743958512,555,302,xgboost,electrical_drift_025rms,5.566578799975105
0.9835858585858586,0.9837352190718317,0.9837352190718317,555,302,xgboost,electrical_drift_050rms,5.566578799975105
0.9848484848484849,0.9849783268996459,0.9849783268996459,555,302,xgboost,electrical_drift_100rms,5.566578799975105
0.9962121212121212,0.9962119581577963,0.9962119581577964,555,303,lr,clean_reextract,0.16547560004983097
0.9015151515151515,0.9030902435042863,0.9030902435042862,555,303,lr,vibration_missing,0.16547560004983097
0.9696969696969697,0.9697877611098944,0.9697877611098944,555,303,lr,electrical_missing,0.16547560004983097
0.9987373737373737,0.9987373556209196,0.9987373556209197,555,303,lr,vibration_gain_075,0.16547560004983097
0.9886363636363636,0.9886095063186279,0.9886095063186281,555,303,lr,vibration_gain_050,0.16547560004983097
0.9141414141414141,0.912835719557067,0.9128357195570668,555,303,lr,vibration_gain_025,0.16547560004983097
0.9987373737373737,0.9987373556209196,0.9987373556209197,555,303,lr,electrical_gain_075,0.16547560004983097
0.9974747474747475,0.9974794400449793,0.9974794400449793,555,303,lr,electrical_gain_050,0.16547560004983097
0.9848484848484849,0.9848243121426586,0.9848243121426589,555,303,lr,electrical_gain_025,0.16547560004983097
0.9962121212121212,0.9962119581577963,0.9962119581577964,555,303,lr,vibration_drift_025rms,0.16547560004983097
0.9949494949494949,0.9949538807442734,0.9949538807442735,555,303,lr,vibration_drift_050rms,0.16547560004983097
0.9936868686868687,0.9936862345485861,0.9936862345485861,555,303,lr,vibration_drift_100rms,0.16547560004983097
0.9962121212121212,0.9962119581577963,0.9962119581577964,555,303,lr,electrical_drift_025rms,0.16547560004983097
0.9911616161616161,0.991131523089566,0.9911315230895659,555,303,lr,electrical_drift_050rms,0.16547560004983097
0.6123737373737373,0.5563347925574785,0.5563347925574784,555,303,lr,electrical_drift_100rms,0.16547560004983097
0.9974747474747475,0.9974746025368767,0.9974746025368766,555,303,svm_rbf,clean_reextract,0.9811444999650121
0.8964646464646465,0.8948060908438591,0.8948060908438591,555,303,svm_rbf,vibration_missing,0.9811444999650121
0.976010101010101,0.975986781676167,0.9759867816761669,555,303,svm_rbf,electrical_missing,0.9811444999650121
0.9974747474747475,0.9974747112418395,0.9974747112418395,555,303,svm_rbf,vibration_gain_075,0.9811444999650121
0.9911616161616161,0.9911640433950102,0.9911640433950103,555,303,svm_rbf,vibration_gain_050,0.9811444999650121
0.9696969696969697,0.9697193309118495,0.9697193309118496,555,303,svm_rbf,vibration_gain_025,0.9811444999650121
0.16666666666666666,0.04782608695652174,0.04782608695652174,555,303,svm_rbf,electrical_gain_075,0.9811444999650121
0.9936868686868687,0.9936858762290407,0.9936858762290409,555,303,svm_rbf,electrical_gain_050,0.9811444999650121
0.41792929292929293,0.27940905627047047,0.27940905627047047,555,303,svm_rbf,electrical_gain_025,0.9811444999650121
0.9974747474747475,0.9974746025368767,0.9974746025368766,555,303,svm_rbf,vibration_drift_025rms,0.9811444999650121
0.9974747474747475,0.9974746025368767,0.9974746025368766,555,303,svm_rbf,vibration_drift_050rms,0.9811444999650121
0.9949494949494949,0.9949483352468427,0.9949483352468428,555,303,svm_rbf,vibration_drift_100rms,0.9811444999650121
0.9949494949494949,0.9949493500116239,0.994949350011624,555,303,svm_rbf,electrical_drift_025rms,0.9811444999650121
0.9949494949494949,0.9949540425818558,0.9949540425818559,555,303,svm_rbf,electrical_drift_050rms,0.9811444999650121
0.6439393939393939,0.601159136623119,0.6011591366231192,555,303,svm_rbf,electrical_drift_100rms,0.9811444999650121
0.9659090909090909,0.9656628500735686,0.9656628500735687,555,303,knn,clean_reextract,0.0015425999881699681
0.5252525252525253,0.5147816751226783,0.5147816751226781,555,303,knn,vibration_missing,0.0015425999881699681
0.9823232323232324,0.982315407145896,0.982315407145896,555,303,knn,electrical_missing,0.0015425999881699681
0.9659090909090909,0.9658954044509014,0.9658954044509014,555,303,knn,vibration_gain_075,0.0015425999881699681
0.9116161616161617,0.911247069147059,0.9112470691470592,555,303,knn,vibration_gain_050,0.0015425999881699681
0.8585858585858586,0.8563386468578428,0.8563386468578428,555,303,knn,vibration_gain_025,0.0015425999881699681
0.523989898989899,0.45520438002749325,0.4552043800274932,555,303,knn,electrical_gain_075,0.0015425999881699681
0.9431818181818182,0.9429603206893792,0.9429603206893792,555,303,knn,electrical_gain_050,0.0015425999881699681
0.6275252525252525,0.5234254993069437,0.5234254993069437,555,303,knn,electrical_gain_025,0.0015425999881699681
0.9671717171717171,0.9669662415754942,0.9669662415754942,555,303,knn,vibration_drift_025rms,0.0015425999881699681
0.9684343434343434,0.9682697760197746,0.9682697760197746,555,303,knn,vibration_drift_050rms,0.0015425999881699681
0.9507575757575758,0.9505472251121277,0.9505472251121279,555,303,knn,vibration_drift_100rms,0.0015425999881699681
0.9583333333333334,0.9577138798059952,0.9577138798059952,555,303,knn,electrical_drift_025rms,0.0015425999881699681
0.946969696969697,0.9465208265862758,0.9465208265862758,555,303,knn,electrical_drift_050rms,0.0015425999881699681
0.9356060606060606,0.9349166527400156,0.9349166527400155,555,303,knn,electrical_drift_100rms,0.0015425999881699681
0.9217171717171717,0.9203945818700484,0.9203945818700482,555,303,gnb,clean_reextract,0.0032683999743312597
0.19823232323232323,0.09361471861471861,0.09361471861471861,555,303,gnb,vibration_missing,0.0032683999743312597
0.8952020202020202,0.8934646091515898,0.8934646091515895,555,303,gnb,electrical_missing,0.0032683999743312597
0.9015151515151515,0.8988951273388482,0.8988951273388481,555,303,gnb,vibration_gain_075,0.0032683999743312597
0.8068181818181818,0.7998813128983113,0.7998813128983113,555,303,gnb,vibration_gain_050,0.0032683999743312597
0.7361111111111112,0.6780202888414184,0.6780202888414184,555,303,gnb,vibration_gain_025,0.0032683999743312597
0.9179292929292929,0.9168826714109085,0.9168826714109085,555,303,gnb,electrical_gain_075,0.0032683999743312597
0.8952020202020202,0.8930762596681975,0.8930762596681974,555,303,gnb,electrical_gain_050,0.0032683999743312597
0.8535353535353535,0.8371766274760462,0.8371766274760463,555,303,gnb,electrical_gain_025,0.0032683999743312597
0.9217171717171717,0.9203353330542415,0.9203353330542414,555,303,gnb,vibration_drift_025rms,0.0032683999743312597
0.9292929292929293,0.9279960985488991,0.9279960985488989,555,303,gnb,vibration_drift_050rms,0.0032683999743312597
0.9305555555555556,0.9289104675835617,0.9289104675835615,555,303,gnb,vibration_drift_100rms,0.0032683999743312597
0.9141414141414141,0.9124923573388135,0.9124923573388136,555,303,gnb,electrical_drift_025rms,0.0032683999743312597
0.9330808080808081,0.9317656943643907,0.9317656943643908,555,303,gnb,electrical_drift_050rms,0.0032683999743312597
0.9419191919191919,0.9417005353304414,0.9417005353304414,555,303,gnb,electrical_drift_100rms,0.0032683999743312597
0.9974747474747475,0.9974747112418395,0.9974747112418396,555,303,lda,clean_reextract,0.027333499980159104
0.7234848484848485,0.7018405135052331,0.701840513505233,555,303,lda,vibration_missing,0.027333499980159104
0.98989898989899,0.9898884579055539,0.9898884579055538,555,303,lda,electrical_missing,0.027333499980159104
0.9962121212121212,0.9962072474711103,0.9962072474711104,555,303,lda,vibration_gain_075,0.027333499980159104
0.9873737373737373,0.9873413081244174,0.9873413081244176,555,303,lda,vibration_gain_050,0.027333499980159104
0.9141414141414141,0.9098402696889075,0.9098402696889074,555,303,lda,vibration_gain_025,0.027333499980159104
0.9974747474747475,0.9974747112418395,0.9974747112418396,555,303,lda,electrical_gain_075,0.027333499980159104
0.9987373737373737,0.9987373556209196,0.9987373556209197,555,303,lda,electrical_gain_050,0.027333499980159104
0.9949494949494949,0.99494933189517,0.9949493318951701,555,303,lda,electrical_gain_025,0.027333499980159104
0.9974747474747475,0.9974747293582933,0.9974747293582934,555,303,lda,vibration_drift_025rms,0.027333499980159104
0.9949494949494949,0.994949094705969,0.994949094705969,555,303,lda,vibration_drift_050rms,0.027333499980159104
0.9924242424242424,0.9924222226813045,0.9924222226813046,555,303,lda,vibration_drift_100rms,0.027333499980159104
0.9974747474747475,0.9974747112418395,0.9974747112418396,555,303,lda,electrical_drift_025rms,0.027333499980159104
0.9974747474747475,0.9974747112418395,0.9974747112418396,555,303,lda,electrical_drift_050rms,0.027333499980159104
0.8547979797979798,0.8260592164148385,0.8260592164148385,555,303,lda,electrical_drift_100rms,0.027333499980159104
0.7904040404040404,0.7760074757581986,0.7760074757581987,555,303,cart,clean_reextract,0.2761654000496492
0.6830808080808081,0.6663756563847703,0.6663756563847703,555,303,cart,vibration_missing,0.2761654000496492
0.9545454545454546,0.9542548936421453,0.9542548936421453,555,303,cart,electrical_missing,0.2761654000496492
0.7967171717171717,0.7794201620775163,0.7794201620775164,555,303,cart,vibration_gain_075,0.2761654000496492
0.8194444444444444,0.8022597061597346,0.8022597061597347,555,303,cart,vibration_gain_050,0.2761654000496492
0.6527777777777778,0.6004648508715379,0.6004648508715379,555,303,cart,vibration_gain_025,0.2761654000496492
0.7929292929292929,0.7778706888634223,0.7778706888634224,555,303,cart,electrical_gain_075,0.2761654000496492
0.7929292929292929,0.7778706888634223,0.7778706888634224,555,303,cart,electrical_gain_050,0.2761654000496492
0.7929292929292929,0.7778706888634223,0.7778706888634224,555,303,cart,electrical_gain_025,0.2761654000496492
0.7904040404040404,0.7755274379182463,0.7755274379182463,555,303,cart,vibration_drift_025rms,0.2761654000496492
0.7891414141414141,0.7745372127279003,0.7745372127279004,555,303,cart,vibration_drift_050rms,0.2761654000496492
0.7727272727272727,0.7595942555429165,0.7595942555429165,555,303,cart,vibration_drift_100rms,0.2761654000496492
0.7967171717171717,0.7809168910944756,0.7809168910944757,555,303,cart,electrical_drift_025rms,0.2761654000496492
0.7967171717171717,0.7804596482942806,0.7804596482942807,555,303,cart,electrical_drift_050rms,0.2761654000496492
0.8282828282828283,0.8115302040257305,0.8115302040257305,555,303,cart,electrical_drift_100rms,0.2761654000496492
0.9936868686868687,0.9937042904419613,0.9937042904419612,555,303,rf,clean_reextract,7.414902199991047
0.7613636363636364,0.7643389273911209,0.764338927391121,555,303,rf,vibration_missing,7.414902199991047
0.9583333333333334,0.9584858246039337,0.9584858246039337,555,303,rf,electrical_missing,7.414902199991047
0.9974747474747475,0.9974746025368765,0.9974746025368766,555,303,rf,vibration_gain_075,7.414902199991047
0.9987373737373737,0.9987373556209197,0.9987373556209197,555,303,rf,vibration_gain_050,7.414902199991047
0.6755050505050505,0.6049807008960758,0.6049807008960758,555,303,rf,vibration_gain_025,7.414902199991047
0.9823232323232324,0.9822757747199838,0.982275774719984,555,303,rf,electrical_gain_075,7.414902199991047
0.98989898989899,0.9899153744750239,0.9899153744750239,555,303,rf,electrical_gain_050,7.414902199991047
0.98989898989899,0.9899529862010885,0.9899529862010885,555,303,rf,electrical_gain_025,7.414902199991047
0.9936868686868687,0.9937042904419613,0.9937042904419612,555,303,rf,vibration_drift_025rms,7.414902199991047
0.9936868686868687,0.9937042904419613,0.9937042904419612,555,303,rf,vibration_drift_050rms,7.414902199991047
0.9911616161616161,0.9911788929788378,0.9911788929788379,555,303,rf,vibration_drift_100rms,7.414902199991047
0.9936868686868687,0.9937042904419613,0.9937042904419612,555,303,rf,electrical_drift_025rms,7.414902199991047
0.98989898989899,0.9899698340874812,0.9899698340874812,555,303,rf,electrical_drift_050rms,7.414902199991047
0.9911616161616161,0.9912151455732063,0.9912151455732063,555,303,rf,electrical_drift_100rms,7.414902199991047
0.9962121212121212,0.9962022275380492,0.9962022275380492,555,303,extra_trees,clean_reextract,1.3869542999891564
0.7537878787878788,0.7543654492896342,0.7543654492896341,555,303,extra_trees,vibration_missing,1.3869542999891564
0.9835858585858586,0.9835157110336331,0.9835157110336332,555,303,extra_trees,electrical_missing,1.3869542999891564
1.0,1.0,1.0,555,303,extra_trees,vibration_gain_075,1.3869542999891564
0.9987373737373737,0.9987373556209197,0.9987373556209197,555,303,extra_trees,vibration_gain_050,1.3869542999891564
0.9242424242424242,0.9253126518745448,0.9253126518745448,555,303,extra_trees,vibration_gain_025,1.3869542999891564
0.9924242424242424,0.9924203273040483,0.9924203273040482,555,303,extra_trees,electrical_gain_075,1.3869542999891564
0.9911616161616161,0.991127806464419,0.991127806464419,555,303,extra_trees,electrical_gain_050,1.3869542999891564
0.9936868686868687,0.9936660037758319,0.993666003775832,555,303,extra_trees,electrical_gain_025,1.3869542999891564
0.9962121212121212,0.9962022275380492,0.9962022275380492,555,303,extra_trees,vibration_drift_025rms,1.3869542999891564
0.9949494949494949,0.9949343074422575,0.9949343074422574,555,303,extra_trees,vibration_drift_050rms,1.3869542999891564
0.9936868686868687,0.9936660037758319,0.993666003775832,555,303,extra_trees,vibration_drift_100rms,1.3869542999891564
0.9936868686868687,0.9936660037758319,0.993666003775832,555,303,extra_trees,electrical_drift_025rms,1.3869542999891564
0.9924242424242424,0.992383335986617,0.992383335986617,555,303,extra_trees,electrical_drift_050rms,1.3869542999891564
0.9911616161616161,0.9911094147211866,0.9911094147211867,555,303,extra_trees,electrical_drift_100rms,1.3869542999891564
0.9949494949494949,0.9949483352468427,0.9949483352468428,555,303,hist_gb,clean_reextract,6.9486538000637665
0.7727272727272727,0.7744701140996345,0.7744701140996346,555,303,hist_gb,vibration_missing,6.9486538000637665
0.9848484848484849,0.9848891210960177,0.9848891210960177,555,303,hist_gb,electrical_missing,6.9486538000637665
0.9936868686868687,0.9936567047743866,0.9936567047743866,555,303,hist_gb,vibration_gain_075,6.9486538000637665
0.9924242424242424,0.9923944476576055,0.9923944476576055,555,303,hist_gb,vibration_gain_050,6.9486538000637665
0.8409090909090909,0.811433964281075,0.8114339642810747,555,303,hist_gb,vibration_gain_025,6.9486538000637665
0.9873737373737373,0.9873708705769775,0.9873708705769775,555,303,hist_gb,electrical_gain_075,6.9486538000637665
0.9886363636363636,0.9886345819501997,0.9886345819501996,555,303,hist_gb,electrical_gain_050,6.9486538000637665
0.9873737373737373,0.9873911591288299,0.9873911591288299,555,303,hist_gb,electrical_gain_025,6.9486538000637665
0.9936868686868687,0.9937042904419613,0.9937042904419612,555,303,hist_gb,vibration_drift_025rms,6.9486538000637665
0.9911616161616161,0.9911795129649438,0.9911795129649438,555,303,hist_gb,vibration_drift_050rms,6.9486538000637665
0.9936868686868687,0.9937042904419613,0.9937042904419612,555,303,hist_gb,vibration_drift_100rms,6.9486538000637665
0.9949494949494949,0.9949483352468427,0.9949483352468428,555,303,hist_gb,electrical_drift_025rms,6.9486538000637665
0.98989898989899,0.9899329244699798,0.9899329244699798,555,303,hist_gb,electrical_drift_050rms,6.9486538000637665
0.9873737373737373,0.9873398193864581,0.9873398193864581,555,303,hist_gb,electrical_drift_100rms,6.9486538000637665
0.98989898989899,0.9899247666399488,0.9899247666399488,555,303,xgboost,clean_reextract,5.656938100000843
0.7613636363636364,0.7646792388826457,0.7646792388826457,555,303,xgboost,vibration_missing,5.656938100000843
0.9696969696969697,0.9698074830285783,0.9698074830285783,555,303,xgboost,electrical_missing,5.656938100000843
0.9936868686868687,0.9936567047743866,0.9936567047743866,555,303,xgboost,vibration_gain_075,5.656938100000843
0.9936868686868687,0.9936567047743866,0.9936567047743866,555,303,xgboost,vibration_gain_050,5.656938100000843
0.8358585858585859,0.8186738229300917,0.8186738229300917,555,303,xgboost,vibration_gain_025,5.656938100000843
0.9848484848484849,0.9848728909944238,0.9848728909944238,555,303,xgboost,electrical_gain_075,5.656938100000843
0.9835858585858586,0.9836393879974489,0.9836393879974488,555,303,xgboost,electrical_gain_050,5.656938100000843
0.9835858585858586,0.9836393879974489,0.9836393879974488,555,303,xgboost,electrical_gain_025,5.656938100000843
0.9873737373737373,0.9874317945566874,0.9874317945566874,555,303,xgboost,vibration_drift_025rms,5.656938100000843
0.9873737373737373,0.9874317945566874,0.9874317945566874,555,303,xgboost,vibration_drift_050rms,5.656938100000843
0.9886363636363636,0.9886877802085451,0.9886877802085452,555,303,xgboost,vibration_drift_100rms,5.656938100000843
0.98989898989899,0.9899247666399488,0.9899247666399488,555,303,xgboost,electrical_drift_025rms,5.656938100000843
0.976010101010101,0.9763342981846783,0.9763342981846784,555,303,xgboost,electrical_drift_050rms,5.656938100000843
0.9772727272727273,0.977474217336891,0.977474217336891,555,303,xgboost,electrical_drift_100rms,5.656938100000843
0.9962121212121212,0.9962119581577963,0.9962119581577964,555,304,lr,clean_reextract,0.12160330009646714
0.8813131313131313,0.8839557059062374,0.8839557059062375,555,304,lr,vibration_missing,0.12160330009646714
0.9848484848484849,0.9847629077980532,0.9847629077980532,555,304,lr,electrical_missing,0.12160330009646714
0.9962121212121212,0.9962213626314566,0.9962213626314564,555,304,lr,vibration_gain_075,0.12160330009646714
0.9949494949494949,0.994934872472283,0.9949348724722832,555,304,lr,vibration_gain_050,0.12160330009646714
0.9217171717171717,0.9210929590970669,0.9210929590970668,555,304,lr,vibration_gain_025,0.12160330009646714
0.9987373737373737,0.9987373556209196,0.9987373556209197,555,304,lr,electrical_gain_075,0.12160330009646714
0.9911616161616161,0.9911345804950497,0.9911345804950498,555,304,lr,electrical_gain_050,0.12160330009646714
0.9583333333333334,0.9571157641482856,0.9571157641482856,555,304,lr,electrical_gain_025,0.12160330009646714
0.9962121212121212,0.9962213626314566,0.9962213626314564,555,304,lr,vibration_drift_025rms,0.12160330009646714
0.9962121212121212,0.9962213626314566,0.9962213626314564,555,304,lr,vibration_drift_050rms,0.12160330009646714
0.9924242424242424,0.9924229377837192,0.9924229377837192,555,304,lr,vibration_drift_100rms,0.12160330009646714
0.9911616161616161,0.9911206916075367,0.9911206916075368,555,304,lr,electrical_drift_025rms,0.12160330009646714
0.9873737373737373,0.9872698107685767,0.9872698107685768,555,304,lr,electrical_drift_050rms,0.12160330009646714
0.5820707070707071,0.5276106041106902,0.5276106041106902,555,304,lr,electrical_drift_100rms,0.12160330009646714
0.9962121212121212,0.9962116320117094,0.9962116320117095,555,304,svm_rbf,clean_reextract,0.9399130999809131
0.8712121212121212,0.8735218330183225,0.8735218330183226,555,304,svm_rbf,vibration_missing,0.9399130999809131
0.9797979797979798,0.9798311363474594,0.9798311363474597,555,304,svm_rbf,electrical_missing,0.9399130999809131
0.9987373737373737,0.9987373556209196,0.9987373556209197,555,304,svm_rbf,vibration_gain_075,0.9399130999809131
0.9936868686868687,0.9936862345485862,0.9936862345485861,555,304,svm_rbf,vibration_gain_050,0.9399130999809131
0.976010101010101,0.9759080705799099,0.9759080705799099,555,304,svm_rbf,vibration_gain_025,0.9399130999809131
0.16666666666666666,0.047619047619047616,0.04761904761904762,555,304,svm_rbf,electrical_gain_075,0.9399130999809131
0.9949494949494949,0.9949483352468427,0.9949483352468428,555,304,svm_rbf,electrical_gain_050,0.9399130999809131
0.16666666666666666,0.047619047619047616,0.04761904761904762,555,304,svm_rbf,electrical_gain_025,0.9399130999809131
0.9962121212121212,0.9962116320117094,0.9962116320117095,555,304,svm_rbf,vibration_drift_025rms,0.9399130999809131
0.9962121212121212,0.9962116320117094,0.9962116320117095,555,304,svm_rbf,vibration_drift_050rms,0.9399130999809131
0.9949494949494949,0.9949483352468427,0.9949483352468428,555,304,svm_rbf,vibration_drift_100rms,0.9399130999809131
0.9962121212121212,0.9962116320117094,0.9962116320117095,555,304,svm_rbf,electrical_drift_025rms,0.9399130999809131
0.9886363636363636,0.988713816700986,0.9887138167009859,555,304,svm_rbf,electrical_drift_050rms,0.9399130999809131
0.6136363636363636,0.5740288891984316,0.5740288891984318,555,304,svm_rbf,electrical_drift_100rms,0.9399130999809131
0.9659090909090909,0.9658736901122634,0.9658736901122634,555,304,knn,clean_reextract,0.001499700010754168
0.494949494949495,0.48317928194076526,0.4831792819407653,555,304,knn,vibration_missing,0.001499700010754168
0.9734848484848485,0.9734113996502601,0.9734113996502601,555,304,knn,electrical_missing,0.001499700010754168
0.9558080808080808,0.9557505976430982,0.9557505976430983,555,304,knn,vibration_gain_075,0.001499700010754168
0.8888888888888888,0.8888738085970557,0.8888738085970556,555,304,knn,vibration_gain_050,0.001499700010754168
0.8345959595959596,0.8273394831723823,0.827339483172382,555,304,knn,vibration_gain_025,0.001499700010754168
0.5340909090909091,0.43817560613182005,0.4381756061318201,555,304,knn,electrical_gain_075,0.001499700010754168
0.9431818181818182,0.94282031844945,0.9428203184494499,555,304,knn,electrical_gain_050,0.001499700010754168
0.6616161616161617,0.575471340619082,0.575471340619082,555,304,knn,electrical_gain_025,0.001499700010754168
0.9671717171717171,0.9671369868771302,0.9671369868771301,555,304,knn,vibration_drift_025rms,0.001499700010754168
0.9646464646464646,0.9645778111610411,0.9645778111610412,555,304,knn,vibration_drift_050rms,0.001499700010754168
0.9583333333333334,0.9582651961974503,0.9582651961974503,555,304,knn,vibration_drift_100rms,0.001499700010754168
0.9583333333333334,0.9582024902891474,0.9582024902891474,555,304,knn,electrical_drift_025rms,0.001499700010754168
0.952020202020202,0.9518191088537179,0.9518191088537178,555,304,knn,electrical_drift_050rms,0.001499700010754168
0.9457070707070707,0.9447412787627246,0.9447412787627246,555,304,knn,electrical_drift_100rms,0.001499700010754168
0.9255050505050505,0.9242388513290946,0.9242388513290947,555,304,gnb,clean_reextract,0.003669800003990531
0.16666666666666666,0.05372405372405373,0.05372405372405373,555,304,gnb,vibration_missing,0.003669800003990531
0.9040404040404041,0.9026691369899584,0.9026691369899582,555,304,gnb,electrical_missing,0.003669800003990531
0.9078282828282829,0.905635849529537,0.9056358495295371,555,304,gnb,vibration_gain_075,0.003669800003990531
0.7803030303030303,0.7502183837456031,0.7502183837456031,555,304,gnb,vibration_gain_050,0.003669800003990531
0.7449494949494949,0.6847442703719112,0.6847442703719112,555,304,gnb,vibration_gain_025,0.003669800003990531
0.9179292929292929,0.9169719941201806,0.9169719941201807,555,304,gnb,electrical_gain_075,0.003669800003990531
0.7840909090909091,0.7475792931605315,0.7475792931605315,555,304,gnb,electrical_gain_050,0.003669800003990531
0.7676767676767676,0.7278046939771651,0.7278046939771652,555,304,gnb,electrical_gain_025,0.003669800003990531
0.928030303030303,0.9267921391384458,0.9267921391384458,555,304,gnb,vibration_drift_025rms,0.003669800003990531
0.9368686868686869,0.9356825791400715,0.9356825791400716,555,304,gnb,vibration_drift_050rms,0.003669800003990531
0.9393939393939394,0.9380548125512628,0.9380548125512628,555,304,gnb,vibration_drift_100rms,0.003669800003990531
0.922979797979798,0.921678068325145,0.9216780683251448,555,304,gnb,electrical_drift_025rms,0.003669800003990531
0.9305555555555556,0.9293740193791008,0.9293740193791007,555,304,gnb,electrical_drift_050rms,0.003669800003990531
0.9545454545454546,0.9538088020977517,0.9538088020977515,555,304,gnb,electrical_drift_100rms,0.003669800003990531
0.9974747474747475,0.9974747293582933,0.9974747293582934,555,304,lda,clean_reextract,0.016204999992623925
0.6919191919191919,0.6580623030501574,0.6580623030501574,555,304,lda,vibration_missing,0.016204999992623925
0.9886363636363636,0.988600146938742,0.9886001469387421,555,304,lda,electrical_missing,0.016204999992623925
0.9962121212121212,0.9962072474711103,0.9962072474711104,555,304,lda,vibration_gain_075,0.016204999992623925
0.9873737373737373,0.9873413081244174,0.9873413081244176,555,304,lda,vibration_gain_050,0.016204999992623925
0.9128787878787878,0.9083719411971894,0.9083719411971896,555,304,lda,vibration_gain_025,0.016204999992623925
0.9974747474747475,0.9974747293582933,0.9974747293582934,555,304,lda,electrical_gain_075,0.016204999992623925
0.9987373737373737,0.9987373556209196,0.9987373556209198,555,304,lda,electrical_gain_050,0.016204999992623925
0.9962121212121212,0.996212012922039,0.9962120129220389,555,304,lda,electrical_gain_025,0.016204999992623925
0.9974747474747475,0.9974747293582933,0.9974747293582934,555,304,lda,vibration_drift_025rms,0.016204999992623925
0.9962121212121212,0.9962120120985166,0.9962120120985165,555,304,lda,vibration_drift_050rms,0.016204999992623925
0.98989898989899,0.9898932385631843,0.9898932385631845,555,304,lda,vibration_drift_100rms,0.016204999992623925
0.9962121212121212,0.996207284118899,0.9962072841188991,555,304,lda,electrical_drift_025rms,0.016204999992623925
0.9974747474747475,0.9974747293582933,0.9974747293582934,555,304,lda,electrical_drift_050rms,0.016204999992623925
0.8838383838383839,0.8670416083335049,0.867041608333505,555,304,lda,electrical_drift_100rms,0.016204999992623925
0.8421717171717171,0.8382003281913102,0.8382003281913103,555,304,cart,clean_reextract,0.30262229999061674
0.6717171717171717,0.6700288837325088,0.6700288837325088,555,304,cart,vibration_missing,0.30262229999061674
0.9393939393939394,0.9391806754541201,0.9391806754541201,555,304,cart,electrical_missing,0.30262229999061674
0.8762626262626263,0.8678101597270267,0.8678101597270267,555,304,cart,vibration_gain_075,0.30262229999061674
0.8598484848484849,0.8494069224872914,0.8494069224872915,555,304,cart,vibration_gain_050,0.30262229999061674
0.5138888888888888,0.478598698820526,0.47859869882052597,555,304,cart,vibration_gain_025,0.30262229999061674
0.8434343434343434,0.8397639523435644,0.8397639523435646,555,304,cart,electrical_gain_075,0.30262229999061674
0.8434343434343434,0.8397639523435644,0.8397639523435646,555,304,cart,electrical_gain_050,0.30262229999061674
0.8434343434343434,0.8396074971106554,0.8396074971106555,555,304,cart,electrical_gain_025,0.30262229999061674
0.8434343434343434,0.8394627088600363,0.8394627088600366,555,304,cart,vibration_drift_025rms,0.30262229999061674
0.8446969696969697,0.8408372809282119,0.8408372809282119,555,304,cart,vibration_drift_050rms,0.30262229999061674
0.73989898989899,0.7280164245058257,0.7280164245058256,555,304,cart,vibration_drift_100rms,0.30262229999061674
0.8421717171717171,0.8387496534242792,0.8387496534242793,555,304,cart,electrical_drift_025rms,0.30262229999061674
0.8421717171717171,0.8392803583506202,0.8392803583506202,555,304,cart,electrical_drift_050rms,0.30262229999061674
0.8434343434343434,0.8397169725223351,0.8397169725223351,555,304,cart,electrical_drift_100rms,0.30262229999061674
0.9924242424242424,0.9924599291011506,0.9924599291011506,555,304,rf,clean_reextract,7.778567899949849
0.7323232323232324,0.7307484205895527,0.7307484205895527,555,304,rf,vibration_missing,7.778567899949849
0.9583333333333334,0.9584712902693836,0.9584712902693836,555,304,rf,electrical_missing,7.778567899949849
0.9949494949494949,0.9949343074422575,0.9949343074422574,555,304,rf,vibration_gain_075,7.778567899949849
0.9962121212121212,0.9962022275380492,0.9962022275380492,555,304,rf,vibration_gain_050,7.778567899949849
0.6767676767676768,0.613804401860084,0.613804401860084,555,304,rf,vibration_gain_025,7.778567899949849
0.9810606060606061,0.9810531368887067,0.9810531368887065,555,304,rf,electrical_gain_075,7.778567899949849
0.9861111111111112,0.9862154909105326,0.9862154909105326,555,304,rf,electrical_gain_050,7.778567899949849
0.9835858585858586,0.9837198454061662,0.9837198454061662,555,304,rf,electrical_gain_025,7.778567899949849
0.9924242424242424,0.9924599291011506,0.9924599291011506,555,304,rf,vibration_drift_025rms,7.778567899949849
0.9924242424242424,0.9924599291011506,0.9924599291011506,555,304,rf,vibration_drift_050rms,7.778567899949849
0.98989898989899,0.9899698340874812,0.9899698340874812,555,304,rf,vibration_drift_100rms,7.778567899949849
0.9936868686868687,0.9937042904419613,0.9937042904419612,555,304,rf,electrical_drift_025rms,7.778567899949849
0.9873737373737373,0.9874772033828222,0.9874772033828221,555,304,rf,electrical_drift_050rms,7.778567899949849
0.9886363636363636,0.9887238887238888,0.9887238887238887,555,304,rf,electrical_drift_100rms,7.778567899949849
0.9936868686868687,0.9936567047743866,0.9936567047743866,555,304,extra_trees,clean_reextract,1.3054285000544041
0.7032828282828283,0.6876097126804042,0.6876097126804043,555,304,extra_trees,vibration_missing,1.3054285000544041
0.9848484848484849,0.9847174581510015,0.9847174581510015,555,304,extra_trees,electrical_missing,1.3054285000544041
1.0,1.0,1.0,555,304,extra_trees,vibration_gain_075,1.3054285000544041
1.0,1.0,1.0,555,304,extra_trees,vibration_gain_050,1.3054285000544041
0.9343434343434344,0.9351808491034165,0.9351808491034167,555,304,extra_trees,vibration_gain_025,1.3054285000544041
0.9886363636363636,0.9885412841790898,0.9885412841790899,555,304,extra_trees,electrical_gain_075,1.3054285000544041
0.9911616161616161,0.9911002196206482,0.9911002196206482,555,304,extra_trees,electrical_gain_050,1.3054285000544041
0.9936868686868687,0.9936567047743866,0.9936567047743866,555,304,extra_trees,electrical_gain_025,1.3054285000544041
0.9924242424242424,0.9923787126556919,0.992378712655692,555,304,extra_trees,vibration_drift_025rms,1.3054285000544041
0.9936868686868687,0.9936567047743866,0.9936567047743866,555,304,extra_trees,vibration_drift_050rms,1.3054285000544041
0.9873737373737373,0.9872957165950473,0.9872957165950473,555,304,extra_trees,vibration_drift_100rms,1.3054285000544041
0.9911616161616161,0.9911002196206482,0.9911002196206482,555,304,extra_trees,electrical_drift_025rms,1.3054285000544041
0.98989898989899,0.9898211140581709,0.9898211140581707,555,304,extra_trees,electrical_drift_050rms,1.3054285000544041
0.98989898989899,0.9898211140581709,0.9898211140581707,555,304,extra_trees,electrical_drift_100rms,1.3054285000544041
0.9911616161616161,0.9911976511817918,0.9911976511817919,555,304,hist_gb,clean_reextract,7.487916999962181
0.7828282828282829,0.7855131046071291,0.7855131046071291,555,304,hist_gb,vibration_missing,7.487916999962181
0.9886363636363636,0.9886640870091509,0.988664087009151,555,304,hist_gb,electrical_missing,7.487916999962181
0.9911616161616161,0.99114567488534,0.99114567488534,555,304,hist_gb,vibration_gain_075,7.487916999962181
0.9924242424242424,0.9924139085012967,0.9924139085012968,555,304,hist_gb,vibration_gain_050,7.487916999962181
0.9116161616161617,0.9099786678156051,0.9099786678156051,555,304,hist_gb,vibration_gain_025,7.487916999962181
0.9886363636363636,0.9886606598389366,0.9886606598389365,555,304,hist_gb,electrical_gain_075,7.487916999962181
0.9924242424242424,0.9924281611913338,0.9924281611913337,555,304,hist_gb,electrical_gain_050,7.487916999962181
0.9911616161616161,0.9911751366493359,0.9911751366493358,555,304,hist_gb,electrical_gain_025,7.487916999962181
0.98989898989899,0.9899353755946644,0.9899353755946646,555,304,hist_gb,vibration_drift_025rms,7.487916999962181
0.9924242424242424,0.9924233661075766,0.9924233661075766,555,304,hist_gb,vibration_drift_050rms,7.487916999962181
0.9924242424242424,0.9924233661075766,0.9924233661075766,555,304,hist_gb,vibration_drift_100rms,7.487916999962181
0.9924242424242424,0.9924419097732352,0.992441909773235,555,304,hist_gb,electrical_drift_025rms,7.487916999962181
0.9873737373737373,0.987425662593899,0.987425662593899,555,304,hist_gb,electrical_drift_050rms,7.487916999962181
0.9873737373737373,0.987425662593899,0.987425662593899,555,304,hist_gb,electrical_drift_100rms,7.487916999962181
0.9936868686868687,0.993684603350031,0.993684603350031,555,304,xgboost,clean_reextract,6.103387699928135
0.7840909090909091,0.7878315050268715,0.7878315050268714,555,304,xgboost,vibration_missing,6.103387699928135
0.9823232323232324,0.9823911544419711,0.982391154441971,555,304,xgboost,electrical_missing,6.103387699928135
0.9936868686868687,0.9936567047743866,0.9936567047743866,555,304,xgboost,vibration_gain_075,6.103387699928135
0.9936868686868687,0.9936567047743866,0.9936567047743866,555,304,xgboost,vibration_gain_050,6.103387699928135
0.9267676767676768,0.9282103034450647,0.9282103034450647,555,304,xgboost,vibration_gain_025,6.103387699928135
0.98989898989899,0.9898978301963376,0.9898978301963377,555,304,xgboost,electrical_gain_075,6.103387699928135
0.9911616161616161,0.991160722536597,0.991160722536597,555,304,xgboost,electrical_gain_050,6.103387699928135
0.9886363636363636,0.9886729961007342,0.9886729961007343,555,304,xgboost,electrical_gain_025,6.103387699928135
0.9924242424242424,0.9924222226813048,0.9924222226813046,555,304,xgboost,vibration_drift_025rms,6.103387699928135
0.9924242424242424,0.9924222226813048,0.9924222226813046,555,304,xgboost,vibration_drift_050rms,6.103387699928135
0.9924242424242424,0.9924450795173229,0.9924450795173229,555,304,xgboost,vibration_drift_100rms,6.103387699928135
0.9924242424242424,0.9924203273040483,0.9924203273040482,555,304,xgboost,electrical_drift_025rms,6.103387699928135
0.9848484848484849,0.9849965609566355,0.9849965609566355,555,304,xgboost,electrical_drift_050rms,6.103387699928135
0.9848484848484849,0.9849222235253912,0.9849222235253909,555,304,xgboost,electrical_drift_100rms,6.103387699928135
0.9962121212121212,0.9962213626314566,0.9962213626314564,555,305,lr,clean_reextract,0.1527953000040725
0.8901515151515151,0.8934319567499279,0.8934319567499279,555,305,lr,vibration_missing,0.1527953000040725
0.9810606060606061,0.9809949838753345,0.9809949838753345,555,305,lr,electrical_missing,0.1527953000040725
0.9987373737373737,0.9987373556209196,0.9987373556209197,555,305,lr,vibration_gain_075,0.1527953000040725
0.9962121212121212,0.9962022275380491,0.9962022275380492,555,305,lr,vibration_gain_050,0.1527953000040725
0.9330808080808081,0.9325265879180574,0.9325265879180574,555,305,lr,vibration_gain_025,0.1527953000040725
0.9962121212121212,0.9962022275380491,0.9962022275380492,555,305,lr,electrical_gain_075,0.1527953000040725
0.9924242424242424,0.9924046758116666,0.9924046758116667,555,305,lr,electrical_gain_050,0.1527953000040725
0.9722222222222222,0.9718596140410959,0.9718596140410958,555,305,lr,electrical_gain_025,0.1527953000040725
0.9936868686868687,0.9937141331242304,0.9937141331242303,555,305,lr,vibration_drift_025rms,0.1527953000040725
0.9924242424242424,0.9924648786717754,0.9924648786717752,555,305,lr,vibration_drift_050rms,0.1527953000040725
0.9911616161616161,0.9912151455732064,0.9912151455732063,555,305,lr,vibration_drift_100rms,0.1527953000040725
0.9886363636363636,0.9886225548420974,0.9886225548420974,555,305,lr,electrical_drift_025rms,0.1527953000040725
0.9861111111111112,0.9860256140412692,0.9860256140412692,555,305,lr,electrical_drift_050rms,0.1527953000040725
0.571969696969697,0.5216565372713303,0.5216565372713303,555,305,lr,electrical_drift_100rms,0.1527953000040725
0.9962121212121212,0.9962116320117094,0.9962116320117095,555,305,svm_rbf,clean_reextract,0.9962829999858513
0.9154040404040404,0.914650214741624,0.914650214741624,555,305,svm_rbf,vibration_missing,0.9962829999858513
0.9861111111111112,0.986109787935554,0.9861097879355541,555,305,svm_rbf,electrical_missing,0.9962829999858513
0.9987373737373737,0.9987373556209196,0.9987373556209197,555,305,svm_rbf,vibration_gain_075,0.9962829999858513
0.9974747474747475,0.9974698737337366,0.9974698737337367,555,305,svm_rbf,vibration_gain_050,0.9962829999858513
0.9848484848484849,0.9847894864347347,0.9847894864347347,555,305,svm_rbf,vibration_gain_025,0.9962829999858513
0.16666666666666666,0.047619047619047616,0.04761904761904762,555,305,svm_rbf,electrical_gain_075,0.9962829999858513
0.9949494949494949,0.9949483352468427,0.9949483352468428,555,305,svm_rbf,electrical_gain_050,0.9962829999858513
0.35858585858585856,0.22907985547694767,0.22907985547694773,555,305,svm_rbf,electrical_gain_025,0.9962829999858513
0.9962121212121212,0.9962116320117094,0.9962116320117095,555,305,svm_rbf,vibration_drift_025rms,0.9962829999858513
0.9962121212121212,0.9962116320117094,0.9962116320117095,555,305,svm_rbf,vibration_drift_050rms,0.9962829999858513
0.9949494949494949,0.9949483352468427,0.9949483352468428,555,305,svm_rbf,vibration_drift_100rms,0.9962829999858513
0.9962121212121212,0.9962116320117094,0.9962116320117095,555,305,svm_rbf,electrical_drift_025rms,0.9962829999858513
0.9962121212121212,0.9962116320117094,0.9962116320117095,555,305,svm_rbf,electrical_drift_050rms,0.9962829999858513
0.6957070707070707,0.6735916358999444,0.6735916358999444,555,305,svm_rbf,electrical_drift_100rms,0.9962829999858513
0.9709595959595959,0.9710343100355372,0.9710343100355371,555,305,knn,clean_reextract,0.0024071000516414642
0.5012626262626263,0.5057466354853023,0.5057466354853023,555,305,knn,vibration_missing,0.0024071000516414642
0.9772727272727273,0.9770895077761308,0.9770895077761307,555,305,knn,electrical_missing,0.0024071000516414642
0.9621212121212122,0.9623614223195608,0.9623614223195608,555,305,knn,vibration_gain_075,0.0024071000516414642
0.9128787878787878,0.9129312061766003,0.9129312061766002,555,305,knn,vibration_gain_050,0.0024071000516414642
0.8775252525252525,0.8768072805543982,0.8768072805543982,555,305,knn,vibration_gain_025,0.0024071000516414642
0.5404040404040404,0.46501721244589067,0.4650172124458907,555,305,knn,electrical_gain_075,0.0024071000516414642
0.9343434343434344,0.933983300009536,0.933983300009536,555,305,knn,electrical_gain_050,0.0024071000516414642
0.6060606060606061,0.5142737162968608,0.5142737162968608,555,305,knn,electrical_gain_025,0.0024071000516414642
0.9734848484848485,0.973560577325571,0.973560577325571,555,305,knn,vibration_drift_025rms,0.0024071000516414642
0.9709595959595959,0.9710343100355372,0.9710343100355371,555,305,knn,vibration_drift_050rms,0.0024071000516414642
0.9545454545454546,0.9546352210662638,0.9546352210662638,555,305,knn,vibration_drift_100rms,0.0024071000516414642
0.9646464646464646,0.9644428841833474,0.9644428841833476,555,305,knn,electrical_drift_025rms,0.0024071000516414642
0.9406565656565656,0.9403140646121454,0.9403140646121456,555,305,knn,electrical_drift_050rms,0.0024071000516414642
0.8762626262626263,0.8731637319882105,0.8731637319882105,555,305,knn,electrical_drift_100rms,0.0024071000516414642
0.9356060606060606,0.9344740018698086,0.9344740018698084,555,305,gnb,clean_reextract,0.004535899963229895
0.1755050505050505,0.0696961795855527,0.0696961795855527,555,305,gnb,vibration_missing,0.004535899963229895
0.9053030303030303,0.9040060577079644,0.9040060577079644,555,305,gnb,electrical_missing,0.004535899963229895
0.9166666666666666,0.9149761655943126,0.9149761655943127,555,305,gnb,vibration_gain_075,0.004535899963229895
0.7815656565656566,0.749745775217753,0.7497457752177531,555,305,gnb,vibration_gain_050,0.004535899963229895
0.7386363636363636,0.6794867131879133,0.6794867131879133,555,305,gnb,vibration_gain_025,0.004535899963229895
0.9242424242424242,0.9233754593016968,0.9233754593016968,555,305,gnb,electrical_gain_075,0.004535899963229895
0.8295454545454546,0.8168169576457514,0.8168169576457515,555,305,gnb,electrical_gain_050,0.004535899963229895
0.7853535353535354,0.7476005334742362,0.7476005334742362,555,305,gnb,electrical_gain_025,0.004535899963229895
0.9368686868686869,0.9357451565596225,0.9357451565596226,555,305,gnb,vibration_drift_025rms,0.004535899963229895
0.9419191919191919,0.9407437994864353,0.9407437994864354,555,305,gnb,vibration_drift_050rms,0.004535899963229895
0.946969696969697,0.9457207866269037,0.9457207866269035,555,305,gnb,vibration_drift_100rms,0.004535899963229895
0.9318181818181818,0.9305876674318604,0.9305876674318604,555,305,gnb,electrical_drift_025rms,0.004535899963229895
0.946969696969697,0.9459192309883829,0.9459192309883829,555,305,gnb,electrical_drift_050rms,0.004535899963229895
0.9419191919191919,0.941631036409121,0.9416310364091208,555,305,gnb,electrical_drift_100rms,0.004535899963229895
0.9974747474747475,0.9974747293582933,0.9974747293582934,555,305,lda,clean_reextract,0.016343900002539158
0.6755050505050505,0.6450101046920071,0.6450101046920071,555,305,lda,vibration_missing,0.016343900002539158
0.9873737373737373,0.987352102793409,0.9873521027934089,555,305,lda,electrical_missing,0.016343900002539158
0.9987373737373737,0.9987373556209196,0.9987373556209198,555,305,lda,vibration_gain_075,0.016343900002539158
0.98989898989899,0.9898779670185798,0.9898779670185798,555,305,lda,vibration_gain_050,0.016343900002539158
0.9154040404040404,0.9109721798146057,0.9109721798146058,555,305,lda,vibration_gain_025,0.016343900002539158
0.9974747474747475,0.9974747293582933,0.9974747293582934,555,305,lda,electrical_gain_075,0.016343900002539158
0.9987373737373737,0.9987373556209196,0.9987373556209198,555,305,lda,electrical_gain_050,0.016343900002539158
0.9949494949494949,0.9949490980004133,0.9949490980004132,555,305,lda,electrical_gain_025,0.016343900002539158
0.9974747474747475,0.9974747293582933,0.9974747293582934,555,305,lda,vibration_drift_025rms,0.016343900002539158
0.9949494949494949,0.994949094705969,0.994949094705969,555,305,lda,vibration_drift_050rms,0.016343900002539158
0.9873737373737373,0.9873612652608212,0.9873612652608214,555,305,lda,vibration_drift_100rms,0.016343900002539158
0.9962121212121212,0.996207284118899,0.9962072841188991,555,305,lda,electrical_drift_025rms,0.016343900002539158
0.9974747474747475,0.9974747293582933,0.9974747293582934,555,305,lda,electrical_drift_050rms,0.016343900002539158
0.8762626262626263,0.858773223171048,0.8587732231710479,555,305,lda,electrical_drift_100rms,0.016343900002539158
0.8522727272727273,0.8439577470540548,0.8439577470540548,555,305,cart,clean_reextract,0.2822202000534162
0.6313131313131313,0.6325159029291046,0.6325159029291046,555,305,cart,vibration_missing,0.2822202000534162
0.946969696969697,0.9466377187742013,0.9466377187742014,555,305,cart,electrical_missing,0.2822202000534162
0.8888888888888888,0.8786339531399648,0.8786339531399647,555,305,cart,vibration_gain_075,0.2822202000534162
0.8838383838383839,0.8732015267669414,0.8732015267669414,555,305,cart,vibration_gain_050,0.2822202000534162
0.5252525252525253,0.4283328146073244,0.42833281460732436,555,305,cart,vibration_gain_025,0.2822202000534162
0.9444444444444444,0.9441124359605779,0.9441124359605779,555,305,cart,electrical_gain_075,0.2822202000534162
0.9444444444444444,0.9441124359605779,0.9441124359605779,555,305,cart,electrical_gain_050,0.2822202000534162
0.9444444444444444,0.9441124359605779,0.9441124359605779,555,305,cart,electrical_gain_025,0.2822202000534162
0.8497474747474747,0.8418402159378142,0.8418402159378143,555,305,cart,vibration_drift_025rms,0.2822202000534162
0.8446969696969697,0.8371245924254896,0.8371245924254896,555,305,cart,vibration_drift_050rms,0.2822202000534162
0.7828282828282829,0.7774144335171247,0.7774144335171248,555,305,cart,vibration_drift_100rms,0.2822202000534162
0.8446969696969697,0.8344741383659112,0.8344741383659111,555,305,cart,electrical_drift_025rms,0.2822202000534162
0.8257575757575758,0.8079586628721293,0.807958662872129,555,305,cart,electrical_drift_050rms,0.2822202000534162
0.7967171717171717,0.7689433005016535,0.7689433005016536,555,305,cart,electrical_drift_100rms,0.2822202000534162
0.9886363636363636,0.9887238887238888,0.9887238887238887,555,305,rf,clean_reextract,7.5852241000393406
0.7512626262626263,0.7460466714702382,0.7460466714702381,555,305,rf,vibration_missing,7.5852241000393406
0.9558080808080808,0.9559410015439708,0.9559410015439709,555,305,rf,electrical_missing,7.5852241000393406
0.9962121212121212,0.9962116320117095,0.9962116320117095,555,305,rf,vibration_gain_075,7.5852241000393406
0.9974747474747475,0.9974746025368765,0.9974746025368766,555,305,rf,vibration_gain_050,7.5852241000393406
0.7133838383838383,0.6660423116149998,0.6660423116149998,555,305,rf,vibration_gain_025,7.5852241000393406
0.9671717171717171,0.9672818843618153,0.9672818843618153,555,305,rf,electrical_gain_075,7.5852241000393406
0.9722222222222222,0.9723632877927365,0.9723632877927367,555,305,rf,electrical_gain_050,7.5852241000393406
0.9747474747474747,0.9749464750064499,0.9749464750064499,555,305,rf,electrical_gain_025,7.5852241000393406
0.9873737373737373,0.9874772033828222,0.9874772033828221,555,305,rf,vibration_drift_025rms,7.5852241000393406
0.9861111111111112,0.9862296717549636,0.9862296717549637,555,305,rf,vibration_drift_050rms,7.5852241000393406
0.9785353535353535,0.9786925642858781,0.978692564285878,555,305,rf,vibration_drift_100rms,7.5852241000393406
0.98989898989899,0.9899698340874812,0.9899698340874812,555,305,rf,electrical_drift_025rms,7.5852241000393406
0.9848484848484849,0.9849811872909698,0.9849811872909698,555,305,rf,electrical_drift_050rms,7.5852241000393406
0.9848484848484849,0.9849811872909698,0.9849811872909698,555,305,rf,electrical_drift_100rms,7.5852241000393406
0.9962121212121212,0.9962116320117095,0.9962116320117095,555,305,extra_trees,clean_reextract,1.3417551999446005
0.7058080808080808,0.6778748501995797,0.6778748501995798,555,305,extra_trees,vibration_missing,1.3417551999446005
0.976010101010101,0.9760015429547583,0.9760015429547583,555,305,extra_trees,electrical_missing,1.3417551999446005
0.9974747474747475,0.9974746025368765,0.9974746025368766,555,305,extra_trees,vibration_gain_075,1.3417551999446005
0.9974747474747475,0.9974746025368765,0.9974746025368766,555,305,extra_trees,vibration_gain_050,1.3417551999446005
0.9204545454545454,0.9216023790767222,0.921602379076722,555,305,extra_trees,vibration_gain_025,1.3417551999446005
0.98989898989899,0.9898576927986261,0.9898576927986261,555,305,extra_trees,electrical_gain_075,1.3417551999446005
0.9886363636363636,0.9885867554568998,0.9885867554568998,555,305,extra_trees,electrical_gain_050,1.3417551999446005
0.9873737373737373,0.9872832265935799,0.9872832265935799,555,305,extra_trees,electrical_gain_025,1.3417551999446005
0.9949494949494949,0.9949483352468427,0.9949483352468428,555,305,extra_trees,vibration_drift_025rms,1.3417551999446005
0.9949494949494949,0.9949483352468427,0.9949483352468428,555,305,extra_trees,vibration_drift_050rms,1.3417551999446005
0.9911616161616161,0.9911553979353024,0.9911553979353023,555,305,extra_trees,vibration_drift_100rms,1.3417551999446005
0.9949494949494949,0.9949483352468427,0.9949483352468428,555,305,extra_trees,electrical_drift_025rms,1.3417551999446005
0.9936868686868687,0.993684603350031,0.993684603350031,555,305,extra_trees,electrical_drift_050rms,1.3417551999446005
0.9949494949494949,0.9949483352468427,0.9949483352468428,555,305,extra_trees,electrical_drift_100rms,1.3417551999446005
0.9924242424242424,0.9924237532238308,0.9924237532238307,555,305,hist_gb,clean_reextract,7.050855599925853
0.7727272727272727,0.774360995523522,0.7743609955235222,555,305,hist_gb,vibration_missing,7.050855599925853
0.9772727272727273,0.9773749325506241,0.9773749325506241,555,305,hist_gb,electrical_missing,7.050855599925853
0.9924242424242424,0.9924091796981568,0.992409179698157,555,305,hist_gb,vibration_gain_075,7.050855599925853
0.98989898989899,0.9898840767099166,0.9898840767099165,555,305,hist_gb,vibration_gain_050,7.050855599925853
0.9078282828282829,0.9063330740644715,0.9063330740644715,555,305,hist_gb,vibration_gain_025,7.050855599925853
0.9810606060606061,0.9811677825507209,0.9811677825507209,555,305,hist_gb,electrical_gain_075,7.050855599925853
0.9848484848484849,0.984837847708738,0.9848378477087378,555,305,hist_gb,electrical_gain_050,7.050855599925853
0.9848484848484849,0.984837847708738,0.9848378477087378,555,305,hist_gb,electrical_gain_025,7.050855599925853
0.9911616161616161,0.9911607340683933,0.9911607340683932,555,305,hist_gb,vibration_drift_025rms,7.050855599925853
0.9911616161616161,0.9911607340683933,0.9911607340683932,555,305,hist_gb,vibration_drift_050rms,7.050855599925853
0.9949494949494949,0.994949094705969,0.994949094705969,555,305,hist_gb,vibration_drift_100rms,7.050855599925853
0.9911616161616161,0.991160722536597,0.991160722536597,555,305,hist_gb,electrical_drift_025rms,7.050855599925853
0.9861111111111112,0.9861660866692296,0.9861660866692296,555,305,hist_gb,electrical_drift_050rms,7.050855599925853
0.9873737373737373,0.9874154083656186,0.9874154083656187,555,305,hist_gb,electrical_drift_100rms,7.050855599925853
0.9924242424242424,0.9924222226813048,0.9924222226813046,555,305,xgboost,clean_reextract,5.599889799952507
0.7714646464646465,0.7724550928607167,0.7724550928607169,555,305,xgboost,vibration_missing,5.599889799952507
0.9595959595959596,0.960088342678911,0.9600883426789109,555,305,xgboost,electrical_missing,5.599889799952507
0.9949494949494949,0.9949343074422575,0.9949343074422574,555,305,xgboost,vibration_gain_075,5.599889799952507
0.9949494949494949,0.9949343074422575,0.9949343074422574,555,305,xgboost,vibration_gain_050,5.599889799952507
0.9154040404040404,0.9150840753572544,0.9150840753572543,555,305,xgboost,vibration_gain_025,5.599889799952507
0.9823232323232324,0.9823333194055627,0.9823333194055627,555,305,xgboost,electrical_gain_075,5.599889799952507
0.9823232323232324,0.9823333194055627,0.9823333194055627,555,305,xgboost,electrical_gain_050,5.599889799952507
0.9810606060606061,0.981090583249046,0.981090583249046,555,305,xgboost,electrical_gain_025,5.599889799952507
0.9924242424242424,0.9924222226813048,0.9924222226813046,555,305,xgboost,vibration_drift_025rms,5.599889799952507
0.9924242424242424,0.9924222226813048,0.9924222226813046,555,305,xgboost,vibration_drift_050rms,5.599889799952507
0.9911616161616161,0.9911852743958512,0.9911852743958512,555,305,xgboost,vibration_drift_100rms,5.599889799952507
0.98989898989899,0.9899430297289052,0.9899430297289052,555,305,xgboost,electrical_drift_025rms,5.599889799952507
0.9823232323232324,0.9824705073969177,0.9824705073969177,555,305,xgboost,electrical_drift_050rms,5.599889799952507
0.9785353535353535,0.9787056374049782,0.9787056374049782,555,305,xgboost,electrical_drift_100rms,5.599889799952507
