test_load,seed,model,condition,n_test,accuracy,macro_f1,weighted_f1,train_time_s,parameters
0,301,mlp,clean_reextract,792,1.0,1.0,1.0,7.950131699995836,10758
0,301,mlp,vibration_missing,792,0.36742424242424243,0.24298243439195147,0.24298243439195144,7.950131699995836,10758
0,301,mlp,electrical_missing,792,0.8762626262626263,0.8729092338182868,0.8729092338182868,7.950131699995836,10758
0,301,mlp,vibration_gain_075,792,1.0,1.0,1.0,7.950131699995836,10758
0,301,mlp,vibration_gain_050,792,0.9924242424242424,0.9924219589709505,0.9924219589709505,7.950131699995836,10758
0,301,mlp,vibration_gain_025,792,0.8068181818181818,0.7802477994761761,0.7802477994761761,7.950131699995836,10758
0,301,mlp,electrical_gain_075,792,0.17297979797979798,0.06032374804381846,0.060323748043818466,7.950131699995836,10758
0,301,mlp,electrical_gain_050,792,0.16666666666666666,0.047619047619047616,0.04761904761904762,7.950131699995836,10758
0,301,mlp,electrical_gain_025,792,0.16666666666666666,0.047619047619047616,0.04761904761904762,7.950131699995836,10758
0,301,mlp,vibration_drift_025rms,792,1.0,1.0,1.0,7.950131699995836,10758
0,301,mlp,vibration_drift_050rms,792,1.0,1.0,1.0,7.950131699995836,10758
0,301,mlp,vibration_drift_100rms,792,1.0,1.0,1.0,7.950131699995836,10758
0,301,mlp,electrical_drift_025rms,792,0.9936868686868687,0.993684603350031,0.993684603350031,7.950131699995836,10758
0,301,mlp,electrical_drift_050rms,792,0.9848484848484849,0.9848171152518979,0.9848171152518977,7.950131699995836,10758
0,301,mlp,electrical_drift_100rms,792,0.9633838383838383,0.9632456922526641,0.963245692252664,7.950131699995836,10758
0,301,resnet,clean_reextract,792,1.0,1.0,1.0,14.095271399972262,56838
0,301,resnet,vibration_missing,792,0.5568181818181818,0.48415989274176985,0.4841598927417698,14.095271399972262,56838
0,301,resnet,electrical_missing,792,0.9116161616161617,0.911566504981931,0.911566504981931,14.095271399972262,56838
0,301,resnet,vibration_gain_075,792,0.9974747474747475,0.9974746025368767,0.9974746025368766,14.095271399972262,56838
0,301,resnet,vibration_gain_050,792,0.9608585858585859,0.9616930268916014,0.9616930268916014,14.095271399972262,56838
0,301,resnet,vibration_gain_025,792,0.7828282828282829,0.7720917110567102,0.7720917110567102,14.095271399972262,56838
0,301,resnet,electrical_gain_075,792,0.3333333333333333,0.16982456140350877,0.16982456140350877,14.095271399972262,56838
0,301,resnet,electrical_gain_050,792,0.3106060606060606,0.1611627035355849,0.16116270353558487,14.095271399972262,56838
0,301,resnet,electrical_gain_025,792,0.1856060606060606,0.0746167358671351,0.0746167358671351,14.095271399972262,56838
0,301,resnet,vibration_drift_025rms,792,1.0,1.0,1.0,14.095271399972262,56838
0,301,resnet,vibration_drift_050rms,792,1.0,1.0,1.0,14.095271399972262,56838
0,301,resnet,vibration_drift_100rms,792,1.0,1.0,1.0,14.095271399972262,56838
0,301,resnet,electrical_drift_025rms,792,1.0,1.0,1.0,14.095271399972262,56838
0,301,resnet,electrical_drift_050rms,792,0.9974747474747475,0.9974746025368765,0.9974746025368766,14.095271399972262,56838
0,301,resnet,electrical_drift_100rms,792,0.7702020202020202,0.7475710000596916,0.7475710000596916,14.095271399972262,56838
0,301,ft_transformer,clean_reextract,792,1.0,1.0,1.0,33.06180399999721,929670
0,301,ft_transformer,vibration_missing,792,0.34974747474747475,0.21153907110519543,0.21153907110519543,33.06180399999721,929670
0,301,ft_transformer,electrical_missing,792,0.7159090909090909,0.6840128955126774,0.6840128955126776,33.06180399999721,929670
0,301,ft_transformer,vibration_gain_075,792,1.0,1.0,1.0,33.06180399999721,929670
0,301,ft_transformer,vibration_gain_050,792,0.8484848484848485,0.8452966992497114,0.8452966992497113,33.06180399999721,929670
0,301,ft_transformer,vibration_gain_025,792,0.494949494949495,0.3687679437545705,0.36876794375457045,33.06180399999721,929670
0,301,ft_transformer,electrical_gain_075,792,0.19444444444444445,0.08898148203739616,0.08898148203739616,33.06180399999721,929670
0,301,ft_transformer,electrical_gain_050,792,0.16666666666666666,0.047619047619047616,0.04761904761904762,33.06180399999721,929670
0,301,ft_transformer,electrical_gain_025,792,0.16666666666666666,0.047619047619047616,0.04761904761904762,33.06180399999721,929670
0,301,ft_transformer,vibration_drift_025rms,792,1.0,1.0,1.0,33.06180399999721,929670
0,301,ft_transformer,vibration_drift_050rms,792,1.0,1.0,1.0,33.06180399999721,929670
0,301,ft_transformer,vibration_drift_100rms,792,1.0,1.0,1.0,33.06180399999721,929670
0,301,ft_transformer,electrical_drift_025rms,792,1.0,1.0,1.0,33.06180399999721,929670
0,301,ft_transformer,electrical_drift_050rms,792,1.0,1.0,1.0,33.06180399999721,929670
0,301,ft_transformer,electrical_drift_100rms,792,0.9924242424242424,0.9924188226657152,0.9924188226657151,33.06180399999721,929670
0,301,tabm,clean_reextract,792,1.0,1.0,1.0,11.349183800019091,806080
0,301,tabm,vibration_missing,792,0.5707070707070707,0.5155872643837095,0.5155872643837096,11.349183800019091,806080
0,301,tabm,electrical_missing,792,0.8914141414141414,0.8893342159074665,0.8893342159074664,11.349183800019091,806080
0,301,tabm,vibration_gain_075,792,1.0,1.0,1.0,11.349183800019091,806080
0,301,tabm,vibration_gain_050,792,0.9835858585858586,0.9835459605620839,0.9835459605620838,11.349183800019091,806080
0,301,tabm,vibration_gain_025,792,0.8194444444444444,0.805075016752178,0.8050750167521781,11.349183800019091,806080
0,301,tabm,electrical_gain_075,792,0.49242424242424243,0.3350890702748435,0.3350890702748435,11.349183800019091,806080
0,301,tabm,electrical_gain_050,792,0.22474747474747475,0.14787832631416534,0.14787832631416534,11.349183800019091,806080
0,301,tabm,electrical_gain_025,792,0.16666666666666666,0.047619047619047616,0.04761904761904762,11.349183800019091,806080
0,301,tabm,vibration_drift_025rms,792,1.0,1.0,1.0,11.349183800019091,806080
0,301,tabm,vibration_drift_050rms,792,1.0,1.0,1.0,11.349183800019091,806080
0,301,tabm,vibration_drift_100rms,792,1.0,1.0,1.0,11.349183800019091,806080
0,301,tabm,electrical_drift_025rms,792,1.0,1.0,1.0,11.349183800019091,806080
0,301,tabm,electrical_drift_050rms,792,1.0,1.0,1.0,11.349183800019091,806080
0,301,tabm,electrical_drift_100rms,792,0.7133838383838383,0.6639999059592986,0.6639999059592986,11.349183800019091,806080
0,301,tmc,clean_reextract,792,0.9027777777777778,0.8986449434675273,0.8986449434675273,22.137813499983167,15372
0,301,tmc,vibration_missing,792,0.8345959595959596,0.8295471787045713,0.8295471787045712,22.137813499983167,15372
0,301,tmc,electrical_missing,792,0.8358585858585859,0.8233384641135904,0.8233384641135905,22.137813499983167,15372
0,301,tmc,vibration_gain_075,792,0.9040404040404041,0.8989813038827479,0.8989813038827481,22.137813499983167,15372
0,301,tmc,vibration_gain_050,792,0.8497474747474747,0.8507046936279862,0.8507046936279863,22.137813499983167,15372
0,301,tmc,vibration_gain_025,792,0.7083333333333334,0.707299519867972,0.7072995198679719,22.137813499983167,15372
0,301,tmc,electrical_gain_075,792,0.3813131313131313,0.318793377307262,0.3187933773072619,22.137813499983167,15372
0,301,tmc,electrical_gain_050,792,0.3661616161616162,0.3068119832169618,0.3068119832169618,22.137813499983167,15372
0,301,tmc,electrical_gain_025,792,0.3611111111111111,0.3026026075150087,0.3026026075150088,22.137813499983167,15372
0,301,tmc,vibration_drift_025rms,792,0.9002525252525253,0.895944492318211,0.895944492318211,22.137813499983167,15372
0,301,tmc,vibration_drift_050rms,792,0.8914141414141414,0.8853563033492473,0.8853563033492472,22.137813499983167,15372
0,301,tmc,vibration_drift_100rms,792,0.8699494949494949,0.8606315556831801,0.8606315556831801,22.137813499983167,15372
0,301,tmc,electrical_drift_025rms,792,0.8573232323232324,0.84383957826253,0.84383957826253,22.137813499983167,15372
0,301,tmc,electrical_drift_050rms,792,0.51010101010101,0.4613104644676909,0.461310464467691,22.137813499983167,15372
0,301,tmc,electrical_drift_100rms,792,0.3560606060606061,0.2167930137495355,0.21679301374953547,22.137813499983167,15372
0,302,mlp,clean_reextract,792,1.0,1.0,1.0,6.532494199986104,10758
0,302,mlp,vibration_missing,792,0.4494949494949495,0.40060592167607223,0.40060592167607223,6.532494199986104,10758
0,302,mlp,electrical_missing,792,0.8952020202020202,0.893651735255597,0.8936517352555969,6.532494199986104,10758
0,302,mlp,vibration_gain_075,792,0.9987373737373737,0.9987373556209196,0.9987373556209198,6.532494199986104,10758
0,302,mlp,vibration_gain_050,792,0.9545454545454546,0.9541460911491376,0.9541460911491374,6.532494199986104,10758
0,302,mlp,vibration_gain_025,792,0.773989898989899,0.7438419303139003,0.7438419303139004,6.532494199986104,10758
0,302,mlp,electrical_gain_075,792,0.22474747474747475,0.12919442975497972,0.12919442975497974,6.532494199986104,10758
0,302,mlp,electrical_gain_050,792,0.16666666666666666,0.047619047619047616,0.04761904761904762,6.532494199986104,10758
0,302,mlp,electrical_gain_025,792,0.16666666666666666,0.047619047619047616,0.04761904761904762,6.532494199986104,10758
0,302,mlp,vibration_drift_025rms,792,1.0,1.0,1.0,6.532494199986104,10758
0,302,mlp,vibration_drift_050rms,792,1.0,1.0,1.0,6.532494199986104,10758
0,302,mlp,vibration_drift_100rms,792,1.0,1.0,1.0,6.532494199986104,10758
0,302,mlp,electrical_drift_025rms,792,0.9987373737373737,0.9987373556209197,0.9987373556209197,6.532494199986104,10758
0,302,mlp,electrical_drift_050rms,792,0.9962121212121212,0.9962116320117095,0.9962116320117095,6.532494199986104,10758
0,302,mlp,electrical_drift_100rms,792,0.9709595959595959,0.9708478863344427,0.9708478863344426,6.532494199986104,10758
0,302,resnet,clean_reextract,792,1.0,1.0,1.0,13.490585999999894,56838
0,302,resnet,vibration_missing,792,0.5921717171717171,0.5695514386089089,0.5695514386089088,13.490585999999894,56838
0,302,resnet,electrical_missing,792,0.9356060606060606,0.9357536059029553,0.9357536059029554,13.490585999999894,56838
0,302,resnet,vibration_gain_075,792,0.9974747474747475,0.9974746025368767,0.9974746025368766,13.490585999999894,56838
0,302,resnet,vibration_gain_050,792,0.9621212121212122,0.9617921078309166,0.9617921078309165,13.490585999999894,56838
0,302,resnet,vibration_gain_025,792,0.7929292929292929,0.7694496571389521,0.7694496571389522,13.490585999999894,56838
0,302,resnet,electrical_gain_075,792,0.1994949494949495,0.10865240391171031,0.10865240391171031,13.490585999999894,56838
0,302,resnet,electrical_gain_050,792,0.16666666666666666,0.047619047619047616,0.04761904761904762,13.490585999999894,56838
0,302,resnet,electrical_gain_025,792,0.16666666666666666,0.047619047619047616,0.04761904761904762,13.490585999999894,56838
0,302,resnet,vibration_drift_025rms,792,1.0,1.0,1.0,13.490585999999894,56838
0,302,resnet,vibration_drift_050rms,792,1.0,1.0,1.0,13.490585999999894,56838
0,302,resnet,vibration_drift_100rms,792,1.0,1.0,1.0,13.490585999999894,56838
0,302,resnet,electrical_drift_025rms,792,1.0,1.0,1.0,13.490585999999894,56838
0,302,resnet,electrical_drift_050rms,792,1.0,1.0,1.0,13.490585999999894,56838
0,302,resnet,electrical_drift_100rms,792,0.9242424242424242,0.9235258142952154,0.9235258142952155,13.490585999999894,56838
0,302,ft_transformer,clean_reextract,792,1.0,1.0,1.0,32.62461539998185,929670
0,302,ft_transformer,vibration_missing,792,0.3939393939393939,0.3058663925536991,0.3058663925536991,32.62461539998185,929670
0,302,ft_transformer,electrical_missing,792,0.7702020202020202,0.751200027124951,0.751200027124951,32.62461539998185,929670
0,302,ft_transformer,vibration_gain_075,792,1.0,1.0,1.0,32.62461539998185,929670
0,302,ft_transformer,vibration_gain_050,792,0.7487373737373737,0.7197732964633109,0.7197732964633111,32.62461539998185,929670
0,302,ft_transformer,vibration_gain_025,792,0.51010101010101,0.40780710274409926,0.40780710274409926,32.62461539998185,929670
0,302,ft_transformer,electrical_gain_075,792,0.1691919191919192,0.05513784461152882,0.05513784461152882,32.62461539998185,929670
0,302,ft_transformer,electrical_gain_050,792,0.16666666666666666,0.047619047619047616,0.04761904761904762,32.62461539998185,929670
0,302,ft_transformer,electrical_gain_025,792,0.16666666666666666,0.047619047619047616,0.04761904761904762,32.62461539998185,929670
0,302,ft_transformer,vibration_drift_025rms,792,1.0,1.0,1.0,32.62461539998185,929670
0,302,ft_transformer,vibration_drift_050rms,792,1.0,1.0,1.0,32.62461539998185,929670
0,302,ft_transformer,vibration_drift_100rms,792,1.0,1.0,1.0,32.62461539998185,929670
0,302,ft_transformer,electrical_drift_025rms,792,1.0,1.0,1.0,32.62461539998185,929670
0,302,ft_transformer,electrical_drift_050rms,792,0.9987373737373737,0.9987373556209197,0.9987373556209197,32.62461539998185,929670
0,302,ft_transformer,electrical_drift_100rms,792,0.9747474747474747,0.9746543778801843,0.9746543778801844,32.62461539998185,929670
0,302,tabm,clean_reextract,792,1.0,1.0,1.0,10.754430500004673,806080
0,302,tabm,vibration_missing,792,0.5593434343434344,0.4950274654213512,0.4950274654213511,10.754430500004673,806080
0,302,tabm,electrical_missing,792,0.8636363636363636,0.8592965345244759,0.8592965345244759,10.754430500004673,806080
0,302,tabm,vibration_gain_075,792,1.0,1.0,1.0,10.754430500004673,806080
0,302,tabm,vibration_gain_050,792,0.98989898989899,0.9898897058823529,0.9898897058823529,10.754430500004673,806080
0,302,tabm,vibration_gain_025,792,0.8143939393939394,0.800511045646963,0.8005110456469628,10.754430500004673,806080
0,302,tabm,electrical_gain_075,792,0.3333333333333333,0.17307146201254098,0.17307146201254095,10.754430500004673,806080
0,302,tabm,electrical_gain_050,792,0.3333333333333333,0.16668819148478198,0.16668819148478195,10.754430500004673,806080
0,302,tabm,electrical_gain_025,792,0.3333333333333333,0.16829904375543323,0.16829904375543323,10.754430500004673,806080
0,302,tabm,vibration_drift_025rms,792,1.0,1.0,1.0,10.754430500004673,806080
0,302,tabm,vibration_drift_050rms,792,1.0,1.0,1.0,10.754430500004673,806080
0,302,tabm,vibration_drift_100rms,792,1.0,1.0,1.0,10.754430500004673,806080
0,302,tabm,electrical_drift_025rms,792,1.0,1.0,1.0,10.754430500004673,806080
0,302,tabm,electrical_drift_050rms,792,1.0,1.0,1.0,10.754430500004673,806080
0,302,tabm,electrical_drift_100rms,792,0.5,0.4027869728504166,0.4027869728504166,10.754430500004673,806080
0,302,tmc,clean_reextract,792,0.9179292929292929,0.9154822953531624,0.9154822953531624,21.54852340000798,15372
0,302,tmc,vibration_missing,792,0.8964646464646465,0.8937907806037054,0.8937907806037055,21.54852340000798,15372
0,302,tmc,electrical_missing,792,0.8383838383838383,0.825380117573142,0.8253801175731419,21.54852340000798,15372
0,302,tmc,vibration_gain_075,792,0.9040404040404041,0.8987754972953863,0.8987754972953863,21.54852340000798,15372
0,302,tmc,vibration_gain_050,792,0.8598484848484849,0.8594653026070055,0.8594653026070057,21.54852340000798,15372
0,302,tmc,vibration_gain_025,792,0.7070707070707071,0.7074836433621777,0.7074836433621777,21.54852340000798,15372
0,302,tmc,electrical_gain_075,792,0.3888888888888889,0.3248196523999612,0.32481965239996125,21.54852340000798,15372
0,302,tmc,electrical_gain_050,792,0.3787878787878788,0.31714571714571715,0.31714571714571715,21.54852340000798,15372
0,302,tmc,electrical_gain_025,792,0.37247474747474746,0.3121965398426761,0.3121965398426761,21.54852340000798,15372
0,302,tmc,vibration_drift_025rms,792,0.9128787878787878,0.9100313775585208,0.9100313775585208,21.54852340000798,15372
0,302,tmc,vibration_drift_050rms,792,0.9027777777777778,0.8988969080833872,0.8988969080833872,21.54852340000798,15372
0,302,tmc,vibration_drift_100rms,792,0.8813131313131313,0.8746664236391467,0.8746664236391466,21.54852340000798,15372
0,302,tmc,electrical_drift_025rms,792,0.8699494949494949,0.8602502260445469,0.8602502260445472,21.54852340000798,15372
0,302,tmc,electrical_drift_050rms,792,0.5656565656565656,0.527362758968167,0.527362758968167,21.54852340000798,15372
0,302,tmc,electrical_drift_100rms,792,0.36237373737373735,0.2497161413875313,0.24971614138753126,21.54852340000798,15372
0,303,mlp,clean_reextract,792,1.0,1.0,1.0,6.536131600005319,10758
0,303,mlp,vibration_missing,792,0.5265151515151515,0.45533777259765656,0.45533777259765645,6.536131600005319,10758
0,303,mlp,electrical_missing,792,0.875,0.8757254668668436,0.8757254668668435,6.536131600005319,10758
0,303,mlp,vibration_gain_075,792,1.0,1.0,1.0,6.536131600005319,10758
0,303,mlp,vibration_gain_050,792,0.9810606060606061,0.9811398612861472,0.9811398612861472,6.536131600005319,10758
0,303,mlp,vibration_gain_025,792,0.8118686868686869,0.8015429995093569,0.801542999509357,6.536131600005319,10758
0,303,mlp,electrical_gain_075,792,0.43686868686868685,0.2891774891774892,0.2891774891774892,6.536131600005319,10758
0,303,mlp,electrical_gain_050,792,0.33207070707070707,0.1772943600124731,0.1772943600124731,6.536131600005319,10758
0,303,mlp,electrical_gain_025,792,0.29545454545454547,0.1631831192172003,0.1631831192172003,6.536131600005319,10758
0,303,mlp,vibration_drift_025rms,792,1.0,1.0,1.0,6.536131600005319,10758
0,303,mlp,vibration_drift_050rms,792,1.0,1.0,1.0,6.536131600005319,10758
0,303,mlp,vibration_drift_100rms,792,1.0,1.0,1.0,6.536131600005319,10758
0,303,mlp,electrical_drift_025rms,792,1.0,1.0,1.0,6.536131600005319,10758
0,303,mlp,electrical_drift_050rms,792,1.0,1.0,1.0,6.536131600005319,10758
0,303,mlp,electrical_drift_100rms,792,0.9810606060606061,0.9810486960780084,0.9810486960780084,6.536131600005319,10758
0,303,resnet,clean_reextract,792,1.0,1.0,1.0,13.30994350000401,56838
0,303,resnet,vibration_missing,792,0.5416666666666666,0.44437987438072013,0.4443798743807202,13.30994350000401,56838
0,303,resnet,electrical_missing,792,0.7904040404040404,0.7767224806318508,0.7767224806318507,13.30994350000401,56838
0,303,resnet,vibration_gain_075,792,1.0,1.0,1.0,13.30994350000401,56838
0,303,resnet,vibration_gain_050,792,0.9936868686868687,0.993684603350031,0.993684603350031,13.30994350000401,56838
0,303,resnet,vibration_gain_025,792,0.8484848484848485,0.8466471784954536,0.8466471784954537,13.30994350000401,56838
0,303,resnet,electrical_gain_075,792,0.29797979797979796,0.15129921382182032,0.15129921382182035,13.30994350000401,56838
0,303,resnet,electrical_gain_050,792,0.16792929292929293,0.051446234375705065,0.05144623437570507,13.30994350000401,56838
0,303,resnet,electrical_gain_025,792,0.16666666666666666,0.047619047619047616,0.04761904761904762,13.30994350000401,56838
0,303,resnet,vibration_drift_025rms,792,1.0,1.0,1.0,13.30994350000401,56838
0,303,resnet,vibration_drift_050rms,792,1.0,1.0,1.0,13.30994350000401,56838
0,303,resnet,vibration_drift_100rms,792,1.0,1.0,1.0,13.30994350000401,56838
0,303,resnet,electrical_drift_025rms,792,1.0,1.0,1.0,13.30994350000401,56838
0,303,resnet,electrical_drift_050rms,792,0.9987373737373737,0.9987373556209197,0.9987373556209197,13.30994350000401,56838
0,303,resnet,electrical_drift_100rms,792,0.7133838383838383,0.6695925778063812,0.6695925778063813,13.30994350000401,56838
0,303,ft_transformer,clean_reextract,792,1.0,1.0,1.0,31.477164199983235,929670
0,303,ft_transformer,vibration_missing,792,0.3333333333333333,0.16678392464858502,0.166783924648585,31.477164199983235,929670
0,303,ft_transformer,electrical_missing,792,0.7133838383838383,0.6846322857095156,0.6846322857095157,31.477164199983235,929670
0,303,ft_transformer,vibration_gain_075,792,0.9987373737373737,0.9987373556209197,0.9987373556209198,31.477164199983235,929670
0,303,ft_transformer,vibration_gain_050,792,0.7727272727272727,0.7718584291859388,0.7718584291859387,31.477164199983235,929670
0,303,ft_transformer,vibration_gain_025,792,0.4684343434343434,0.3489980057228365,0.34899800572283646,31.477164199983235,929670
0,303,ft_transformer,electrical_gain_075,792,0.16666666666666666,0.047619047619047616,0.04761904761904762,31.477164199983235,929670
0,303,ft_transformer,electrical_gain_050,792,0.16666666666666666,0.047619047619047616,0.04761904761904762,31.477164199983235,929670
0,303,ft_transformer,electrical_gain_025,792,0.16666666666666666,0.047619047619047616,0.04761904761904762,31.477164199983235,929670
0,303,ft_transformer,vibration_drift_025rms,792,1.0,1.0,1.0,31.477164199983235,929670
0,303,ft_transformer,vibration_drift_050rms,792,1.0,1.0,1.0,31.477164199983235,929670
0,303,ft_transformer,vibration_drift_100rms,792,1.0,1.0,1.0,31.477164199983235,929670
0,303,ft_transformer,electrical_drift_025rms,792,1.0,1.0,1.0,31.477164199983235,929670
0,303,ft_transformer,electrical_drift_050rms,792,0.9305555555555556,0.9274047186932849,0.927404718693285,31.477164199983235,929670
0,303,ft_transformer,electrical_drift_100rms,792,0.9343434343434344,0.9326789194836529,0.9326789194836529,31.477164199983235,929670
0,303,tabm,clean_reextract,792,1.0,1.0,1.0,10.772924199991394,806080
0,303,tabm,vibration_missing,792,0.5833333333333334,0.5403896784588297,0.5403896784588297,10.772924199991394,806080
0,303,tabm,electrical_missing,792,0.8737373737373737,0.869267040149393,0.8692670401493932,10.772924199991394,806080
0,303,tabm,vibration_gain_075,792,1.0,1.0,1.0,10.772924199991394,806080
0,303,tabm,vibration_gain_050,792,0.9823232323232324,0.9823452327992354,0.9823452327992352,10.772924199991394,806080
0,303,tabm,vibration_gain_025,792,0.8080808080808081,0.7850973201812493,0.7850973201812492,10.772924199991394,806080
0,303,tabm,electrical_gain_075,792,0.4583333333333333,0.3109709892133705,0.3109709892133705,10.772924199991394,806080
0,303,tabm,electrical_gain_050,792,0.18055555555555555,0.07383379672536299,0.073833796725363,10.772924199991394,806080
0,303,tabm,electrical_gain_025,792,0.16666666666666666,0.047619047619047616,0.04761904761904762,10.772924199991394,806080
0,303,tabm,vibration_drift_025rms,792,1.0,1.0,1.0,10.772924199991394,806080
0,303,tabm,vibration_drift_050rms,792,1.0,1.0,1.0,10.772924199991394,806080
0,303,tabm,vibration_drift_100rms,792,1.0,1.0,1.0,10.772924199991394,806080
0,303,tabm,electrical_drift_025rms,792,1.0,1.0,1.0,10.772924199991394,806080
0,303,tabm,electrical_drift_050rms,792,1.0,1.0,1.0,10.772924199991394,806080
0,303,tabm,electrical_drift_100rms,792,0.6641414141414141,0.6053777590061888,0.605377759006189,10.772924199991394,806080
0,303,tmc,clean_reextract,792,0.9191919191919192,0.9168289600866797,0.9168289600866797,21.54729089999455,15372
0,303,tmc,vibration_missing,792,0.8446969696969697,0.8385828803451217,0.8385828803451216,21.54729089999455,15372
0,303,tmc,electrical_missing,792,0.8371212121212122,0.8249279104484811,0.8249279104484812,21.54729089999455,15372
0,303,tmc,vibration_gain_075,792,0.9116161616161617,0.907402758705015,0.9074027587050149,21.54729089999455,15372
0,303,tmc,vibration_gain_050,792,0.8598484848484849,0.861087153855475,0.861087153855475,21.54729089999455,15372
0,303,tmc,vibration_gain_025,792,0.7234848484848485,0.7218088629946889,0.7218088629946889,21.54729089999455,15372
0,303,tmc,electrical_gain_075,792,0.37752525252525254,0.3174273031895615,0.31742730318956147,21.54729089999455,15372
0,303,tmc,electrical_gain_050,792,0.3648989898989899,0.30740613835545366,0.30740613835545366,21.54729089999455,15372
0,303,tmc,electrical_gain_025,792,0.35858585858585856,0.30054544278599815,0.30054544278599815,21.54729089999455,15372
0,303,tmc,vibration_drift_025rms,792,0.9166666666666666,0.9140655865835629,0.914065586583563,21.54729089999455,15372
0,303,tmc,vibration_drift_050rms,792,0.9116161616161617,0.9085895430972389,0.9085895430972388,21.54729089999455,15372
0,303,tmc,vibration_drift_100rms,792,0.8863636363636364,0.8805192192989172,0.8805192192989172,21.54729089999455,15372
0,303,tmc,electrical_drift_025rms,792,0.8623737373737373,0.8516999030654157,0.8516999030654155,21.54729089999455,15372
0,303,tmc,electrical_drift_050rms,792,0.5378787878787878,0.4987840734739768,0.49878407347397674,21.54729089999455,15372
0,303,tmc,electrical_drift_100rms,792,0.36237373737373735,0.24095208584754882,0.24095208584754882,21.54729089999455,15372
0,304,mlp,clean_reextract,792,1.0,1.0,1.0,6.504881799977738,10758
0,304,mlp,vibration_missing,792,0.45707070707070707,0.3984517638914469,0.3984517638914469,6.504881799977738,10758
0,304,mlp,electrical_missing,792,0.8952020202020202,0.8923536727238583,0.8923536727238585,6.504881799977738,10758
0,304,mlp,vibration_gain_075,792,0.9987373737373737,0.9987373556209196,0.9987373556209198,6.504881799977738,10758
0,304,mlp,vibration_gain_050,792,0.9797979797979798,0.9797235023041475,0.9797235023041474,6.504881799977738,10758
0,304,mlp,vibration_gain_025,792,0.7840909090909091,0.7628511762973043,0.7628511762973044,6.504881799977738,10758
0,304,mlp,electrical_gain_075,792,0.2765151515151515,0.148553412462908,0.148553412462908,6.504881799977738,10758
0,304,mlp,electrical_gain_050,792,0.16666666666666666,0.047619047619047616,0.04761904761904762,6.504881799977738,10758
0,304,mlp,electrical_gain_025,792,0.16666666666666666,0.047619047619047616,0.04761904761904762,6.504881799977738,10758
0,304,mlp,vibration_drift_025rms,792,1.0,1.0,1.0,6.504881799977738,10758
0,304,mlp,vibration_drift_050rms,792,1.0,1.0,1.0,6.504881799977738,10758
0,304,mlp,vibration_drift_100rms,792,1.0,1.0,1.0,6.504881799977738,10758
0,304,mlp,electrical_drift_025rms,792,0.9987373737373737,0.9987373556209197,0.9987373556209197,6.504881799977738,10758
0,304,mlp,electrical_drift_050rms,792,0.9936868686868687,0.993684603350031,0.993684603350031,6.504881799977738,10758
0,304,mlp,electrical_drift_100rms,792,0.9646464646464646,0.9643936495181976,0.9643936495181975,6.504881799977738,10758
0,304,resnet,clean_reextract,792,1.0,1.0,1.0,13.544853100000182,56838
0,304,resnet,vibration_missing,792,0.48358585858585856,0.4570273803039903,0.45702738030399037,13.544853100000182,56838
0,304,resnet,electrical_missing,792,0.9103535353535354,0.908349880488455,0.908349880488455,13.544853100000182,56838
0,304,resnet,vibration_gain_075,792,1.0,1.0,1.0,13.544853100000182,56838
0,304,resnet,vibration_gain_050,792,0.9747474747474747,0.9746411827133166,0.9746411827133166,13.544853100000182,56838
0,304,resnet,vibration_gain_025,792,0.7803030303030303,0.7582916010304498,0.7582916010304498,13.544853100000182,56838
0,304,resnet,electrical_gain_075,792,0.49242424242424243,0.32837545763594117,0.3283754576359411,13.544853100000182,56838
0,304,resnet,electrical_gain_050,792,0.3661616161616162,0.2322444286340024,0.2322444286340024,13.544853100000182,56838
0,304,resnet,electrical_gain_025,792,0.2803030303030303,0.15438957475994514,0.1543895747599451,13.544853100000182,56838
0,304,resnet,vibration_drift_025rms,792,1.0,1.0,1.0,13.544853100000182,56838
0,304,resnet,vibration_drift_050rms,792,1.0,1.0,1.0,13.544853100000182,56838
0,304,resnet,vibration_drift_100rms,792,1.0,1.0,1.0,13.544853100000182,56838
0,304,resnet,electrical_drift_025rms,792,1.0,1.0,1.0,13.544853100000182,56838
0,304,resnet,electrical_drift_050rms,792,1.0,1.0,1.0,13.544853100000182,56838
0,304,resnet,electrical_drift_100rms,792,0.9747474747474747,0.9750050925758238,0.9750050925758238,13.544853100000182,56838
0,304,ft_transformer,clean_reextract,792,1.0,1.0,1.0,31.386249000002863,929670
0,304,ft_transformer,vibration_missing,792,0.3547979797979798,0.24678210182553562,0.24678210182553562,31.386249000002863,929670
0,304,ft_transformer,electrical_missing,792,0.5404040404040404,0.43234612957605384,0.43234612957605384,31.386249000002863,929670
0,304,ft_transformer,vibration_gain_075,792,1.0,1.0,1.0,31.386249000002863,929670
0,304,ft_transformer,vibration_gain_050,792,0.8787878787878788,0.8716795700349845,0.8716795700349844,31.386249000002863,929670
0,304,ft_transformer,vibration_gain_025,792,0.5202020202020202,0.4136880088829053,0.4136880088829053,31.386249000002863,929670
0,304,ft_transformer,electrical_gain_075,792,0.16666666666666666,0.047619047619047616,0.04761904761904762,31.386249000002863,929670
0,304,ft_transformer,electrical_gain_050,792,0.16666666666666666,0.047619047619047616,0.04761904761904762,31.386249000002863,929670
0,304,ft_transformer,electrical_gain_025,792,0.16666666666666666,0.047619047619047616,0.04761904761904762,31.386249000002863,929670
0,304,ft_transformer,vibration_drift_025rms,792,1.0,1.0,1.0,31.386249000002863,929670
0,304,ft_transformer,vibration_drift_050rms,792,1.0,1.0,1.0,31.386249000002863,929670
0,304,ft_transformer,vibration_drift_100rms,792,1.0,1.0,1.0,31.386249000002863,929670
0,304,ft_transformer,electrical_drift_025rms,792,1.0,1.0,1.0,31.386249000002863,929670
0,304,ft_transformer,electrical_drift_050rms,792,0.9911616161616161,0.9911553979353024,0.9911553979353023,31.386249000002863,929670
0,304,ft_transformer,electrical_drift_100rms,792,0.9861111111111112,0.9861013378940625,0.9861013378940624,31.386249000002863,929670
0,304,tabm,clean_reextract,792,1.0,1.0,1.0,10.695667100022547,806080
0,304,tabm,vibration_missing,792,0.4936868686868687,0.4325920674494323,0.43259206744943224,10.695667100022547,806080
0,304,tabm,electrical_missing,792,0.9002525252525253,0.8989031872320146,0.8989031872320146,10.695667100022547,806080
0,304,tabm,vibration_gain_075,792,1.0,1.0,1.0,10.695667100022547,806080
0,304,tabm,vibration_gain_050,792,0.9861111111111112,0.9860929507700663,0.9860929507700663,10.695667100022547,806080
0,304,tabm,vibration_gain_025,792,0.8383838383838383,0.8233786545727727,0.8233786545727727,10.695667100022547,806080
0,304,tabm,electrical_gain_075,792,0.4936868686868687,0.32936280742533536,0.32936280742533536,10.695667100022547,806080
0,304,tabm,electrical_gain_050,792,0.43686868686868685,0.2913064822522465,0.2913064822522465,10.695667100022547,806080
0,304,tabm,electrical_gain_025,792,0.3345959595959596,0.20989786381161976,0.2098978638116198,10.695667100022547,806080
0,304,tabm,vibration_drift_025rms,792,1.0,1.0,1.0,10.695667100022547,806080
0,304,tabm,vibration_drift_050rms,792,1.0,1.0,1.0,10.695667100022547,806080
0,304,tabm,vibration_drift_100rms,792,1.0,1.0,1.0,10.695667100022547,806080
0,304,tabm,electrical_drift_025rms,792,1.0,1.0,1.0,10.695667100022547,806080
0,304,tabm,electrical_drift_050rms,792,1.0,1.0,1.0,10.695667100022547,806080
0,304,tabm,electrical_drift_100rms,792,0.6338383838383839,0.5617987797517628,0.561798779751763,10.695667100022547,806080
0,304,tmc,clean_reextract,792,0.9318181818181818,0.9305519372494805,0.9305519372494805,21.10219330000109,15372
0,304,tmc,vibration_missing,792,0.8686868686868687,0.8651012552939769,0.8651012552939769,21.10219330000109,15372
0,304,tmc,electrical_missing,792,0.8446969696969697,0.8339799608981867,0.8339799608981867,21.10219330000109,15372
0,304,tmc,vibration_gain_075,792,0.9116161616161617,0.9074634182031022,0.9074634182031022,21.10219330000109,15372
0,304,tmc,vibration_gain_050,792,0.8611111111111112,0.8624590741872497,0.8624590741872497,21.10219330000109,15372
0,304,tmc,vibration_gain_025,792,0.7196969696969697,0.7191020367663739,0.7191020367663739,21.10219330000109,15372
0,304,tmc,electrical_gain_075,792,0.3952020202020202,0.33148048875751684,0.3314804887575168,21.10219330000109,15372
0,304,tmc,electrical_gain_050,792,0.3851010101010101,0.32378573969279906,0.3237857396927991,21.10219330000109,15372
0,304,tmc,electrical_gain_025,792,0.3813131313131313,0.3208861775608544,0.3208861775608544,21.10219330000109,15372
0,304,tmc,vibration_drift_025rms,792,0.9292929292929293,0.9278706611604569,0.9278706611604571,21.10219330000109,15372
0,304,tmc,vibration_drift_050rms,792,0.9179292929292929,0.9154457296809889,0.9154457296809888,21.10219330000109,15372
0,304,tmc,vibration_drift_100rms,792,0.8876262626262627,0.8820281365488655,0.8820281365488654,21.10219330000109,15372
0,304,tmc,electrical_drift_025rms,792,0.8686868686868687,0.858957599362968,0.8589575993629679,21.10219330000109,15372
0,304,tmc,electrical_drift_050rms,792,0.547979797979798,0.5092627470939237,0.5092627470939237,21.10219330000109,15372
0,304,tmc,electrical_drift_100rms,792,0.35984848484848486,0.23596607424522542,0.23596607424522548,21.10219330000109,15372
0,305,mlp,clean_reextract,792,0.9962121212121212,0.9962116320117095,0.9962116320117095,6.36744160001399,10758
0,305,mlp,vibration_missing,792,0.3977272727272727,0.293656623101392,0.293656623101392,6.36744160001399,10758
0,305,mlp,electrical_missing,792,0.88510101010101,0.8812975520261578,0.8812975520261577,6.36744160001399,10758
0,305,mlp,vibration_gain_075,792,0.9987373737373737,0.9987373556209197,0.9987373556209197,6.36744160001399,10758
0,305,mlp,vibration_gain_050,792,0.9393939393939394,0.9399244426194099,0.9399244426194099,6.36744160001399,10758
0,305,mlp,vibration_gain_025,792,0.7247474747474747,0.698617815635377,0.698617815635377,6.36744160001399,10758
0,305,mlp,electrical_gain_075,792,0.21212121212121213,0.0998480453101257,0.09984804531012571,6.36744160001399,10758
0,305,mlp,electrical_gain_050,792,0.16666666666666666,0.047619047619047616,0.04761904761904762,6.36744160001399,10758
0,305,mlp,electrical_gain_025,792,0.16666666666666666,0.047619047619047616,0.04761904761904762,6.36744160001399,10758
0,305,mlp,vibration_drift_025rms,792,0.9962121212121212,0.9962116320117095,0.9962116320117095,6.36744160001399,10758
0,305,mlp,vibration_drift_050rms,792,0.9962121212121212,0.9962116320117095,0.9962116320117095,6.36744160001399,10758
0,305,mlp,vibration_drift_100rms,792,0.9974747474747475,0.9974746025368765,0.9974746025368766,6.36744160001399,10758
0,305,mlp,electrical_drift_025rms,792,0.9734848484848485,0.973316006064544,0.973316006064544,6.36744160001399,10758
0,305,mlp,electrical_drift_050rms,792,0.9659090909090909,0.9655875439721223,0.9655875439721223,6.36744160001399,10758
0,305,mlp,electrical_drift_100rms,792,0.9027777777777778,0.8981468088558836,0.8981468088558837,6.36744160001399,10758
0,305,resnet,clean_reextract,792,0.9987373737373737,0.9987373556209197,0.9987373556209198,12.982098300009966,56838
0,305,resnet,vibration_missing,792,0.5845959595959596,0.4935730671386324,0.4935730671386324,12.982098300009966,56838
0,305,resnet,electrical_missing,792,0.8661616161616161,0.8643397164821948,0.8643397164821949,12.982098300009966,56838
0,305,resnet,vibration_gain_075,792,0.9722222222222222,0.9725953813829231,0.972595381382923,12.982098300009966,56838
0,305,resnet,vibration_gain_050,792,0.7815656565656566,0.7781831799039116,0.7781831799039117,12.982098300009966,56838
0,305,resnet,vibration_gain_025,792,0.6363636363636364,0.6048558260098996,0.6048558260098996,12.982098300009966,56838
0,305,resnet,electrical_gain_075,792,0.23106060606060605,0.12672571293932242,0.12672571293932244,12.982098300009966,56838
0,305,resnet,electrical_gain_050,792,0.16666666666666666,0.04777415852334419,0.04777415852334419,12.982098300009966,56838
0,305,resnet,electrical_gain_025,792,0.16666666666666666,0.047619047619047616,0.04761904761904762,12.982098300009966,56838
0,305,resnet,vibration_drift_025rms,792,0.9987373737373737,0.9987373556209197,0.9987373556209198,12.982098300009966,56838
0,305,resnet,vibration_drift_050rms,792,0.9987373737373737,0.9987373556209197,0.9987373556209198,12.982098300009966,56838
0,305,resnet,vibration_drift_100rms,792,0.9974747474747475,0.9974794400449793,0.9974794400449795,12.982098300009966,56838
0,305,resnet,electrical_drift_025rms,792,0.9974747474747475,0.9974794400449793,0.9974794400449795,12.982098300009966,56838
0,305,resnet,electrical_drift_050rms,792,0.9974747474747475,0.9974794400449793,0.9974794400449795,12.982098300009966,56838
0,305,resnet,electrical_drift_100rms,792,0.6906565656565656,0.6577248089833998,0.6577248089833998,12.982098300009966,56838
0,305,ft_transformer,clean_reextract,792,1.0,1.0,1.0,31.089511400001356,929670
0,305,ft_transformer,vibration_missing,792,0.3888888888888889,0.29985500224608824,0.2998550022460882,31.089511400001356,929670
0,305,ft_transformer,electrical_missing,792,0.7373737373737373,0.6808497017314128,0.6808497017314128,31.089511400001356,929670
0,305,ft_transformer,vibration_gain_075,792,0.9987373737373737,0.9987373556209196,0.9987373556209198,31.089511400001356,929670
0,305,ft_transformer,vibration_gain_050,792,0.898989898989899,0.8916282141518077,0.8916282141518078,31.089511400001356,929670
0,305,ft_transformer,vibration_gain_025,792,0.7537878787878788,0.7048537174657855,0.7048537174657855,31.089511400001356,929670
0,305,ft_transformer,electrical_gain_075,792,0.2474747474747475,0.171861506744627,0.171861506744627,31.089511400001356,929670
0,305,ft_transformer,electrical_gain_050,792,0.16666666666666666,0.047619047619047616,0.04761904761904762,31.089511400001356,929670
0,305,ft_transformer,electrical_gain_025,792,0.16666666666666666,0.047619047619047616,0.04761904761904762,31.089511400001356,929670
0,305,ft_transformer,vibration_drift_025rms,792,1.0,1.0,1.0,31.089511400001356,929670
0,305,ft_transformer,vibration_drift_050rms,792,1.0,1.0,1.0,31.089511400001356,929670
0,305,ft_transformer,vibration_drift_100rms,792,1.0,1.0,1.0,31.089511400001356,929670
0,305,ft_transformer,electrical_drift_025rms,792,1.0,1.0,1.0,31.089511400001356,929670
0,305,ft_transformer,electrical_drift_050rms,792,0.9974747474747475,0.9974746025368765,0.9974746025368766,31.089511400001356,929670
0,305,ft_transformer,electrical_drift_100rms,792,0.976010101010101,0.9759766624040921,0.9759766624040921,31.089511400001356,929670
0,305,tabm,clean_reextract,792,1.0,1.0,1.0,10.531770800007507,806080
0,305,tabm,vibration_missing,792,0.494949494949495,0.44245160263191835,0.4424516026319184,10.531770800007507,806080
0,305,tabm,electrical_missing,792,0.9065656565656566,0.9058476052473142,0.9058476052473142,10.531770800007507,806080
0,305,tabm,vibration_gain_075,792,1.0,1.0,1.0,10.531770800007507,806080
0,305,tabm,vibration_gain_050,792,0.976010101010101,0.9758851950674261,0.9758851950674262,10.531770800007507,806080
0,305,tabm,vibration_gain_025,792,0.8156565656565656,0.795199886691953,0.795199886691953,10.531770800007507,806080
0,305,tabm,electrical_gain_075,792,0.48863636363636365,0.3258236865251318,0.3258236865251317,10.531770800007507,806080
0,305,tabm,electrical_gain_050,792,0.3977272727272727,0.2724955636385708,0.2724955636385708,10.531770800007507,806080
0,305,tabm,electrical_gain_025,792,0.2702020202020202,0.16074113188291356,0.16074113188291356,10.531770800007507,806080
0,305,tabm,vibration_drift_025rms,792,1.0,1.0,1.0,10.531770800007507,806080
0,305,tabm,vibration_drift_050rms,792,1.0,1.0,1.0,10.531770800007507,806080
0,305,tabm,vibration_drift_100rms,792,1.0,1.0,1.0,10.531770800007507,806080
0,305,tabm,electrical_drift_025rms,792,1.0,1.0,1.0,10.531770800007507,806080
0,305,tabm,electrical_drift_050rms,792,0.9987373737373737,0.9987373556209196,0.9987373556209198,10.531770800007507,806080
0,305,tabm,electrical_drift_100rms,792,0.5353535353535354,0.4083637488874236,0.4083637488874236,10.531770800007507,806080
0,305,tmc,clean_reextract,792,0.9065656565656566,0.9032568031720344,0.9032568031720343,21.12293559999671,15372
0,305,tmc,vibration_missing,792,0.8737373737373737,0.8696384142373971,0.869638414237397,21.12293559999671,15372
0,305,tmc,electrical_missing,792,0.8282828282828283,0.813433900380128,0.8134339003801281,21.12293559999671,15372
0,305,tmc,vibration_gain_075,792,0.8952020202020202,0.8883878763684819,0.8883878763684819,21.12293559999671,15372
0,305,tmc,vibration_gain_050,792,0.8497474747474747,0.8486187136524883,0.8486187136524885,21.12293559999671,15372
0,305,tmc,vibration_gain_025,792,0.7196969696969697,0.720198172471329,0.7201981724713289,21.12293559999671,15372
0,305,tmc,electrical_gain_075,792,0.3838383838383838,0.3204771804998427,0.3204771804998427,21.12293559999671,15372
0,305,tmc,electrical_gain_050,792,0.375,0.31373603110935283,0.31373603110935283,21.12293559999671,15372
0,305,tmc,electrical_gain_025,792,0.3686868686868687,0.30871090135272,0.30871090135272,21.12293559999671,15372
0,305,tmc,vibration_drift_025rms,792,0.9002525252525253,0.8961792001198484,0.8961792001198485,21.12293559999671,15372
0,305,tmc,vibration_drift_050rms,792,0.8952020202020202,0.8904455729470723,0.8904455729470725,21.12293559999671,15372
0,305,tmc,vibration_drift_100rms,792,0.86489898989899,0.8552417847290937,0.8552417847290937,21.12293559999671,15372
0,305,tmc,electrical_drift_025rms,792,0.8547979797979798,0.8398865905232524,0.8398865905232523,21.12293559999671,15372
0,305,tmc,electrical_drift_050rms,792,0.5328282828282829,0.48830586088130973,0.4883058608813098,21.12293559999671,15372
0,305,tmc,electrical_drift_100rms,792,0.35858585858585856,0.23479539512263944,0.23479539512263944,21.12293559999671,15372
111,301,mlp,clean_reextract,792,1.0,1.0,1.0,6.423658899992006,10758
111,301,mlp,vibration_missing,792,0.3952020202020202,0.31953713521812155,0.3195371352181216,6.423658899992006,10758
111,301,mlp,electrical_missing,792,0.9090909090909091,0.9074106859017493,0.9074106859017493,6.423658899992006,10758
111,301,mlp,vibration_gain_075,792,0.9987373737373737,0.9987373556209197,0.9987373556209197,6.423658899992006,10758
111,301,mlp,vibration_gain_050,792,0.9861111111111112,0.9861246177460096,0.9861246177460096,6.423658899992006,10758
111,301,mlp,vibration_gain_025,792,0.7361111111111112,0.6936492045092176,0.6936492045092176,6.423658899992006,10758
111,301,mlp,electrical_gain_075,792,0.16666666666666666,0.048298572996706916,0.048298572996706916,6.423658899992006,10758
111,301,mlp,electrical_gain_050,792,0.16666666666666666,0.047619047619047616,0.04761904761904762,6.423658899992006,10758
111,301,mlp,electrical_gain_025,792,0.16666666666666666,0.047619047619047616,0.04761904761904762,6.423658899992006,10758
111,301,mlp,vibration_drift_025rms,792,1.0,1.0,1.0,6.423658899992006,10758
111,301,mlp,vibration_drift_050rms,792,1.0,1.0,1.0,6.423658899992006,10758
111,301,mlp,vibration_drift_100rms,792,1.0,1.0,1.0,6.423658899992006,10758
111,301,mlp,electrical_drift_025rms,792,1.0,1.0,1.0,6.423658899992006,10758
111,301,mlp,electrical_drift_050rms,792,1.0,1.0,1.0,6.423658899992006,10758
111,301,mlp,electrical_drift_100rms,792,1.0,1.0,1.0,6.423658899992006,10758
111,301,resnet,clean_reextract,792,1.0,1.0,1.0,13.299773700011428,56838
111,301,resnet,vibration_missing,792,0.5227272727272727,0.47679092983518473,0.4767909298351847,13.299773700011428,56838
111,301,resnet,electrical_missing,792,0.8484848484848485,0.8391035324900463,0.8391035324900463,13.299773700011428,56838
111,301,resnet,vibration_gain_075,792,1.0,1.0,1.0,13.299773700011428,56838
111,301,resnet,vibration_gain_050,792,0.9936868686868687,0.9936862345485861,0.9936862345485861,13.299773700011428,56838
111,301,resnet,vibration_gain_025,792,0.7853535353535354,0.7598645144977335,0.7598645144977334,13.299773700011428,56838
111,301,resnet,electrical_gain_075,792,0.3333333333333333,0.16772796188000863,0.16772796188000866,13.299773700011428,56838
111,301,resnet,electrical_gain_050,792,0.3333333333333333,0.16842837878985603,0.168428378789856,13.299773700011428,56838
111,301,resnet,electrical_gain_025,792,0.3333333333333333,0.16899687204480976,0.1689968720448098,13.299773700011428,56838
111,301,resnet,vibration_drift_025rms,792,1.0,1.0,1.0,13.299773700011428,56838
111,301,resnet,vibration_drift_050rms,792,1.0,1.0,1.0,13.299773700011428,56838
111,301,resnet,vibration_drift_100rms,792,1.0,1.0,1.0,13.299773700011428,56838
111,301,resnet,electrical_drift_025rms,792,1.0,1.0,1.0,13.299773700011428,56838
111,301,resnet,electrical_drift_050rms,792,1.0,1.0,1.0,13.299773700011428,56838
111,301,resnet,electrical_drift_100rms,792,0.8080808080808081,0.7850021854959329,0.7850021854959329,13.299773700011428,56838
111,301,ft_transformer,clean_reextract,792,0.9987373737373737,0.9987373556209197,0.9987373556209197,29.783006399986334,929670
111,301,ft_transformer,vibration_missing,792,0.375,0.26295738919731854,0.26295738919731854,29.783006399986334,929670
111,301,ft_transformer,electrical_missing,792,0.7272727272727273,0.6684974693564546,0.6684974693564546,29.783006399986334,929670
111,301,ft_transformer,vibration_gain_075,792,0.9987373737373737,0.9987373556209197,0.9987373556209197,29.783006399986334,929670
111,301,ft_transformer,vibration_gain_050,792,0.898989898989899,0.8933204131390436,0.8933204131390436,29.783006399986334,929670
111,301,ft_transformer,vibration_gain_025,792,0.5,0.36286191412685304,0.36286191412685304,29.783006399986334,929670
111,301,ft_transformer,electrical_gain_075,792,0.16666666666666666,0.048298572996706916,0.048298572996706916,29.783006399986334,929670
111,301,ft_transformer,electrical_gain_050,792,0.16666666666666666,0.047619047619047616,0.04761904761904762,29.783006399986334,929670
111,301,ft_transformer,electrical_gain_025,792,0.16666666666666666,0.047619047619047616,0.04761904761904762,29.783006399986334,929670
111,301,ft_transformer,vibration_drift_025rms,792,0.9987373737373737,0.9987373556209197,0.9987373556209197,29.783006399986334,929670
111,301,ft_transformer,vibration_drift_050rms,792,1.0,1.0,1.0,29.783006399986334,929670
111,301,ft_transformer,vibration_drift_100rms,792,1.0,1.0,1.0,29.783006399986334,929670
111,301,ft_transformer,electrical_drift_025rms,792,0.9974747474747475,0.9974747112418395,0.9974747112418396,29.783006399986334,929670
111,301,ft_transformer,electrical_drift_050rms,792,0.9987373737373737,0.9987373556209197,0.9987373556209197,29.783006399986334,929670
111,301,ft_transformer,electrical_drift_100rms,792,0.47474747474747475,0.41314594450727427,0.4131459445072744,29.783006399986334,929670
111,301,tabm,clean_reextract,792,1.0,1.0,1.0,10.07239140002639,806080
111,301,tabm,vibration_missing,792,0.49747474747474746,0.4222958253048508,0.42229582530485077,10.07239140002639,806080
111,301,tabm,electrical_missing,792,0.8118686868686869,0.792220684138664,0.7922206841386639,10.07239140002639,806080
111,301,tabm,vibration_gain_075,792,1.0,1.0,1.0,10.07239140002639,806080
111,301,tabm,vibration_gain_050,792,0.9936868686868687,0.9936910720566888,0.9936910720566888,10.07239140002639,806080
111,301,tabm,vibration_gain_025,792,0.8118686868686869,0.7859361432532702,0.7859361432532703,10.07239140002639,806080
111,301,tabm,electrical_gain_075,792,0.47474747474747475,0.33093289221115274,0.33093289221115274,10.07239140002639,806080
111,301,tabm,electrical_gain_050,792,0.29292929292929293,0.17965137119801275,0.17965137119801272,10.07239140002639,806080
111,301,tabm,electrical_gain_025,792,0.1691919191919192,0.05269746711129817,0.05269746711129818,10.07239140002639,806080
111,301,tabm,vibration_drift_025rms,792,1.0,1.0,1.0,10.07239140002639,806080
111,301,tabm,vibration_drift_050rms,792,1.0,1.0,1.0,10.07239140002639,806080
111,301,tabm,vibration_drift_100rms,792,1.0,1.0,1.0,10.07239140002639,806080
111,301,tabm,electrical_drift_025rms,792,1.0,1.0,1.0,10.07239140002639,806080
111,301,tabm,electrical_drift_050rms,792,0.9987373737373737,0.9987373556209196,0.9987373556209198,10.07239140002639,806080
111,301,tabm,electrical_drift_100rms,792,0.5997474747474747,0.5152176446488678,0.5152176446488678,10.07239140002639,806080
111,301,tmc,clean_reextract,792,0.9987373737373737,0.9987373556209196,0.9987373556209198,20.713591099978657,15372
111,301,tmc,vibration_missing,792,0.9747474747474747,0.9747061031961165,0.9747061031961164,20.713591099978657,15372
111,301,tmc,electrical_missing,792,0.9696969696969697,0.9695817098421086,0.9695817098421085,20.713591099978657,15372
111,301,tmc,vibration_gain_075,792,1.0,1.0,1.0,20.713591099978657,15372
111,301,tmc,vibration_gain_050,792,0.9583333333333334,0.9570312240885367,0.9570312240885367,20.713591099978657,15372
111,301,tmc,vibration_gain_025,792,0.7853535353535354,0.7413296055269462,0.741329605526946,20.713591099978657,15372
111,301,tmc,electrical_gain_075,792,0.3446969696969697,0.24413738757098993,0.24413738757098993,20.713591099978657,15372
111,301,tmc,electrical_gain_050,792,0.3421717171717172,0.23950419282408467,0.23950419282408467,20.713591099978657,15372
111,301,tmc,electrical_gain_025,792,0.3383838383838384,0.23230815168707078,0.23230815168707078,20.713591099978657,15372
111,301,tmc,vibration_drift_025rms,792,1.0,1.0,1.0,20.713591099978657,15372
111,301,tmc,vibration_drift_050rms,792,1.0,1.0,1.0,20.713591099978657,15372
111,301,tmc,vibration_drift_100rms,792,1.0,1.0,1.0,20.713591099978657,15372
111,301,tmc,electrical_drift_025rms,792,0.9861111111111112,0.9860059848618201,0.9860059848618201,20.713591099978657,15372
111,301,tmc,electrical_drift_050rms,792,0.7727272727272727,0.7320366378856736,0.7320366378856739,20.713591099978657,15372
111,301,tmc,electrical_drift_100rms,792,0.4444444444444444,0.3266416135649838,0.3266416135649838,20.713591099978657,15372
111,302,mlp,clean_reextract,792,1.0,1.0,1.0,6.188954199984437,10758
111,302,mlp,vibration_missing,792,0.4128787878787879,0.32759132922571776,0.32759132922571776,6.188954199984437,10758
111,302,mlp,electrical_missing,792,0.8611111111111112,0.8571659402913211,0.8571659402913211,6.188954199984437,10758
111,302,mlp,vibration_gain_075,792,1.0,1.0,1.0,6.188954199984437,10758
111,302,mlp,vibration_gain_050,792,0.952020202020202,0.9516638073851865,0.9516638073851864,6.188954199984437,10758
111,302,mlp,vibration_gain_025,792,0.7121212121212122,0.6754921846046466,0.6754921846046466,6.188954199984437,10758
111,302,mlp,electrical_gain_075,792,0.2638888888888889,0.15872353722534538,0.15872353722534538,6.188954199984437,10758
111,302,mlp,electrical_gain_050,792,0.16666666666666666,0.047619047619047616,0.04761904761904762,6.188954199984437,10758
111,302,mlp,electrical_gain_025,792,0.16666666666666666,0.047619047619047616,0.04761904761904762,6.188954199984437,10758
111,302,mlp,vibration_drift_025rms,792,1.0,1.0,1.0,6.188954199984437,10758
111,302,mlp,vibration_drift_050rms,792,1.0,1.0,1.0,6.188954199984437,10758
111,302,mlp,vibration_drift_100rms,792,1.0,1.0,1.0,6.188954199984437,10758
111,302,mlp,electrical_drift_025rms,792,1.0,1.0,1.0,6.188954199984437,10758
111,302,mlp,electrical_drift_050rms,792,1.0,1.0,1.0,6.188954199984437,10758
111,302,mlp,electrical_drift_100rms,792,0.9936868686868687,0.993684603350031,0.993684603350031,6.188954199984437,10758
111,302,resnet,clean_reextract,792,1.0,1.0,1.0,12.66786110002431,56838
111,302,resnet,vibration_missing,792,0.5126262626262627,0.4973510346196881,0.49735103461968805,12.66786110002431,56838
111,302,resnet,electrical_missing,792,0.7941919191919192,0.7692667853732069,0.7692667853732068,12.66786110002431,56838
111,302,resnet,vibration_gain_075,792,1.0,1.0,1.0,12.66786110002431,56838
111,302,resnet,vibration_gain_050,792,0.9267676767676768,0.9237893055972469,0.923789305597247,12.66786110002431,56838
111,302,resnet,vibration_gain_025,792,0.7714646464646465,0.7314194101007002,0.7314194101007001,12.66786110002431,56838
111,302,resnet,electrical_gain_075,792,0.44696969696969696,0.3383282843993007,0.3383282843993007,12.66786110002431,56838
111,302,resnet,electrical_gain_050,792,0.2222222222222222,0.12443047918303222,0.12443047918303221,12.66786110002431,56838
111,302,resnet,electrical_gain_025,792,0.16666666666666666,0.047619047619047616,0.04761904761904762,12.66786110002431,56838
111,302,resnet,vibration_drift_025rms,792,1.0,1.0,1.0,12.66786110002431,56838
111,302,resnet,vibration_drift_050rms,792,1.0,1.0,1.0,12.66786110002431,56838
111,302,resnet,vibration_drift_100rms,792,1.0,1.0,1.0,12.66786110002431,56838
111,302,resnet,electrical_drift_025rms,792,1.0,1.0,1.0,12.66786110002431,56838
111,302,resnet,electrical_drift_050rms,792,1.0,1.0,1.0,12.66786110002431,56838
111,302,resnet,electrical_drift_100rms,792,0.8446969696969697,0.8299926737159057,0.8299926737159058,12.66786110002431,56838
111,302,ft_transformer,clean_reextract,792,1.0,1.0,1.0,29.52755870000692,929670
111,302,ft_transformer,vibration_missing,792,0.3421717171717172,0.1863752366348126,0.1863752366348126,29.52755870000692,929670
111,302,ft_transformer,electrical_missing,792,0.601010101010101,0.483042754442953,0.483042754442953,29.52755870000692,929670
111,302,ft_transformer,vibration_gain_075,792,0.9974747474747475,0.9974746025368767,0.9974746025368766,29.52755870000692,929670
111,302,ft_transformer,vibration_gain_050,792,0.7247474747474747,0.7090910970231677,0.7090910970231677,29.52755870000692,929670
111,302,ft_transformer,vibration_gain_025,792,0.3383838383838384,0.20187313801005588,0.20187313801005594,29.52755870000692,929670
111,302,ft_transformer,electrical_gain_075,792,0.24494949494949494,0.1270899470899471,0.12708994708994711,29.52755870000692,929670
111,302,ft_transformer,electrical_gain_050,792,0.16666666666666666,0.047619047619047616,0.04761904761904762,29.52755870000692,929670
111,302,ft_transformer,electrical_gain_025,792,0.16666666666666666,0.047619047619047616,0.04761904761904762,29.52755870000692,929670
111,302,ft_transformer,vibration_drift_025rms,792,1.0,1.0,1.0,29.52755870000692,929670
111,302,ft_transformer,vibration_drift_050rms,792,1.0,1.0,1.0,29.52755870000692,929670
111,302,ft_transformer,vibration_drift_100rms,792,1.0,1.0,1.0,29.52755870000692,929670
111,302,ft_transformer,electrical_drift_025rms,792,1.0,1.0,1.0,29.52755870000692,929670
111,302,ft_transformer,electrical_drift_050rms,792,1.0,1.0,1.0,29.52755870000692,929670
111,302,ft_transformer,electrical_drift_100rms,792,0.7840909090909091,0.7617278225801719,0.7617278225801719,29.52755870000692,929670
111,302,tabm,clean_reextract,792,1.0,1.0,1.0,10.165119499986758,806080
111,302,tabm,vibration_missing,792,0.48358585858585856,0.41531084851455863,0.4153108485145587,10.165119499986758,806080
111,302,tabm,electrical_missing,792,0.7727272727272727,0.7321138123769702,0.7321138123769703,10.165119499986758,806080
111,302,tabm,vibration_gain_075,792,1.0,1.0,1.0,10.165119499986758,806080
111,302,tabm,vibration_gain_050,792,0.9835858585858586,0.9835910501131767,0.9835910501131767,10.165119499986758,806080
111,302,tabm,vibration_gain_025,792,0.7222222222222222,0.6822870315608621,0.6822870315608622,10.165119499986758,806080
111,302,tabm,electrical_gain_075,792,0.41414141414141414,0.2702381070468027,0.2702381070468027,10.165119499986758,806080
111,302,tabm,electrical_gain_050,792,0.3282828282828283,0.1659980231408803,0.1659980231408803,10.165119499986758,806080
111,302,tabm,electrical_gain_025,792,0.3055555555555556,0.16255534471853259,0.16255534471853259,10.165119499986758,806080
111,302,tabm,vibration_drift_025rms,792,1.0,1.0,1.0,10.165119499986758,806080
111,302,tabm,vibration_drift_050rms,792,1.0,1.0,1.0,10.165119499986758,806080
111,302,tabm,vibration_drift_100rms,792,1.0,1.0,1.0,10.165119499986758,806080
111,302,tabm,electrical_drift_025rms,792,1.0,1.0,1.0,10.165119499986758,806080
111,302,tabm,electrical_drift_050rms,792,0.9936868686868687,0.993684603350031,0.993684603350031,10.165119499986758,806080
111,302,tabm,electrical_drift_100rms,792,0.43686868686868685,0.3271070738399287,0.3271070738399287,10.165119499986758,806080
111,302,tmc,clean_reextract,792,1.0,1.0,1.0,20.86011859998689,15372
111,302,tmc,vibration_missing,792,0.9823232323232324,0.9823134761656238,0.9823134761656238,20.86011859998689,15372
111,302,tmc,electrical_missing,792,0.9709595959595959,0.9709553750641673,0.9709553750641672,20.86011859998689,15372
111,302,tmc,vibration_gain_075,792,0.9987373737373737,0.9987373556209197,0.9987373556209197,20.86011859998689,15372
111,302,tmc,vibration_gain_050,792,0.9608585858585859,0.9598058782039772,0.9598058782039771,20.86011859998689,15372
111,302,tmc,vibration_gain_025,792,0.7815656565656566,0.7460780754113254,0.7460780754113253,20.86011859998689,15372
111,302,tmc,electrical_gain_075,792,0.4128787878787879,0.33859739368998626,0.3385973936899863,20.86011859998689,15372
111,302,tmc,electrical_gain_050,792,0.3813131313131313,0.30142580013913006,0.30142580013913006,20.86011859998689,15372
111,302,tmc,electrical_gain_025,792,0.3712121212121212,0.2869571223505529,0.2869571223505529,20.86011859998689,15372
111,302,tmc,vibration_drift_025rms,792,1.0,1.0,1.0,20.86011859998689,15372
111,302,tmc,vibration_drift_050rms,792,1.0,1.0,1.0,20.86011859998689,15372
111,302,tmc,vibration_drift_100rms,792,1.0,1.0,1.0,20.86011859998689,15372
111,302,tmc,electrical_drift_025rms,792,0.9949494949494949,0.9949343074422573,0.9949343074422574,20.86011859998689,15372
111,302,tmc,electrical_drift_050rms,792,0.7878787878787878,0.745798564249453,0.745798564249453,20.86011859998689,15372
111,302,tmc,electrical_drift_100rms,792,0.4595959595959596,0.37445806029291767,0.3744580602929176,20.86011859998689,15372
111,303,mlp,clean_reextract,792,1.0,1.0,1.0,6.359349400008796,10758
111,303,mlp,vibration_missing,792,0.44065656565656564,0.35014788391774765,0.3501478839177477,6.359349400008796,10758
111,303,mlp,electrical_missing,792,0.8699494949494949,0.8648964891573511,0.8648964891573512,6.359349400008796,10758
111,303,mlp,vibration_gain_075,792,1.0,1.0,1.0,6.359349400008796,10758
111,303,mlp,vibration_gain_050,792,0.9633838383838383,0.9633021232138562,0.9633021232138561,6.359349400008796,10758
111,303,mlp,vibration_gain_025,792,0.7638888888888888,0.7373327898294516,0.7373327898294516,6.359349400008796,10758
111,303,mlp,electrical_gain_075,792,0.30303030303030304,0.19626385610671296,0.19626385610671299,6.359349400008796,10758
111,303,mlp,electrical_gain_050,792,0.16666666666666666,0.047619047619047616,0.04761904761904762,6.359349400008796,10758
111,303,mlp,electrical_gain_025,792,0.16666666666666666,0.047619047619047616,0.04761904761904762,6.359349400008796,10758
111,303,mlp,vibration_drift_025rms,792,1.0,1.0,1.0,6.359349400008796,10758
111,303,mlp,vibration_drift_050rms,792,1.0,1.0,1.0,6.359349400008796,10758
111,303,mlp,vibration_drift_100rms,792,1.0,1.0,1.0,6.359349400008796,10758
111,303,mlp,electrical_drift_025rms,792,1.0,1.0,1.0,6.359349400008796,10758
111,303,mlp,electrical_drift_050rms,792,1.0,1.0,1.0,6.359349400008796,10758
111,303,mlp,electrical_drift_100rms,792,0.9936868686868687,0.9936911791300287,0.9936911791300287,6.359349400008796,10758
111,303,resnet,clean_reextract,792,1.0,1.0,1.0,12.739369999995688,56838
111,303,resnet,vibration_missing,792,0.42297979797979796,0.3395382527749249,0.3395382527749249,12.739369999995688,56838
111,303,resnet,electrical_missing,792,0.7613636363636364,0.7260097741046821,0.726009774104682,12.739369999995688,56838
111,303,resnet,vibration_gain_075,792,1.0,1.0,1.0,12.739369999995688,56838
111,303,resnet,vibration_gain_050,792,0.9633838383838383,0.9630233432389513,0.9630233432389516,12.739369999995688,56838
111,303,resnet,vibration_gain_025,792,0.7967171717171717,0.7749699496538794,0.7749699496538792,12.739369999995688,56838
111,303,resnet,electrical_gain_075,792,0.3421717171717172,0.19286082426785947,0.19286082426785947,12.739369999995688,56838
111,303,resnet,electrical_gain_050,792,0.28535353535353536,0.14855687606112053,0.14855687606112053,12.739369999995688,56838
111,303,resnet,electrical_gain_025,792,0.19318181818181818,0.08663558663558664,0.08663558663558664,12.739369999995688,56838
111,303,resnet,vibration_drift_025rms,792,1.0,1.0,1.0,12.739369999995688,56838
111,303,resnet,vibration_drift_050rms,792,1.0,1.0,1.0,12.739369999995688,56838
111,303,resnet,vibration_drift_100rms,792,1.0,1.0,1.0,12.739369999995688,56838
111,303,resnet,electrical_drift_025rms,792,1.0,1.0,1.0,12.739369999995688,56838
111,303,resnet,electrical_drift_050rms,792,1.0,1.0,1.0,12.739369999995688,56838
111,303,resnet,electrical_drift_100rms,792,0.7878787878787878,0.7690822313970754,0.7690822313970755,12.739369999995688,56838
111,303,ft_transformer,clean_reextract,792,1.0,1.0,1.0,30.322964799997862,929670
111,303,ft_transformer,vibration_missing,792,0.4128787878787879,0.3304937252042447,0.33049372520424464,30.322964799997862,929670
111,303,ft_transformer,electrical_missing,792,0.63510101010101,0.5638618886430445,0.5638618886430445,30.322964799997862,929670
111,303,ft_transformer,vibration_gain_075,792,1.0,1.0,1.0,30.322964799997862,929670
111,303,ft_transformer,vibration_gain_050,792,0.9406565656565656,0.9396987696118689,0.939698769611869,30.322964799997862,929670
111,303,ft_transformer,vibration_gain_025,792,0.5707070707070707,0.4853165556392403,0.4853165556392404,30.322964799997862,929670
111,303,ft_transformer,electrical_gain_075,792,0.16666666666666666,0.047722342733188726,0.047722342733188726,30.322964799997862,929670
111,303,ft_transformer,electrical_gain_050,792,0.16666666666666666,0.047619047619047616,0.04761904761904762,30.322964799997862,929670
111,303,ft_transformer,electrical_gain_025,792,0.16666666666666666,0.047619047619047616,0.04761904761904762,30.322964799997862,929670
111,303,ft_transformer,vibration_drift_025rms,792,1.0,1.0,1.0,30.322964799997862,929670
111,303,ft_transformer,vibration_drift_050rms,792,1.0,1.0,1.0,30.322964799997862,929670
111,303,ft_transformer,vibration_drift_100rms,792,1.0,1.0,1.0,30.322964799997862,929670
111,303,ft_transformer,electrical_drift_025rms,792,1.0,1.0,1.0,30.322964799997862,929670
111,303,ft_transformer,electrical_drift_050rms,792,0.9987373737373737,0.9987373556209196,0.9987373556209198,30.322964799997862,929670
111,303,ft_transformer,electrical_drift_100rms,792,0.9532828282828283,0.9535824953935242,0.953582495393524,30.322964799997862,929670
111,303,tabm,clean_reextract,792,1.0,1.0,1.0,10.202906699996674,806080
111,303,tabm,vibration_missing,792,0.51010101010101,0.4264815667884618,0.4264815667884617,10.202906699996674,806080
111,303,tabm,electrical_missing,792,0.773989898989899,0.7344008800816172,0.7344008800816171,10.202906699996674,806080
111,303,tabm,vibration_gain_075,792,1.0,1.0,1.0,10.202906699996674,806080
111,303,tabm,vibration_gain_050,792,0.98989898989899,0.9898949298409248,0.9898949298409248,10.202906699996674,806080
111,303,tabm,vibration_gain_025,792,0.8042929292929293,0.7708348483798271,0.770834848379827,10.202906699996674,806080
111,303,tabm,electrical_gain_075,792,0.625,0.5216937874430687,0.5216937874430687,10.202906699996674,806080
111,303,tabm,electrical_gain_050,792,0.42297979797979796,0.303013891071082,0.303013891071082,10.202906699996674,806080
111,303,tabm,electrical_gain_025,792,0.23484848484848486,0.14424918497349287,0.14424918497349284,10.202906699996674,806080
111,303,tabm,vibration_drift_025rms,792,1.0,1.0,1.0,10.202906699996674,806080
111,303,tabm,vibration_drift_050rms,792,1.0,1.0,1.0,10.202906699996674,806080
111,303,tabm,vibration_drift_100rms,792,1.0,1.0,1.0,10.202906699996674,806080
111,303,tabm,electrical_drift_025rms,792,1.0,1.0,1.0,10.202906699996674,806080
111,303,tabm,electrical_drift_050rms,792,1.0,1.0,1.0,10.202906699996674,806080
111,303,tabm,electrical_drift_100rms,792,0.6338383838383839,0.551040092819146,0.551040092819146,10.202906699996674,806080
111,303,tmc,clean_reextract,792,1.0,1.0,1.0,21.021780400013085,15372
111,303,tmc,vibration_missing,792,0.9633838383838383,0.9632055990016739,0.963205599001674,21.021780400013085,15372
111,303,tmc,electrical_missing,792,0.9722222222222222,0.972164173769916,0.972164173769916,21.021780400013085,15372
111,303,tmc,vibration_gain_075,792,0.9987373737373737,0.9987373556209197,0.9987373556209197,21.021780400013085,15372
111,303,tmc,vibration_gain_050,792,0.9545454545454546,0.9531612828085193,0.9531612828085192,21.021780400013085,15372
111,303,tmc,vibration_gain_025,792,0.7563131313131313,0.7165684542882387,0.7165684542882386,21.021780400013085,15372
111,303,tmc,electrical_gain_075,792,0.38762626262626265,0.3174165381782288,0.31741653817822874,21.021780400013085,15372
111,303,tmc,electrical_gain_050,792,0.36237373737373735,0.27694505630600746,0.27694505630600746,21.021780400013085,15372
111,303,tmc,electrical_gain_025,792,0.3547979797979798,0.26370160936221493,0.2637016093622149,21.021780400013085,15372
111,303,tmc,vibration_drift_025rms,792,1.0,1.0,1.0,21.021780400013085,15372
111,303,tmc,vibration_drift_050rms,792,1.0,1.0,1.0,21.021780400013085,15372
111,303,tmc,vibration_drift_100rms,792,1.0,1.0,1.0,21.021780400013085,15372
111,303,tmc,electrical_drift_025rms,792,0.9936868686868687,0.9936567047743866,0.9936567047743866,21.021780400013085,15372
111,303,tmc,electrical_drift_050rms,792,0.7891414141414141,0.7461195881075909,0.7461195881075909,21.021780400013085,15372
111,303,tmc,electrical_drift_100rms,792,0.45580808080808083,0.3476890602995222,0.3476890602995222,21.021780400013085,15372
111,304,mlp,clean_reextract,792,1.0,1.0,1.0,6.3268659000168554,10758
111,304,mlp,vibration_missing,792,0.4393939393939394,0.387425892791933,0.38742589279193307,6.3268659000168554,10758
111,304,mlp,electrical_missing,792,0.898989898989899,0.8978498920877426,0.8978498920877427,6.3268659000168554,10758
111,304,mlp,vibration_gain_075,792,1.0,1.0,1.0,6.3268659000168554,10758
111,304,mlp,vibration_gain_050,792,0.952020202020202,0.9514307612596039,0.9514307612596038,6.3268659000168554,10758
111,304,mlp,vibration_gain_025,792,0.7992424242424242,0.7677788497289538,0.7677788497289537,6.3268659000168554,10758
111,304,mlp,electrical_gain_075,792,0.42803030303030304,0.28771711913484316,0.28771711913484316,6.3268659000168554,10758
111,304,mlp,electrical_gain_050,792,0.19823232323232323,0.10146329834598906,0.10146329834598908,6.3268659000168554,10758
111,304,mlp,electrical_gain_025,792,0.16666666666666666,0.047619047619047616,0.04761904761904762,6.3268659000168554,10758
111,304,mlp,vibration_drift_025rms,792,1.0,1.0,1.0,6.3268659000168554,10758
111,304,mlp,vibration_drift_050rms,792,1.0,1.0,1.0,6.3268659000168554,10758
111,304,mlp,vibration_drift_100rms,792,1.0,1.0,1.0,6.3268659000168554,10758
111,304,mlp,electrical_drift_025rms,792,1.0,1.0,1.0,6.3268659000168554,10758
111,304,mlp,electrical_drift_050rms,792,1.0,1.0,1.0,6.3268659000168554,10758
111,304,mlp,electrical_drift_100rms,792,0.9974747474747475,0.9974746025368765,0.9974746025368766,6.3268659000168554,10758
111,304,resnet,clean_reextract,792,1.0,1.0,1.0,12.75950320000993,56838
111,304,resnet,vibration_missing,792,0.4154040404040404,0.36944593806560794,0.36944593806560794,12.75950320000993,56838
111,304,resnet,electrical_missing,792,0.9128787878787878,0.9106514391331134,0.9106514391331134,12.75950320000993,56838
111,304,resnet,vibration_gain_075,792,1.0,1.0,1.0,12.75950320000993,56838
111,304,resnet,vibration_gain_050,792,0.9191919191919192,0.916027860257603,0.9160278602576031,12.75950320000993,56838
111,304,resnet,vibration_gain_025,792,0.7348484848484849,0.6978846302916804,0.6978846302916804,12.75950320000993,56838
111,304,resnet,electrical_gain_075,792,0.49873737373737376,0.3331911390960051,0.3331911390960051,12.75950320000993,56838
111,304,resnet,electrical_gain_050,792,0.4772727272727273,0.31795734110567214,0.31795734110567214,12.75950320000993,56838
111,304,resnet,electrical_gain_025,792,0.4015151515151515,0.262052121923302,0.26205212192330196,12.75950320000993,56838
111,304,resnet,vibration_drift_025rms,792,1.0,1.0,1.0,12.75950320000993,56838
111,304,resnet,vibration_drift_050rms,792,1.0,1.0,1.0,12.75950320000993,56838
111,304,resnet,vibration_drift_100rms,792,1.0,1.0,1.0,12.75950320000993,56838
111,304,resnet,electrical_drift_025rms,792,1.0,1.0,1.0,12.75950320000993,56838
111,304,resnet,electrical_drift_050rms,792,1.0,1.0,1.0,12.75950320000993,56838
111,304,resnet,electrical_drift_100rms,792,0.8977272727272727,0.8957931507034593,0.8957931507034593,12.75950320000993,56838
111,304,ft_transformer,clean_reextract,792,1.0,1.0,1.0,30.0224145000102,929670
111,304,ft_transformer,vibration_missing,792,0.38762626262626265,0.2830922381596121,0.28309223815961204,30.0224145000102,929670
111,304,ft_transformer,electrical_missing,792,0.5921717171717171,0.48283805445729894,0.48283805445729877,30.0224145000102,929670
111,304,ft_transformer,vibration_gain_075,792,0.9494949494949495,0.9491639323080839,0.9491639323080838,30.0224145000102,929670
111,304,ft_transformer,vibration_gain_050,792,0.6515151515151515,0.623162402574788,0.623162402574788,30.0224145000102,929670
111,304,ft_transformer,vibration_gain_025,792,0.46464646464646464,0.3731648634149609,0.3731648634149609,30.0224145000102,929670
111,304,ft_transformer,electrical_gain_075,792,0.32323232323232326,0.2703561817523159,0.2703561817523159,30.0224145000102,929670
111,304,ft_transformer,electrical_gain_050,792,0.17045454545454544,0.0551815659307516,0.0551815659307516,30.0224145000102,929670
111,304,ft_transformer,electrical_gain_025,792,0.16666666666666666,0.047619047619047616,0.04761904761904762,30.0224145000102,929670
111,304,ft_transformer,vibration_drift_025rms,792,1.0,1.0,1.0,30.0224145000102,929670
111,304,ft_transformer,vibration_drift_050rms,792,1.0,1.0,1.0,30.0224145000102,929670
111,304,ft_transformer,vibration_drift_100rms,792,1.0,1.0,1.0,30.0224145000102,929670
111,304,ft_transformer,electrical_drift_025rms,792,1.0,1.0,1.0,30.0224145000102,929670
111,304,ft_transformer,electrical_drift_050rms,792,0.9709595959595959,0.9708522710442025,0.9708522710442025,30.0224145000102,929670
111,304,ft_transformer,electrical_drift_100rms,792,0.4823232323232323,0.3218028344572798,0.3218028344572798,30.0224145000102,929670
111,304,tabm,clean_reextract,792,1.0,1.0,1.0,10.160266999999294,806080
111,304,tabm,vibration_missing,792,0.494949494949495,0.41730805079530264,0.4173080507953026,10.160266999999294,806080
111,304,tabm,electrical_missing,792,0.8131313131313131,0.7931200355887061,0.793120035588706,10.160266999999294,806080
111,304,tabm,vibration_gain_075,792,1.0,1.0,1.0,10.160266999999294,806080
111,304,tabm,vibration_gain_050,792,0.9936868686868687,0.9937003710581341,0.9937003710581341,10.160266999999294,806080
111,304,tabm,vibration_gain_025,792,0.8131313131313131,0.7804204764813854,0.7804204764813854,10.160266999999294,806080
111,304,tabm,electrical_gain_075,792,0.5858585858585859,0.4929063104827584,0.4929063104827584,10.160266999999294,806080
111,304,tabm,electrical_gain_050,792,0.3333333333333333,0.17777777777777778,0.17777777777777778,10.160266999999294,806080
111,304,tabm,electrical_gain_025,792,0.3333333333333333,0.17832429507328473,0.17832429507328473,10.160266999999294,806080
111,304,tabm,vibration_drift_025rms,792,1.0,1.0,1.0,10.160266999999294,806080
111,304,tabm,vibration_drift_050rms,792,1.0,1.0,1.0,10.160266999999294,806080
111,304,tabm,vibration_drift_100rms,792,1.0,1.0,1.0,10.160266999999294,806080
111,304,tabm,electrical_drift_025rms,792,1.0,1.0,1.0,10.160266999999294,806080
111,304,tabm,electrical_drift_050rms,792,0.9962121212121212,0.9962116320117095,0.9962116320117095,10.160266999999294,806080
111,304,tabm,electrical_drift_100rms,792,0.5012626262626263,0.36071537469676757,0.3607153746967676,10.160266999999294,806080
111,304,tmc,clean_reextract,792,1.0,1.0,1.0,21.166692800004967,15372
111,304,tmc,vibration_missing,792,0.9823232323232324,0.9823450939439972,0.982345093943997,21.166692800004967,15372
111,304,tmc,electrical_missing,792,0.9722222222222222,0.9721766554342518,0.9721766554342518,21.166692800004967,15372
111,304,tmc,vibration_gain_075,792,1.0,1.0,1.0,21.166692800004967,15372
111,304,tmc,vibration_gain_050,792,0.9646464646464646,0.9637645188699574,0.9637645188699573,21.166692800004967,15372
111,304,tmc,vibration_gain_025,792,0.7815656565656566,0.7451144671881571,0.745114467188157,21.166692800004967,15372
111,304,tmc,electrical_gain_075,792,0.43686868686868685,0.37487990878990135,0.3748799087899014,21.166692800004967,15372
111,304,tmc,electrical_gain_050,792,0.39646464646464646,0.3254732472038913,0.3254732472038913,21.166692800004967,15372
111,304,tmc,electrical_gain_025,792,0.3888888888888889,0.3144927536231884,0.31449275362318846,21.166692800004967,15372
111,304,tmc,vibration_drift_025rms,792,1.0,1.0,1.0,21.166692800004967,15372
111,304,tmc,vibration_drift_050rms,792,1.0,1.0,1.0,21.166692800004967,15372
111,304,tmc,vibration_drift_100rms,792,1.0,1.0,1.0,21.166692800004967,15372
111,304,tmc,electrical_drift_025rms,792,0.9911616161616161,0.9911094147211869,0.9911094147211867,21.166692800004967,15372
111,304,tmc,electrical_drift_050rms,792,0.7853535353535354,0.7452868757496405,0.7452868757496405,21.166692800004967,15372
111,304,tmc,electrical_drift_100rms,792,0.45075757575757575,0.34423970455100067,0.3442397045510008,21.166692800004967,15372
111,305,mlp,clean_reextract,792,1.0,1.0,1.0,6.317994199984241,10758
111,305,mlp,vibration_missing,792,0.4962121212121212,0.461460340705494,0.4614603407054941,6.317994199984241,10758
111,305,mlp,electrical_missing,792,0.9368686868686869,0.9380248160149814,0.9380248160149817,6.317994199984241,10758
111,305,mlp,vibration_gain_075,792,1.0,1.0,1.0,6.317994199984241,10758
111,305,mlp,vibration_gain_050,792,0.9381313131313131,0.937611675738378,0.9376116757383781,6.317994199984241,10758
111,305,mlp,vibration_gain_025,792,0.7613636363636364,0.7287209066688664,0.7287209066688665,6.317994199984241,10758
111,305,mlp,electrical_gain_075,792,0.3648989898989899,0.24658627715205408,0.24658627715205408,6.317994199984241,10758
111,305,mlp,electrical_gain_050,792,0.16666666666666666,0.047619047619047616,0.04761904761904762,6.317994199984241,10758
111,305,mlp,electrical_gain_025,792,0.16666666666666666,0.047619047619047616,0.04761904761904762,6.317994199984241,10758
111,305,mlp,vibration_drift_025rms,792,1.0,1.0,1.0,6.317994199984241,10758
111,305,mlp,vibration_drift_050rms,792,1.0,1.0,1.0,6.317994199984241,10758
111,305,mlp,vibration_drift_100rms,792,1.0,1.0,1.0,6.317994199984241,10758
111,305,mlp,electrical_drift_025rms,792,1.0,1.0,1.0,6.317994199984241,10758
111,305,mlp,electrical_drift_050rms,792,1.0,1.0,1.0,6.317994199984241,10758
111,305,mlp,electrical_drift_100rms,792,0.9974747474747475,0.9974747112418395,0.9974747112418396,6.317994199984241,10758
111,305,resnet,clean_reextract,792,1.0,1.0,1.0,12.707695000019157,56838
111,305,resnet,vibration_missing,792,0.5429292929292929,0.5173009179431735,0.5173009179431736,12.707695000019157,56838
111,305,resnet,electrical_missing,792,0.821969696969697,0.8078850754523992,0.8078850754523992,12.707695000019157,56838
111,305,resnet,vibration_gain_075,792,1.0,1.0,1.0,12.707695000019157,56838
111,305,resnet,vibration_gain_050,792,0.9608585858585859,0.9607023103193241,0.9607023103193241,12.707695000019157,56838
111,305,resnet,vibration_gain_025,792,0.7462121212121212,0.7095442664767543,0.7095442664767545,12.707695000019157,56838
111,305,resnet,electrical_gain_075,792,0.4154040404040404,0.2719730076578139,0.2719730076578139,12.707695000019157,56838
111,305,resnet,electrical_gain_050,792,0.33080808080808083,0.17335256320943118,0.17335256320943118,12.707695000019157,56838
111,305,resnet,electrical_gain_025,792,0.32323232323232326,0.18143233194930664,0.18143233194930664,12.707695000019157,56838
111,305,resnet,vibration_drift_025rms,792,1.0,1.0,1.0,12.707695000019157,56838
111,305,resnet,vibration_drift_050rms,792,1.0,1.0,1.0,12.707695000019157,56838
111,305,resnet,vibration_drift_100rms,792,1.0,1.0,1.0,12.707695000019157,56838
111,305,resnet,electrical_drift_025rms,792,1.0,1.0,1.0,12.707695000019157,56838
111,305,resnet,electrical_drift_050rms,792,1.0,1.0,1.0,12.707695000019157,56838
111,305,resnet,electrical_drift_100rms,792,0.8560606060606061,0.8493278535690156,0.8493278535690157,12.707695000019157,56838
111,305,ft_transformer,clean_reextract,792,0.98989898989899,0.9898987543788489,0.9898987543788488,30.632652200001758,929670
111,305,ft_transformer,vibration_missing,792,0.45580808080808083,0.4289641771825449,0.4289641771825449,30.632652200001758,929670
111,305,ft_transformer,electrical_missing,792,0.5896464646464646,0.47858000922501986,0.4785800092250198,30.632652200001758,929670
111,305,ft_transformer,vibration_gain_075,792,0.9848484848484849,0.9848683922405779,0.9848683922405778,30.632652200001758,929670
111,305,ft_transformer,vibration_gain_050,792,0.8724747474747475,0.8715708949767774,0.8715708949767774,30.632652200001758,929670
111,305,ft_transformer,vibration_gain_025,792,0.4810606060606061,0.4054243663784787,0.4054243663784787,30.632652200001758,929670
111,305,ft_transformer,electrical_gain_075,792,0.18813131313131312,0.08546038806630445,0.08546038806630445,30.632652200001758,929670
111,305,ft_transformer,electrical_gain_050,792,0.16666666666666666,0.047670639219934995,0.04767063921993499,30.632652200001758,929670
111,305,ft_transformer,electrical_gain_025,792,0.16666666666666666,0.047619047619047616,0.04761904761904762,30.632652200001758,929670
111,305,ft_transformer,vibration_drift_025rms,792,0.98989898989899,0.9898987543788489,0.9898987543788488,30.632652200001758,929670
111,305,ft_transformer,vibration_drift_050rms,792,0.9886363636363636,0.9886311440074277,0.9886311440074276,30.632652200001758,929670
111,305,ft_transformer,vibration_drift_100rms,792,0.9835858585858586,0.9835570354527988,0.9835570354527989,30.632652200001758,929670
111,305,ft_transformer,electrical_drift_025rms,792,0.9873737373737373,0.9873591346820394,0.9873591346820394,30.632652200001758,929670
111,305,ft_transformer,electrical_drift_050rms,792,0.9684343434343434,0.9684670225295787,0.9684670225295786,30.632652200001758,929670
111,305,ft_transformer,electrical_drift_100rms,792,0.5580808080808081,0.4601645921325041,0.46016459213250416,30.632652200001758,929670
111,305,tabm,clean_reextract,792,1.0,1.0,1.0,10.431207400019048,806080
111,305,tabm,vibration_missing,792,0.48358585858585856,0.416702215451747,0.416702215451747,10.431207400019048,806080
111,305,tabm,electrical_missing,792,0.7878787878787878,0.7560125668062979,0.7560125668062978,10.431207400019048,806080
111,305,tabm,vibration_gain_075,792,1.0,1.0,1.0,10.431207400019048,806080
111,305,tabm,vibration_gain_050,792,0.9722222222222222,0.9722053386578365,0.9722053386578364,10.431207400019048,806080
111,305,tabm,vibration_gain_025,792,0.7777777777777778,0.7450896186003999,0.7450896186004,10.431207400019048,806080
111,305,tabm,electrical_gain_075,792,0.5252525252525253,0.40210634449366944,0.40210634449366944,10.431207400019048,806080
111,305,tabm,electrical_gain_050,792,0.4583333333333333,0.3230096918675972,0.3230096918675972,10.431207400019048,806080
111,305,tabm,electrical_gain_025,792,0.3181818181818182,0.20194551250451873,0.20194551250451873,10.431207400019048,806080
111,305,tabm,vibration_drift_025rms,792,1.0,1.0,1.0,10.431207400019048,806080
111,305,tabm,vibration_drift_050rms,792,1.0,1.0,1.0,10.431207400019048,806080
111,305,tabm,vibration_drift_100rms,792,1.0,1.0,1.0,10.431207400019048,806080
111,305,tabm,electrical_drift_025rms,792,1.0,1.0,1.0,10.431207400019048,806080
111,305,tabm,electrical_drift_050rms,792,0.9936868686868687,0.993684603350031,0.993684603350031,10.431207400019048,806080
111,305,tabm,electrical_drift_100rms,792,0.5631313131313131,0.45075133336539364,0.45075133336539364,10.431207400019048,806080
111,305,tmc,clean_reextract,792,1.0,1.0,1.0,22.95941710000625,15372
111,305,tmc,vibration_missing,792,0.9835858585858586,0.9836004774526251,0.9836004774526254,22.95941710000625,15372
111,305,tmc,electrical_missing,792,0.9734848484848485,0.9734937910593513,0.9734937910593513,22.95941710000625,15372
111,305,tmc,vibration_gain_075,792,0.9974747474747475,0.9974746025368765,0.9974746025368766,22.95941710000625,15372
111,305,tmc,vibration_gain_050,792,0.9633838383838383,0.9627307529768564,0.9627307529768563,22.95941710000625,15372
111,305,tmc,vibration_gain_025,792,0.8055555555555556,0.7733780098214411,0.7733780098214411,22.95941710000625,15372
111,305,tmc,electrical_gain_075,792,0.38257575757575757,0.3030530297192695,0.3030530297192695,22.95941710000625,15372
111,305,tmc,electrical_gain_050,792,0.36237373737373735,0.2733461974076094,0.2733461974076094,22.95941710000625,15372
111,305,tmc,electrical_gain_025,792,0.3573232323232323,0.2655303581984699,0.2655303581984699,22.95941710000625,15372
111,305,tmc,vibration_drift_025rms,792,1.0,1.0,1.0,22.95941710000625,15372
111,305,tmc,vibration_drift_050rms,792,1.0,1.0,1.0,22.95941710000625,15372
111,305,tmc,vibration_drift_100rms,792,1.0,1.0,1.0,22.95941710000625,15372
111,305,tmc,electrical_drift_025rms,792,0.9949494949494949,0.9949343074422573,0.9949343074422574,22.95941710000625,15372
111,305,tmc,electrical_drift_050rms,792,0.773989898989899,0.7332449083289059,0.7332449083289058,22.95941710000625,15372
111,305,tmc,electrical_drift_100rms,792,0.44823232323232326,0.3520433922257316,0.3520433922257316,22.95941710000625,15372
222,301,mlp,clean_reextract,792,1.0,1.0,1.0,6.639363700000104,10758
222,301,mlp,vibration_missing,792,0.3787878787878788,0.2644524495133112,0.26445244951331115,6.639363700000104,10758
222,301,mlp,electrical_missing,792,0.8724747474747475,0.8668966732910705,0.8668966732910705,6.639363700000104,10758
222,301,mlp,vibration_gain_075,792,1.0,1.0,1.0,6.639363700000104,10758
222,301,mlp,vibration_gain_050,792,0.9659090909090909,0.9660660324689072,0.9660660324689071,6.639363700000104,10758
222,301,mlp,vibration_gain_025,792,0.7550505050505051,0.7233324547861301,0.7233324547861301,6.639363700000104,10758
222,301,mlp,electrical_gain_075,792,0.22095959595959597,0.11719872759362131,0.11719872759362131,6.639363700000104,10758
222,301,mlp,electrical_gain_050,792,0.16666666666666666,0.047619047619047616,0.04761904761904762,6.639363700000104,10758
222,301,mlp,electrical_gain_025,792,0.16666666666666666,0.047619047619047616,0.04761904761904762,6.639363700000104,10758
222,301,mlp,vibration_drift_025rms,792,1.0,1.0,1.0,6.639363700000104,10758
222,301,mlp,vibration_drift_050rms,792,1.0,1.0,1.0,6.639363700000104,10758
222,301,mlp,vibration_drift_100rms,792,1.0,1.0,1.0,6.639363700000104,10758
222,301,mlp,electrical_drift_025rms,792,1.0,1.0,1.0,6.639363700000104,10758
222,301,mlp,electrical_drift_050rms,792,0.9987373737373737,0.9987373556209197,0.9987373556209197,6.639363700000104,10758
222,301,mlp,electrical_drift_100rms,792,0.9823232323232324,0.9822931289880139,0.9822931289880139,6.639363700000104,10758
222,301,resnet,clean_reextract,792,1.0,1.0,1.0,13.244268599984935,56838
222,301,resnet,vibration_missing,792,0.4734848484848485,0.40214399194357053,0.4021439919435705,13.244268599984935,56838
222,301,resnet,electrical_missing,792,0.8106060606060606,0.8019725427479215,0.8019725427479216,13.244268599984935,56838
222,301,resnet,vibration_gain_075,792,1.0,1.0,1.0,13.244268599984935,56838
222,301,resnet,vibration_gain_050,792,0.9684343434343434,0.968148716538055,0.968148716538055,13.244268599984935,56838
222,301,resnet,vibration_gain_025,792,0.7550505050505051,0.732552244746249,0.732552244746249,13.244268599984935,56838
222,301,resnet,electrical_gain_075,792,0.4861111111111111,0.3239735859890898,0.3239735859890899,13.244268599984935,56838
222,301,resnet,electrical_gain_050,792,0.3383838383838384,0.2185932532597176,0.2185932532597176,13.244268599984935,56838
222,301,resnet,electrical_gain_025,792,0.2058080808080808,0.0963786172298083,0.0963786172298083,13.244268599984935,56838
222,301,resnet,vibration_drift_025rms,792,1.0,1.0,1.0,13.244268599984935,56838
222,301,resnet,vibration_drift_050rms,792,1.0,1.0,1.0,13.244268599984935,56838
222,301,resnet,vibration_drift_100rms,792,1.0,1.0,1.0,13.244268599984935,56838
222,301,resnet,electrical_drift_025rms,792,1.0,1.0,1.0,13.244268599984935,56838
222,301,resnet,electrical_drift_050rms,792,1.0,1.0,1.0,13.244268599984935,56838
222,301,resnet,electrical_drift_100rms,792,0.7297979797979798,0.7127965675496551,0.7127965675496549,13.244268599984935,56838
222,301,ft_transformer,clean_reextract,792,1.0,1.0,1.0,31.9492172000173,929670
222,301,ft_transformer,vibration_missing,792,0.33585858585858586,0.17401960784313728,0.17401960784313725,31.9492172000173,929670
222,301,ft_transformer,electrical_missing,792,0.7474747474747475,0.7423039493411098,0.7423039493411098,31.9492172000173,929670
222,301,ft_transformer,vibration_gain_075,792,0.9987373737373737,0.9987373556209196,0.9987373556209197,31.9492172000173,929670
222,301,ft_transformer,vibration_gain_050,792,0.803030303030303,0.7679720896294583,0.7679720896294584,31.9492172000173,929670
222,301,ft_transformer,vibration_gain_025,792,0.5265151515151515,0.4136779916844922,0.4136779916844922,31.9492172000173,929670
222,301,ft_transformer,electrical_gain_075,792,0.2474747474747475,0.1380300513656084,0.1380300513656084,31.9492172000173,929670
222,301,ft_transformer,electrical_gain_050,792,0.16666666666666666,0.047619047619047616,0.04761904761904762,31.9492172000173,929670
222,301,ft_transformer,electrical_gain_025,792,0.16666666666666666,0.047619047619047616,0.04761904761904762,31.9492172000173,929670
222,301,ft_transformer,vibration_drift_025rms,792,1.0,1.0,1.0,31.9492172000173,929670
222,301,ft_transformer,vibration_drift_050rms,792,1.0,1.0,1.0,31.9492172000173,929670
222,301,ft_transformer,vibration_drift_100rms,792,1.0,1.0,1.0,31.9492172000173,929670
222,301,ft_transformer,electrical_drift_025rms,792,0.9987373737373737,0.9987373556209196,0.9987373556209197,31.9492172000173,929670
222,301,ft_transformer,electrical_drift_050rms,792,0.9987373737373737,0.9987373556209196,0.9987373556209197,31.9492172000173,929670
222,301,ft_transformer,electrical_drift_100rms,792,0.7777777777777778,0.7503435475741602,0.7503435475741602,31.9492172000173,929670
222,301,tabm,clean_reextract,792,1.0,1.0,1.0,10.896195599983912,806080
222,301,tabm,vibration_missing,792,0.4772727272727273,0.4032811789703947,0.40328117897039484,10.896195599983912,806080
222,301,tabm,electrical_missing,792,0.8042929292929293,0.7870820199019649,0.7870820199019649,10.896195599983912,806080
222,301,tabm,vibration_gain_075,792,1.0,1.0,1.0,10.896195599983912,806080
222,301,tabm,vibration_gain_050,792,0.9924242424242424,0.9924203273040483,0.9924203273040482,10.896195599983912,806080
222,301,tabm,vibration_gain_025,792,0.8005050505050505,0.7842023943398968,0.7842023943398969,10.896195599983912,806080
222,301,tabm,electrical_gain_075,792,0.5934343434343434,0.49273822430301006,0.49273822430301006,10.896195599983912,806080
222,301,tabm,electrical_gain_050,792,0.45454545454545453,0.3259383186000626,0.32593831860006256,10.896195599983912,806080
222,301,tabm,electrical_gain_025,792,0.3207070707070707,0.2069148064381363,0.20691480643813634,10.896195599983912,806080
222,301,tabm,vibration_drift_025rms,792,1.0,1.0,1.0,10.896195599983912,806080
222,301,tabm,vibration_drift_050rms,792,1.0,1.0,1.0,10.896195599983912,806080
222,301,tabm,vibration_drift_100rms,792,1.0,1.0,1.0,10.896195599983912,806080
222,301,tabm,electrical_drift_025rms,792,1.0,1.0,1.0,10.896195599983912,806080
222,301,tabm,electrical_drift_050rms,792,1.0,1.0,1.0,10.896195599983912,806080
222,301,tabm,electrical_drift_100rms,792,0.6527777777777778,0.5662894127039565,0.5662894127039565,10.896195599983912,806080
222,301,tmc,clean_reextract,792,0.9987373737373737,0.9987373556209196,0.9987373556209198,21.83792109999922,15372
222,301,tmc,vibration_missing,792,0.9835858585858586,0.9835739193434717,0.9835739193434718,21.83792109999922,15372
222,301,tmc,electrical_missing,792,0.9785353535353535,0.9784279977734909,0.978427997773491,21.83792109999922,15372
222,301,tmc,vibration_gain_075,792,0.9987373737373737,0.9987373556209196,0.9987373556209198,21.83792109999922,15372
222,301,tmc,vibration_gain_050,792,0.9785353535353535,0.9784113516612475,0.9784113516612474,21.83792109999922,15372
222,301,tmc,vibration_gain_025,792,0.8497474747474747,0.8421807094560217,0.8421807094560217,21.83792109999922,15372
222,301,tmc,electrical_gain_075,792,0.38762626262626265,0.3115365193040444,0.3115365193040444,21.83792109999922,15372
222,301,tmc,electrical_gain_050,792,0.3522727272727273,0.2575989486262655,0.25759894862626553,21.83792109999922,15372
222,301,tmc,electrical_gain_025,792,0.3421717171717172,0.23915920411599725,0.23915920411599725,21.83792109999922,15372
222,301,tmc,vibration_drift_025rms,792,0.9987373737373737,0.9987373556209196,0.9987373556209198,21.83792109999922,15372
222,301,tmc,vibration_drift_050rms,792,0.9987373737373737,0.9987373556209196,0.9987373556209198,21.83792109999922,15372
222,301,tmc,vibration_drift_100rms,792,0.9987373737373737,0.9987373556209196,0.9987373556209198,21.83792109999922,15372
222,301,tmc,electrical_drift_025rms,792,0.9823232323232324,0.9825265455615481,0.9825265455615481,21.83792109999922,15372
222,301,tmc,electrical_drift_050rms,792,0.7765151515151515,0.7298607227877251,0.7298607227877251,21.83792109999922,15372
222,301,tmc,electrical_drift_100rms,792,0.4595959595959596,0.3459844890568866,0.34598448905688656,21.83792109999922,15372
222,302,mlp,clean_reextract,792,1.0,1.0,1.0,6.648263699986273,10758
222,302,mlp,vibration_missing,792,0.36363636363636365,0.27424704898625923,0.27424704898625923,6.648263699986273,10758
222,302,mlp,electrical_missing,792,0.9179292929292929,0.9175432445670065,0.9175432445670066,6.648263699986273,10758
222,302,mlp,vibration_gain_075,792,1.0,1.0,1.0,6.648263699986273,10758
222,302,mlp,vibration_gain_050,792,0.9305555555555556,0.9294452320976069,0.9294452320976072,6.648263699986273,10758
222,302,mlp,vibration_gain_025,792,0.7424242424242424,0.7072738713660817,0.7072738713660816,6.648263699986273,10758
222,302,mlp,electrical_gain_075,792,0.3371212121212121,0.21810302102356927,0.21810302102356927,6.648263699986273,10758
222,302,mlp,electrical_gain_050,792,0.17424242424242425,0.06242303684758927,0.06242303684758928,6.648263699986273,10758
222,302,mlp,electrical_gain_025,792,0.16666666666666666,0.047619047619047616,0.04761904761904762,6.648263699986273,10758
222,302,mlp,vibration_drift_025rms,792,1.0,1.0,1.0,6.648263699986273,10758
222,302,mlp,vibration_drift_050rms,792,1.0,1.0,1.0,6.648263699986273,10758
222,302,mlp,vibration_drift_100rms,792,1.0,1.0,1.0,6.648263699986273,10758
222,302,mlp,electrical_drift_025rms,792,0.9974747474747475,0.9974746025368765,0.9974746025368766,6.648263699986273,10758
222,302,mlp,electrical_drift_050rms,792,0.9949494949494949,0.9949483352468427,0.9949483352468428,6.648263699986273,10758
222,302,mlp,electrical_drift_100rms,792,0.98989898989899,0.9898985727931894,0.9898985727931894,6.648263699986273,10758
222,302,resnet,clean_reextract,792,1.0,1.0,1.0,13.578824900003383,56838
222,302,resnet,vibration_missing,792,0.5378787878787878,0.5059898700776498,0.5059898700776497,13.578824900003383,56838
222,302,resnet,electrical_missing,792,0.8131313131313131,0.7951165684652026,0.7951165684652026,13.578824900003383,56838
222,302,resnet,vibration_gain_075,792,1.0,1.0,1.0,13.578824900003383,56838
222,302,resnet,vibration_gain_050,792,0.9507575757575758,0.9503163564995337,0.9503163564995338,13.578824900003383,56838
222,302,resnet,vibration_gain_025,792,0.6931818181818182,0.6527843386764458,0.6527843386764458,13.578824900003383,56838
222,302,resnet,electrical_gain_075,792,0.3383838383838384,0.18440679355115183,0.18440679355115183,13.578824900003383,56838
222,302,resnet,electrical_gain_050,792,0.3333333333333333,0.17131795807753994,0.17131795807753994,13.578824900003383,56838
222,302,resnet,electrical_gain_025,792,0.3106060606060606,0.16305711950076565,0.16305711950076565,13.578824900003383,56838
222,302,resnet,vibration_drift_025rms,792,1.0,1.0,1.0,13.578824900003383,56838
222,302,resnet,vibration_drift_050rms,792,1.0,1.0,1.0,13.578824900003383,56838
222,302,resnet,vibration_drift_100rms,792,1.0,1.0,1.0,13.578824900003383,56838
222,302,resnet,electrical_drift_025rms,792,1.0,1.0,1.0,13.578824900003383,56838
222,302,resnet,electrical_drift_050rms,792,1.0,1.0,1.0,13.578824900003383,56838
222,302,resnet,electrical_drift_100rms,792,0.7424242424242424,0.7106988794650638,0.7106988794650638,13.578824900003383,56838
222,302,ft_transformer,clean_reextract,792,1.0,1.0,1.0,32.558894499990856,929670
222,302,ft_transformer,vibration_missing,792,0.41035353535353536,0.3108505697880258,0.3108505697880258,32.558894499990856,929670
222,302,ft_transformer,electrical_missing,792,0.6452020202020202,0.5518961060357269,0.5518961060357269,32.558894499990856,929670
222,302,ft_transformer,vibration_gain_075,792,1.0,1.0,1.0,32.558894499990856,929670
222,302,ft_transformer,vibration_gain_050,792,0.922979797979798,0.9233631865915205,0.9233631865915205,32.558894499990856,929670
222,302,ft_transformer,vibration_gain_025,792,0.5,0.3647296287214404,0.36472962872144044,32.558894499990856,929670
222,302,ft_transformer,electrical_gain_075,792,0.3345959595959596,0.17863738739825796,0.17863738739825796,32.558894499990856,929670
222,302,ft_transformer,electrical_gain_050,792,0.3042929292929293,0.15965438793679487,0.15965438793679487,32.558894499990856,929670
222,302,ft_transformer,electrical_gain_025,792,0.1691919191919192,0.05481468537948527,0.05481468537948527,32.558894499990856,929670
222,302,ft_transformer,vibration_drift_025rms,792,1.0,1.0,1.0,32.558894499990856,929670
222,302,ft_transformer,vibration_drift_050rms,792,1.0,1.0,1.0,32.558894499990856,929670
222,302,ft_transformer,vibration_drift_100rms,792,1.0,1.0,1.0,32.558894499990856,929670
222,302,ft_transformer,electrical_drift_025rms,792,1.0,1.0,1.0,32.558894499990856,929670
222,302,ft_transformer,electrical_drift_050rms,792,0.9633838383838383,0.9629366059109724,0.9629366059109724,32.558894499990856,929670
222,302,ft_transformer,electrical_drift_100rms,792,0.9027777777777778,0.8954703176357451,0.8954703176357451,32.558894499990856,929670
222,302,tabm,clean_reextract,792,1.0,1.0,1.0,10.464276000013342,806080
222,302,tabm,vibration_missing,792,0.44065656565656564,0.358318936472136,0.358318936472136,10.464276000013342,806080
222,302,tabm,electrical_missing,792,0.7803030303030303,0.7613289223597001,0.7613289223597001,10.464276000013342,806080
222,302,tabm,vibration_gain_075,792,1.0,1.0,1.0,10.464276000013342,806080
222,302,tabm,vibration_gain_050,792,0.9924242424242424,0.9924203273040483,0.9924203273040482,10.464276000013342,806080
222,302,tabm,vibration_gain_025,792,0.7790404040404041,0.7592609039451464,0.7592609039451463,10.464276000013342,806080
222,302,tabm,electrical_gain_075,792,0.3851010101010101,0.24241313120384064,0.24241313120384064,10.464276000013342,806080
222,302,tabm,electrical_gain_050,792,0.3333333333333333,0.16717096670900147,0.16717096670900147,10.464276000013342,806080
222,302,tabm,electrical_gain_025,792,0.3333333333333333,0.16758096103699374,0.16758096103699377,10.464276000013342,806080
222,302,tabm,vibration_drift_025rms,792,1.0,1.0,1.0,10.464276000013342,806080
222,302,tabm,vibration_drift_050rms,792,1.0,1.0,1.0,10.464276000013342,806080
222,302,tabm,vibration_drift_100rms,792,1.0,1.0,1.0,10.464276000013342,806080
222,302,tabm,electrical_drift_025rms,792,1.0,1.0,1.0,10.464276000013342,806080
222,302,tabm,electrical_drift_050rms,792,1.0,1.0,1.0,10.464276000013342,806080
222,302,tabm,electrical_drift_100rms,792,0.4911616161616162,0.3876170523463685,0.38761705234636845,10.464276000013342,806080
222,302,tmc,clean_reextract,792,0.9987373737373737,0.9987373556209196,0.9987373556209198,20.857838199997786,15372
222,302,tmc,vibration_missing,792,0.9810606060606061,0.981041294329267,0.981041294329267,20.857838199997786,15372
222,302,tmc,electrical_missing,792,0.9785353535353535,0.9783715262693272,0.9783715262693272,20.857838199997786,15372
222,302,tmc,vibration_gain_075,792,0.9962121212121212,0.996216813782353,0.996216813782353,20.857838199997786,15372
222,302,tmc,vibration_gain_050,792,0.976010101010101,0.976087867065034,0.9760878670650339,20.857838199997786,15372
222,302,tmc,vibration_gain_025,792,0.8446969696969697,0.8383913124088416,0.8383913124088413,20.857838199997786,15372
222,302,tmc,electrical_gain_075,792,0.49747474747474746,0.4256090097096587,0.42560900970965865,20.857838199997786,15372
222,302,tmc,electrical_gain_050,792,0.4772727272727273,0.4027706667458519,0.40277066674585194,20.857838199997786,15372
222,302,tmc,electrical_gain_025,792,0.4696969696969697,0.39459314355776165,0.3945931435577617,20.857838199997786,15372
222,302,tmc,vibration_drift_025rms,792,0.9987373737373737,0.9987373556209196,0.9987373556209198,20.857838199997786,15372
222,302,tmc,vibration_drift_050rms,792,0.9987373737373737,0.9987373556209196,0.9987373556209198,20.857838199997786,15372
222,302,tmc,vibration_drift_100rms,792,0.9974747474747475,0.9974747293582934,0.9974747293582934,20.857838199997786,15372
222,302,tmc,electrical_drift_025rms,792,0.9911616161616161,0.9911776523943825,0.9911776523943825,20.857838199997786,15372
222,302,tmc,electrical_drift_050rms,792,0.7765151515151515,0.7319567186395806,0.7319567186395806,20.857838199997786,15372
222,302,tmc,electrical_drift_100rms,792,0.4797979797979798,0.39714794400847114,0.39714794400847114,20.857838199997786,15372
222,303,mlp,clean_reextract,792,1.0,1.0,1.0,6.097359299979871,10758
222,303,mlp,vibration_missing,792,0.41919191919191917,0.3643865767267686,0.36438657672676855,6.097359299979871,10758
222,303,mlp,electrical_missing,792,0.9191919191919192,0.9181546150110499,0.9181546150110499,6.097359299979871,10758
222,303,mlp,vibration_gain_075,792,1.0,1.0,1.0,6.097359299979871,10758
222,303,mlp,vibration_gain_050,792,0.9861111111111112,0.9861587618500606,0.9861587618500606,6.097359299979871,10758
222,303,mlp,vibration_gain_025,792,0.7525252525252525,0.7282266125853057,0.7282266125853056,6.097359299979871,10758
222,303,mlp,electrical_gain_075,792,0.35984848484848486,0.22449664654642934,0.22449664654642937,6.097359299979871,10758
222,303,mlp,electrical_gain_050,792,0.2904040404040404,0.15772865471091857,0.15772865471091857,6.097359299979871,10758
222,303,mlp,electrical_gain_025,792,0.23737373737373738,0.13093809950445182,0.13093809950445182,6.097359299979871,10758
222,303,mlp,vibration_drift_025rms,792,1.0,1.0,1.0,6.097359299979871,10758
222,303,mlp,vibration_drift_050rms,792,1.0,1.0,1.0,6.097359299979871,10758
222,303,mlp,vibration_drift_100rms,792,1.0,1.0,1.0,6.097359299979871,10758
222,303,mlp,electrical_drift_025rms,792,0.9974747474747475,0.9974746025368765,0.9974746025368766,6.097359299979871,10758
222,303,mlp,electrical_drift_050rms,792,0.9962121212121212,0.9962116320117095,0.9962116320117095,6.097359299979871,10758
222,303,mlp,electrical_drift_100rms,792,0.9886363636363636,0.9886348052198043,0.9886348052198042,6.097359299979871,10758
222,303,resnet,clean_reextract,792,1.0,1.0,1.0,12.30559259999427,56838
222,303,resnet,vibration_missing,792,0.5845959595959596,0.5527483020704388,0.5527483020704388,12.30559259999427,56838
222,303,resnet,electrical_missing,792,0.6805555555555556,0.62201296108414,0.6220129610841398,12.30559259999427,56838
222,303,resnet,vibration_gain_075,792,1.0,1.0,1.0,12.30559259999427,56838
222,303,resnet,vibration_gain_050,792,0.9633838383838383,0.963524851230333,0.963524851230333,12.30559259999427,56838
222,303,resnet,vibration_gain_025,792,0.7537878787878788,0.7253917656766138,0.7253917656766138,12.30559259999427,56838
222,303,resnet,electrical_gain_075,792,0.38636363636363635,0.24600429143226554,0.24600429143226554,12.30559259999427,56838
222,303,resnet,electrical_gain_050,792,0.3194444444444444,0.1632826469240886,0.1632826469240886,12.30559259999427,56838
222,303,resnet,electrical_gain_025,792,0.2588383838383838,0.13747585689988182,0.13747585689988182,12.30559259999427,56838
222,303,resnet,vibration_drift_025rms,792,1.0,1.0,1.0,12.30559259999427,56838
222,303,resnet,vibration_drift_050rms,792,1.0,1.0,1.0,12.30559259999427,56838
222,303,resnet,vibration_drift_100rms,792,1.0,1.0,1.0,12.30559259999427,56838
222,303,resnet,electrical_drift_025rms,792,1.0,1.0,1.0,12.30559259999427,56838
222,303,resnet,electrical_drift_050rms,792,1.0,1.0,1.0,12.30559259999427,56838
222,303,resnet,electrical_drift_100rms,792,0.7866161616161617,0.761498336160169,0.7614983361601689,12.30559259999427,56838
222,303,ft_transformer,clean_reextract,792,1.0,1.0,1.0,29.58204820001265,929670
222,303,ft_transformer,vibration_missing,792,0.3547979797979798,0.23434544735732624,0.23434544735732624,29.58204820001265,929670
222,303,ft_transformer,electrical_missing,792,0.63510101010101,0.564289709951317,0.564289709951317,29.58204820001265,929670
222,303,ft_transformer,vibration_gain_075,792,0.9987373737373737,0.9987373556209196,0.9987373556209198,29.58204820001265,929670
222,303,ft_transformer,vibration_gain_050,792,0.8926767676767676,0.8952358444344833,0.8952358444344833,29.58204820001265,929670
222,303,ft_transformer,vibration_gain_025,792,0.5126262626262627,0.3861940411236186,0.3861940411236186,29.58204820001265,929670
222,303,ft_transformer,electrical_gain_075,792,0.31565656565656564,0.18497089922317003,0.18497089922317,29.58204820001265,929670
222,303,ft_transformer,electrical_gain_050,792,0.11742424242424243,0.059237555065611514,0.05923755506561152,29.58204820001265,929670
222,303,ft_transformer,electrical_gain_025,792,0.16666666666666666,0.04782608695652174,0.04782608695652174,29.58204820001265,929670
222,303,ft_transformer,vibration_drift_025rms,792,1.0,1.0,1.0,29.58204820001265,929670
222,303,ft_transformer,vibration_drift_050rms,792,1.0,1.0,1.0,29.58204820001265,929670
222,303,ft_transformer,vibration_drift_100rms,792,1.0,1.0,1.0,29.58204820001265,929670
222,303,ft_transformer,electrical_drift_025rms,792,0.9987373737373737,0.9987373556209197,0.9987373556209197,29.58204820001265,929670
222,303,ft_transformer,electrical_drift_050rms,792,0.9936868686868687,0.993684603350031,0.993684603350031,29.58204820001265,929670
222,303,ft_transformer,electrical_drift_100rms,792,0.8775252525252525,0.8696666959057419,0.8696666959057421,29.58204820001265,929670
222,303,tabm,clean_reextract,792,1.0,1.0,1.0,10.257087800011504,806080
222,303,tabm,vibration_missing,792,0.49747474747474746,0.4386954166272589,0.4386954166272589,10.257087800011504,806080
222,303,tabm,electrical_missing,792,0.8005050505050505,0.7783266269974282,0.7783266269974282,10.257087800011504,806080
222,303,tabm,vibration_gain_075,792,1.0,1.0,1.0,10.257087800011504,806080
222,303,tabm,vibration_gain_050,792,0.9911616161616161,0.9912051891010232,0.9912051891010231,10.257087800011504,806080
222,303,tabm,vibration_gain_025,792,0.7891414141414141,0.7566877696298605,0.7566877696298605,10.257087800011504,806080
222,303,tabm,electrical_gain_075,792,0.6161616161616161,0.5169053218233547,0.5169053218233546,10.257087800011504,806080
222,303,tabm,electrical_gain_050,792,0.41414141414141414,0.29850457857983376,0.2985045785798338,10.257087800011504,806080
222,303,tabm,electrical_gain_025,792,0.2727272727272727,0.15707047232120827,0.15707047232120827,10.257087800011504,806080
222,303,tabm,vibration_drift_025rms,792,1.0,1.0,1.0,10.257087800011504,806080
222,303,tabm,vibration_drift_050rms,792,1.0,1.0,1.0,10.257087800011504,806080
222,303,tabm,vibration_drift_100rms,792,1.0,1.0,1.0,10.257087800011504,806080
222,303,tabm,electrical_drift_025rms,792,0.9987373737373737,0.9987373556209197,0.9987373556209197,10.257087800011504,806080
222,303,tabm,electrical_drift_050rms,792,0.9911616161616161,0.9911553979353024,0.9911553979353023,10.257087800011504,806080
222,303,tabm,electrical_drift_100rms,792,0.5025252525252525,0.3707047417912553,0.3707047417912553,10.257087800011504,806080
222,303,tmc,clean_reextract,792,0.9987373737373737,0.9987373556209196,0.9987373556209198,20.480428900016705,15372
222,303,tmc,vibration_missing,792,0.9797979797979798,0.9797863994593436,0.9797863994593436,20.480428900016705,15372
222,303,tmc,electrical_missing,792,0.9772727272727273,0.9771320563773394,0.9771320563773394,20.480428900016705,15372
222,303,tmc,vibration_gain_075,792,0.9962121212121212,0.9962120849792132,0.9962120849792132,20.480428900016705,15372
222,303,tmc,vibration_gain_050,792,0.9734848484848485,0.9734525940156824,0.9734525940156823,20.480428900016705,15372
222,303,tmc,vibration_gain_025,792,0.8371212121212122,0.8297973756061596,0.8297973756061595,20.480428900016705,15372
222,303,tmc,electrical_gain_075,792,0.4911616161616162,0.43280807664453996,0.4328080766445401,20.480428900016705,15372
222,303,tmc,electrical_gain_050,792,0.45580808080808083,0.4003424828621824,0.4003424828621824,20.480428900016705,15372
222,303,tmc,electrical_gain_025,792,0.4431818181818182,0.38820881792579415,0.38820881792579415,20.480428900016705,15372
222,303,tmc,vibration_drift_025rms,792,0.9987373737373737,0.9987373556209196,0.9987373556209198,20.480428900016705,15372
222,303,tmc,vibration_drift_050rms,792,0.9987373737373737,0.9987373556209196,0.9987373556209198,20.480428900016705,15372
222,303,tmc,vibration_drift_100rms,792,0.9987373737373737,0.9987373556209196,0.9987373556209198,20.480428900016705,15372
222,303,tmc,electrical_drift_025rms,792,0.98989898989899,0.989984514277853,0.9899845142778531,20.480428900016705,15372
222,303,tmc,electrical_drift_050rms,792,0.773989898989899,0.7289253411060838,0.7289253411060838,20.480428900016705,15372
222,303,tmc,electrical_drift_100rms,792,0.47095959595959597,0.37371773405301445,0.37371773405301445,20.480428900016705,15372
222,304,mlp,clean_reextract,792,1.0,1.0,1.0,6.2059850999794435,10758
222,304,mlp,vibration_missing,792,0.41035353535353536,0.3426726694583498,0.3426726694583499,6.2059850999794435,10758
222,304,mlp,electrical_missing,792,0.9255050505050505,0.9249982706825035,0.9249982706825035,6.2059850999794435,10758
222,304,mlp,vibration_gain_075,792,1.0,1.0,1.0,6.2059850999794435,10758
222,304,mlp,vibration_gain_050,792,0.9747474747474747,0.97492377045777,0.97492377045777,6.2059850999794435,10758
222,304,mlp,vibration_gain_025,792,0.7474747474747475,0.7117867956879667,0.7117867956879667,6.2059850999794435,10758
222,304,mlp,electrical_gain_075,792,0.3055555555555556,0.19465258180816858,0.19465258180816858,6.2059850999794435,10758
222,304,mlp,electrical_gain_050,792,0.16666666666666666,0.047619047619047616,0.04761904761904762,6.2059850999794435,10758
222,304,mlp,electrical_gain_025,792,0.16666666666666666,0.047619047619047616,0.04761904761904762,6.2059850999794435,10758
222,304,mlp,vibration_drift_025rms,792,1.0,1.0,1.0,6.2059850999794435,10758
222,304,mlp,vibration_drift_050rms,792,1.0,1.0,1.0,6.2059850999794435,10758
222,304,mlp,vibration_drift_100rms,792,1.0,1.0,1.0,6.2059850999794435,10758
222,304,mlp,electrical_drift_025rms,792,0.9974747474747475,0.9974746025368765,0.9974746025368766,6.2059850999794435,10758
222,304,mlp,electrical_drift_050rms,792,0.9949494949494949,0.9949483352468427,0.9949483352468428,6.2059850999794435,10758
222,304,mlp,electrical_drift_100rms,792,0.9911616161616161,0.9911606558897258,0.9911606558897256,6.2059850999794435,10758
222,304,resnet,clean_reextract,792,1.0,1.0,1.0,12.55233170001884,56838
222,304,resnet,vibration_missing,792,0.5618686868686869,0.5290061147954263,0.5290061147954263,12.55233170001884,56838
222,304,resnet,electrical_missing,792,0.7752525252525253,0.7490103310299477,0.7490103310299479,12.55233170001884,56838
222,304,resnet,vibration_gain_075,792,1.0,1.0,1.0,12.55233170001884,56838
222,304,resnet,vibration_gain_050,792,0.9507575757575758,0.950692670408555,0.9506926704085551,12.55233170001884,56838
222,304,resnet,vibration_gain_025,792,0.7171717171717171,0.6877258315475486,0.6877258315475486,12.55233170001884,56838
222,304,resnet,electrical_gain_075,792,0.3434343434343434,0.21168981481481483,0.2116898148148148,12.55233170001884,56838
222,304,resnet,electrical_gain_050,792,0.17803030303030304,0.06627130727850152,0.06627130727850152,12.55233170001884,56838
222,304,resnet,electrical_gain_025,792,0.16666666666666666,0.047619047619047616,0.04761904761904762,12.55233170001884,56838
222,304,resnet,vibration_drift_025rms,792,1.0,1.0,1.0,12.55233170001884,56838
222,304,resnet,vibration_drift_050rms,792,1.0,1.0,1.0,12.55233170001884,56838
222,304,resnet,vibration_drift_100rms,792,1.0,1.0,1.0,12.55233170001884,56838
222,304,resnet,electrical_drift_025rms,792,0.9987373737373737,0.9987373556209197,0.9987373556209197,12.55233170001884,56838
222,304,resnet,electrical_drift_050rms,792,1.0,1.0,1.0,12.55233170001884,56838
222,304,resnet,electrical_drift_100rms,792,0.851010101010101,0.8428560120744337,0.8428560120744337,12.55233170001884,56838
222,304,ft_transformer,clean_reextract,792,1.0,1.0,1.0,29.514280100003816,929670
222,304,ft_transformer,vibration_missing,792,0.4305555555555556,0.30569117830036086,0.3056911783003608,29.514280100003816,929670
222,304,ft_transformer,electrical_missing,792,0.7146464646464646,0.6608761171254899,0.66087611712549,29.514280100003816,929670
222,304,ft_transformer,vibration_gain_075,792,0.9924242424242424,0.9924450795173229,0.9924450795173229,29.514280100003816,929670
222,304,ft_transformer,vibration_gain_050,792,0.8762626262626263,0.875029201806398,0.8750292018063982,29.514280100003816,929670
222,304,ft_transformer,vibration_gain_025,792,0.5340909090909091,0.4232025276015468,0.42320252760154686,29.514280100003816,929670
222,304,ft_transformer,electrical_gain_075,792,0.16666666666666666,0.047619047619047616,0.04761904761904762,29.514280100003816,929670
222,304,ft_transformer,electrical_gain_050,792,0.16666666666666666,0.047619047619047616,0.04761904761904762,29.514280100003816,929670
222,304,ft_transformer,electrical_gain_025,792,0.16666666666666666,0.047619047619047616,0.04761904761904762,29.514280100003816,929670
222,304,ft_transformer,vibration_drift_025rms,792,1.0,1.0,1.0,29.514280100003816,929670
222,304,ft_transformer,vibration_drift_050rms,792,1.0,1.0,1.0,29.514280100003816,929670
222,304,ft_transformer,vibration_drift_100rms,792,1.0,1.0,1.0,29.514280100003816,929670
222,304,ft_transformer,electrical_drift_025rms,792,0.9987373737373737,0.9987373556209197,0.9987373556209197,29.514280100003816,929670
222,304,ft_transformer,electrical_drift_050rms,792,0.9987373737373737,0.9987373556209196,0.9987373556209198,29.514280100003816,929670
222,304,ft_transformer,electrical_drift_100rms,792,0.9305555555555556,0.9305933532614553,0.9305933532614554,29.514280100003816,929670
222,304,tabm,clean_reextract,792,1.0,1.0,1.0,10.018121600005543,806080
222,304,tabm,vibration_missing,792,0.4772727272727273,0.4088521139022609,0.4088521139022609,10.018121600005543,806080
222,304,tabm,electrical_missing,792,0.8333333333333334,0.816672461504797,0.816672461504797,10.018121600005543,806080
222,304,tabm,vibration_gain_075,792,1.0,1.0,1.0,10.018121600005543,806080
222,304,tabm,vibration_gain_050,792,0.9924242424242424,0.9924203273040483,0.9924203273040482,10.018121600005543,806080
222,304,tabm,vibration_gain_025,792,0.7828282828282829,0.7534168610760977,0.7534168610760978,10.018121600005543,806080
222,304,tabm,electrical_gain_075,792,0.6313131313131313,0.529240628924474,0.5292406289244739,10.018121600005543,806080
222,304,tabm,electrical_gain_050,792,0.3421717171717172,0.1947545676587706,0.1947545676587706,10.018121600005543,806080
222,304,tabm,electrical_gain_025,792,0.3333333333333333,0.17724676989276844,0.17724676989276844,10.018121600005543,806080
222,304,tabm,vibration_drift_025rms,792,1.0,1.0,1.0,10.018121600005543,806080
222,304,tabm,vibration_drift_050rms,792,1.0,1.0,1.0,10.018121600005543,806080
222,304,tabm,vibration_drift_100rms,792,1.0,1.0,1.0,10.018121600005543,806080
222,304,tabm,electrical_drift_025rms,792,1.0,1.0,1.0,10.018121600005543,806080
222,304,tabm,electrical_drift_050rms,792,1.0,1.0,1.0,10.018121600005543,806080
222,304,tabm,electrical_drift_100rms,792,0.5972222222222222,0.49322764833407023,0.49322764833407023,10.018121600005543,806080
222,304,tmc,clean_reextract,792,0.9987373737373737,0.9987373556209196,0.9987373556209198,20.727886899985606,15372
222,304,tmc,vibration_missing,792,0.9835858585858586,0.9835686259914808,0.9835686259914808,20.727886899985606,15372
222,304,tmc,electrical_missing,792,0.9772727272727273,0.9771320563773394,0.9771320563773394,20.727886899985606,15372
222,304,tmc,vibration_gain_075,792,0.9974747474747475,0.9974747293582934,0.9974747293582934,20.727886899985606,15372
222,304,tmc,vibration_gain_050,792,0.976010101010101,0.976087867065034,0.9760878670650339,20.727886899985606,15372
222,304,tmc,vibration_gain_025,792,0.8535353535353535,0.8478472326052425,0.8478472326052425,20.727886899985606,15372
222,304,tmc,electrical_gain_075,792,0.49242424242424243,0.4316640658249397,0.4316640658249397,20.727886899985606,15372
222,304,tmc,electrical_gain_050,792,0.4797979797979798,0.420325393590486,0.42032539359048604,20.727886899985606,15372
222,304,tmc,electrical_gain_025,792,0.4659090909090909,0.4055589411565765,0.4055589411565764,20.727886899985606,15372
222,304,tmc,vibration_drift_025rms,792,0.9987373737373737,0.9987373556209196,0.9987373556209198,20.727886899985606,15372
222,304,tmc,vibration_drift_050rms,792,0.9987373737373737,0.9987373556209196,0.9987373556209198,20.727886899985606,15372
222,304,tmc,vibration_drift_100rms,792,0.9987373737373737,0.9987373556209196,0.9987373556209198,20.727886899985606,15372
222,304,tmc,electrical_drift_025rms,792,0.9873737373737373,0.9875019555960968,0.9875019555960968,20.727886899985606,15372
222,304,tmc,electrical_drift_050rms,792,0.7752525252525253,0.7302504223718116,0.7302504223718114,20.727886899985606,15372
222,304,tmc,electrical_drift_100rms,792,0.4696969696969697,0.3694115124923662,0.36941151249236615,20.727886899985606,15372
222,305,mlp,clean_reextract,792,1.0,1.0,1.0,6.285341000009794,10758
222,305,mlp,vibration_missing,792,0.4255050505050505,0.3437887419539629,0.3437887419539629,6.285341000009794,10758
222,305,mlp,electrical_missing,792,0.9330808080808081,0.9328849356834432,0.9328849356834432,6.285341000009794,10758
222,305,mlp,vibration_gain_075,792,1.0,1.0,1.0,6.285341000009794,10758
222,305,mlp,vibration_gain_050,792,0.9558080808080808,0.9557802749674883,0.9557802749674886,6.285341000009794,10758
222,305,mlp,vibration_gain_025,792,0.7626262626262627,0.7278376143704043,0.7278376143704043,6.285341000009794,10758
222,305,mlp,electrical_gain_075,792,0.3472222222222222,0.22712191318791208,0.22712191318791206,6.285341000009794,10758
222,305,mlp,electrical_gain_050,792,0.1717171717171717,0.05763000852514919,0.05763000852514919,6.285341000009794,10758
222,305,mlp,electrical_gain_025,792,0.16666666666666666,0.047619047619047616,0.04761904761904762,6.285341000009794,10758
222,305,mlp,vibration_drift_025rms,792,1.0,1.0,1.0,6.285341000009794,10758
222,305,mlp,vibration_drift_050rms,792,1.0,1.0,1.0,6.285341000009794,10758
222,305,mlp,vibration_drift_100rms,792,1.0,1.0,1.0,6.285341000009794,10758
222,305,mlp,electrical_drift_025rms,792,1.0,1.0,1.0,6.285341000009794,10758
222,305,mlp,electrical_drift_050rms,792,0.9987373737373737,0.9987373556209197,0.9987373556209197,6.285341000009794,10758
222,305,mlp,electrical_drift_100rms,792,0.9962121212121212,0.9962116320117095,0.9962116320117095,6.285341000009794,10758
222,305,resnet,clean_reextract,792,1.0,1.0,1.0,12.640712399996119,56838
222,305,resnet,vibration_missing,792,0.4722222222222222,0.3822262021250426,0.38222620212504255,12.640712399996119,56838
222,305,resnet,electrical_missing,792,0.8358585858585859,0.822837211266695,0.822837211266695,12.640712399996119,56838
222,305,resnet,vibration_gain_075,792,1.0,1.0,1.0,12.640712399996119,56838
222,305,resnet,vibration_gain_050,792,0.9962121212121212,0.9962213626314566,0.9962213626314564,12.640712399996119,56838
222,305,resnet,vibration_gain_025,792,0.8080808080808081,0.7868294303551764,0.7868294303551763,12.640712399996119,56838
222,305,resnet,electrical_gain_075,792,0.5,0.3333560090702948,0.33335600907029483,12.640712399996119,56838
222,305,resnet,electrical_gain_050,792,0.476010101010101,0.3169833883981154,0.3169833883981154,12.640712399996119,56838
222,305,resnet,electrical_gain_025,792,0.43434343434343436,0.28633243148529347,0.2863324314852934,12.640712399996119,56838
222,305,resnet,vibration_drift_025rms,792,1.0,1.0,1.0,12.640712399996119,56838
222,305,resnet,vibration_drift_050rms,792,1.0,1.0,1.0,12.640712399996119,56838
222,305,resnet,vibration_drift_100rms,792,1.0,1.0,1.0,12.640712399996119,56838
222,305,resnet,electrical_drift_025rms,792,1.0,1.0,1.0,12.640712399996119,56838
222,305,resnet,electrical_drift_050rms,792,1.0,1.0,1.0,12.640712399996119,56838
222,305,resnet,electrical_drift_100rms,792,0.7992424242424242,0.7817972981409479,0.7817972981409478,12.640712399996119,56838
222,305,ft_transformer,clean_reextract,792,1.0,1.0,1.0,28.101050600002054,929670
222,305,ft_transformer,vibration_missing,792,0.3686868686868687,0.28798370547830815,0.28798370547830815,28.101050600002054,929670
222,305,ft_transformer,electrical_missing,792,0.75,0.6937994492098735,0.6937994492098734,28.101050600002054,929670
222,305,ft_transformer,vibration_gain_075,792,0.9772727272727273,0.9774308843144485,0.9774308843144484,28.101050600002054,929670
222,305,ft_transformer,vibration_gain_050,792,0.8143939393939394,0.8069627195205417,0.8069627195205417,28.101050600002054,929670
222,305,ft_transformer,vibration_gain_025,792,0.4911616161616162,0.35464158242493876,0.3546415824249387,28.101050600002054,929670
222,305,ft_transformer,electrical_gain_075,792,0.16666666666666666,0.047619047619047616,0.04761904761904762,28.101050600002054,929670
222,305,ft_transformer,electrical_gain_050,792,0.16666666666666666,0.047619047619047616,0.04761904761904762,28.101050600002054,929670
222,305,ft_transformer,electrical_gain_025,792,0.16666666666666666,0.047619047619047616,0.04761904761904762,28.101050600002054,929670
222,305,ft_transformer,vibration_drift_025rms,792,1.0,1.0,1.0,28.101050600002054,929670
222,305,ft_transformer,vibration_drift_050rms,792,1.0,1.0,1.0,28.101050600002054,929670
222,305,ft_transformer,vibration_drift_100rms,792,1.0,1.0,1.0,28.101050600002054,929670
222,305,ft_transformer,electrical_drift_025rms,792,0.9974747474747475,0.9974746025368765,0.9974746025368766,28.101050600002054,929670
222,305,ft_transformer,electrical_drift_050rms,792,0.9810606060606061,0.9809992658807273,0.9809992658807272,28.101050600002054,929670
222,305,ft_transformer,electrical_drift_100rms,792,0.9368686868686869,0.9353097678024636,0.9353097678024633,28.101050600002054,929670
222,305,tabm,clean_reextract,792,1.0,1.0,1.0,9.508555299980799,806080
222,305,tabm,vibration_missing,792,0.47095959595959597,0.4103110209306116,0.4103110209306116,9.508555299980799,806080
222,305,tabm,electrical_missing,792,0.8055555555555556,0.7862080251693233,0.7862080251693234,9.508555299980799,806080
222,305,tabm,vibration_gain_075,792,1.0,1.0,1.0,9.508555299980799,806080
222,305,tabm,vibration_gain_050,792,0.9962121212121212,0.9962116320117095,0.9962116320117095,9.508555299980799,806080
222,305,tabm,vibration_gain_025,792,0.8055555555555556,0.7849419182104764,0.7849419182104762,9.508555299980799,806080
222,305,tabm,electrical_gain_075,792,0.61489898989899,0.5132571438283988,0.5132571438283988,9.508555299980799,806080
222,305,tabm,electrical_gain_050,792,0.42676767676767674,0.3045611037207676,0.3045611037207676,9.508555299980799,806080
222,305,tabm,electrical_gain_025,792,0.3042929292929293,0.1637021283194289,0.1637021283194289,9.508555299980799,806080
222,305,tabm,vibration_drift_025rms,792,1.0,1.0,1.0,9.508555299980799,806080
222,305,tabm,vibration_drift_050rms,792,1.0,1.0,1.0,9.508555299980799,806080
222,305,tabm,vibration_drift_100rms,792,1.0,1.0,1.0,9.508555299980799,806080
222,305,tabm,electrical_drift_025rms,792,1.0,1.0,1.0,9.508555299980799,806080
222,305,tabm,electrical_drift_050rms,792,1.0,1.0,1.0,9.508555299980799,806080
222,305,tabm,electrical_drift_100rms,792,0.6085858585858586,0.5151161197804692,0.5151161197804692,9.508555299980799,806080
222,305,tmc,clean_reextract,792,0.9987373737373737,0.9987373556209196,0.9987373556209198,19.326073600008385,15372
222,305,tmc,vibration_missing,792,0.9810606060606061,0.9810427936149021,0.9810427936149021,19.326073600008385,15372
222,305,tmc,electrical_missing,792,0.9785353535353535,0.9784147322124448,0.9784147322124449,19.326073600008385,15372
222,305,tmc,vibration_gain_075,792,0.9974747474747475,0.9974747293582934,0.9974747293582934,19.326073600008385,15372
222,305,tmc,vibration_gain_050,792,0.976010101010101,0.9761146975266471,0.9761146975266471,19.326073600008385,15372
222,305,tmc,vibration_gain_025,792,0.8585858585858586,0.8547828761724264,0.8547828761724264,19.326073600008385,15372
222,305,tmc,electrical_gain_075,792,0.45580808080808083,0.3827242419744507,0.3827242419744507,19.326073600008385,15372
222,305,tmc,electrical_gain_050,792,0.4166666666666667,0.3418271061211855,0.34182710612118555,19.326073600008385,15372
222,305,tmc,electrical_gain_025,792,0.4053030303030303,0.3301648408920446,0.3301648408920446,19.326073600008385,15372
222,305,tmc,vibration_drift_025rms,792,0.9987373737373737,0.9987373556209196,0.9987373556209198,19.326073600008385,15372
222,305,tmc,vibration_drift_050rms,792,0.9987373737373737,0.9987373556209196,0.9987373556209198,19.326073600008385,15372
222,305,tmc,vibration_drift_100rms,792,0.9987373737373737,0.9987373556209196,0.9987373556209198,19.326073600008385,15372
222,305,tmc,electrical_drift_025rms,792,0.9848484848484849,0.9850162480485659,0.9850162480485659,19.326073600008385,15372
222,305,tmc,electrical_drift_050rms,792,0.7676767676767676,0.7242591578255052,0.7242591578255052,19.326073600008385,15372
222,305,tmc,electrical_drift_100rms,792,0.4671717171717172,0.3841624851847212,0.3841624851847213,19.326073600008385,15372
333,301,mlp,clean_reextract,792,1.0,1.0,1.0,5.926234300015494,10758
333,301,mlp,vibration_missing,792,0.3888888888888889,0.2814930815563353,0.28149308155633535,5.926234300015494,10758
333,301,mlp,electrical_missing,792,0.8813131313131313,0.8753709470755209,0.875370947075521,5.926234300015494,10758
333,301,mlp,vibration_gain_075,792,0.9974747474747475,0.9974746025368767,0.9974746025368766,5.926234300015494,10758
333,301,mlp,vibration_gain_050,792,0.9318181818181818,0.9331872017826434,0.9331872017826435,5.926234300015494,10758
333,301,mlp,vibration_gain_025,792,0.7361111111111112,0.6899201984222657,0.6899201984222656,5.926234300015494,10758
333,301,mlp,electrical_gain_075,792,0.3712121212121212,0.23901631314422012,0.23901631314422012,5.926234300015494,10758
333,301,mlp,electrical_gain_050,792,0.1856060606060606,0.08529565672422816,0.08529565672422816,5.926234300015494,10758
333,301,mlp,electrical_gain_025,792,0.16666666666666666,0.047619047619047616,0.04761904761904762,5.926234300015494,10758
333,301,mlp,vibration_drift_025rms,792,1.0,1.0,1.0,5.926234300015494,10758
333,301,mlp,vibration_drift_050rms,792,1.0,1.0,1.0,5.926234300015494,10758
333,301,mlp,vibration_drift_100rms,792,1.0,1.0,1.0,5.926234300015494,10758
333,301,mlp,electrical_drift_025rms,792,1.0,1.0,1.0,5.926234300015494,10758
333,301,mlp,electrical_drift_050rms,792,1.0,1.0,1.0,5.926234300015494,10758
333,301,mlp,electrical_drift_100rms,792,0.9646464646464646,0.9643247908880791,0.9643247908880792,5.926234300015494,10758
333,301,resnet,clean_reextract,792,1.0,1.0,1.0,11.79116600000998,56838
333,301,resnet,vibration_missing,792,0.4772727272727273,0.40022435475010504,0.4002243547501051,11.79116600000998,56838
333,301,resnet,electrical_missing,792,0.803030303030303,0.7846832891175645,0.7846832891175646,11.79116600000998,56838
333,301,resnet,vibration_gain_075,792,1.0,1.0,1.0,11.79116600000998,56838
333,301,resnet,vibration_gain_050,792,0.9494949494949495,0.9483082706766917,0.9483082706766918,11.79116600000998,56838
333,301,resnet,vibration_gain_025,792,0.7904040404040404,0.7464865743052527,0.7464865743052528,11.79116600000998,56838
333,301,resnet,electrical_gain_075,792,0.4444444444444444,0.2945900718375348,0.29459007183753483,11.79116600000998,56838
333,301,resnet,electrical_gain_050,792,0.24621212121212122,0.14935064935064934,0.14935064935064934,11.79116600000998,56838
333,301,resnet,electrical_gain_025,792,0.16666666666666666,0.049661399548532735,0.049661399548532735,11.79116600000998,56838
333,301,resnet,vibration_drift_025rms,792,1.0,1.0,1.0,11.79116600000998,56838
333,301,resnet,vibration_drift_050rms,792,1.0,1.0,1.0,11.79116600000998,56838
333,301,resnet,vibration_drift_100rms,792,1.0,1.0,1.0,11.79116600000998,56838
333,301,resnet,electrical_drift_025rms,792,1.0,1.0,1.0,11.79116600000998,56838
333,301,resnet,electrical_drift_050rms,792,1.0,1.0,1.0,11.79116600000998,56838
333,301,resnet,electrical_drift_100rms,792,0.7032828282828283,0.6561495568542483,0.6561495568542484,11.79116600000998,56838
333,301,ft_transformer,clean_reextract,792,1.0,1.0,1.0,28.26280150000821,929670
333,301,ft_transformer,vibration_missing,792,0.42424242424242425,0.3634788321006694,0.3634788321006694,28.26280150000821,929670
333,301,ft_transformer,electrical_missing,792,0.6527777777777778,0.5752933936411769,0.5752933936411769,28.26280150000821,929670
333,301,ft_transformer,vibration_gain_075,792,0.9924242424242424,0.9924203273040483,0.9924203273040482,28.26280150000821,929670
333,301,ft_transformer,vibration_gain_050,792,0.7184343434343434,0.6949485376474995,0.6949485376474995,28.26280150000821,929670
333,301,ft_transformer,vibration_gain_025,792,0.577020202020202,0.5023876234415924,0.5023876234415925,28.26280150000821,929670
333,301,ft_transformer,electrical_gain_075,792,0.1856060606060606,0.08358886873398404,0.08358886873398405,28.26280150000821,929670
333,301,ft_transformer,electrical_gain_050,792,0.1691919191919192,0.05269746711129817,0.05269746711129818,28.26280150000821,929670
333,301,ft_transformer,electrical_gain_025,792,0.16666666666666666,0.047619047619047616,0.04761904761904762,28.26280150000821,929670
333,301,ft_transformer,vibration_drift_025rms,792,1.0,1.0,1.0,28.26280150000821,929670
333,301,ft_transformer,vibration_drift_050rms,792,1.0,1.0,1.0,28.26280150000821,929670
333,301,ft_transformer,vibration_drift_100rms,792,1.0,1.0,1.0,28.26280150000821,929670
333,301,ft_transformer,electrical_drift_025rms,792,1.0,1.0,1.0,28.26280150000821,929670
333,301,ft_transformer,electrical_drift_050rms,792,0.9810606060606061,0.9809992658807273,0.9809992658807272,28.26280150000821,929670
333,301,ft_transformer,electrical_drift_100rms,792,0.702020202020202,0.6495239175880285,0.6495239175880285,28.26280150000821,929670
333,301,tabm,clean_reextract,792,1.0,1.0,1.0,9.539757699996699,806080
333,301,tabm,vibration_missing,792,0.5,0.46289494021562344,0.46289494021562344,9.539757699996699,806080
333,301,tabm,electrical_missing,792,0.75,0.699841132505267,0.6998411325052671,9.539757699996699,806080
333,301,tabm,vibration_gain_075,792,0.9987373737373737,0.9987373556209196,0.9987373556209198,9.539757699996699,806080
333,301,tabm,vibration_gain_050,792,0.9242424242424242,0.9216999050332384,0.9216999050332383,9.539757699996699,806080
333,301,tabm,vibration_gain_025,792,0.696969696969697,0.6561576479700442,0.6561576479700442,9.539757699996699,806080
333,301,tabm,electrical_gain_075,792,0.5972222222222222,0.50067270506768,0.50067270506768,9.539757699996699,806080
333,301,tabm,electrical_gain_050,792,0.34595959595959597,0.19830099893499512,0.19830099893499514,9.539757699996699,806080
333,301,tabm,electrical_gain_025,792,0.32323232323232326,0.16839780009827923,0.16839780009827923,9.539757699996699,806080
333,301,tabm,vibration_drift_025rms,792,1.0,1.0,1.0,9.539757699996699,806080
333,301,tabm,vibration_drift_050rms,792,1.0,1.0,1.0,9.539757699996699,806080
333,301,tabm,vibration_drift_100rms,792,1.0,1.0,1.0,9.539757699996699,806080
333,301,tabm,electrical_drift_025rms,792,1.0,1.0,1.0,9.539757699996699,806080
333,301,tabm,electrical_drift_050rms,792,0.9734848484848485,0.9733160060645442,0.973316006064544,9.539757699996699,806080
333,301,tabm,electrical_drift_100rms,792,0.6174242424242424,0.5268161967094492,0.5268161967094492,9.539757699996699,806080
333,301,tmc,clean_reextract,792,0.9936868686868687,0.9936856908677624,0.9936856908677625,19.688436600001296,15372
333,301,tmc,vibration_missing,792,0.9848484848484849,0.9848614779243161,0.984861477924316,19.688436600001296,15372
333,301,tmc,electrical_missing,792,0.9494949494949495,0.9488234610961728,0.9488234610961728,19.688436600001296,15372
333,301,tmc,vibration_gain_075,792,0.9987373737373737,0.9987373556209197,0.9987373556209197,19.688436600001296,15372
333,301,tmc,vibration_gain_050,792,0.9886363636363636,0.988609234074739,0.9886092340747391,19.688436600001296,15372
333,301,tmc,vibration_gain_025,792,0.8775252525252525,0.872688208061081,0.8726882080610808,19.688436600001296,15372
333,301,tmc,electrical_gain_075,792,0.3434343434343434,0.2418047185377609,0.2418047185377609,19.688436600001296,15372
333,301,tmc,electrical_gain_050,792,0.3371212121212121,0.22880343721866062,0.22880343721866067,19.688436600001296,15372
333,301,tmc,electrical_gain_025,792,0.33585858585858586,0.22626362861468388,0.22626362861468388,19.688436600001296,15372
333,301,tmc,vibration_drift_025rms,792,0.9936868686868687,0.9936856908677624,0.9936856908677625,19.688436600001296,15372
333,301,tmc,vibration_drift_050rms,792,0.9936868686868687,0.9936856908677624,0.9936856908677625,19.688436600001296,15372
333,301,tmc,vibration_drift_100rms,792,0.9987373737373737,0.9987373556209197,0.9987373556209197,19.688436600001296,15372
333,301,tmc,electrical_drift_025rms,792,0.9608585858585859,0.959939501718332,0.9599395017183319,19.688436600001296,15372
333,301,tmc,electrical_drift_050rms,792,0.7689393939393939,0.7229656519784676,0.7229656519784676,19.688436600001296,15372
333,301,tmc,electrical_drift_100rms,792,0.47095959595959597,0.35899152203293455,0.3589915220329345,19.688436600001296,15372
333,302,mlp,clean_reextract,792,0.9987373737373737,0.9987373556209197,0.9987373556209197,5.967703100002836,10758
333,302,mlp,vibration_missing,792,0.38762626262626265,0.31433048358872107,0.31433048358872107,5.967703100002836,10758
333,302,mlp,electrical_missing,792,0.7777777777777778,0.7571865392784987,0.7571865392784987,5.967703100002836,10758
333,302,mlp,vibration_gain_075,792,0.9987373737373737,0.9987373556209196,0.9987373556209198,5.967703100002836,10758
333,302,mlp,vibration_gain_050,792,0.8825757575757576,0.8697490715828643,0.8697490715828643,5.967703100002836,10758
333,302,mlp,vibration_gain_025,792,0.6893939393939394,0.6448859431618053,0.6448859431618051,5.967703100002836,10758
333,302,mlp,electrical_gain_075,792,0.42297979797979796,0.2808447543876124,0.28084475438761236,5.967703100002836,10758
333,302,mlp,electrical_gain_050,792,0.18434343434343434,0.08288939624556063,0.08288939624556063,5.967703100002836,10758
333,302,mlp,electrical_gain_025,792,0.16666666666666666,0.047619047619047616,0.04761904761904762,5.967703100002836,10758
333,302,mlp,vibration_drift_025rms,792,0.9987373737373737,0.9987373556209197,0.9987373556209197,5.967703100002836,10758
333,302,mlp,vibration_drift_050rms,792,0.9974747474747475,0.9974746025368765,0.9974746025368766,5.967703100002836,10758
333,302,mlp,vibration_drift_100rms,792,0.9924242424242424,0.9924203273040483,0.9924203273040482,5.967703100002836,10758
333,302,mlp,electrical_drift_025rms,792,1.0,1.0,1.0,5.967703100002836,10758
333,302,mlp,electrical_drift_050rms,792,1.0,1.0,1.0,5.967703100002836,10758
333,302,mlp,electrical_drift_100rms,792,0.9671717171717171,0.9670989030184729,0.9670989030184729,5.967703100002836,10758
333,302,resnet,clean_reextract,792,1.0,1.0,1.0,11.859259199991357,56838
333,302,resnet,vibration_missing,792,0.4734848484848485,0.41371496250519907,0.41371496250519907,11.859259199991357,56838
333,302,resnet,electrical_missing,792,0.8686868686868687,0.8642546778038055,0.8642546778038055,11.859259199991357,56838
333,302,resnet,vibration_gain_075,792,0.9987373737373737,0.9987373556209196,0.9987373556209198,11.859259199991357,56838
333,302,resnet,vibration_gain_050,792,0.8977272727272727,0.9000230043708304,0.9000230043708305,11.859259199991357,56838
333,302,resnet,vibration_gain_025,792,0.6477272727272727,0.5862604098090982,0.5862604098090982,11.859259199991357,56838
333,302,resnet,electrical_gain_075,792,0.3383838383838384,0.19547617268636722,0.19547617268636722,11.859259199991357,56838
333,302,resnet,electrical_gain_050,792,0.32575757575757575,0.163580302436111,0.16358030243611102,11.859259199991357,56838
333,302,resnet,electrical_gain_025,792,0.30934343434343436,0.15485795947166067,0.15485795947166064,11.859259199991357,56838
333,302,resnet,vibration_drift_025rms,792,1.0,1.0,1.0,11.859259199991357,56838
333,302,resnet,vibration_drift_050rms,792,1.0,1.0,1.0,11.859259199991357,56838
333,302,resnet,vibration_drift_100rms,792,0.9936868686868687,0.9936865083855756,0.9936865083855757,11.859259199991357,56838
333,302,resnet,electrical_drift_025rms,792,1.0,1.0,1.0,11.859259199991357,56838
333,302,resnet,electrical_drift_050rms,792,0.9936868686868687,0.9936862345485862,0.9936862345485861,11.859259199991357,56838
333,302,resnet,electrical_drift_100rms,792,0.8926767676767676,0.8901064757559226,0.8901064757559227,11.859259199991357,56838
333,302,ft_transformer,clean_reextract,792,0.9962121212121212,0.9962116320117095,0.9962116320117095,28.047099999996135,929670
333,302,ft_transformer,vibration_missing,792,0.45454545454545453,0.37627728464608684,0.3762772846460869,28.047099999996135,929670
333,302,ft_transformer,electrical_missing,792,0.797979797979798,0.7611925115165631,0.7611925115165631,28.047099999996135,929670
333,302,ft_transformer,vibration_gain_075,792,0.98989898989899,0.9899648271859225,0.9899648271859226,28.047099999996135,929670
333,302,ft_transformer,vibration_gain_050,792,0.7285353535353535,0.7096812208906194,0.7096812208906194,28.047099999996135,929670
333,302,ft_transformer,vibration_gain_025,792,0.5378787878787878,0.43328291699912413,0.4332829169991242,28.047099999996135,929670
333,302,ft_transformer,electrical_gain_075,792,0.4659090909090909,0.31006293123179735,0.3100629312317974,28.047099999996135,929670
333,302,ft_transformer,electrical_gain_050,792,0.16666666666666666,0.047619047619047616,0.04761904761904762,28.047099999996135,929670
333,302,ft_transformer,electrical_gain_025,792,0.16666666666666666,0.047619047619047616,0.04761904761904762,28.047099999996135,929670
333,302,ft_transformer,vibration_drift_025rms,792,0.9962121212121212,0.9962116320117095,0.9962116320117095,28.047099999996135,929670
333,302,ft_transformer,vibration_drift_050rms,792,0.9924242424242424,0.9924203273040483,0.9924203273040482,28.047099999996135,929670
333,302,ft_transformer,vibration_drift_100rms,792,0.9848484848484849,0.9848171152518979,0.984817115251898,28.047099999996135,929670
333,302,ft_transformer,electrical_drift_025rms,792,0.9962121212121212,0.9962116320117095,0.9962116320117095,28.047099999996135,929670
333,302,ft_transformer,electrical_drift_050rms,792,0.9949494949494949,0.9949489876326291,0.9949489876326293,28.047099999996135,929670
333,302,ft_transformer,electrical_drift_100rms,792,0.98989898989899,0.9898927535562221,0.989892753556222,28.047099999996135,929670
333,302,tabm,clean_reextract,792,1.0,1.0,1.0,9.635803299985128,806080
333,302,tabm,vibration_missing,792,0.4911616161616162,0.4547637222655288,0.4547637222655288,9.635803299985128,806080
333,302,tabm,electrical_missing,792,0.7121212121212122,0.6457797854897455,0.6457797854897455,9.635803299985128,806080
333,302,tabm,vibration_gain_075,792,0.9987373737373737,0.9987373556209196,0.9987373556209198,9.635803299985128,806080
333,302,tabm,vibration_gain_050,792,0.898989898989899,0.8940453491916106,0.8940453491916107,9.635803299985128,806080
333,302,tabm,vibration_gain_025,792,0.6767676767676768,0.6337208469794599,0.6337208469794601,9.635803299985128,806080
333,302,tabm,electrical_gain_075,792,0.47095959595959597,0.31815923233575644,0.31815923233575644,9.635803299985128,806080
333,302,tabm,electrical_gain_050,792,0.32196969696969696,0.1655276102088167,0.16552761020881668,9.635803299985128,806080
333,302,tabm,electrical_gain_025,792,0.2840909090909091,0.15972219202150098,0.159722192021501,9.635803299985128,806080
333,302,tabm,vibration_drift_025rms,792,1.0,1.0,1.0,9.635803299985128,806080
333,302,tabm,vibration_drift_050rms,792,1.0,1.0,1.0,9.635803299985128,806080
333,302,tabm,vibration_drift_100rms,792,1.0,1.0,1.0,9.635803299985128,806080
333,302,tabm,electrical_drift_025rms,792,1.0,1.0,1.0,9.635803299985128,806080
333,302,tabm,electrical_drift_050rms,792,0.9368686868686869,0.9345199118995177,0.9345199118995179,9.635803299985128,806080
333,302,tabm,electrical_drift_100rms,792,0.5391414141414141,0.42338103899983937,0.42338103899983937,9.635803299985128,806080
333,302,tmc,clean_reextract,792,0.9987373737373737,0.9987373556209197,0.9987373556209197,20.995953800011193,15372
333,302,tmc,vibration_missing,792,0.9835858585858586,0.9835746076783355,0.9835746076783356,20.995953800011193,15372
333,302,tmc,electrical_missing,792,0.9621212121212122,0.9618345845296258,0.9618345845296258,20.995953800011193,15372
333,302,tmc,vibration_gain_075,792,0.9987373737373737,0.9987373556209197,0.9987373556209197,20.995953800011193,15372
333,302,tmc,vibration_gain_050,792,0.9911616161616161,0.991154757272727,0.991154757272727,20.995953800011193,15372
333,302,tmc,vibration_gain_025,792,0.8686868686868687,0.8638889076801309,0.8638889076801309,20.995953800011193,15372
333,302,tmc,electrical_gain_075,792,0.43686868686868685,0.3827399634841296,0.3827399634841296,20.995953800011193,15372
333,302,tmc,electrical_gain_050,792,0.398989898989899,0.3325695638479696,0.33256956384796965,20.995953800011193,15372
333,302,tmc,electrical_gain_025,792,0.38762626262626265,0.3168661434479509,0.31686614344795083,20.995953800011193,15372
333,302,tmc,vibration_drift_025rms,792,0.9987373737373737,0.9987373556209197,0.9987373556209197,20.995953800011193,15372
333,302,tmc,vibration_drift_050rms,792,0.9987373737373737,0.9987373556209197,0.9987373556209197,20.995953800011193,15372
333,302,tmc,vibration_drift_100rms,792,0.9987373737373737,0.9987373556209197,0.9987373556209197,20.995953800011193,15372
333,302,tmc,electrical_drift_025rms,792,0.9848484848484849,0.9847814046228844,0.9847814046228844,20.995953800011193,15372
333,302,tmc,electrical_drift_050rms,792,0.7790404040404041,0.73238885629906,0.73238885629906,20.995953800011193,15372
333,302,tmc,electrical_drift_100rms,792,0.49747474747474746,0.4128938253063695,0.4128938253063694,20.995953800011193,15372
333,303,mlp,clean_reextract,792,1.0,1.0,1.0,6.638902999984566,10758
333,303,mlp,vibration_missing,792,0.44065656565656564,0.41053522314990515,0.41053522314990515,6.638902999984566,10758
333,303,mlp,electrical_missing,792,0.7651515151515151,0.7197270589527526,0.7197270589527525,6.638902999984566,10758
333,303,mlp,vibration_gain_075,792,0.9987373737373737,0.9987373556209196,0.9987373556209198,6.638902999984566,10758
333,303,mlp,vibration_gain_050,792,0.9053030303030303,0.9030946636828615,0.9030946636828616,6.638902999984566,10758
333,303,mlp,vibration_gain_025,792,0.7323232323232324,0.6917372899143023,0.6917372899143023,6.638902999984566,10758
333,303,mlp,electrical_gain_075,792,0.49873737373737376,0.3324908685747891,0.3324908685747891,6.638902999984566,10758
333,303,mlp,electrical_gain_050,792,0.2828282828282828,0.1699975999295169,0.16999759992951688,6.638902999984566,10758
333,303,mlp,electrical_gain_025,792,0.20707070707070707,0.1058042228773936,0.10580422287739362,6.638902999984566,10758
333,303,mlp,vibration_drift_025rms,792,1.0,1.0,1.0,6.638902999984566,10758
333,303,mlp,vibration_drift_050rms,792,1.0,1.0,1.0,6.638902999984566,10758
333,303,mlp,vibration_drift_100rms,792,1.0,1.0,1.0,6.638902999984566,10758
333,303,mlp,electrical_drift_025rms,792,1.0,1.0,1.0,6.638902999984566,10758
333,303,mlp,electrical_drift_050rms,792,1.0,1.0,1.0,6.638902999984566,10758
333,303,mlp,electrical_drift_100rms,792,0.9558080808080808,0.9554772498544754,0.9554772498544752,6.638902999984566,10758
333,303,resnet,clean_reextract,792,1.0,1.0,1.0,13.241986600012751,56838
333,303,resnet,vibration_missing,792,0.41919191919191917,0.3236855493132988,0.3236855493132988,13.241986600012751,56838
333,303,resnet,electrical_missing,792,0.7070707070707071,0.6531835226063678,0.6531835226063678,13.241986600012751,56838
333,303,resnet,vibration_gain_075,792,1.0,1.0,1.0,13.241986600012751,56838
333,303,resnet,vibration_gain_050,792,0.9532828282828283,0.9529593453550079,0.9529593453550079,13.241986600012751,56838
333,303,resnet,vibration_gain_025,792,0.7222222222222222,0.6978683694474247,0.6978683694474247,13.241986600012751,56838
333,303,resnet,electrical_gain_075,792,0.2601010101010101,0.1563624825050987,0.1563624825050987,13.241986600012751,56838
333,303,resnet,electrical_gain_050,792,0.1856060606060606,0.0830660023206607,0.08306600232066072,13.241986600012751,56838
333,303,resnet,electrical_gain_025,792,0.16666666666666666,0.047619047619047616,0.04761904761904762,13.241986600012751,56838
333,303,resnet,vibration_drift_025rms,792,1.0,1.0,1.0,13.241986600012751,56838
333,303,resnet,vibration_drift_050rms,792,1.0,1.0,1.0,13.241986600012751,56838
333,303,resnet,vibration_drift_100rms,792,1.0,1.0,1.0,13.241986600012751,56838
333,303,resnet,electrical_drift_025rms,792,1.0,1.0,1.0,13.241986600012751,56838
333,303,resnet,electrical_drift_050rms,792,1.0,1.0,1.0,13.241986600012751,56838
333,303,resnet,electrical_drift_100rms,792,0.8143939393939394,0.7927697990571034,0.7927697990571034,13.241986600012751,56838
333,303,ft_transformer,clean_reextract,792,0.9936868686868687,0.9937042904419613,0.9937042904419614,31.17653369999607,929670
333,303,ft_transformer,vibration_missing,792,0.4962121212121212,0.4094918296600676,0.40949182966006753,31.17653369999607,929670
333,303,ft_transformer,electrical_missing,792,0.6906565656565656,0.6332544825525962,0.6332544825525963,31.17653369999607,929670
333,303,ft_transformer,vibration_gain_075,792,0.88510101010101,0.8827362460794208,0.8827362460794208,31.17653369999607,929670
333,303,ft_transformer,vibration_gain_050,792,0.6275252525252525,0.5761884205356801,0.5761884205356802,31.17653369999607,929670
333,303,ft_transformer,vibration_gain_025,792,0.4128787878787879,0.2938877627010174,0.29388776270101735,31.17653369999607,929670
333,303,ft_transformer,electrical_gain_075,792,0.3472222222222222,0.22707899179630833,0.22707899179630836,31.17653369999607,929670
333,303,ft_transformer,electrical_gain_050,792,0.24368686868686867,0.19164657441411515,0.19164657441411515,31.17653369999607,929670
333,303,ft_transformer,electrical_gain_025,792,0.17676767676767677,0.0703367107881835,0.0703367107881835,31.17653369999607,929670
333,303,ft_transformer,vibration_drift_025rms,792,0.9936868686868687,0.9937042904419613,0.9937042904419614,31.17653369999607,929670
333,303,ft_transformer,vibration_drift_050rms,792,0.9924242424242424,0.9924450795173229,0.9924450795173229,31.17653369999607,929670
333,303,ft_transformer,vibration_drift_100rms,792,0.9886363636363636,0.9886634476106909,0.988663447610691,31.17653369999607,929670
333,303,ft_transformer,electrical_drift_025rms,792,0.9911616161616161,0.9911976511817918,0.9911976511817919,31.17653369999607,929670
333,303,ft_transformer,electrical_drift_050rms,792,0.98989898989899,0.9899498055923951,0.989949805592395,31.17653369999607,929670
333,303,ft_transformer,electrical_drift_100rms,792,0.7512626262626263,0.7368355492972999,0.7368355492972998,31.17653369999607,929670
333,303,tabm,clean_reextract,792,1.0,1.0,1.0,10.445856599981198,806080
333,303,tabm,vibration_missing,792,0.4810606060606061,0.438862237576517,0.43886223757651716,10.445856599981198,806080
333,303,tabm,electrical_missing,792,0.726010101010101,0.6763988250594662,0.6763988250594664,10.445856599981198,806080
333,303,tabm,vibration_gain_075,792,0.9987373737373737,0.9987373556209196,0.9987373556209198,10.445856599981198,806080
333,303,tabm,vibration_gain_050,792,0.9532828282828283,0.9534622312843691,0.9534622312843692,10.445856599981198,806080
333,303,tabm,vibration_gain_025,792,0.7083333333333334,0.6688043796673698,0.6688043796673699,10.445856599981198,806080
333,303,tabm,electrical_gain_075,792,0.6590909090909091,0.5500497299572831,0.550049729957283,10.445856599981198,806080
333,303,tabm,electrical_gain_050,792,0.4898989898989899,0.3514061720231055,0.3514061720231055,10.445856599981198,806080
333,303,tabm,electrical_gain_025,792,0.48863636363636365,0.35275962236746555,0.3527596223674655,10.445856599981198,806080
333,303,tabm,vibration_drift_025rms,792,1.0,1.0,1.0,10.445856599981198,806080
333,303,tabm,vibration_drift_050rms,792,1.0,1.0,1.0,10.445856599981198,806080
333,303,tabm,vibration_drift_100rms,792,1.0,1.0,1.0,10.445856599981198,806080
333,303,tabm,electrical_drift_025rms,792,1.0,1.0,1.0,10.445856599981198,806080
333,303,tabm,electrical_drift_050rms,792,0.9659090909090909,0.9655487407020749,0.9655487407020751,10.445856599981198,806080
333,303,tabm,electrical_drift_100rms,792,0.5707070707070707,0.4768343058634003,0.4768343058634003,10.445856599981198,806080
333,303,tmc,clean_reextract,792,0.9987373737373737,0.9987373556209197,0.9987373556209197,20.82753499998944,15372
333,303,tmc,vibration_missing,792,0.9797979797979798,0.9798163519130832,0.9798163519130832,20.82753499998944,15372
333,303,tmc,electrical_missing,792,0.9595959595959596,0.9593002199622701,0.9593002199622701,20.82753499998944,15372
333,303,tmc,vibration_gain_075,792,0.9987373737373737,0.9987373556209197,0.9987373556209197,20.82753499998944,15372
333,303,tmc,vibration_gain_050,792,0.9848484848484849,0.984848375740771,0.9848483757407709,20.82753499998944,15372
333,303,tmc,vibration_gain_025,792,0.8686868686868687,0.864601766167362,0.8646017661673618,20.82753499998944,15372
333,303,tmc,electrical_gain_075,792,0.4154040404040404,0.35602532471334064,0.35602532471334064,20.82753499998944,15372
333,303,tmc,electrical_gain_050,792,0.38762626262626265,0.31322370809306893,0.313223708093069,20.82753499998944,15372
333,303,tmc,electrical_gain_025,792,0.380050505050505,0.30173390541131856,0.3017339054113186,20.82753499998944,15372
333,303,tmc,vibration_drift_025rms,792,0.9987373737373737,0.9987373556209197,0.9987373556209197,20.82753499998944,15372
333,303,tmc,vibration_drift_050rms,792,0.9987373737373737,0.9987373556209197,0.9987373556209197,20.82753499998944,15372
333,303,tmc,vibration_drift_100rms,792,0.9987373737373737,0.9987373556209197,0.9987373556209197,20.82753499998944,15372
333,303,tmc,electrical_drift_025rms,792,0.9722222222222222,0.971908941770248,0.971908941770248,20.82753499998944,15372
333,303,tmc,electrical_drift_050rms,792,0.7676767676767676,0.7228047349417902,0.7228047349417902,20.82753499998944,15372
333,303,tmc,electrical_drift_100rms,792,0.4898989898989899,0.3973436002799024,0.3973436002799024,20.82753499998944,15372
333,304,mlp,clean_reextract,792,1.0,1.0,1.0,6.248868800001219,10758
333,304,mlp,vibration_missing,792,0.4911616161616162,0.46117960501849525,0.46117960501849525,6.248868800001219,10758
333,304,mlp,electrical_missing,792,0.8333333333333334,0.8227860409856763,0.8227860409856765,6.248868800001219,10758
333,304,mlp,vibration_gain_075,792,0.9987373737373737,0.9987373556209196,0.9987373556209198,6.248868800001219,10758
333,304,mlp,vibration_gain_050,792,0.8952020202020202,0.8896212740898951,0.8896212740898952,6.248868800001219,10758
333,304,mlp,vibration_gain_025,792,0.7234848484848485,0.678583480594814,0.678583480594814,6.248868800001219,10758
333,304,mlp,electrical_gain_075,792,0.49873737373737376,0.3324908685747891,0.3324908685747891,6.248868800001219,10758
333,304,mlp,electrical_gain_050,792,0.22853535353535354,0.1343075117370892,0.1343075117370892,6.248868800001219,10758
333,304,mlp,electrical_gain_025,792,0.17929292929292928,0.07161422216743202,0.07161422216743202,6.248868800001219,10758
333,304,mlp,vibration_drift_025rms,792,1.0,1.0,1.0,6.248868800001219,10758
333,304,mlp,vibration_drift_050rms,792,1.0,1.0,1.0,6.248868800001219,10758
333,304,mlp,vibration_drift_100rms,792,1.0,1.0,1.0,6.248868800001219,10758
333,304,mlp,electrical_drift_025rms,792,1.0,1.0,1.0,6.248868800001219,10758
333,304,mlp,electrical_drift_050rms,792,1.0,1.0,1.0,6.248868800001219,10758
333,304,mlp,electrical_drift_100rms,792,0.9772727272727273,0.9772217165418068,0.9772217165418067,6.248868800001219,10758
333,304,resnet,clean_reextract,792,1.0,1.0,1.0,12.713582500000484,56838
333,304,resnet,vibration_missing,792,0.4659090909090909,0.3922187566008363,0.39221875660083627,12.713582500000484,56838
333,304,resnet,electrical_missing,792,0.7424242424242424,0.7034532244924468,0.7034532244924467,12.713582500000484,56838
333,304,resnet,vibration_gain_075,792,1.0,1.0,1.0,12.713582500000484,56838
333,304,resnet,vibration_gain_050,792,0.9255050505050505,0.9238161355372664,0.9238161355372664,12.713582500000484,56838
333,304,resnet,vibration_gain_025,792,0.7032828282828283,0.6827632017347108,0.6827632017347108,12.713582500000484,56838
333,304,resnet,electrical_gain_075,792,0.48863636363636365,0.3260230256139081,0.32602302561390817,12.713582500000484,56838
333,304,resnet,electrical_gain_050,792,0.41035353535353536,0.2798945098834062,0.2798945098834062,12.713582500000484,56838
333,304,resnet,electrical_gain_025,792,0.3055555555555556,0.16794485603408504,0.16794485603408504,12.713582500000484,56838
333,304,resnet,vibration_drift_025rms,792,1.0,1.0,1.0,12.713582500000484,56838
333,304,resnet,vibration_drift_050rms,792,1.0,1.0,1.0,12.713582500000484,56838
333,304,resnet,vibration_drift_100rms,792,1.0,1.0,1.0,12.713582500000484,56838
333,304,resnet,electrical_drift_025rms,792,1.0,1.0,1.0,12.713582500000484,56838
333,304,resnet,electrical_drift_050rms,792,0.9974747474747475,0.9974746025368767,0.9974746025368766,12.713582500000484,56838
333,304,resnet,electrical_drift_100rms,792,0.8143939393939394,0.7812253416315857,0.7812253416315856,12.713582500000484,56838
333,304,ft_transformer,clean_reextract,792,0.9974747474747475,0.9974746025368765,0.9974746025368766,29.992589999979828,929670
333,304,ft_transformer,vibration_missing,792,0.44191919191919193,0.3846189725342562,0.3846189725342562,29.992589999979828,929670
333,304,ft_transformer,electrical_missing,792,0.6414141414141414,0.5340018769701945,0.5340018769701944,29.992589999979828,929670
333,304,ft_transformer,vibration_gain_075,792,0.9962121212121212,0.9962116320117095,0.9962116320117095,29.992589999979828,929670
333,304,ft_transformer,vibration_gain_050,792,0.6553030303030303,0.6027890015963543,0.6027890015963543,29.992589999979828,929670
333,304,ft_transformer,vibration_gain_025,792,0.5290404040404041,0.41796771513886083,0.4179677151388609,29.992589999979828,929670
333,304,ft_transformer,electrical_gain_075,792,0.16666666666666666,0.047619047619047616,0.04761904761904762,29.992589999979828,929670
333,304,ft_transformer,electrical_gain_050,792,0.16666666666666666,0.047619047619047616,0.04761904761904762,29.992589999979828,929670
333,304,ft_transformer,electrical_gain_025,792,0.16666666666666666,0.047619047619047616,0.04761904761904762,29.992589999979828,929670
333,304,ft_transformer,vibration_drift_025rms,792,0.9974747474747475,0.9974746025368765,0.9974746025368766,29.992589999979828,929670
333,304,ft_transformer,vibration_drift_050rms,792,0.9936868686868687,0.993684603350031,0.993684603350031,29.992589999979828,929670
333,304,ft_transformer,vibration_drift_100rms,792,0.9861111111111112,0.986086956521739,0.9860869565217392,29.992589999979828,929670
333,304,ft_transformer,electrical_drift_025rms,792,0.9987373737373737,0.9987373556209197,0.9987373556209197,29.992589999979828,929670
333,304,ft_transformer,electrical_drift_050rms,792,0.9873737373737373,0.9873643084192295,0.9873643084192295,29.992589999979828,929670
333,304,ft_transformer,electrical_drift_100rms,792,0.9583333333333334,0.958182345265428,0.958182345265428,29.992589999979828,929670
333,304,tabm,clean_reextract,792,1.0,1.0,1.0,10.129290300013963,806080
333,304,tabm,vibration_missing,792,0.46085858585858586,0.417290973159995,0.417290973159995,10.129290300013963,806080
333,304,tabm,electrical_missing,792,0.7537878787878788,0.703992397409519,0.7039923974095189,10.129290300013963,806080
333,304,tabm,vibration_gain_075,792,0.9987373737373737,0.9987373556209196,0.9987373556209198,10.129290300013963,806080
333,304,tabm,vibration_gain_050,792,0.9671717171717171,0.9673418535487501,0.9673418535487501,10.129290300013963,806080
333,304,tabm,vibration_gain_025,792,0.6818181818181818,0.6404847173942679,0.6404847173942679,10.129290300013963,806080
333,304,tabm,electrical_gain_075,792,0.6540404040404041,0.5463054716873648,0.5463054716873648,10.129290300013963,806080
333,304,tabm,electrical_gain_050,792,0.45580808080808083,0.32877305744475643,0.32877305744475643,10.129290300013963,806080
333,304,tabm,electrical_gain_025,792,0.3383838383838384,0.18535003807348183,0.1853500380734818,10.129290300013963,806080
333,304,tabm,vibration_drift_025rms,792,1.0,1.0,1.0,10.129290300013963,806080
333,304,tabm,vibration_drift_050rms,792,1.0,1.0,1.0,10.129290300013963,806080
333,304,tabm,vibration_drift_100rms,792,1.0,1.0,1.0,10.129290300013963,806080
333,304,tabm,electrical_drift_025rms,792,1.0,1.0,1.0,10.129290300013963,806080
333,304,tabm,electrical_drift_050rms,792,0.9482323232323232,0.9469528780416084,0.9469528780416085,10.129290300013963,806080
333,304,tabm,electrical_drift_100rms,792,0.5075757575757576,0.35165919946969254,0.35165919946969254,10.129290300013963,806080
333,304,tmc,clean_reextract,792,1.0,1.0,1.0,20.814698200003477,15372
333,304,tmc,vibration_missing,792,0.98989898989899,0.9898988449673577,0.9898988449673577,20.814698200003477,15372
333,304,tmc,electrical_missing,792,0.9608585858585859,0.9605720826456317,0.9605720826456317,20.814698200003477,15372
333,304,tmc,vibration_gain_075,792,0.9987373737373737,0.9987373556209197,0.9987373556209197,20.814698200003477,15372
333,304,tmc,vibration_gain_050,792,0.9924242424242424,0.992451599112934,0.9924515991129341,20.814698200003477,15372
333,304,tmc,vibration_gain_025,792,0.8775252525252525,0.874895318188076,0.8748953181880762,20.814698200003477,15372
333,304,tmc,electrical_gain_075,792,0.42297979797979796,0.36593535007222733,0.36593535007222733,20.814698200003477,15372
333,304,tmc,electrical_gain_050,792,0.39015151515151514,0.3192326178527117,0.3192326178527117,20.814698200003477,15372
333,304,tmc,electrical_gain_025,792,0.380050505050505,0.3034025486541831,0.30340254865418304,20.814698200003477,15372
333,304,tmc,vibration_drift_025rms,792,1.0,1.0,1.0,20.814698200003477,15372
333,304,tmc,vibration_drift_050rms,792,1.0,1.0,1.0,20.814698200003477,15372
333,304,tmc,vibration_drift_100rms,792,1.0,1.0,1.0,20.814698200003477,15372
333,304,tmc,electrical_drift_025rms,792,0.9747474747474747,0.9745235313892708,0.9745235313892708,20.814698200003477,15372
333,304,tmc,electrical_drift_050rms,792,0.7727272727272727,0.7268558158302695,0.7268558158302695,20.814698200003477,15372
333,304,tmc,electrical_drift_100rms,792,0.4861111111111111,0.38787287287287286,0.3878728728728728,20.814698200003477,15372
333,305,mlp,clean_reextract,792,1.0,1.0,1.0,6.211594899999909,10758
333,305,mlp,vibration_missing,792,0.43813131313131315,0.38469186968472013,0.38469186968472013,6.211594899999909,10758
333,305,mlp,electrical_missing,792,0.8434343434343434,0.8281398669407384,0.8281398669407383,6.211594899999909,10758
333,305,mlp,vibration_gain_075,792,0.9987373737373737,0.9987373556209196,0.9987373556209198,6.211594899999909,10758
333,305,mlp,vibration_gain_050,792,0.8459595959595959,0.8240964996709823,0.8240964996709823,6.211594899999909,10758
333,305,mlp,vibration_gain_025,792,0.6755050505050505,0.6294640093571279,0.629464009357128,6.211594899999909,10758
333,305,mlp,electrical_gain_075,792,0.4015151515151515,0.26136499616635933,0.26136499616635933,6.211594899999909,10758
333,305,mlp,electrical_gain_050,792,0.25,0.1497206529053663,0.1497206529053663,6.211594899999909,10758
333,305,mlp,electrical_gain_025,792,0.16792929292929293,0.050176904884095395,0.05017690488409539,6.211594899999909,10758
333,305,mlp,vibration_drift_025rms,792,1.0,1.0,1.0,6.211594899999909,10758
333,305,mlp,vibration_drift_050rms,792,1.0,1.0,1.0,6.211594899999909,10758
333,305,mlp,vibration_drift_100rms,792,1.0,1.0,1.0,6.211594899999909,10758
333,305,mlp,electrical_drift_025rms,792,1.0,1.0,1.0,6.211594899999909,10758
333,305,mlp,electrical_drift_050rms,792,1.0,1.0,1.0,6.211594899999909,10758
333,305,mlp,electrical_drift_100rms,792,0.9823232323232324,0.9822733812949641,0.9822733812949639,6.211594899999909,10758
333,305,resnet,clean_reextract,792,1.0,1.0,1.0,12.427196000004187,56838
333,305,resnet,vibration_missing,792,0.5909090909090909,0.5653995802226318,0.5653995802226318,12.427196000004187,56838
333,305,resnet,electrical_missing,792,0.7323232323232324,0.6786606377114176,0.6786606377114177,12.427196000004187,56838
333,305,resnet,vibration_gain_075,792,1.0,1.0,1.0,12.427196000004187,56838
333,305,resnet,vibration_gain_050,792,0.8699494949494949,0.8647828396133436,0.8647828396133435,12.427196000004187,56838
333,305,resnet,vibration_gain_025,792,0.6628787878787878,0.6184142573266934,0.6184142573266934,12.427196000004187,56838
333,305,resnet,electrical_gain_075,792,0.4772727272727273,0.34259790637122056,0.3425979063712206,12.427196000004187,56838
333,305,resnet,electrical_gain_050,792,0.35353535353535354,0.20829989789366987,0.20829989789366987,12.427196000004187,56838
333,305,resnet,electrical_gain_025,792,0.3333333333333333,0.17236467236467237,0.17236467236467237,12.427196000004187,56838
333,305,resnet,vibration_drift_025rms,792,1.0,1.0,1.0,12.427196000004187,56838
333,305,resnet,vibration_drift_050rms,792,1.0,1.0,1.0,12.427196000004187,56838
333,305,resnet,vibration_drift_100rms,792,1.0,1.0,1.0,12.427196000004187,56838
333,305,resnet,electrical_drift_025rms,792,1.0,1.0,1.0,12.427196000004187,56838
333,305,resnet,electrical_drift_050rms,792,0.9810606060606061,0.9809992658807273,0.9809992658807272,12.427196000004187,56838
333,305,resnet,electrical_drift_100rms,792,0.8131313131313131,0.7592273112256689,0.7592273112256687,12.427196000004187,56838
333,305,ft_transformer,clean_reextract,792,1.0,1.0,1.0,29.4872272000066,929670
333,305,ft_transformer,vibration_missing,792,0.3611111111111111,0.22598668120155327,0.2259866812015532,29.4872272000066,929670
333,305,ft_transformer,electrical_missing,792,0.6212121212121212,0.5527033401398159,0.552703340139816,29.4872272000066,929670
333,305,ft_transformer,vibration_gain_075,792,0.9962121212121212,0.9962213626314566,0.9962213626314564,29.4872272000066,929670
333,305,ft_transformer,vibration_gain_050,792,0.7335858585858586,0.7024885642192951,0.7024885642192951,29.4872272000066,929670
333,305,ft_transformer,vibration_gain_025,792,0.5227272727272727,0.4054733004312836,0.40547330043128366,29.4872272000066,929670
333,305,ft_transformer,electrical_gain_075,792,0.5542929292929293,0.49179600372960747,0.49179600372960747,29.4872272000066,929670
333,305,ft_transformer,electrical_gain_050,792,0.33207070707070707,0.17673941322102818,0.1767394132210282,29.4872272000066,929670
333,305,ft_transformer,electrical_gain_025,792,0.3106060606060606,0.15820335872990546,0.15820335872990546,29.4872272000066,929670
333,305,ft_transformer,vibration_drift_025rms,792,1.0,1.0,1.0,29.4872272000066,929670
333,305,ft_transformer,vibration_drift_050rms,792,1.0,1.0,1.0,29.4872272000066,929670
333,305,ft_transformer,vibration_drift_100rms,792,1.0,1.0,1.0,29.4872272000066,929670
333,305,ft_transformer,electrical_drift_025rms,792,1.0,1.0,1.0,29.4872272000066,929670
333,305,ft_transformer,electrical_drift_050rms,792,1.0,1.0,1.0,29.4872272000066,929670
333,305,ft_transformer,electrical_drift_100rms,792,0.9772727272727273,0.9772217165418068,0.9772217165418067,29.4872272000066,929670
333,305,tabm,clean_reextract,792,1.0,1.0,1.0,9.925903099996503,806080
333,305,tabm,vibration_missing,792,0.476010101010101,0.43180833861257306,0.431808338612573,9.925903099996503,806080
333,305,tabm,electrical_missing,792,0.7310606060606061,0.6753907227000386,0.6753907227000386,9.925903099996503,806080
333,305,tabm,vibration_gain_075,792,0.9987373737373737,0.9987373556209196,0.9987373556209198,9.925903099996503,806080
333,305,tabm,vibration_gain_050,792,0.9242424242424242,0.9216999050332384,0.9216999050332383,9.925903099996503,806080
333,305,tabm,vibration_gain_025,792,0.7247474747474747,0.6850208239969312,0.6850208239969312,9.925903099996503,806080
333,305,tabm,electrical_gain_075,792,0.5833333333333334,0.47492821783844663,0.47492821783844663,9.925903099996503,806080
333,305,tabm,electrical_gain_050,792,0.4898989898989899,0.35299278799799455,0.35299278799799455,9.925903099996503,806080
333,305,tabm,electrical_gain_025,792,0.48863636363636365,0.3532167664283196,0.3532167664283196,9.925903099996503,806080
333,305,tabm,vibration_drift_025rms,792,1.0,1.0,1.0,9.925903099996503,806080
333,305,tabm,vibration_drift_050rms,792,1.0,1.0,1.0,9.925903099996503,806080
333,305,tabm,vibration_drift_100rms,792,1.0,1.0,1.0,9.925903099996503,806080
333,305,tabm,electrical_drift_025rms,792,1.0,1.0,1.0,9.925903099996503,806080
333,305,tabm,electrical_drift_050rms,792,0.946969696969697,0.9455926514750045,0.9455926514750045,9.925903099996503,806080
333,305,tabm,electrical_drift_100rms,792,0.5126262626262627,0.3941572870194792,0.3941572870194792,9.925903099996503,806080
333,305,tmc,clean_reextract,792,1.0,1.0,1.0,20.483402700017905,15372
333,305,tmc,vibration_missing,792,0.9823232323232324,0.9823213302983071,0.9823213302983073,20.483402700017905,15372
333,305,tmc,electrical_missing,792,0.9595959595959596,0.9593085424110684,0.9593085424110684,20.483402700017905,15372
333,305,tmc,vibration_gain_075,792,0.9987373737373737,0.9987373556209197,0.9987373556209197,20.483402700017905,15372
333,305,tmc,vibration_gain_050,792,0.9911616161616161,0.9912072377721232,0.9912072377721233,20.483402700017905,15372
333,305,tmc,vibration_gain_025,792,0.8863636363636364,0.884492669556627,0.884492669556627,20.483402700017905,15372
333,305,tmc,electrical_gain_075,792,0.37373737373737376,0.2953003648448506,0.2953003648448506,20.483402700017905,15372
333,305,tmc,electrical_gain_050,792,0.34974747474747475,0.2544286611231191,0.2544286611231191,20.483402700017905,15372
333,305,tmc,electrical_gain_025,792,0.34595959595959597,0.24722932651321397,0.24722932651321397,20.483402700017905,15372
333,305,tmc,vibration_drift_025rms,792,1.0,1.0,1.0,20.483402700017905,15372
333,305,tmc,vibration_drift_050rms,792,1.0,1.0,1.0,20.483402700017905,15372
333,305,tmc,vibration_drift_100rms,792,1.0,1.0,1.0,20.483402700017905,15372
333,305,tmc,electrical_drift_025rms,792,0.9734848484848485,0.973229709894006,0.9732297098940059,20.483402700017905,15372
333,305,tmc,electrical_drift_050rms,792,0.7702020202020202,0.7260308667999635,0.7260308667999635,20.483402700017905,15372
333,305,tmc,electrical_drift_100rms,792,0.4861111111111111,0.4048706729039993,0.4048706729039993,20.483402700017905,15372
444,301,mlp,clean_reextract,792,1.0,1.0,1.0,6.175945700000739,10758
444,301,mlp,vibration_missing,792,0.3952020202020202,0.29456433404955157,0.2945643340495516,6.175945700000739,10758
444,301,mlp,electrical_missing,792,0.9040404040404041,0.9036639772931263,0.9036639772931262,6.175945700000739,10758
444,301,mlp,vibration_gain_075,792,1.0,1.0,1.0,6.175945700000739,10758
444,301,mlp,vibration_gain_050,792,0.8952020202020202,0.8976669373955981,0.8976669373955981,6.175945700000739,10758
444,301,mlp,vibration_gain_025,792,0.6553030303030303,0.6153004731047281,0.6153004731047281,6.175945700000739,10758
444,301,mlp,electrical_gain_075,792,0.2878787878787879,0.15765347272718533,0.15765347272718533,6.175945700000739,10758
444,301,mlp,electrical_gain_050,792,0.16666666666666666,0.047619047619047616,0.04761904761904762,6.175945700000739,10758
444,301,mlp,electrical_gain_025,792,0.16666666666666666,0.047619047619047616,0.04761904761904762,6.175945700000739,10758
444,301,mlp,vibration_drift_025rms,792,1.0,1.0,1.0,6.175945700000739,10758
444,301,mlp,vibration_drift_050rms,792,1.0,1.0,1.0,6.175945700000739,10758
444,301,mlp,vibration_drift_100rms,792,1.0,1.0,1.0,6.175945700000739,10758
444,301,mlp,electrical_drift_025rms,792,1.0,1.0,1.0,6.175945700000739,10758
444,301,mlp,electrical_drift_050rms,792,1.0,1.0,1.0,6.175945700000739,10758
444,301,mlp,electrical_drift_100rms,792,0.9785353535353535,0.9785213490169866,0.9785213490169866,6.175945700000739,10758
444,301,resnet,clean_reextract,792,1.0,1.0,1.0,12.441626599989831,56838
444,301,resnet,vibration_missing,792,0.6565656565656566,0.5899648189855092,0.5899648189855092,12.441626599989831,56838
444,301,resnet,electrical_missing,792,0.8143939393939394,0.8064025193324657,0.8064025193324654,12.441626599989831,56838
444,301,resnet,vibration_gain_075,792,1.0,1.0,1.0,12.441626599989831,56838
444,301,resnet,vibration_gain_050,792,0.9179292929292929,0.9142192197991674,0.9142192197991673,12.441626599989831,56838
444,301,resnet,vibration_gain_025,792,0.7234848484848485,0.7009177234693311,0.7009177234693312,12.441626599989831,56838
444,301,resnet,electrical_gain_075,792,0.3181818181818182,0.18207314128638027,0.18207314128638027,12.441626599989831,56838
444,301,resnet,electrical_gain_050,792,0.16792929292929293,0.05123240454792557,0.05123240454792557,12.441626599989831,56838
444,301,resnet,electrical_gain_025,792,0.16666666666666666,0.047619047619047616,0.04761904761904762,12.441626599989831,56838
444,301,resnet,vibration_drift_025rms,792,1.0,1.0,1.0,12.441626599989831,56838
444,301,resnet,vibration_drift_050rms,792,1.0,1.0,1.0,12.441626599989831,56838
444,301,resnet,vibration_drift_100rms,792,1.0,1.0,1.0,12.441626599989831,56838
444,301,resnet,electrical_drift_025rms,792,1.0,1.0,1.0,12.441626599989831,56838
444,301,resnet,electrical_drift_050rms,792,1.0,1.0,1.0,12.441626599989831,56838
444,301,resnet,electrical_drift_100rms,792,0.7436868686868687,0.7174691108074841,0.717469110807484,12.441626599989831,56838
444,301,ft_transformer,clean_reextract,792,1.0,1.0,1.0,29.176711199979763,929670
444,301,ft_transformer,vibration_missing,792,0.4154040404040404,0.35841731904720464,0.3584173190472046,29.176711199979763,929670
444,301,ft_transformer,electrical_missing,792,0.6679292929292929,0.6134275103021127,0.6134275103021126,29.176711199979763,929670
444,301,ft_transformer,vibration_gain_075,792,0.9671717171717171,0.9668501883512026,0.9668501883512026,29.176711199979763,929670
444,301,ft_transformer,vibration_gain_050,792,0.5378787878787878,0.4332745101479283,0.43327451014792834,29.176711199979763,929670
444,301,ft_transformer,vibration_gain_025,792,0.48358585858585856,0.34894732398847966,0.34894732398847966,29.176711199979763,929670
444,301,ft_transformer,electrical_gain_075,792,0.255050505050505,0.14095131921218879,0.14095131921218879,29.176711199979763,929670
444,301,ft_transformer,electrical_gain_050,792,0.16666666666666666,0.047619047619047616,0.04761904761904762,29.176711199979763,929670
444,301,ft_transformer,electrical_gain_025,792,0.16666666666666666,0.047619047619047616,0.04761904761904762,29.176711199979763,929670
444,301,ft_transformer,vibration_drift_025rms,792,1.0,1.0,1.0,29.176711199979763,929670
444,301,ft_transformer,vibration_drift_050rms,792,1.0,1.0,1.0,29.176711199979763,929670
444,301,ft_transformer,vibration_drift_100rms,792,1.0,1.0,1.0,29.176711199979763,929670
444,301,ft_transformer,electrical_drift_025rms,792,1.0,1.0,1.0,29.176711199979763,929670
444,301,ft_transformer,electrical_drift_050rms,792,0.9987373737373737,0.9987373556209197,0.9987373556209197,29.176711199979763,929670
444,301,ft_transformer,electrical_drift_100rms,792,0.8926767676767676,0.8828623728481347,0.8828623728481345,29.176711199979763,929670
444,301,tabm,clean_reextract,792,1.0,1.0,1.0,9.890084000013303,806080
444,301,tabm,vibration_missing,792,0.5404040404040404,0.4983225278181009,0.4983225278181008,9.890084000013303,806080
444,301,tabm,electrical_missing,792,0.8459595959595959,0.8334378362147022,0.8334378362147021,9.890084000013303,806080
444,301,tabm,vibration_gain_075,792,1.0,1.0,1.0,9.890084000013303,806080
444,301,tabm,vibration_gain_050,792,0.9444444444444444,0.9457148964559248,0.9457148964559247,9.890084000013303,806080
444,301,tabm,vibration_gain_025,792,0.6540404040404041,0.6227211522620469,0.6227211522620469,9.890084000013303,806080
444,301,tabm,electrical_gain_075,792,0.5113636363636364,0.3940484197569376,0.3940484197569376,9.890084000013303,806080
444,301,tabm,electrical_gain_050,792,0.41919191919191917,0.29799095260442104,0.29799095260442104,9.890084000013303,806080
444,301,tabm,electrical_gain_025,792,0.2803030303030303,0.1733715956467594,0.1733715956467594,9.890084000013303,806080
444,301,tabm,vibration_drift_025rms,792,1.0,1.0,1.0,9.890084000013303,806080
444,301,tabm,vibration_drift_050rms,792,1.0,1.0,1.0,9.890084000013303,806080
444,301,tabm,vibration_drift_100rms,792,1.0,1.0,1.0,9.890084000013303,806080
444,301,tabm,electrical_drift_025rms,792,1.0,1.0,1.0,9.890084000013303,806080
444,301,tabm,electrical_drift_050rms,792,0.9974747474747475,0.9974746025368767,0.9974746025368766,9.890084000013303,806080
444,301,tabm,electrical_drift_100rms,792,0.5593434343434344,0.4769415537572515,0.47694155375725145,9.890084000013303,806080
444,301,tmc,clean_reextract,792,0.9987373737373737,0.9987373556209197,0.9987373556209197,20.352530900010606,15372
444,301,tmc,vibration_missing,792,0.9734848484848485,0.973373430027836,0.973373430027836,20.352530900010606,15372
444,301,tmc,electrical_missing,792,0.9873737373737373,0.9874018709539282,0.9874018709539281,20.352530900010606,15372
444,301,tmc,vibration_gain_075,792,0.9987373737373737,0.9987373556209197,0.9987373556209197,20.352530900010606,15372
444,301,tmc,vibration_gain_050,792,0.976010101010101,0.976001039599932,0.976001039599932,20.352530900010606,15372
444,301,tmc,vibration_gain_025,792,0.8282828282828283,0.8147192347296518,0.8147192347296517,20.352530900010606,15372
444,301,tmc,electrical_gain_075,792,0.3484848484848485,0.25029818371669316,0.25029818371669316,20.352530900010606,15372
444,301,tmc,electrical_gain_050,792,0.33964646464646464,0.23418282973661442,0.23418282973661442,20.352530900010606,15372
444,301,tmc,electrical_gain_025,792,0.33585858585858586,0.22677965363654504,0.226779653636545,20.352530900010606,15372
444,301,tmc,vibration_drift_025rms,792,0.9987373737373737,0.9987373556209197,0.9987373556209197,20.352530900010606,15372
444,301,tmc,vibration_drift_050rms,792,0.9987373737373737,0.9987373556209197,0.9987373556209197,20.352530900010606,15372
444,301,tmc,vibration_drift_100rms,792,0.9949494949494949,0.9949493500116239,0.994949350011624,20.352530900010606,15372
444,301,tmc,electrical_drift_025rms,792,0.9936868686868687,0.9936818318915329,0.9936818318915328,20.352530900010606,15372
444,301,tmc,electrical_drift_050rms,792,0.7361111111111112,0.6951162470629542,0.695116247062954,20.352530900010606,15372
444,301,tmc,electrical_drift_100rms,792,0.4532828282828283,0.3328697377356784,0.3328697377356784,20.352530900010606,15372
444,302,mlp,clean_reextract,792,1.0,1.0,1.0,6.139991300005931,10758
444,302,mlp,vibration_missing,792,0.42045454545454547,0.34967700041545413,0.34967700041545413,6.139991300005931,10758
444,302,mlp,electrical_missing,792,0.9255050505050505,0.9259730355838793,0.9259730355838793,6.139991300005931,10758
444,302,mlp,vibration_gain_075,792,1.0,1.0,1.0,6.139991300005931,10758
444,302,mlp,vibration_gain_050,792,0.8636363636363636,0.8577984558880055,0.8577984558880056,6.139991300005931,10758
444,302,mlp,vibration_gain_025,792,0.5959595959595959,0.5289800232573904,0.5289800232573905,6.139991300005931,10758
444,302,mlp,electrical_gain_075,792,0.45454545454545453,0.3027364788294698,0.3027364788294698,6.139991300005931,10758
444,302,mlp,electrical_gain_050,792,0.21338383838383837,0.11141359132840957,0.11141359132840958,6.139991300005931,10758
444,302,mlp,electrical_gain_025,792,0.16666666666666666,0.047619047619047616,0.04761904761904762,6.139991300005931,10758
444,302,mlp,vibration_drift_025rms,792,1.0,1.0,1.0,6.139991300005931,10758
444,302,mlp,vibration_drift_050rms,792,1.0,1.0,1.0,6.139991300005931,10758
444,302,mlp,vibration_drift_100rms,792,1.0,1.0,1.0,6.139991300005931,10758
444,302,mlp,electrical_drift_025rms,792,1.0,1.0,1.0,6.139991300005931,10758
444,302,mlp,electrical_drift_050rms,792,1.0,1.0,1.0,6.139991300005931,10758
444,302,mlp,electrical_drift_100rms,792,0.9785353535353535,0.9785290469050514,0.9785290469050514,6.139991300005931,10758
444,302,resnet,clean_reextract,792,1.0,1.0,1.0,12.312880200013751,56838
444,302,resnet,vibration_missing,792,0.5315656565656566,0.5020071579132268,0.5020071579132268,12.312880200013751,56838
444,302,resnet,electrical_missing,792,0.7929292929292929,0.7792554385922908,0.7792554385922908,12.312880200013751,56838
444,302,resnet,vibration_gain_075,792,1.0,1.0,1.0,12.312880200013751,56838
444,302,resnet,vibration_gain_050,792,0.9419191919191919,0.9414085636131059,0.9414085636131058,12.312880200013751,56838
444,302,resnet,vibration_gain_025,792,0.773989898989899,0.7570676810739493,0.7570676810739494,12.312880200013751,56838
444,302,resnet,electrical_gain_075,792,0.3813131313131313,0.24756927566212614,0.24756927566212614,12.312880200013751,56838
444,302,resnet,electrical_gain_050,792,0.29545454545454547,0.16145251396648044,0.16145251396648047,12.312880200013751,56838
444,302,resnet,electrical_gain_025,792,0.1856060606060606,0.08008119976800067,0.08008119976800067,12.312880200013751,56838
444,302,resnet,vibration_drift_025rms,792,1.0,1.0,1.0,12.312880200013751,56838
444,302,resnet,vibration_drift_050rms,792,1.0,1.0,1.0,12.312880200013751,56838
444,302,resnet,vibration_drift_100rms,792,1.0,1.0,1.0,12.312880200013751,56838
444,302,resnet,electrical_drift_025rms,792,1.0,1.0,1.0,12.312880200013751,56838
444,302,resnet,electrical_drift_050rms,792,1.0,1.0,1.0,12.312880200013751,56838
444,302,resnet,electrical_drift_100rms,792,0.7866161616161617,0.7725152745738812,0.7725152745738812,12.312880200013751,56838
444,302,ft_transformer,clean_reextract,792,1.0,1.0,1.0,29.348234500008402,929670
444,302,ft_transformer,vibration_missing,792,0.37626262626262624,0.2411631132557374,0.2411631132557374,29.348234500008402,929670
444,302,ft_transformer,electrical_missing,792,0.6944444444444444,0.6325248440187814,0.6325248440187815,29.348234500008402,929670
444,302,ft_transformer,vibration_gain_075,792,0.9873737373737373,0.9873643084192295,0.9873643084192295,29.348234500008402,929670
444,302,ft_transformer,vibration_gain_050,792,0.6666666666666666,0.5747769597316298,0.5747769597316299,29.348234500008402,929670
444,302,ft_transformer,vibration_gain_025,792,0.5,0.360640308060737,0.360640308060737,29.348234500008402,929670
444,302,ft_transformer,electrical_gain_075,792,0.16666666666666666,0.047670639219934995,0.04767063921993499,29.348234500008402,929670
444,302,ft_transformer,electrical_gain_050,792,0.16666666666666666,0.047619047619047616,0.04761904761904762,29.348234500008402,929670
444,302,ft_transformer,electrical_gain_025,792,0.16666666666666666,0.047619047619047616,0.04761904761904762,29.348234500008402,929670
444,302,ft_transformer,vibration_drift_025rms,792,1.0,1.0,1.0,29.348234500008402,929670
444,302,ft_transformer,vibration_drift_050rms,792,1.0,1.0,1.0,29.348234500008402,929670
444,302,ft_transformer,vibration_drift_100rms,792,1.0,1.0,1.0,29.348234500008402,929670
444,302,ft_transformer,electrical_drift_025rms,792,1.0,1.0,1.0,29.348234500008402,929670
444,302,ft_transformer,electrical_drift_050rms,792,0.9810606060606061,0.9810205630989604,0.9810205630989604,29.348234500008402,929670
444,302,ft_transformer,electrical_drift_100rms,792,0.48484848484848486,0.3233013028979672,0.3233013028979672,29.348234500008402,929670
444,302,tabm,clean_reextract,792,1.0,1.0,1.0,9.913105299987365,806080
444,302,tabm,vibration_missing,792,0.5315656565656566,0.4808491785042069,0.480849178504207,9.913105299987365,806080
444,302,tabm,electrical_missing,792,0.7487373737373737,0.7221943119637096,0.7221943119637096,9.913105299987365,806080
444,302,tabm,vibration_gain_075,792,1.0,1.0,1.0,9.913105299987365,806080
444,302,tabm,vibration_gain_050,792,0.9217171717171717,0.9237860986461389,0.923786098646139,9.913105299987365,806080
444,302,tabm,vibration_gain_025,792,0.61489898989899,0.5677792124897664,0.5677792124897665,9.913105299987365,806080
444,302,tabm,electrical_gain_075,792,0.4065656565656566,0.26359396566816035,0.2635939656681604,9.913105299987365,806080
444,302,tabm,electrical_gain_050,792,0.32575757575757575,0.16398081569572126,0.16398081569572126,9.913105299987365,806080
444,302,tabm,electrical_gain_025,792,0.29797979797979796,0.15933890007107887,0.1593389000710789,9.913105299987365,806080
444,302,tabm,vibration_drift_025rms,792,1.0,1.0,1.0,9.913105299987365,806080
444,302,tabm,vibration_drift_050rms,792,1.0,1.0,1.0,9.913105299987365,806080
444,302,tabm,vibration_drift_100rms,792,1.0,1.0,1.0,9.913105299987365,806080
444,302,tabm,electrical_drift_025rms,792,1.0,1.0,1.0,9.913105299987365,806080
444,302,tabm,electrical_drift_050rms,792,0.9936868686868687,0.993684603350031,0.993684603350031,9.913105299987365,806080
444,302,tabm,electrical_drift_100rms,792,0.5404040404040404,0.46182037730074194,0.46182037730074194,9.913105299987365,806080
444,302,tmc,clean_reextract,792,0.9974747474747475,0.9974747293582934,0.9974747293582934,20.742269399983343,15372
444,302,tmc,vibration_missing,792,0.9772727272727273,0.9771000852625958,0.9771000852625958,20.742269399983343,15372
444,302,tmc,electrical_missing,792,0.9810606060606061,0.9810535531920523,0.9810535531920525,20.742269399983343,15372
444,302,tmc,vibration_gain_075,792,0.9974747474747475,0.9974794400449795,0.9974794400449793,20.742269399983343,15372
444,302,tmc,vibration_gain_050,792,0.9848484848484849,0.9849864008152424,0.9849864008152422,20.742269399983343,15372
444,302,tmc,vibration_gain_025,792,0.8434343434343434,0.8327922445301289,0.8327922445301289,20.742269399983343,15372
444,302,tmc,electrical_gain_075,792,0.4797979797979798,0.3871368995288654,0.38713689952886543,20.742269399983343,15372
444,302,tmc,electrical_gain_050,792,0.45454545454545453,0.3696979655600246,0.36969796556002466,20.742269399983343,15372
444,302,tmc,electrical_gain_025,792,0.43434343434343436,0.35404927326392827,0.35404927326392827,20.742269399983343,15372
444,302,tmc,vibration_drift_025rms,792,0.9974747474747475,0.9974747293582934,0.9974747293582934,20.742269399983343,15372
444,302,tmc,vibration_drift_050rms,792,0.9936868686868687,0.9936864503268888,0.9936864503268888,20.742269399983343,15372
444,302,tmc,vibration_drift_100rms,792,0.9949494949494949,0.994949094705969,0.994949094705969,20.742269399983343,15372
444,302,tmc,electrical_drift_025rms,792,0.9949494949494949,0.9949630154372145,0.9949630154372145,20.742269399983343,15372
444,302,tmc,electrical_drift_050rms,792,0.7525252525252525,0.7132448565081525,0.7132448565081525,20.742269399983343,15372
444,302,tmc,electrical_drift_100rms,792,0.4671717171717172,0.36456926335593814,0.36456926335593814,20.742269399983343,15372
444,303,mlp,clean_reextract,792,1.0,1.0,1.0,6.14129289999255,10758
444,303,mlp,vibration_missing,792,0.4583333333333333,0.38583388782393463,0.3858338878239346,6.14129289999255,10758
444,303,mlp,electrical_missing,792,0.8573232323232324,0.853728042775877,0.8537280427758771,6.14129289999255,10758
444,303,mlp,vibration_gain_075,792,1.0,1.0,1.0,6.14129289999255,10758
444,303,mlp,vibration_gain_050,792,0.8396464646464646,0.8297458332825415,0.8297458332825413,6.14129289999255,10758
444,303,mlp,vibration_gain_025,792,0.6616161616161617,0.6314802935422245,0.6314802935422245,6.14129289999255,10758
444,303,mlp,electrical_gain_075,792,0.45707070707070707,0.303538617339225,0.303538617339225,6.14129289999255,10758
444,303,mlp,electrical_gain_050,792,0.2689393939393939,0.1434721938601865,0.1434721938601865,6.14129289999255,10758
444,303,mlp,electrical_gain_025,792,0.19444444444444445,0.09131239708906008,0.09131239708906008,6.14129289999255,10758
444,303,mlp,vibration_drift_025rms,792,1.0,1.0,1.0,6.14129289999255,10758
444,303,mlp,vibration_drift_050rms,792,1.0,1.0,1.0,6.14129289999255,10758
444,303,mlp,vibration_drift_100rms,792,1.0,1.0,1.0,6.14129289999255,10758
444,303,mlp,electrical_drift_025rms,792,1.0,1.0,1.0,6.14129289999255,10758
444,303,mlp,electrical_drift_050rms,792,0.9987373737373737,0.9987373556209197,0.9987373556209197,6.14129289999255,10758
444,303,mlp,electrical_drift_100rms,792,0.9734848484848485,0.9734592370883582,0.973459237088358,6.14129289999255,10758
444,303,resnet,clean_reextract,792,1.0,1.0,1.0,12.46599719999358,56838
444,303,resnet,vibration_missing,792,0.5707070707070707,0.5268701508929708,0.526870150892971,12.46599719999358,56838
444,303,resnet,electrical_missing,792,0.7058080808080808,0.6633554817747299,0.6633554817747299,12.46599719999358,56838
444,303,resnet,vibration_gain_075,792,0.9962121212121212,0.9962116320117095,0.9962116320117095,12.46599719999358,56838
444,303,resnet,vibration_gain_050,792,0.8737373737373737,0.8627031000214468,0.8627031000214467,12.46599719999358,56838
444,303,resnet,vibration_gain_025,792,0.6477272727272727,0.6147006043079274,0.6147006043079274,12.46599719999358,56838
444,303,resnet,electrical_gain_075,792,0.4797979797979798,0.3196178320406619,0.31961783204066185,12.46599719999358,56838
444,303,resnet,electrical_gain_050,792,0.3333333333333333,0.18103480326345142,0.1810348032634514,12.46599719999358,56838
444,303,resnet,electrical_gain_025,792,0.3333333333333333,0.17590471827759965,0.17590471827759965,12.46599719999358,56838
444,303,resnet,vibration_drift_025rms,792,1.0,1.0,1.0,12.46599719999358,56838
444,303,resnet,vibration_drift_050rms,792,1.0,1.0,1.0,12.46599719999358,56838
444,303,resnet,vibration_drift_100rms,792,1.0,1.0,1.0,12.46599719999358,56838
444,303,resnet,electrical_drift_025rms,792,1.0,1.0,1.0,12.46599719999358,56838
444,303,resnet,electrical_drift_050rms,792,1.0,1.0,1.0,12.46599719999358,56838
444,303,resnet,electrical_drift_100rms,792,0.8143939393939394,0.7911166419131144,0.7911166419131146,12.46599719999358,56838
444,303,ft_transformer,clean_reextract,792,1.0,1.0,1.0,30.99993550000363,929670
444,303,ft_transformer,vibration_missing,792,0.38636363636363635,0.27980870082156484,0.27980870082156484,30.99993550000363,929670
444,303,ft_transformer,electrical_missing,792,0.8207070707070707,0.8063515781057274,0.8063515781057274,30.99993550000363,929670
444,303,ft_transformer,vibration_gain_075,792,0.9861111111111112,0.9860419673099684,0.9860419673099686,30.99993550000363,929670
444,303,ft_transformer,vibration_gain_050,792,0.6262626262626263,0.5436404208871792,0.5436404208871791,30.99993550000363,929670
444,303,ft_transformer,vibration_gain_025,792,0.49873737373737376,0.3601975206954567,0.36019752069545674,30.99993550000363,929670
444,303,ft_transformer,electrical_gain_075,792,0.3939393939393939,0.29311772308251044,0.29311772308251044,30.99993550000363,929670
444,303,ft_transformer,electrical_gain_050,792,0.23106060606060605,0.12244343437733797,0.12244343437733796,30.99993550000363,929670
444,303,ft_transformer,electrical_gain_025,792,0.30934343434343436,0.19901901706914518,0.19901901706914518,30.99993550000363,929670
444,303,ft_transformer,vibration_drift_025rms,792,1.0,1.0,1.0,30.99993550000363,929670
444,303,ft_transformer,vibration_drift_050rms,792,1.0,1.0,1.0,30.99993550000363,929670
444,303,ft_transformer,vibration_drift_100rms,792,1.0,1.0,1.0,30.99993550000363,929670
444,303,ft_transformer,electrical_drift_025rms,792,1.0,1.0,1.0,30.99993550000363,929670
444,303,ft_transformer,electrical_drift_050rms,792,0.9962121212121212,0.9962119581577963,0.9962119581577963,30.99993550000363,929670
444,303,ft_transformer,electrical_drift_100rms,792,0.9873737373737373,0.9873673560930986,0.9873673560930984,30.99993550000363,929670
444,303,tabm,clean_reextract,792,1.0,1.0,1.0,10.404924000002211,806080
444,303,tabm,vibration_missing,792,0.48358585858585856,0.42087086153416164,0.42087086153416176,10.404924000002211,806080
444,303,tabm,electrical_missing,792,0.8143939393939394,0.7985078980041919,0.798507898004192,10.404924000002211,806080
444,303,tabm,vibration_gain_075,792,1.0,1.0,1.0,10.404924000002211,806080
444,303,tabm,vibration_gain_050,792,0.9457070707070707,0.9470639721686721,0.9470639721686721,10.404924000002211,806080
444,303,tabm,vibration_gain_025,792,0.6527777777777778,0.6202795957174118,0.6202795957174119,10.404924000002211,806080
444,303,tabm,electrical_gain_075,792,0.61489898989899,0.513109248893263,0.513109248893263,10.404924000002211,806080
444,303,tabm,electrical_gain_050,792,0.47474747474747475,0.33520063646106607,0.33520063646106607,10.404924000002211,806080
444,303,tabm,electrical_gain_025,792,0.25252525252525254,0.17747817620198766,0.17747817620198764,10.404924000002211,806080
444,303,tabm,vibration_drift_025rms,792,1.0,1.0,1.0,10.404924000002211,806080
444,303,tabm,vibration_drift_050rms,792,1.0,1.0,1.0,10.404924000002211,806080
444,303,tabm,vibration_drift_100rms,792,0.9974747474747475,0.9974746025368765,0.9974746025368766,10.404924000002211,806080
444,303,tabm,electrical_drift_025rms,792,1.0,1.0,1.0,10.404924000002211,806080
444,303,tabm,electrical_drift_050rms,792,0.9949494949494949,0.9949490980004133,0.9949490980004133,10.404924000002211,806080
444,303,tabm,electrical_drift_100rms,792,0.4015151515151515,0.2852359451474035,0.2852359451474035,10.404924000002211,806080
444,303,tmc,clean_reextract,792,0.9987373737373737,0.9987373556209197,0.9987373556209197,21.529289999976754,15372
444,303,tmc,vibration_missing,792,0.9785353535353535,0.9784651508161556,0.9784651508161556,21.529289999976754,15372
444,303,tmc,electrical_missing,792,0.9873737373737373,0.9873923058748496,0.9873923058748494,21.529289999976754,15372
444,303,tmc,vibration_gain_075,792,0.9974747474747475,0.9974794400449795,0.9974794400449793,21.529289999976754,15372
444,303,tmc,vibration_gain_050,792,0.9747474747474747,0.9748585033667588,0.9748585033667589,21.529289999976754,15372
444,303,tmc,vibration_gain_025,792,0.8371212121212122,0.8234382657795672,0.8234382657795675,21.529289999976754,15372
444,303,tmc,electrical_gain_075,792,0.4154040404040404,0.3476165830970306,0.3476165830970307,21.529289999976754,15372
444,303,tmc,electrical_gain_050,792,0.38257575757575757,0.30582930358636,0.30582930358635996,21.529289999976754,15372
444,303,tmc,electrical_gain_025,792,0.36742424242424243,0.28177009606270836,0.28177009606270836,21.529289999976754,15372
444,303,tmc,vibration_drift_025rms,792,0.9987373737373737,0.9987373556209197,0.9987373556209197,21.529289999976754,15372
444,303,tmc,vibration_drift_050rms,792,0.9987373737373737,0.9987373556209197,0.9987373556209197,21.529289999976754,15372
444,303,tmc,vibration_drift_100rms,792,0.9987373737373737,0.9987373556209197,0.9987373556209197,21.529289999976754,15372
444,303,tmc,electrical_drift_025rms,792,0.9936868686868687,0.9936955335500314,0.9936955335500314,21.529289999976754,15372
444,303,tmc,electrical_drift_050rms,792,0.7525252525252525,0.709857819812249,0.7098578198122489,21.529289999976754,15372
444,303,tmc,electrical_drift_100rms,792,0.4722222222222222,0.35977915556461987,0.3597791555646199,21.529289999976754,15372
444,304,mlp,clean_reextract,792,0.9987373737373737,0.9987373556209197,0.9987373556209197,6.468906699999934,10758
444,304,mlp,vibration_missing,792,0.5303030303030303,0.5069058970790167,0.5069058970790168,6.468906699999934,10758
444,304,mlp,electrical_missing,792,0.9292929292929293,0.9293939169229191,0.9293939169229192,6.468906699999934,10758
444,304,mlp,vibration_gain_075,792,1.0,1.0,1.0,6.468906699999934,10758
444,304,mlp,vibration_gain_050,792,0.8712121212121212,0.8721193683741232,0.8721193683741231,6.468906699999934,10758
444,304,mlp,vibration_gain_025,792,0.6679292929292929,0.6260918515684919,0.626091851568492,6.468906699999934,10758
444,304,mlp,electrical_gain_075,792,0.40404040404040403,0.2684683262976552,0.2684683262976552,6.468906699999934,10758
444,304,mlp,electrical_gain_050,792,0.16792929292929293,0.05090965816101254,0.05090965816101254,6.468906699999934,10758
444,304,mlp,electrical_gain_025,792,0.16666666666666666,0.047619047619047616,0.04761904761904762,6.468906699999934,10758
444,304,mlp,vibration_drift_025rms,792,0.9987373737373737,0.9987373556209197,0.9987373556209197,6.468906699999934,10758
444,304,mlp,vibration_drift_050rms,792,0.9987373737373737,0.9987373556209197,0.9987373556209197,6.468906699999934,10758
444,304,mlp,vibration_drift_100rms,792,0.9974747474747475,0.9974746025368765,0.9974746025368766,6.468906699999934,10758
444,304,mlp,electrical_drift_025rms,792,0.9974747474747475,0.9974746025368765,0.9974746025368766,6.468906699999934,10758
444,304,mlp,electrical_drift_050rms,792,0.9962121212121212,0.9962116320117095,0.9962116320117095,6.468906699999934,10758
444,304,mlp,electrical_drift_100rms,792,0.9823232323232324,0.9823344874741141,0.9823344874741142,6.468906699999934,10758
444,304,resnet,clean_reextract,792,1.0,1.0,1.0,13.090512599999784,56838
444,304,resnet,vibration_missing,792,0.5808080808080808,0.5374313716717858,0.5374313716717859,13.090512599999784,56838
444,304,resnet,electrical_missing,792,0.8295454545454546,0.818261488316952,0.8182614883169521,13.090512599999784,56838
444,304,resnet,vibration_gain_075,792,1.0,1.0,1.0,13.090512599999784,56838
444,304,resnet,vibration_gain_050,792,0.8964646464646465,0.8886560091932414,0.8886560091932414,13.090512599999784,56838
444,304,resnet,vibration_gain_025,792,0.7234848484848485,0.7103600743325854,0.7103600743325853,13.090512599999784,56838
444,304,resnet,electrical_gain_075,792,0.5,0.3342632173088625,0.3342632173088625,13.090512599999784,56838
444,304,resnet,electrical_gain_050,792,0.5,0.33349133277909443,0.33349133277909443,13.090512599999784,56838
444,304,resnet,electrical_gain_025,792,0.4962121212121212,0.3308031048617089,0.33080310486170894,13.090512599999784,56838
444,304,resnet,vibration_drift_025rms,792,1.0,1.0,1.0,13.090512599999784,56838
444,304,resnet,vibration_drift_050rms,792,1.0,1.0,1.0,13.090512599999784,56838
444,304,resnet,vibration_drift_100rms,792,1.0,1.0,1.0,13.090512599999784,56838
444,304,resnet,electrical_drift_025rms,792,1.0,1.0,1.0,13.090512599999784,56838
444,304,resnet,electrical_drift_050rms,792,1.0,1.0,1.0,13.090512599999784,56838
444,304,resnet,electrical_drift_100rms,792,0.7449494949494949,0.743678883643568,0.7436788836435678,13.090512599999784,56838
444,304,ft_transformer,clean_reextract,792,1.0,1.0,1.0,31.340792800008785,929670
444,304,ft_transformer,vibration_missing,792,0.36237373737373735,0.24225530785917648,0.24225530785917646,31.340792800008785,929670
444,304,ft_transformer,electrical_missing,792,0.6111111111111112,0.5251564851391041,0.5251564851391041,31.340792800008785,929670
444,304,ft_transformer,vibration_gain_075,792,0.9911616161616161,0.9911002196206481,0.9911002196206481,31.340792800008785,929670
444,304,ft_transformer,vibration_gain_050,792,0.6287878787878788,0.5715513802864235,0.5715513802864235,31.340792800008785,929670
444,304,ft_transformer,vibration_gain_025,792,0.494949494949495,0.3592887624466572,0.3592887624466572,31.340792800008785,929670
444,304,ft_transformer,electrical_gain_075,792,0.15025252525252525,0.07771611852153548,0.07771611852153548,31.340792800008785,929670
444,304,ft_transformer,electrical_gain_050,792,0.1452020202020202,0.042687453600593915,0.042687453600593915,31.340792800008785,929670
444,304,ft_transformer,electrical_gain_025,792,0.16666666666666666,0.047670639219934995,0.04767063921993499,31.340792800008785,929670
444,304,ft_transformer,vibration_drift_025rms,792,1.0,1.0,1.0,31.340792800008785,929670
444,304,ft_transformer,vibration_drift_050rms,792,1.0,1.0,1.0,31.340792800008785,929670
444,304,ft_transformer,vibration_drift_100rms,792,1.0,1.0,1.0,31.340792800008785,929670
444,304,ft_transformer,electrical_drift_025rms,792,1.0,1.0,1.0,31.340792800008785,929670
444,304,ft_transformer,electrical_drift_050rms,792,0.9949494949494949,0.9949489876326293,0.9949489876326293,31.340792800008785,929670
444,304,ft_transformer,electrical_drift_100rms,792,0.6881313131313131,0.6593360860602281,0.6593360860602281,31.340792800008785,929670
444,304,tabm,clean_reextract,792,1.0,1.0,1.0,11.06996560000698,806080
444,304,tabm,vibration_missing,792,0.5050505050505051,0.4608231589608556,0.4608231589608556,11.06996560000698,806080
444,304,tabm,electrical_missing,792,0.8181818181818182,0.8037910915588102,0.8037910915588102,11.06996560000698,806080
444,304,tabm,vibration_gain_075,792,1.0,1.0,1.0,11.06996560000698,806080
444,304,tabm,vibration_gain_050,792,0.9381313131313131,0.9397695562818709,0.9397695562818709,11.06996560000698,806080
444,304,tabm,vibration_gain_025,792,0.6085858585858586,0.5578033568401941,0.5578033568401942,11.06996560000698,806080
444,304,tabm,electrical_gain_075,792,0.6452020202020202,0.5384003853617241,0.5384003853617241,11.06996560000698,806080
444,304,tabm,electrical_gain_050,792,0.5,0.3609893620241629,0.3609893620241629,11.06996560000698,806080
444,304,tabm,electrical_gain_025,792,0.49242424242424243,0.3561735266780623,0.35617352667806224,11.06996560000698,806080
444,304,tabm,vibration_drift_025rms,792,1.0,1.0,1.0,11.06996560000698,806080
444,304,tabm,vibration_drift_050rms,792,1.0,1.0,1.0,11.06996560000698,806080
444,304,tabm,vibration_drift_100rms,792,1.0,1.0,1.0,11.06996560000698,806080
444,304,tabm,electrical_drift_025rms,792,1.0,1.0,1.0,11.06996560000698,806080
444,304,tabm,electrical_drift_050rms,792,0.9962121212121212,0.9962116320117095,0.9962116320117095,11.06996560000698,806080
444,304,tabm,electrical_drift_100rms,792,0.45707070707070707,0.32107911791569926,0.3210791179156993,11.06996560000698,806080
444,304,tmc,clean_reextract,792,0.9987373737373737,0.9987373556209197,0.9987373556209197,21.90227560000494,15372
444,304,tmc,vibration_missing,792,0.9734848484848485,0.97331713199948,0.97331713199948,21.90227560000494,15372
444,304,tmc,electrical_missing,792,0.9848484848484849,0.9848894218362788,0.9848894218362788,21.90227560000494,15372
444,304,tmc,vibration_gain_075,792,0.9974747474747475,0.9974794400449795,0.9974794400449793,21.90227560000494,15372
444,304,tmc,vibration_gain_050,792,0.9797979797979798,0.9799441515655433,0.9799441515655434,21.90227560000494,15372
444,304,tmc,vibration_gain_025,792,0.8547979797979798,0.8450216053556293,0.8450216053556295,21.90227560000494,15372
444,304,tmc,electrical_gain_075,792,0.4633838383838384,0.3865975611013963,0.3865975611013963,21.90227560000494,15372
444,304,tmc,electrical_gain_050,792,0.4090909090909091,0.3324170167803479,0.33241701678034796,21.90227560000494,15372
444,304,tmc,electrical_gain_025,792,0.398989898989899,0.3204365705680969,0.32043657056809693,21.90227560000494,15372
444,304,tmc,vibration_drift_025rms,792,0.9987373737373737,0.9987373556209197,0.9987373556209197,21.90227560000494,15372
444,304,tmc,vibration_drift_050rms,792,0.9987373737373737,0.9987373556209197,0.9987373556209197,21.90227560000494,15372
444,304,tmc,vibration_drift_100rms,792,0.9987373737373737,0.9987373556209197,0.9987373556209197,21.90227560000494,15372
444,304,tmc,electrical_drift_025rms,792,0.9949494949494949,0.9949489876326293,0.9949489876326292,21.90227560000494,15372
444,304,tmc,electrical_drift_050rms,792,0.75,0.7087232238339558,0.7087232238339557,21.90227560000494,15372
444,304,tmc,electrical_drift_100rms,792,0.46085858585858586,0.3495299333740245,0.34952993337402455,21.90227560000494,15372
444,305,mlp,clean_reextract,792,1.0,1.0,1.0,6.515065700019477,10758
444,305,mlp,vibration_missing,792,0.46464646464646464,0.40275080533505125,0.40275080533505125,6.515065700019477,10758
444,305,mlp,electrical_missing,792,0.9368686868686869,0.9371437121309748,0.9371437121309748,6.515065700019477,10758
444,305,mlp,vibration_gain_075,792,1.0,1.0,1.0,6.515065700019477,10758
444,305,mlp,vibration_gain_050,792,0.8459595959595959,0.8383671855076572,0.8383671855076572,6.515065700019477,10758
444,305,mlp,vibration_gain_025,792,0.5921717171717171,0.5379347868511969,0.5379347868511968,6.515065700019477,10758
444,305,mlp,electrical_gain_075,792,0.2474747474747475,0.14435803079401696,0.14435803079401693,6.515065700019477,10758
444,305,mlp,electrical_gain_050,792,0.16666666666666666,0.047619047619047616,0.04761904761904762,6.515065700019477,10758
444,305,mlp,electrical_gain_025,792,0.16666666666666666,0.047619047619047616,0.04761904761904762,6.515065700019477,10758
444,305,mlp,vibration_drift_025rms,792,1.0,1.0,1.0,6.515065700019477,10758
444,305,mlp,vibration_drift_050rms,792,1.0,1.0,1.0,6.515065700019477,10758
444,305,mlp,vibration_drift_100rms,792,1.0,1.0,1.0,6.515065700019477,10758
444,305,mlp,electrical_drift_025rms,792,1.0,1.0,1.0,6.515065700019477,10758
444,305,mlp,electrical_drift_050rms,792,1.0,1.0,1.0,6.515065700019477,10758
444,305,mlp,electrical_drift_100rms,792,0.98989898989899,0.9898949298409248,0.9898949298409248,6.515065700019477,10758
444,305,resnet,clean_reextract,792,1.0,1.0,1.0,13.274565100000473,56838
444,305,resnet,vibration_missing,792,0.6186868686868687,0.6180737349811452,0.6180737349811453,13.274565100000473,56838
444,305,resnet,electrical_missing,792,0.8434343434343434,0.836584903397723,0.8365849033977231,13.274565100000473,56838
444,305,resnet,vibration_gain_075,792,0.9886363636363636,0.9886231415643181,0.9886231415643181,13.274565100000473,56838
444,305,resnet,vibration_gain_050,792,0.8042929292929293,0.8039533969222367,0.8039533969222369,13.274565100000473,56838
444,305,resnet,vibration_gain_025,792,0.5871212121212122,0.5332296971848164,0.5332296971848165,13.274565100000473,56838
444,305,resnet,electrical_gain_075,792,0.5,0.33341383599815844,0.33341383599815844,13.274565100000473,56838
444,305,resnet,electrical_gain_050,792,0.494949494949495,0.33027618019322913,0.33027618019322913,13.274565100000473,56838
444,305,resnet,electrical_gain_025,792,0.40404040404040403,0.2606501034763156,0.2606501034763156,13.274565100000473,56838
444,305,resnet,vibration_drift_025rms,792,1.0,1.0,1.0,13.274565100000473,56838
444,305,resnet,vibration_drift_050rms,792,1.0,1.0,1.0,13.274565100000473,56838
444,305,resnet,vibration_drift_100rms,792,1.0,1.0,1.0,13.274565100000473,56838
444,305,resnet,electrical_drift_025rms,792,1.0,1.0,1.0,13.274565100000473,56838
444,305,resnet,electrical_drift_050rms,792,0.9987373737373737,0.9987373556209196,0.9987373556209198,13.274565100000473,56838
444,305,resnet,electrical_drift_100rms,792,0.6843434343434344,0.6494468171636397,0.6494468171636396,13.274565100000473,56838
444,305,ft_transformer,clean_reextract,792,1.0,1.0,1.0,31.84814649997861,929670
444,305,ft_transformer,vibration_missing,792,0.42676767676767674,0.3762911942565639,0.3762911942565638,31.84814649997861,929670
444,305,ft_transformer,electrical_missing,792,0.5744949494949495,0.4631180969951854,0.46311809699518536,31.84814649997861,929670
444,305,ft_transformer,vibration_gain_075,792,0.98989898989899,0.9898826426891,0.9898826426891001,31.84814649997861,929670
444,305,ft_transformer,vibration_gain_050,792,0.6856060606060606,0.6414875477358011,0.6414875477358011,31.84814649997861,929670
444,305,ft_transformer,vibration_gain_025,792,0.5075757575757576,0.3765617191404298,0.37656171914042974,31.84814649997861,929670
444,305,ft_transformer,electrical_gain_075,792,0.28535353535353536,0.17153445864804903,0.171534458648049,31.84814649997861,929670
444,305,ft_transformer,electrical_gain_050,792,0.17297979797979798,0.059767173465803604,0.05976717346580361,31.84814649997861,929670
444,305,ft_transformer,electrical_gain_025,792,0.27146464646464646,0.14849856943567616,0.1484985694356762,31.84814649997861,929670
444,305,ft_transformer,vibration_drift_025rms,792,1.0,1.0,1.0,31.84814649997861,929670
444,305,ft_transformer,vibration_drift_050rms,792,1.0,1.0,1.0,31.84814649997861,929670
444,305,ft_transformer,vibration_drift_100rms,792,1.0,1.0,1.0,31.84814649997861,929670
444,305,ft_transformer,electrical_drift_025rms,792,1.0,1.0,1.0,31.84814649997861,929670
444,305,ft_transformer,electrical_drift_050rms,792,0.9924242424242424,0.9924203273040483,0.9924203273040482,31.84814649997861,929670
444,305,ft_transformer,electrical_drift_100rms,792,0.9128787878787878,0.9101915491992786,0.9101915491992787,31.84814649997861,929670
444,305,tabm,clean_reextract,792,1.0,1.0,1.0,10.583249500021338,806080
444,305,tabm,vibration_missing,792,0.48484848484848486,0.438743141867181,0.438743141867181,10.583249500021338,806080
444,305,tabm,electrical_missing,792,0.8181818181818182,0.8026682728718475,0.8026682728718476,10.583249500021338,806080
444,305,tabm,vibration_gain_075,792,1.0,1.0,1.0,10.583249500021338,806080
444,305,tabm,vibration_gain_050,792,0.9457070707070707,0.9470269352087713,0.9470269352087712,10.583249500021338,806080
444,305,tabm,vibration_gain_025,792,0.6388888888888888,0.6017009977087098,0.6017009977087098,10.583249500021338,806080
444,305,tabm,electrical_gain_075,792,0.5353535353535354,0.41350298767023896,0.41350298767023896,10.583249500021338,806080
444,305,tabm,electrical_gain_050,792,0.48484848484848486,0.3265779951512708,0.3265779951512708,10.583249500021338,806080
444,305,tabm,electrical_gain_025,792,0.4431818181818182,0.31675843211840876,0.3167584321184088,10.583249500021338,806080
444,305,tabm,vibration_drift_025rms,792,1.0,1.0,1.0,10.583249500021338,806080
444,305,tabm,vibration_drift_050rms,792,1.0,1.0,1.0,10.583249500021338,806080
444,305,tabm,vibration_drift_100rms,792,1.0,1.0,1.0,10.583249500021338,806080
444,305,tabm,electrical_drift_025rms,792,1.0,1.0,1.0,10.583249500021338,806080
444,305,tabm,electrical_drift_050rms,792,0.9974747474747475,0.9974746025368767,0.9974746025368766,10.583249500021338,806080
444,305,tabm,electrical_drift_100rms,792,0.5845959595959596,0.4987186167425168,0.4987186167425167,10.583249500021338,806080
444,305,tmc,clean_reextract,792,0.9987373737373737,0.9987373556209197,0.9987373556209197,21.658134700002847,15372
444,305,tmc,vibration_missing,792,0.976010101010101,0.9758645349994417,0.9758645349994417,21.658134700002847,15372
444,305,tmc,electrical_missing,792,0.9848484848484849,0.9848688962503744,0.9848688962503744,21.658134700002847,15372
444,305,tmc,vibration_gain_075,792,0.9974747474747475,0.9974794400449795,0.9974794400449793,21.658134700002847,15372
444,305,tmc,vibration_gain_050,792,0.98989898989899,0.9899492118283989,0.9899492118283989,21.658134700002847,15372
444,305,tmc,vibration_gain_025,792,0.8699494949494949,0.8652530251676677,0.8652530251676674,21.658134700002847,15372
444,305,tmc,electrical_gain_075,792,0.41919191919191917,0.3402286072183512,0.3402286072183512,21.658134700002847,15372
444,305,tmc,electrical_gain_050,792,0.37752525252525254,0.29409907349123254,0.29409907349123254,21.658134700002847,15372
444,305,tmc,electrical_gain_025,792,0.37373737373737376,0.28904940074831426,0.2890494007483143,21.658134700002847,15372
444,305,tmc,vibration_drift_025rms,792,0.9987373737373737,0.9987373556209197,0.9987373556209197,21.658134700002847,15372
444,305,tmc,vibration_drift_050rms,792,0.9987373737373737,0.9987373556209197,0.9987373556209197,21.658134700002847,15372
444,305,tmc,vibration_drift_100rms,792,0.9974747474747475,0.9974747293582934,0.9974747293582934,21.658134700002847,15372
444,305,tmc,electrical_drift_025rms,792,0.9962121212121212,0.9962119581577963,0.9962119581577963,21.658134700002847,15372
444,305,tmc,electrical_drift_050rms,792,0.7550505050505051,0.7150743791807878,0.7150743791807878,21.658134700002847,15372
444,305,tmc,electrical_drift_100rms,792,0.46085858585858586,0.3637400374525708,0.3637400374525708,21.658134700002847,15372
555,301,mlp,clean_reextract,792,0.9797979797979798,0.9797501973251969,0.9797501973251971,6.397614000015892,10758
555,301,mlp,vibration_missing,792,0.4128787878787879,0.3284264492565867,0.3284264492565867,6.397614000015892,10758
555,301,mlp,electrical_missing,792,0.9128787878787878,0.9098419511841803,0.9098419511841802,6.397614000015892,10758
555,301,mlp,vibration_gain_075,792,0.8762626262626263,0.8712136684798248,0.8712136684798247,6.397614000015892,10758
555,301,mlp,vibration_gain_050,792,0.6073232323232324,0.5404746992982287,0.5404746992982288,6.397614000015892,10758
555,301,mlp,vibration_gain_025,792,0.47095959595959597,0.35764787419024646,0.3576478741902464,6.397614000015892,10758
555,301,mlp,electrical_gain_075,792,0.1856060606060606,0.07947532175974224,0.07947532175974224,6.397614000015892,10758
555,301,mlp,electrical_gain_050,792,0.16540404040404041,0.04730949801372337,0.04730949801372337,6.397614000015892,10758
555,301,mlp,electrical_gain_025,792,0.16540404040404041,0.04730949801372337,0.04730949801372337,6.397614000015892,10758
555,301,mlp,vibration_drift_025rms,792,0.9797979797979798,0.9797501973251969,0.9797501973251971,6.397614000015892,10758
555,301,mlp,vibration_drift_050rms,792,0.9797979797979798,0.9797501973251969,0.9797501973251971,6.397614000015892,10758
555,301,mlp,vibration_drift_100rms,792,0.9633838383838383,0.9630318813964213,0.9630318813964215,6.397614000015892,10758
555,301,mlp,electrical_drift_025rms,792,0.9797979797979798,0.9797501973251969,0.9797501973251971,6.397614000015892,10758
555,301,mlp,electrical_drift_050rms,792,0.9797979797979798,0.9797501973251969,0.9797501973251971,6.397614000015892,10758
555,301,mlp,electrical_drift_100rms,792,0.9696969696969697,0.9694794247127435,0.9694794247127436,6.397614000015892,10758
555,301,resnet,clean_reextract,792,0.9962121212121212,0.9962213626314566,0.9962213626314564,13.827579000004334,56838
555,301,resnet,vibration_missing,792,0.577020202020202,0.5193059165469545,0.5193059165469543,13.827579000004334,56838
555,301,resnet,electrical_missing,792,0.8800505050505051,0.8686627915207873,0.8686627915207873,13.827579000004334,56838
555,301,resnet,vibration_gain_075,792,0.9974747474747475,0.9974698737337366,0.9974698737337367,13.827579000004334,56838
555,301,resnet,vibration_gain_050,792,0.8813131313131313,0.8671475218425635,0.8671475218425635,13.827579000004334,56838
555,301,resnet,vibration_gain_025,792,0.6111111111111112,0.5293924564361462,0.5293924564361462,13.827579000004334,56838
555,301,resnet,electrical_gain_075,792,0.45202020202020204,0.2998208577641667,0.2998208577641667,13.827579000004334,56838
555,301,resnet,electrical_gain_050,792,0.19444444444444445,0.08636325112297653,0.08636325112297653,13.827579000004334,56838
555,301,resnet,electrical_gain_025,792,0.16540404040404041,0.04730949801372337,0.04730949801372337,13.827579000004334,56838
555,301,resnet,vibration_drift_025rms,792,0.9962121212121212,0.9962213626314566,0.9962213626314564,13.827579000004334,56838
555,301,resnet,vibration_drift_050rms,792,0.9974747474747475,0.9974746025368765,0.9974746025368766,13.827579000004334,56838
555,301,resnet,vibration_drift_100rms,792,0.9974747474747475,0.9974746025368765,0.9974746025368766,13.827579000004334,56838
555,301,resnet,electrical_drift_025rms,792,0.9974747474747475,0.9974794400449795,0.9974794400449793,13.827579000004334,56838
555,301,resnet,electrical_drift_050rms,792,0.9974747474747475,0.9974794400449795,0.9974794400449793,13.827579000004334,56838
555,301,resnet,electrical_drift_100rms,792,0.9545454545454546,0.9545111347117247,0.9545111347117247,13.827579000004334,56838
555,301,ft_transformer,clean_reextract,792,0.9772727272727273,0.9769240304880231,0.9769240304880231,32.1640536999912,929670
555,301,ft_transformer,vibration_missing,792,0.37373737373737376,0.28771590344935954,0.2877159034493596,32.1640536999912,929670
555,301,ft_transformer,electrical_missing,792,0.5391414141414141,0.4167594857673869,0.416759485767387,32.1640536999912,929670
555,301,ft_transformer,vibration_gain_075,792,0.9987373737373737,0.9987373556209196,0.9987373556209198,32.1640536999912,929670
555,301,ft_transformer,vibration_gain_050,792,0.702020202020202,0.6761667216157278,0.6761667216157278,32.1640536999912,929670
555,301,ft_transformer,vibration_gain_025,792,0.43434343434343436,0.3166932450342102,0.31669324503421015,32.1640536999912,929670
555,301,ft_transformer,electrical_gain_075,792,0.31691919191919193,0.15838372080490618,0.15838372080490618,32.1640536999912,929670
555,301,ft_transformer,electrical_gain_050,792,0.17676767676767677,0.06485905909204641,0.06485905909204641,32.1640536999912,929670
555,301,ft_transformer,electrical_gain_025,792,0.1717171717171717,0.06045446878238029,0.06045446878238029,32.1640536999912,929670
555,301,ft_transformer,vibration_drift_025rms,792,0.976010101010101,0.9756266942662156,0.9756266942662156,32.1640536999912,929670
555,301,ft_transformer,vibration_drift_050rms,792,0.976010101010101,0.9756266942662156,0.9756266942662156,32.1640536999912,929670
555,301,ft_transformer,vibration_drift_100rms,792,0.9734848484848485,0.973026108856447,0.9730261088564471,32.1640536999912,929670
555,301,ft_transformer,electrical_drift_025rms,792,0.9772727272727273,0.9769240304880231,0.9769240304880231,32.1640536999912,929670
555,301,ft_transformer,electrical_drift_050rms,792,0.9595959595959596,0.9592365994693172,0.9592365994693173,32.1640536999912,929670
555,301,ft_transformer,electrical_drift_100rms,792,0.6047979797979798,0.5900280658544109,0.590028065854411,32.1640536999912,929670
555,301,tabm,clean_reextract,792,0.9987373737373737,0.9987373556209196,0.9987373556209197,10.620746600005077,806080
555,301,tabm,vibration_missing,792,0.5227272727272727,0.4899065351106526,0.4899065351106525,10.620746600005077,806080
555,301,tabm,electrical_missing,792,0.8699494949494949,0.8547335286118539,0.8547335286118538,10.620746600005077,806080
555,301,tabm,vibration_gain_075,792,0.9987373737373737,0.9987373556209196,0.9987373556209197,10.620746600005077,806080
555,301,tabm,vibration_gain_050,792,0.8232323232323232,0.8134195435024965,0.8134195435024966,10.620746600005077,806080
555,301,tabm,vibration_gain_025,792,0.5315656565656566,0.4246586802847531,0.424658680284753,10.620746600005077,806080
555,301,tabm,electrical_gain_075,792,0.5315656565656566,0.4141484157160309,0.4141484157160309,10.620746600005077,806080
555,301,tabm,electrical_gain_050,792,0.351010101010101,0.2709636194921783,0.2709636194921783,10.620746600005077,806080
555,301,tabm,electrical_gain_025,792,0.22727272727272727,0.1423814806215549,0.14238148062155492,10.620746600005077,806080
555,301,tabm,vibration_drift_025rms,792,0.9987373737373737,0.9987373556209196,0.9987373556209197,10.620746600005077,806080
555,301,tabm,vibration_drift_050rms,792,0.9987373737373737,0.9987373556209196,0.9987373556209197,10.620746600005077,806080
555,301,tabm,vibration_drift_100rms,792,0.9987373737373737,0.9987373556209196,0.9987373556209197,10.620746600005077,806080
555,301,tabm,electrical_drift_025rms,792,0.9987373737373737,0.9987373556209196,0.9987373556209197,10.620746600005077,806080
555,301,tabm,electrical_drift_050rms,792,0.9987373737373737,0.9987373556209196,0.9987373556209197,10.620746600005077,806080
555,301,tabm,electrical_drift_100rms,792,0.5997474747474747,0.48970843289239335,0.48970843289239335,10.620746600005077,806080
555,301,tmc,clean_reextract,792,0.9949494949494949,0.994939583158969,0.9949395831589689,21.49384879998979,15372
555,301,tmc,vibration_missing,792,0.9482323232323232,0.9475458358305913,0.9475458358305913,21.49384879998979,15372
555,301,tmc,electrical_missing,792,0.9835858585858586,0.9835586757477247,0.9835586757477247,21.49384879998979,15372
555,301,tmc,vibration_gain_075,792,0.9848484848484849,0.9849160713820334,0.9849160713820332,21.49384879998979,15372
555,301,tmc,vibration_gain_050,792,0.928030303030303,0.9288576956822728,0.9288576956822728,21.49384879998979,15372
555,301,tmc,vibration_gain_025,792,0.7209595959595959,0.6897805231172255,0.6897805231172255,21.49384879998979,15372
555,301,tmc,electrical_gain_075,792,0.3813131313131313,0.2995319082540178,0.2995319082540178,21.49384879998979,15372
555,301,tmc,electrical_gain_050,792,0.35984848484848486,0.2694870425472394,0.26948704254723943,21.49384879998979,15372
555,301,tmc,electrical_gain_025,792,0.35353535353535354,0.25940373363053776,0.25940373363053776,21.49384879998979,15372
555,301,tmc,vibration_drift_025rms,792,0.9949494949494949,0.994939583158969,0.9949395831589689,21.49384879998979,15372
555,301,tmc,vibration_drift_050rms,792,0.9924242424242424,0.9923893847247859,0.9923893847247859,21.49384879998979,15372
555,301,tmc,vibration_drift_100rms,792,0.9848484848484849,0.9848182800760417,0.9848182800760417,21.49384879998979,15372
555,301,tmc,electrical_drift_025rms,792,0.9785353535353535,0.9787198286574048,0.9787198286574048,21.49384879998979,15372
555,301,tmc,electrical_drift_050rms,792,0.6994949494949495,0.6673114635600584,0.6673114635600584,21.49384879998979,15372
555,301,tmc,electrical_drift_100rms,792,0.44191919191919193,0.3388395849204268,0.33883958492042676,21.49384879998979,15372
555,302,mlp,clean_reextract,792,0.9987373737373737,0.9987373556209196,0.9987373556209197,6.484181300009368,10758
555,302,mlp,vibration_missing,792,0.47853535353535354,0.3886766358231002,0.38867663582310025,6.484181300009368,10758
555,302,mlp,electrical_missing,792,0.946969696969697,0.9467948457281987,0.9467948457281988,6.484181300009368,10758
555,302,mlp,vibration_gain_075,792,0.9709595959595959,0.9708481494057324,0.9708481494057325,6.484181300009368,10758
555,302,mlp,vibration_gain_050,792,0.7474747474747475,0.7128548717535649,0.712854871753565,6.484181300009368,10758
555,302,mlp,vibration_gain_025,792,0.5391414141414141,0.4582376514325468,0.45823765143254674,6.484181300009368,10758
555,302,mlp,electrical_gain_075,792,0.32323232323232326,0.18673793330511265,0.18673793330511265,6.484181300009368,10758
555,302,mlp,electrical_gain_050,792,0.16540404040404041,0.04730949801372337,0.04730949801372337,6.484181300009368,10758
555,302,mlp,electrical_gain_025,792,0.16540404040404041,0.04730949801372337,0.04730949801372337,6.484181300009368,10758
555,302,mlp,vibration_drift_025rms,792,0.9987373737373737,0.9987373556209196,0.9987373556209197,6.484181300009368,10758
555,302,mlp,vibration_drift_050rms,792,0.9987373737373737,0.9987373556209196,0.9987373556209197,6.484181300009368,10758
555,302,mlp,vibration_drift_100rms,792,0.9987373737373737,0.9987373556209196,0.9987373556209197,6.484181300009368,10758
555,302,mlp,electrical_drift_025rms,792,0.9974747474747475,0.9974747112418395,0.9974747112418396,6.484181300009368,10758
555,302,mlp,electrical_drift_050rms,792,0.9924242424242424,0.9924219589709505,0.9924219589709508,6.484181300009368,10758
555,302,mlp,electrical_drift_100rms,792,0.9785353535353535,0.978558431392336,0.978558431392336,6.484181300009368,10758
555,302,resnet,clean_reextract,792,1.0,1.0,1.0,13.49133650001022,56838
555,302,resnet,vibration_missing,792,0.4797979797979798,0.419924807072253,0.419924807072253,13.49133650001022,56838
555,302,resnet,electrical_missing,792,0.9747474747474747,0.9750041138584695,0.9750041138584695,13.49133650001022,56838
555,302,resnet,vibration_gain_075,792,0.9949494949494949,0.9949483352468427,0.9949483352468428,13.49133650001022,56838
555,302,resnet,vibration_gain_050,792,0.8156565656565656,0.8112237739443442,0.8112237739443441,13.49133650001022,56838
555,302,resnet,vibration_gain_025,792,0.5391414141414141,0.4358116591031597,0.4358116591031598,13.49133650001022,56838
555,302,resnet,electrical_gain_075,792,0.49873737373737376,0.3326115747948873,0.3326115747948873,13.49133650001022,56838
555,302,resnet,electrical_gain_050,792,0.4936868686868687,0.33130362060753776,0.33130362060753776,13.49133650001022,56838
555,302,resnet,electrical_gain_025,792,0.4217171717171717,0.2866925181905735,0.2866925181905735,13.49133650001022,56838
555,302,resnet,vibration_drift_025rms,792,1.0,1.0,1.0,13.49133650001022,56838
555,302,resnet,vibration_drift_050rms,792,1.0,1.0,1.0,13.49133650001022,56838
555,302,resnet,vibration_drift_100rms,792,1.0,1.0,1.0,13.49133650001022,56838
555,302,resnet,electrical_drift_025rms,792,1.0,1.0,1.0,13.49133650001022,56838
555,302,resnet,electrical_drift_050rms,792,1.0,1.0,1.0,13.49133650001022,56838
555,302,resnet,electrical_drift_100rms,792,0.9318181818181818,0.9314731646182063,0.9314731646182065,13.49133650001022,56838
555,302,ft_transformer,clean_reextract,792,1.0,1.0,1.0,31.484268000000156,929670
555,302,ft_transformer,vibration_missing,792,0.3446969696969697,0.19284887784453628,0.19284887784453622,31.484268000000156,929670
555,302,ft_transformer,electrical_missing,792,0.5896464646464646,0.5024373105789331,0.5024373105789331,31.484268000000156,929670
555,302,ft_transformer,vibration_gain_075,792,0.9886363636363636,0.9886231415643181,0.9886231415643181,31.484268000000156,929670
555,302,ft_transformer,vibration_gain_050,792,0.5896464646464646,0.5249501452128188,0.5249501452128188,31.484268000000156,929670
555,302,ft_transformer,vibration_gain_025,792,0.4936868686868687,0.36376403869676416,0.36376403869676416,31.484268000000156,929670
555,302,ft_transformer,electrical_gain_075,792,0.16792929292929293,0.05102761064703935,0.05102761064703935,31.484268000000156,929670
555,302,ft_transformer,electrical_gain_050,792,0.16666666666666666,0.04777415852334419,0.04777415852334419,31.484268000000156,929670
555,302,ft_transformer,electrical_gain_025,792,0.16666666666666666,0.047619047619047616,0.04761904761904762,31.484268000000156,929670
555,302,ft_transformer,vibration_drift_025rms,792,1.0,1.0,1.0,31.484268000000156,929670
555,302,ft_transformer,vibration_drift_050rms,792,1.0,1.0,1.0,31.484268000000156,929670
555,302,ft_transformer,vibration_drift_100rms,792,1.0,1.0,1.0,31.484268000000156,929670
555,302,ft_transformer,electrical_drift_025rms,792,1.0,1.0,1.0,31.484268000000156,929670
555,302,ft_transformer,electrical_drift_050rms,792,0.9911616161616161,0.9911788929788378,0.9911788929788378,31.484268000000156,929670
555,302,ft_transformer,electrical_drift_100rms,792,0.9621212121212122,0.9620603788198793,0.9620603788198794,31.484268000000156,929670
555,302,tabm,clean_reextract,792,0.9987373737373737,0.9987373556209196,0.9987373556209197,10.802064999996219,806080
555,302,tabm,vibration_missing,792,0.4936868686868687,0.4377566133122397,0.43775661331223975,10.802064999996219,806080
555,302,tabm,electrical_missing,792,0.8472222222222222,0.8186114898962571,0.8186114898962569,10.802064999996219,806080
555,302,tabm,vibration_gain_075,792,0.9974747474747475,0.9974747112418395,0.9974747112418394,10.802064999996219,806080
555,302,tabm,vibration_gain_050,792,0.6818181818181818,0.6277670859927372,0.6277670859927372,10.802064999996219,806080
555,302,tabm,vibration_gain_025,792,0.4911616161616162,0.3683690736585115,0.3683690736585115,10.802064999996219,806080
555,302,tabm,electrical_gain_075,792,0.4532828282828283,0.3010321662245626,0.30103216622456264,10.802064999996219,806080
555,302,tabm,electrical_gain_050,792,0.32323232323232326,0.16370049703383036,0.16370049703383036,10.802064999996219,806080
555,302,tabm,electrical_gain_025,792,0.25126262626262624,0.13229629629629627,0.1322962962962963,10.802064999996219,806080
555,302,tabm,vibration_drift_025rms,792,0.9987373737373737,0.9987373556209196,0.9987373556209197,10.802064999996219,806080
555,302,tabm,vibration_drift_050rms,792,0.9987373737373737,0.9987373556209196,0.9987373556209197,10.802064999996219,806080
555,302,tabm,vibration_drift_100rms,792,0.9987373737373737,0.9987373556209196,0.9987373556209197,10.802064999996219,806080
555,302,tabm,electrical_drift_025rms,792,0.9987373737373737,0.9987373556209196,0.9987373556209197,10.802064999996219,806080
555,302,tabm,electrical_drift_050rms,792,0.9974747474747475,0.9974747112418395,0.9974747112418395,10.802064999996219,806080
555,302,tabm,electrical_drift_100rms,792,0.5707070707070707,0.45507402108384004,0.4550740210838401,10.802064999996219,806080
555,302,tmc,clean_reextract,792,0.9936868686868687,0.9936669873926567,0.9936669873926567,21.81883940001717,15372
555,302,tmc,vibration_missing,792,0.9545454545454546,0.9540860010996091,0.954086001099609,21.81883940001717,15372
555,302,tmc,electrical_missing,792,0.9861111111111112,0.9860662494425995,0.9860662494425995,21.81883940001717,15372
555,302,tmc,vibration_gain_075,792,0.9835858585858586,0.9836570343882561,0.983657034388256,21.81883940001717,15372
555,302,tmc,vibration_gain_050,792,0.9343434343434344,0.9356796109958793,0.9356796109958793,21.81883940001717,15372
555,302,tmc,vibration_gain_025,792,0.7436868686868687,0.7214275747784571,0.7214275747784569,21.81883940001717,15372
555,302,tmc,electrical_gain_075,792,0.43813131313131315,0.35740807557319515,0.3574080755731951,21.81883940001717,15372
555,302,tmc,electrical_gain_050,792,0.4305555555555556,0.35101214574898787,0.3510121457489878,21.81883940001717,15372
555,302,tmc,electrical_gain_025,792,0.42803030303030304,0.3488064196632507,0.34880641966325066,21.81883940001717,15372
555,302,tmc,vibration_drift_025rms,792,0.9924242424242424,0.9923893847247859,0.9923893847247859,21.81883940001717,15372
555,302,tmc,vibration_drift_050rms,792,0.9911616161616161,0.9911113926060914,0.9911113926060913,21.81883940001717,15372
555,302,tmc,vibration_drift_100rms,792,0.9886363636363636,0.9885399755771065,0.9885399755771066,21.81883940001717,15372
555,302,tmc,electrical_drift_025rms,792,0.9772727272727273,0.9774533373052673,0.9774533373052673,21.81883940001717,15372
555,302,tmc,electrical_drift_050rms,792,0.7032828282828283,0.6696812027477304,0.6696812027477304,21.81883940001717,15372
555,302,tmc,electrical_drift_100rms,792,0.45580808080808083,0.3756518194163119,0.3756518194163119,21.81883940001717,15372
555,303,mlp,clean_reextract,792,0.9987373737373737,0.9987373556209196,0.9987373556209197,6.535191700007999,10758
555,303,mlp,vibration_missing,792,0.5315656565656566,0.48509806235309777,0.4850980623530977,6.535191700007999,10758
555,303,mlp,electrical_missing,792,0.9595959595959596,0.9594376228276541,0.9594376228276541,6.535191700007999,10758
555,303,mlp,vibration_gain_075,792,0.9974747474747475,0.9974747112418395,0.9974747112418394,6.535191700007999,10758
555,303,mlp,vibration_gain_050,792,0.8484848484848485,0.8441659305463779,0.8441659305463778,6.535191700007999,10758
555,303,mlp,vibration_gain_025,792,0.5757575757575758,0.48506879473953807,0.48506879473953807,6.535191700007999,10758
555,303,mlp,electrical_gain_075,792,0.21843434343434343,0.1073989572307813,0.10739895723078129,6.535191700007999,10758
555,303,mlp,electrical_gain_050,792,0.16540404040404041,0.04730949801372337,0.04730949801372337,6.535191700007999,10758
555,303,mlp,electrical_gain_025,792,0.16540404040404041,0.04730949801372337,0.04730949801372337,6.535191700007999,10758
555,303,mlp,vibration_drift_025rms,792,0.9987373737373737,0.9987373556209196,0.9987373556209197,6.535191700007999,10758
555,303,mlp,vibration_drift_050rms,792,0.9987373737373737,0.9987373556209196,0.9987373556209197,6.535191700007999,10758
555,303,mlp,vibration_drift_100rms,792,0.9987373737373737,0.9987373556209196,0.9987373556209197,6.535191700007999,10758
555,303,mlp,electrical_drift_025rms,792,0.9987373737373737,0.9987373556209196,0.9987373556209197,6.535191700007999,10758
555,303,mlp,electrical_drift_050rms,792,0.9949494949494949,0.9949489876326293,0.9949489876326293,6.535191700007999,10758
555,303,mlp,electrical_drift_100rms,792,0.98989898989899,0.9899163025404779,0.9899163025404778,6.535191700007999,10758
555,303,resnet,clean_reextract,792,0.9962121212121212,0.9962119581577963,0.9962119581577963,13.66464529998484,56838
555,303,resnet,vibration_missing,792,0.51010101010101,0.47350593560699705,0.47350593560699694,13.66464529998484,56838
555,303,resnet,electrical_missing,792,0.9318181818181818,0.9308687617643794,0.9308687617643795,13.66464529998484,56838
555,303,resnet,vibration_gain_075,792,0.9911616161616161,0.9911824532546966,0.9911824532546966,13.66464529998484,56838
555,303,resnet,vibration_gain_050,792,0.8472222222222222,0.8453868934629513,0.8453868934629513,13.66464529998484,56838
555,303,resnet,vibration_gain_025,792,0.6073232323232324,0.6077248595773388,0.6077248595773388,13.66464529998484,56838
555,303,resnet,electrical_gain_075,792,0.4962121212121212,0.33099339860784394,0.33099339860784394,13.66464529998484,56838
555,303,resnet,electrical_gain_050,792,0.37626262626262624,0.23566485575772192,0.23566485575772195,13.66464529998484,56838
555,303,resnet,electrical_gain_025,792,0.26515151515151514,0.1378799756118805,0.13787997561188048,13.66464529998484,56838
555,303,resnet,vibration_drift_025rms,792,0.9962121212121212,0.9962119581577963,0.9962119581577963,13.66464529998484,56838
555,303,resnet,vibration_drift_050rms,792,0.9962121212121212,0.9962119581577963,0.9962119581577963,13.66464529998484,56838
555,303,resnet,vibration_drift_100rms,792,0.9962121212121212,0.9962119581577963,0.9962119581577963,13.66464529998484,56838
555,303,resnet,electrical_drift_025rms,792,0.9974747474747475,0.9974747112418395,0.9974747112418395,13.66464529998484,56838
555,303,resnet,electrical_drift_050rms,792,0.9709595959595959,0.9706762078974086,0.9706762078974085,13.66464529998484,56838
555,303,resnet,electrical_drift_100rms,792,0.8106060606060606,0.7869230917940836,0.7869230917940836,13.66464529998484,56838
555,303,ft_transformer,clean_reextract,792,1.0,1.0,1.0,31.39917299998342,929670
555,303,ft_transformer,vibration_missing,792,0.43813131313131315,0.36621037214118357,0.3662103721411835,31.39917299998342,929670
555,303,ft_transformer,electrical_missing,792,0.8522727272727273,0.8438387880639451,0.8438387880639451,31.39917299998342,929670
555,303,ft_transformer,vibration_gain_075,792,0.9709595959595959,0.9708965228592822,0.970896522859282,31.39917299998342,929670
555,303,ft_transformer,vibration_gain_050,792,0.6325757575757576,0.5728060673982344,0.5728060673982345,31.39917299998342,929670
555,303,ft_transformer,vibration_gain_025,792,0.5050505050505051,0.3708473962847642,0.3708473962847642,31.39917299998342,929670
555,303,ft_transformer,electrical_gain_075,792,0.16666666666666666,0.04798255179934569,0.04798255179934569,31.39917299998342,929670
555,303,ft_transformer,electrical_gain_050,792,0.16666666666666666,0.047619047619047616,0.04761904761904762,31.39917299998342,929670
555,303,ft_transformer,electrical_gain_025,792,0.16666666666666666,0.047619047619047616,0.04761904761904762,31.39917299998342,929670
555,303,ft_transformer,vibration_drift_025rms,792,1.0,1.0,1.0,31.39917299998342,929670
555,303,ft_transformer,vibration_drift_050rms,792,1.0,1.0,1.0,31.39917299998342,929670
555,303,ft_transformer,vibration_drift_100rms,792,1.0,1.0,1.0,31.39917299998342,929670
555,303,ft_transformer,electrical_drift_025rms,792,1.0,1.0,1.0,31.39917299998342,929670
555,303,ft_transformer,electrical_drift_050rms,792,1.0,1.0,1.0,31.39917299998342,929670
555,303,ft_transformer,electrical_drift_100rms,792,0.9734848484848485,0.9733782121881496,0.9733782121881495,31.39917299998342,929670
555,303,tabm,clean_reextract,792,0.9987373737373737,0.9987373556209196,0.9987373556209197,10.753990899975179,806080
555,303,tabm,vibration_missing,792,0.5404040404040404,0.5006803984043242,0.5006803984043243,10.753990899975179,806080
555,303,tabm,electrical_missing,792,0.8598484848484849,0.8390831824050196,0.8390831824050194,10.753990899975179,806080
555,303,tabm,vibration_gain_075,792,0.9987373737373737,0.9987373556209196,0.9987373556209197,10.753990899975179,806080
555,303,tabm,vibration_gain_050,792,0.8409090909090909,0.8254522367162833,0.8254522367162834,10.753990899975179,806080
555,303,tabm,vibration_gain_025,792,0.5176767676767676,0.4102854504877204,0.4102854504877203,10.753990899975179,806080
555,303,tabm,electrical_gain_075,792,0.6502525252525253,0.5441121020081279,0.5441121020081278,10.753990899975179,806080
555,303,tabm,electrical_gain_050,792,0.4684343434343434,0.32839543209023464,0.32839543209023464,10.753990899975179,806080
555,303,tabm,electrical_gain_025,792,0.29419191919191917,0.20173025979710668,0.2017302597971067,10.753990899975179,806080
555,303,tabm,vibration_drift_025rms,792,0.9987373737373737,0.9987373556209196,0.9987373556209197,10.753990899975179,806080
555,303,tabm,vibration_drift_050rms,792,0.9987373737373737,0.9987373556209196,0.9987373556209197,10.753990899975179,806080
555,303,tabm,vibration_drift_100rms,792,0.9987373737373737,0.9987373556209196,0.9987373556209197,10.753990899975179,806080
555,303,tabm,electrical_drift_025rms,792,0.9987373737373737,0.9987373556209196,0.9987373556209197,10.753990899975179,806080
555,303,tabm,electrical_drift_050rms,792,0.9987373737373737,0.9987373556209196,0.9987373556209197,10.753990899975179,806080
555,303,tabm,electrical_drift_100rms,792,0.5744949494949495,0.4570990336341377,0.45709903363413773,10.753990899975179,806080
555,303,tmc,clean_reextract,792,0.9924242424242424,0.9923893847247859,0.9923893847247859,21.70124520000536,15372
555,303,tmc,vibration_missing,792,0.9558080808080808,0.95544958111613,0.95544958111613,21.70124520000536,15372
555,303,tmc,electrical_missing,792,0.9835858585858586,0.9835755821113937,0.9835755821113937,21.70124520000536,15372
555,303,tmc,vibration_gain_075,792,0.9848484848484849,0.9848243121426589,0.9848243121426589,21.70124520000536,15372
555,303,tmc,vibration_gain_050,792,0.9292929292929293,0.9305564513607959,0.9305564513607959,21.70124520000536,15372
555,303,tmc,vibration_gain_025,792,0.7108585858585859,0.6785810817214785,0.6785810817214784,21.70124520000536,15372
555,303,tmc,electrical_gain_075,792,0.4154040404040404,0.3477567385641956,0.3477567385641956,21.70124520000536,15372
555,303,tmc,electrical_gain_050,792,0.38636363636363635,0.31198018351785634,0.3119801835178564,21.70124520000536,15372
555,303,tmc,electrical_gain_025,792,0.380050505050505,0.30283224901180417,0.30283224901180417,21.70124520000536,15372
555,303,tmc,vibration_drift_025rms,792,0.9911616161616161,0.9911113926060914,0.9911113926060913,21.70124520000536,15372
555,303,tmc,vibration_drift_050rms,792,0.9911616161616161,0.9911113926060914,0.9911113926060913,21.70124520000536,15372
555,303,tmc,vibration_drift_100rms,792,0.98989898989899,0.9897932154825265,0.9897932154825265,21.70124520000536,15372
555,303,tmc,electrical_drift_025rms,792,0.9772727272727273,0.9774213012776135,0.9774213012776135,21.70124520000536,15372
555,303,tmc,electrical_drift_050rms,792,0.7222222222222222,0.6871993960881734,0.6871993960881733,21.70124520000536,15372
555,303,tmc,electrical_drift_100rms,792,0.46464646464646464,0.38471132704788996,0.38471132704788996,21.70124520000536,15372
555,304,mlp,clean_reextract,792,1.0,1.0,1.0,6.708280699996976,10758
555,304,mlp,vibration_missing,792,0.5517676767676768,0.5110227808786851,0.5110227808786851,6.708280699996976,10758
555,304,mlp,electrical_missing,792,0.952020202020202,0.9519135549773696,0.9519135549773696,6.708280699996976,10758
555,304,mlp,vibration_gain_075,792,0.9962121212121212,0.9962119581577961,0.9962119581577964,6.708280699996976,10758
555,304,mlp,vibration_gain_050,792,0.7929292929292929,0.7892810173516381,0.789281017351638,6.708280699996976,10758
555,304,mlp,vibration_gain_025,792,0.5404040404040404,0.4361350067220702,0.4361350067220702,6.708280699996976,10758
555,304,mlp,electrical_gain_075,792,0.20959595959595959,0.10328758924372622,0.10328758924372622,6.708280699996976,10758
555,304,mlp,electrical_gain_050,792,0.16666666666666666,0.047619047619047616,0.04761904761904762,6.708280699996976,10758
555,304,mlp,electrical_gain_025,792,0.16666666666666666,0.047619047619047616,0.04761904761904762,6.708280699996976,10758
555,304,mlp,vibration_drift_025rms,792,1.0,1.0,1.0,6.708280699996976,10758
555,304,mlp,vibration_drift_050rms,792,1.0,1.0,1.0,6.708280699996976,10758
555,304,mlp,vibration_drift_100rms,792,1.0,1.0,1.0,6.708280699996976,10758
555,304,mlp,electrical_drift_025rms,792,1.0,1.0,1.0,6.708280699996976,10758
555,304,mlp,electrical_drift_050rms,792,0.9962121212121212,0.9962116320117095,0.9962116320117095,6.708280699996976,10758
555,304,mlp,electrical_drift_100rms,792,0.9873737373737373,0.9873712730305618,0.9873712730305619,6.708280699996976,10758
555,304,resnet,clean_reextract,792,0.9987373737373737,0.9987373556209196,0.9987373556209197,13.256393299991032,56838
555,304,resnet,vibration_missing,792,0.5189393939393939,0.4691764042757384,0.46917640427573837,13.256393299991032,56838
555,304,resnet,electrical_missing,792,0.9431818181818182,0.9421553555694753,0.9421553555694752,13.256393299991032,56838
555,304,resnet,vibration_gain_075,792,0.9974747474747475,0.9974698737337366,0.9974698737337367,13.256393299991032,56838
555,304,resnet,vibration_gain_050,792,0.7891414141414141,0.7729204724875838,0.7729204724875838,13.256393299991032,56838
555,304,resnet,vibration_gain_025,792,0.5075757575757576,0.4370956728502115,0.43709567285021145,13.256393299991032,56838
555,304,resnet,electrical_gain_075,792,0.49873737373737376,0.3581593001514019,0.3581593001514019,13.256393299991032,56838
555,304,resnet,electrical_gain_050,792,0.3522727272727273,0.20909419667603565,0.20909419667603563,13.256393299991032,56838
555,304,resnet,electrical_gain_025,792,0.32954545454545453,0.1725599200253578,0.17255992002535786,13.256393299991032,56838
555,304,resnet,vibration_drift_025rms,792,0.9987373737373737,0.9987373556209196,0.9987373556209197,13.256393299991032,56838
555,304,resnet,vibration_drift_050rms,792,0.9987373737373737,0.9987373556209196,0.9987373556209197,13.256393299991032,56838
555,304,resnet,vibration_drift_100rms,792,0.9987373737373737,0.9987373556209196,0.9987373556209197,13.256393299991032,56838
555,304,resnet,electrical_drift_025rms,792,0.9987373737373737,0.9987373556209196,0.9987373556209197,13.256393299991032,56838
555,304,resnet,electrical_drift_050rms,792,0.9987373737373737,0.9987373556209196,0.9987373556209197,13.256393299991032,56838
555,304,resnet,electrical_drift_100rms,792,0.9595959595959596,0.9600470424712659,0.9600470424712659,13.256393299991032,56838
555,304,ft_transformer,clean_reextract,792,1.0,1.0,1.0,31.52611489998526,929670
555,304,ft_transformer,vibration_missing,792,0.4734848484848485,0.41269369052132565,0.41269369052132565,31.52611489998526,929670
555,304,ft_transformer,electrical_missing,792,0.6186868686868687,0.5467688897353227,0.5467688897353228,31.52611489998526,929670
555,304,ft_transformer,vibration_gain_075,792,0.9861111111111112,0.9861428876556704,0.9861428876556705,31.52611489998526,929670
555,304,ft_transformer,vibration_gain_050,792,0.6792929292929293,0.584807298949645,0.584807298949645,31.52611489998526,929670
555,304,ft_transformer,vibration_gain_025,792,0.5303030303030303,0.4328399230629476,0.4328399230629476,31.52611489998526,929670
555,304,ft_transformer,electrical_gain_075,792,0.29545454545454547,0.19200620429301182,0.19200620429301185,31.52611489998526,929670
555,304,ft_transformer,electrical_gain_050,792,0.16666666666666666,0.047619047619047616,0.04761904761904762,31.52611489998526,929670
555,304,ft_transformer,electrical_gain_025,792,0.16666666666666666,0.047619047619047616,0.04761904761904762,31.52611489998526,929670
555,304,ft_transformer,vibration_drift_025rms,792,1.0,1.0,1.0,31.52611489998526,929670
555,304,ft_transformer,vibration_drift_050rms,792,1.0,1.0,1.0,31.52611489998526,929670
555,304,ft_transformer,vibration_drift_100rms,792,0.9987373737373737,0.9987373556209197,0.9987373556209197,31.52611489998526,929670
555,304,ft_transformer,electrical_drift_025rms,792,0.9974747474747475,0.9974747112418395,0.9974747112418396,31.52611489998526,929670
555,304,ft_transformer,electrical_drift_050rms,792,0.9709595959595959,0.9708991841395495,0.9708991841395495,31.52611489998526,929670
555,304,ft_transformer,electrical_drift_100rms,792,0.31313131313131315,0.18456397403765823,0.18456397403765823,31.52611489998526,929670
555,304,tabm,clean_reextract,792,0.9987373737373737,0.9987373556209196,0.9987373556209197,10.899187400005758,806080
555,304,tabm,vibration_missing,792,0.5290404040404041,0.4986852586485819,0.4986852586485819,10.899187400005758,806080
555,304,tabm,electrical_missing,792,0.8434343434343434,0.8212611348257665,0.8212611348257665,10.899187400005758,806080
555,304,tabm,vibration_gain_075,792,0.9987373737373737,0.9987373556209196,0.9987373556209197,10.899187400005758,806080
555,304,tabm,vibration_gain_050,792,0.8257575757575758,0.8187879327772785,0.8187879327772786,10.899187400005758,806080
555,304,tabm,vibration_gain_025,792,0.5113636363636364,0.3955891417451292,0.3955891417451292,10.899187400005758,806080
555,304,tabm,electrical_gain_075,792,0.6098484848484849,0.499426336635639,0.499426336635639,10.899187400005758,806080
555,304,tabm,electrical_gain_050,792,0.494949494949495,0.33041353259230805,0.3304135325923081,10.899187400005758,806080
555,304,tabm,electrical_gain_025,792,0.4936868686868687,0.3292995429898675,0.3292995429898675,10.899187400005758,806080
555,304,tabm,vibration_drift_025rms,792,0.9987373737373737,0.9987373556209196,0.9987373556209197,10.899187400005758,806080
555,304,tabm,vibration_drift_050rms,792,0.9987373737373737,0.9987373556209196,0.9987373556209197,10.899187400005758,806080
555,304,tabm,vibration_drift_100rms,792,0.9987373737373737,0.9987373556209196,0.9987373556209197,10.899187400005758,806080
555,304,tabm,electrical_drift_025rms,792,0.9987373737373737,0.9987373556209196,0.9987373556209197,10.899187400005758,806080
555,304,tabm,electrical_drift_050rms,792,0.9987373737373737,0.9987373556209196,0.9987373556209197,10.899187400005758,806080
555,304,tabm,electrical_drift_100rms,792,0.6060606060606061,0.49930900768920167,0.4993090076892017,10.899187400005758,806080
555,304,tmc,clean_reextract,792,0.9962121212121212,0.9962119581577963,0.9962119581577964,23.621986599988304,15372
555,304,tmc,vibration_missing,792,0.9583333333333334,0.9577592979024971,0.957759297902497,23.621986599988304,15372
555,304,tmc,electrical_missing,792,0.9861111111111112,0.9860854220979863,0.9860854220979864,23.621986599988304,15372
555,304,tmc,vibration_gain_075,792,0.9886363636363636,0.9886270615032725,0.9886270615032727,23.621986599988304,15372
555,304,tmc,vibration_gain_050,792,0.9532828282828283,0.9538860854989094,0.9538860854989093,23.621986599988304,15372
555,304,tmc,vibration_gain_025,792,0.7714646464646465,0.7556479370974869,0.7556479370974869,23.621986599988304,15372
555,304,tmc,electrical_gain_075,792,0.4457070707070707,0.3814522157066573,0.38145221570665744,23.621986599988304,15372
555,304,tmc,electrical_gain_050,792,0.42803030303030304,0.3609475077455196,0.36094750774551965,23.621986599988304,15372
555,304,tmc,electrical_gain_025,792,0.4154040404040404,0.347211172341642,0.347211172341642,23.621986599988304,15372
555,304,tmc,vibration_drift_025rms,792,0.9962121212121212,0.9962119581577963,0.9962119581577964,23.621986599988304,15372
555,304,tmc,vibration_drift_050rms,792,0.9962121212121212,0.9962119581577963,0.9962119581577964,23.621986599988304,15372
555,304,tmc,vibration_drift_100rms,792,0.98989898989899,0.9898533151925685,0.9898533151925685,23.621986599988304,15372
555,304,tmc,electrical_drift_025rms,792,0.9810606060606061,0.9812141836049304,0.9812141836049305,23.621986599988304,15372
555,304,tmc,electrical_drift_050rms,792,0.7083333333333334,0.6700263389937943,0.6700263389937942,23.621986599988304,15372
555,304,tmc,electrical_drift_100rms,792,0.4583333333333333,0.35954873961813466,0.3595487396181346,23.621986599988304,15372
555,305,mlp,clean_reextract,792,1.0,1.0,1.0,7.006732799985912,10758
555,305,mlp,vibration_missing,792,0.5303030303030303,0.4742914652518841,0.47429146525188404,7.006732799985912,10758
555,305,mlp,electrical_missing,792,0.9633838383838383,0.9632141607114514,0.9632141607114513,7.006732799985912,10758
555,305,mlp,vibration_gain_075,792,0.9987373737373737,0.9987373556209197,0.9987373556209198,7.006732799985912,10758
555,305,mlp,vibration_gain_050,792,0.7702020202020202,0.7504599150250191,0.7504599150250192,7.006732799985912,10758
555,305,mlp,vibration_gain_025,792,0.5782828282828283,0.4941456267745399,0.4941456267745399,7.006732799985912,10758
555,305,mlp,electrical_gain_075,792,0.16666666666666666,0.048087431693989074,0.048087431693989074,7.006732799985912,10758
555,305,mlp,electrical_gain_050,792,0.16666666666666666,0.047619047619047616,0.04761904761904762,7.006732799985912,10758
555,305,mlp,electrical_gain_025,792,0.16666666666666666,0.047619047619047616,0.04761904761904762,7.006732799985912,10758
555,305,mlp,vibration_drift_025rms,792,1.0,1.0,1.0,7.006732799985912,10758
555,305,mlp,vibration_drift_050rms,792,1.0,1.0,1.0,7.006732799985912,10758
555,305,mlp,vibration_drift_100rms,792,1.0,1.0,1.0,7.006732799985912,10758
555,305,mlp,electrical_drift_025rms,792,0.9949494949494949,0.9949483352468427,0.9949483352468428,7.006732799985912,10758
555,305,mlp,electrical_drift_050rms,792,0.9924242424242424,0.9924203273040483,0.9924203273040482,7.006732799985912,10758
555,305,mlp,electrical_drift_100rms,792,0.9924242424242424,0.9924230464886822,0.9924230464886822,7.006732799985912,10758
555,305,resnet,clean_reextract,792,1.0,1.0,1.0,14.487189499981469,56838
555,305,resnet,vibration_missing,792,0.5669191919191919,0.5119843096688571,0.5119843096688571,14.487189499981469,56838
555,305,resnet,electrical_missing,792,0.9078282828282829,0.9044868445924927,0.9044868445924927,14.487189499981469,56838
555,305,resnet,vibration_gain_075,792,0.9962121212121212,0.9962116320117095,0.9962116320117095,14.487189499981469,56838
555,305,resnet,vibration_gain_050,792,0.8484848484848485,0.8255177083141875,0.8255177083141875,14.487189499981469,56838
555,305,resnet,vibration_gain_025,792,0.6439393939393939,0.554110629018855,0.554110629018855,14.487189499981469,56838
555,305,resnet,electrical_gain_075,792,0.49242424242424243,0.3292504174170192,0.3292504174170192,14.487189499981469,56838
555,305,resnet,electrical_gain_050,792,0.38636363636363635,0.24949936240100898,0.24949936240100895,14.487189499981469,56838
555,305,resnet,electrical_gain_025,792,0.33207070707070707,0.16629787152518344,0.1662978715251834,14.487189499981469,56838
555,305,resnet,vibration_drift_025rms,792,1.0,1.0,1.0,14.487189499981469,56838
555,305,resnet,vibration_drift_050rms,792,1.0,1.0,1.0,14.487189499981469,56838
555,305,resnet,vibration_drift_100rms,792,1.0,1.0,1.0,14.487189499981469,56838
555,305,resnet,electrical_drift_025rms,792,1.0,1.0,1.0,14.487189499981469,56838
555,305,resnet,electrical_drift_050rms,792,1.0,1.0,1.0,14.487189499981469,56838
555,305,resnet,electrical_drift_100rms,792,0.922979797979798,0.9204854318372379,0.9204854318372379,14.487189499981469,56838
555,305,ft_transformer,clean_reextract,792,0.9987373737373737,0.9987373556209197,0.9987373556209197,34.3414978000219,929670
555,305,ft_transformer,vibration_missing,792,0.38762626262626265,0.2911790688073434,0.29117906880734334,34.3414978000219,929670
555,305,ft_transformer,electrical_missing,792,0.46464646464646464,0.3836056297531117,0.3836056297531117,34.3414978000219,929670
555,305,ft_transformer,vibration_gain_075,792,1.0,1.0,1.0,34.3414978000219,929670
555,305,ft_transformer,vibration_gain_050,792,0.8244949494949495,0.8210288159324975,0.8210288159324973,34.3414978000219,929670
555,305,ft_transformer,vibration_gain_025,792,0.4255050505050505,0.31262156974672844,0.3126215697467284,34.3414978000219,929670
555,305,ft_transformer,electrical_gain_075,792,0.16792929292929293,0.050176904884095395,0.05017690488409539,34.3414978000219,929670
555,305,ft_transformer,electrical_gain_050,792,0.16666666666666666,0.047619047619047616,0.04761904761904762,34.3414978000219,929670
555,305,ft_transformer,electrical_gain_025,792,0.16666666666666666,0.047619047619047616,0.04761904761904762,34.3414978000219,929670
555,305,ft_transformer,vibration_drift_025rms,792,0.9987373737373737,0.9987373556209197,0.9987373556209197,34.3414978000219,929670
555,305,ft_transformer,vibration_drift_050rms,792,0.9987373737373737,0.9987373556209197,0.9987373556209197,34.3414978000219,929670
555,305,ft_transformer,vibration_drift_100rms,792,0.9949494949494949,0.9949630154372145,0.9949630154372145,34.3414978000219,929670
555,305,ft_transformer,electrical_drift_025rms,792,1.0,1.0,1.0,34.3414978000219,929670
555,305,ft_transformer,electrical_drift_050rms,792,0.9974747474747475,0.9974747112418395,0.9974747112418396,34.3414978000219,929670
555,305,ft_transformer,electrical_drift_100rms,792,0.9027777777777778,0.8963843450542909,0.8963843450542909,34.3414978000219,929670
555,305,tabm,clean_reextract,792,0.9987373737373737,0.9987373556209196,0.9987373556209197,11.228336599975592,806080
555,305,tabm,vibration_missing,792,0.5012626262626263,0.4811851387949577,0.4811851387949577,11.228336599975592,806080
555,305,tabm,electrical_missing,792,0.8661616161616161,0.8498071454721939,0.849807145472194,11.228336599975592,806080
555,305,tabm,vibration_gain_075,792,0.9987373737373737,0.9987373556209196,0.9987373556209197,11.228336599975592,806080
555,305,tabm,vibration_gain_050,792,0.8813131313131313,0.8788770184614005,0.8788770184614005,11.228336599975592,806080
555,305,tabm,vibration_gain_025,792,0.5454545454545454,0.44599757380565325,0.44599757380565325,11.228336599975592,806080
555,305,tabm,electrical_gain_075,792,0.6212121212121212,0.51504854960833,0.51504854960833,11.228336599975592,806080
555,305,tabm,electrical_gain_050,792,0.31565656565656564,0.23171473645899124,0.23171473645899124,11.228336599975592,806080
555,305,tabm,electrical_gain_025,792,0.19696969696969696,0.10204793028322441,0.10204793028322441,11.228336599975592,806080
555,305,tabm,vibration_drift_025rms,792,0.9987373737373737,0.9987373556209196,0.9987373556209197,11.228336599975592,806080
555,305,tabm,vibration_drift_050rms,792,0.9987373737373737,0.9987373556209196,0.9987373556209197,11.228336599975592,806080
555,305,tabm,vibration_drift_100rms,792,0.9987373737373737,0.9987373556209196,0.9987373556209197,11.228336599975592,806080
555,305,tabm,electrical_drift_025rms,792,0.9987373737373737,0.9987373556209196,0.9987373556209197,11.228336599975592,806080
555,305,tabm,electrical_drift_050rms,792,0.9987373737373737,0.9987373556209196,0.9987373556209197,11.228336599975592,806080
555,305,tabm,electrical_drift_100rms,792,0.5681818181818182,0.46069283543275524,0.4606928354327552,11.228336599975592,806080
555,305,tmc,clean_reextract,792,0.9886363636363636,0.9885537940085701,0.98855379400857,22.49014690000331,15372
555,305,tmc,vibration_missing,792,0.9444444444444444,0.9434568451807109,0.943456845180711,22.49014690000331,15372
555,305,tmc,electrical_missing,792,0.9785353535353535,0.9785090437474068,0.9785090437474069,22.49014690000331,15372
555,305,tmc,vibration_gain_075,792,0.9810606060606061,0.9810824797151921,0.981082479715192,22.49014690000331,15372
555,305,tmc,vibration_gain_050,792,0.946969696969697,0.9482424095191604,0.9482424095191603,22.49014690000331,15372
555,305,tmc,vibration_gain_025,792,0.7651515151515151,0.7512833859972362,0.7512833859972363,22.49014690000331,15372
555,305,tmc,electrical_gain_075,792,0.4053030303030303,0.3270597127739985,0.32705971277399853,22.49014690000331,15372
555,305,tmc,electrical_gain_050,792,0.380050505050505,0.2979231161095654,0.2979231161095654,22.49014690000331,15372
555,305,tmc,electrical_gain_025,792,0.37247474747474746,0.2878800093515958,0.28788000935159586,22.49014690000331,15372
555,305,tmc,vibration_drift_025rms,792,0.98989898989899,0.9898467703421064,0.9898467703421064,22.49014690000331,15372
555,305,tmc,vibration_drift_050rms,792,0.9886363636363636,0.9885537940085701,0.98855379400857,22.49014690000331,15372
555,305,tmc,vibration_drift_100rms,792,0.976010101010101,0.9758945451345048,0.9758945451345047,22.49014690000331,15372
555,305,tmc,electrical_drift_025rms,792,0.9772727272727273,0.9773640346969591,0.9773640346969591,22.49014690000331,15372
555,305,tmc,electrical_drift_050rms,792,0.6994949494949495,0.663572646253212,0.663572646253212,22.49014690000331,15372
555,305,tmc,electrical_drift_100rms,792,0.44191919191919193,0.3719000757508965,0.37190007575089656,22.49014690000331,15372
