test_load,seed,model,condition,quality_target_vibration,quality_target_electrical,switch_target,semantic_vibration_mean,semantic_electrical_mean,calibrated_vibration_mean,calibrated_electrical_mean,switch_mean,reliability_vibration_mean,reliability_electrical_mean
0,301,gate_da,clean_reextract,1.0,1.0,0.0,0.5149188041687012,0.4850812256336212,,,,,
0,301,gate_da,vibration_missing,0.0,1.0,1.0,0.0010588340228423476,0.9989411234855652,,,,,
0,301,gate_da,electrical_missing,1.0,0.0,1.0,0.9320820569992065,0.06791796535253525,,,,,
0,301,gate_da,vibration_gain_075,0.75,1.0,0.25,0.4587520360946655,0.5412479639053345,,,,,
0,301,gate_da,vibration_gain_050,0.5,1.0,0.5,0.4364900290966034,0.5635099411010742,,,,,
0,301,gate_da,vibration_gain_025,0.25,1.0,0.75,0.4468510150909424,0.5531489849090576,,,,,
0,301,gate_da,electrical_gain_075,1.0,0.75,0.25,0.9983633160591125,0.0016367359785363078,,,,,
0,301,gate_da,electrical_gain_050,1.0,0.5,0.5,1.0,2.791983484684568e-11,,,,,
0,301,gate_da,electrical_gain_025,1.0,0.25,0.75,1.0,1.4494847173986152e-18,,,,,
0,301,gate_da,vibration_drift_025rms,0.75,1.0,0.25,0.5147154331207275,0.48528456687927246,,,,,
0,301,gate_da,vibration_drift_050rms,0.5,1.0,0.5,0.5137963891029358,0.4862035810947418,,,,,
0,301,gate_da,vibration_drift_100rms,0.0,1.0,1.0,0.5119649767875671,0.48803505301475525,,,,,
0,301,gate_da,electrical_drift_025rms,1.0,0.75,0.25,0.5484940409660339,0.45150595903396606,,,,,
0,301,gate_da,electrical_drift_050rms,1.0,0.5,0.5,0.6044602990150452,0.39553967118263245,,,,,
0,301,gate_da,electrical_drift_100rms,1.0,0.0,1.0,0.4575444757938385,0.5424555540084839,,,,,
0,301,rcarf_hard,clean_reextract,1.0,1.0,0.0,,,0.0005278958124108613,0.9994720220565796,0.23839285969734192,,
0,301,rcarf_hard,vibration_missing,0.0,1.0,1.0,,,4.690890636993572e-05,0.9999531507492065,0.999814510345459,,
0,301,rcarf_hard,electrical_missing,1.0,0.0,1.0,,,0.9996132850646973,0.00038669194327667356,0.9987900853157043,,
0,301,rcarf_hard,vibration_gain_075,0.75,1.0,0.25,,,0.0002882011467590928,0.9997118711471558,0.41977351903915405,,
0,301,rcarf_hard,vibration_gain_050,0.5,1.0,0.5,,,0.00039218421443365514,0.9996079206466675,0.7283551692962646,,
0,301,rcarf_hard,vibration_gain_025,0.25,1.0,0.75,,,0.0006203686934895813,0.9993796944618225,0.8700568675994873,,
0,301,rcarf_hard,electrical_gain_075,1.0,0.75,0.25,,,1.0,4.296813284950657e-13,0.9999942779541016,,
0,301,rcarf_hard,electrical_gain_050,1.0,0.5,0.5,,,1.0,8.318748918409389e-38,1.0,,
0,301,rcarf_hard,electrical_gain_025,1.0,0.25,0.75,,,1.0,0.0,1.0,,
0,301,rcarf_hard,vibration_drift_025rms,0.75,1.0,0.25,,,0.0005187780479900539,0.999481201171875,0.23922887444496155,,
0,301,rcarf_hard,vibration_drift_050rms,0.5,1.0,0.5,,,0.000501562375575304,0.9994984865188599,0.24526436626911163,,
0,301,rcarf_hard,vibration_drift_100rms,0.0,1.0,1.0,,,0.0004584623675327748,0.9995415210723877,0.26439613103866577,,
0,301,rcarf_hard,electrical_drift_025rms,1.0,0.75,0.25,,,0.010203620418906212,0.9897963404655457,0.2902241051197052,,
0,301,rcarf_hard,electrical_drift_050rms,1.0,0.5,0.5,,,0.9997918605804443,0.00020812793809454888,0.9991681575775146,,
0,301,rcarf_hard,electrical_drift_100rms,1.0,0.0,1.0,,,1.0,5.412515318454606e-41,1.0,,
0,301,dprf_no_rel_loss,clean_reextract,1.0,1.0,0.0,0.8391541242599487,0.16084590554237366,0.8393509387969971,0.1606491357088089,0.10629991441965103,0.9997519850730896,0.9802191257476807
0,301,dprf_no_rel_loss,vibration_missing,0.0,1.0,1.0,0.11506672203540802,0.8849332332611084,0.00019629186135716736,0.9998037219047546,0.9999392628669739,0.0011166571639478207,0.9997048377990723
0,301,dprf_no_rel_loss,electrical_missing,1.0,0.0,1.0,0.950137197971344,0.049862757325172424,0.9533904194831848,0.0466095507144928,0.998041570186615,0.9999895095825195,0.7921320796012878
0,301,dprf_no_rel_loss,vibration_gain_075,0.75,1.0,0.25,0.7576772570610046,0.24232272803783417,0.75743567943573,0.24256430566310883,0.1629340797662735,0.9969335794448853,0.9929463267326355
0,301,dprf_no_rel_loss,vibration_gain_050,0.5,1.0,0.5,0.7243950366973877,0.2756049633026123,0.7243835926055908,0.27561643719673157,0.2936251759529114,0.9988951086997986,0.9979979991912842
0,301,dprf_no_rel_loss,vibration_gain_025,0.25,1.0,0.75,0.7490257620811462,0.250974178314209,0.7490371465682983,0.2509627342224121,0.3983573019504547,0.9999773502349854,0.9996092915534973
0,301,dprf_no_rel_loss,electrical_gain_075,1.0,0.75,0.25,0.9098163843154907,0.09018360823392868,0.9101713299751282,0.08982859551906586,0.3208123743534088,0.9999364018440247,0.9897240400314331
0,301,dprf_no_rel_loss,electrical_gain_050,1.0,0.5,0.5,0.9698370695114136,0.030162883922457695,0.9698541164398193,0.030145883560180664,0.4789773225784302,0.9999932050704956,0.9974796772003174
0,301,dprf_no_rel_loss,electrical_gain_025,1.0,0.25,0.75,0.9902622103691101,0.0097378334030509,0.9902624487876892,0.009737584739923477,0.5228917002677917,0.9999947547912598,0.9996824860572815
0,301,dprf_no_rel_loss,vibration_drift_025rms,0.75,1.0,0.25,0.838928759098053,0.16107119619846344,0.8391256332397461,0.16087433695793152,0.10690563172101974,0.9997314810752869,0.9807451963424683
0,301,dprf_no_rel_loss,vibration_drift_050rms,0.5,1.0,0.5,0.8381244540214539,0.16187557578086853,0.838325560092926,0.16167449951171875,0.10958672314882278,0.9996645450592041,0.9856388568878174
0,301,dprf_no_rel_loss,vibration_drift_100rms,0.0,1.0,1.0,0.830328106880188,0.16967187821865082,0.8304962515830994,0.16950368881225586,0.11913790553808212,0.9991512298583984,0.9945037364959717
0,301,dprf_no_rel_loss,electrical_drift_025rms,1.0,0.75,0.25,0.858512282371521,0.1414877325296402,0.8586986064910889,0.14130142331123352,0.12584304809570312,0.9997524619102478,0.9760177135467529
0,301,dprf_no_rel_loss,electrical_drift_050rms,1.0,0.5,0.5,0.8713951706886292,0.12860482931137085,0.8715413212776184,0.12845860421657562,0.3941574990749359,0.9997999668121338,0.9894722104072571
0,301,dprf_no_rel_loss,electrical_drift_100rms,1.0,0.0,1.0,0.8563046455383301,0.14369530975818634,0.8562383651733398,0.14376161992549896,0.9916169047355652,0.9985131025314331,0.9998950958251953
0,301,dprf_no_switch_loss,clean_reextract,1.0,1.0,0.0,0.734372079372406,0.2656279504299164,0.7134689092636108,0.28653112053871155,1.0,0.8978554606437683,0.999199628829956
0,301,dprf_no_switch_loss,vibration_missing,0.0,1.0,1.0,0.5599185228347778,0.44008147716522217,0.0002921897394116968,0.9997077584266663,0.9999778866767883,0.0001986233692150563,0.9999604821205139
0,301,dprf_no_switch_loss,electrical_missing,1.0,0.0,1.0,0.7036406993865967,0.29635921120643616,0.9992655515670776,0.0007343572215177119,0.999991238117218,0.9996124505996704,0.0017069948371499777
0,301,dprf_no_switch_loss,vibration_gain_075,0.75,1.0,0.25,0.7160837054252625,0.28391629457473755,0.6741403937339783,0.32585957646369934,1.0,0.822725772857666,0.9991678595542908
0,301,dprf_no_switch_loss,vibration_gain_050,0.5,1.0,0.5,0.7194821834564209,0.2805178761482239,0.6329817175865173,0.36701831221580505,1.0,0.6825557947158813,0.9994285106658936
0,301,dprf_no_switch_loss,vibration_gain_025,0.25,1.0,0.75,0.7382375597953796,0.26176247000694275,0.6203442811965942,0.3796556890010834,1.0,0.5878047347068787,0.9996132850646973
0,301,dprf_no_switch_loss,electrical_gain_075,1.0,0.75,0.25,0.9890926480293274,0.010907291434705257,0.9927031993865967,0.007296811323612928,1.0,0.9982476830482483,0.6407347917556763
0,301,dprf_no_switch_loss,electrical_gain_050,1.0,0.5,0.5,0.9998847842216492,0.00011518346582306549,0.999940812587738,5.916016743867658e-05,1.0,0.9999991655349731,0.5202940106391907
0,301,dprf_no_switch_loss,electrical_gain_025,1.0,0.25,0.75,0.9999978542327881,2.2404353785532294e-06,0.999998927116394,1.1784679827542277e-06,1.0,1.0,0.511361300945282
0,301,dprf_no_switch_loss,vibration_drift_025rms,0.75,1.0,0.25,0.7342492341995239,0.26575079560279846,0.7131147980690002,0.28688520193099976,1.0,0.8969292044639587,0.9991915225982666
0,301,dprf_no_switch_loss,vibration_drift_050rms,0.5,1.0,0.5,0.7343496680259705,0.26565036177635193,0.712334394454956,0.2876656949520111,1.0,0.8932766318321228,0.9991705417633057
0,301,dprf_no_switch_loss,vibration_drift_100rms,0.0,1.0,1.0,0.7354756593704224,0.2645243704319,0.7097191214561462,0.29028093814849854,1.0,0.8784176707267761,0.9990724325180054
0,301,dprf_no_switch_loss,electrical_drift_025rms,1.0,0.75,0.25,0.7423231601715088,0.2576769292354584,0.7234143614768982,0.2765856385231018,1.0,0.8995161652565002,0.9929293990135193
0,301,dprf_no_switch_loss,electrical_drift_050rms,1.0,0.5,0.5,0.7490116953849792,0.25098830461502075,0.8540122509002686,0.14598780870437622,1.0,0.998202383518219,0.5009692907333374
0,301,dprf_no_switch_loss,electrical_drift_100rms,1.0,0.0,1.0,0.7581651210784912,0.2418348491191864,0.8777244091033936,0.12227568030357361,1.0,1.0,0.4113055467605591
0,301,dprf_no_semantic,clean_reextract,1.0,1.0,0.0,0.5,0.5,0.47568759322166443,0.5243124961853027,0.102085642516613,0.9070642590522766,0.999226987361908
0,301,dprf_no_semantic,vibration_missing,0.0,1.0,1.0,0.5,0.5,9.630457498133183e-05,0.999903678894043,0.9998792409896851,9.630477143218741e-05,0.9999868273735046
0,301,dprf_no_semantic,electrical_missing,1.0,0.0,1.0,0.5,0.5,0.9991900324821472,0.0008099446422420442,0.9980337619781494,0.9998464584350586,0.000811562524177134
0,301,dprf_no_semantic,vibration_gain_075,0.75,1.0,0.25,0.5,0.5,0.4575290083885193,0.5424709916114807,0.16410619020462036,0.8448773622512817,0.9991032481193542
0,301,dprf_no_semantic,vibration_gain_050,0.5,1.0,0.5,0.5,0.5,0.4043200612068176,0.5956799387931824,0.31163230538368225,0.6870766878128052,0.9996061325073242
0,301,dprf_no_semantic,vibration_gain_025,0.25,1.0,0.75,0.5,0.5,0.3509542942047119,0.6490457057952881,0.48601439595222473,0.5511717796325684,0.9998845458030701
0,301,dprf_no_semantic,electrical_gain_075,1.0,0.75,0.25,0.5,0.5,0.5766535997390747,0.4233464002609253,0.3517087399959564,0.9902932047843933,0.7432653903961182
0,301,dprf_no_semantic,electrical_gain_050,1.0,0.5,0.5,0.5,0.5,0.671909749507904,0.32809028029441833,0.4950781464576721,0.9999516010284424,0.4884788393974304
0,301,dprf_no_semantic,electrical_gain_025,1.0,0.25,0.75,0.5,0.5,0.68375563621521,0.31624433398246765,0.49629130959510803,0.9999998211860657,0.462708055973053
0,301,dprf_no_semantic,vibration_drift_025rms,0.75,1.0,0.25,0.5,0.5,0.4754975438117981,0.5245024561882019,0.10253074020147324,0.9063807725906372,0.9992231130599976
0,301,dprf_no_semantic,vibration_drift_050rms,0.5,1.0,0.5,0.5,0.5,0.4746808111667633,0.5253191590309143,0.10461609810590744,0.9034611582756042,0.9992097020149231
0,301,dprf_no_semantic,vibration_drift_100rms,0.0,1.0,1.0,0.5,0.5,0.47167637944221497,0.5283236503601074,0.11256396025419235,0.8930317759513855,0.9991544485092163
0,301,dprf_no_semantic,electrical_drift_025rms,1.0,0.75,0.25,0.5,0.5,0.47926488518714905,0.5207351446151733,0.1280045211315155,0.9145140051841736,0.9934605360031128
0,301,dprf_no_semantic,electrical_drift_050rms,1.0,0.5,0.5,0.5,0.5,0.6672497391700745,0.3327501714229584,0.4511902928352356,0.9988715648651123,0.49880966544151306
0,301,dprf_no_semantic,electrical_drift_100rms,1.0,0.0,1.0,0.5,0.5,0.7724320888519287,0.2275678515434265,0.9543814063072205,1.0,0.29596248269081116
0,301,dprf_full,clean_reextract,1.0,1.0,0.0,0.8278505802154541,0.1721494048833847,0.8165429830551147,0.18345706164836884,0.1411101073026657,0.9039825201034546,0.9990132451057434
0,301,dprf_full,vibration_missing,0.0,1.0,1.0,0.5897731781005859,0.41022685170173645,0.0003463170723989606,0.9996537566184998,0.9998130202293396,0.0001509174471721053,0.9999657869338989
0,301,dprf_full,electrical_missing,1.0,0.0,1.0,0.7640819549560547,0.23591803014278412,0.9997829794883728,0.00021700940851587802,0.9982410073280334,0.9998529553413391,0.000599027902353555
0,301,dprf_full,vibration_gain_075,0.75,1.0,0.25,0.7842893600463867,0.2157106101512909,0.7580820918083191,0.24191801249980927,0.18788981437683105,0.831595242023468,0.9990522861480713
0,301,dprf_full,vibration_gain_050,0.5,1.0,0.5,0.748633086681366,0.25136685371398926,0.693248450756073,0.3067515194416046,0.3281170129776001,0.6852971911430359,0.9992190003395081
0,301,dprf_full,vibration_gain_025,0.25,1.0,0.75,0.7323358058929443,0.26766425371170044,0.6522818803787231,0.34771811962127686,0.45901229977607727,0.5929062962532043,0.999602735042572
0,301,dprf_full,electrical_gain_075,1.0,0.75,0.25,0.8518322110176086,0.14816772937774658,0.8807709217071533,0.11922906339168549,0.3612247109413147,0.9921959638595581,0.723845899105072
0,301,dprf_full,electrical_gain_050,1.0,0.5,0.5,0.9697092175483704,0.030290737748146057,0.9842256307601929,0.01577434130012989,0.4913734793663025,0.9999642968177795,0.5034385323524475
0,301,dprf_full,electrical_gain_025,1.0,0.25,0.75,0.9949111342430115,0.005088841542601585,0.9975239038467407,0.00247616576962173,0.54532390832901,0.9999999403953552,0.4800792932510376
0,301,dprf_full,vibration_drift_025rms,0.75,1.0,0.25,0.8276776671409607,0.1723223477602005,0.816188633441925,0.18381133675575256,0.1423134058713913,0.9029883146286011,0.999004065990448
0,301,dprf_full,vibration_drift_050rms,0.5,1.0,0.5,0.8272051811218262,0.17279480397701263,0.8149479031562805,0.18505217134952545,0.14726309478282928,0.8989453315734863,0.9989764094352722
0,301,dprf_full,vibration_drift_100rms,0.0,1.0,1.0,0.8278816938400269,0.17211829125881195,0.8123235106468201,0.1876765340566635,0.16485923528671265,0.8831920623779297,0.9988270998001099
0,301,dprf_full,electrical_drift_025rms,1.0,0.75,0.25,0.8531386256217957,0.1468614786863327,0.8475525379180908,0.15244746208190918,0.18004053831100464,0.9102357625961304,0.9847801923751831
0,301,dprf_full,electrical_drift_050rms,1.0,0.5,0.5,0.8726782202720642,0.12732180953025818,0.9240683913230896,0.0759315937757492,0.5440762639045715,0.9988802671432495,0.4901065230369568
0,301,dprf_full,electrical_drift_100rms,1.0,0.0,1.0,0.9630915522575378,0.036908458918333054,0.9833482503890991,0.016651753336191177,0.9788795113563538,1.0,0.4450012445449829
0,302,gate_da,clean_reextract,1.0,1.0,0.0,0.5025174617767334,0.4974824786186218,,,,,
0,302,gate_da,vibration_missing,0.0,1.0,1.0,0.04565915837883949,0.9543407559394836,,,,,
0,302,gate_da,electrical_missing,1.0,0.0,1.0,0.9298845529556274,0.07011542469263077,,,,,
0,302,gate_da,vibration_gain_075,0.75,1.0,0.25,0.43497833609580994,0.5650216937065125,,,,,
0,302,gate_da,vibration_gain_050,0.5,1.0,0.5,0.40626463294029236,0.5937353372573853,,,,,
0,302,gate_da,vibration_gain_025,0.25,1.0,0.75,0.41625985503196716,0.5837401747703552,,,,,
0,302,gate_da,electrical_gain_075,1.0,0.75,0.25,0.9999784827232361,2.1650826965924352e-05,,,,,
0,302,gate_da,electrical_gain_050,1.0,0.5,0.5,1.0,7.353635061990715e-12,,,,,
0,302,gate_da,electrical_gain_025,1.0,0.25,0.75,1.0,9.527853415912448e-18,,,,,
0,302,gate_da,vibration_drift_025rms,0.75,1.0,0.25,0.5023709535598755,0.4976291060447693,,,,,
0,302,gate_da,vibration_drift_050rms,0.5,1.0,0.5,0.5038193464279175,0.49618059396743774,,,,,
0,302,gate_da,vibration_drift_100rms,0.0,1.0,1.0,0.5064345002174377,0.4935654401779175,,,,,
0,302,gate_da,electrical_drift_025rms,1.0,0.75,0.25,0.5569712519645691,0.4430287778377533,,,,,
0,302,gate_da,electrical_drift_050rms,1.0,0.5,0.5,0.6971770524978638,0.3028229773044586,,,,,
0,302,gate_da,electrical_drift_100rms,1.0,0.0,1.0,0.7376007437705994,0.26239925622940063,,,,,
0,302,rcarf_hard,clean_reextract,1.0,1.0,0.0,,,0.0095590278506279,0.9904409646987915,0.24214503169059753,,
0,302,rcarf_hard,vibration_missing,0.0,1.0,1.0,,,0.001563100959174335,0.9984369874000549,0.9993122220039368,,
0,302,rcarf_hard,electrical_missing,1.0,0.0,1.0,,,0.9994799494743347,0.0005200643208809197,0.9959167838096619,,
0,302,rcarf_hard,vibration_gain_075,0.75,1.0,0.25,,,0.0038236728869378567,0.9961763024330139,0.4179460108280182,,
0,302,rcarf_hard,vibration_gain_050,0.5,1.0,0.5,,,0.0009051187080331147,0.9990949034690857,0.7047820687294006,,
0,302,rcarf_hard,vibration_gain_025,0.25,1.0,0.75,,,0.0005103127914480865,0.9994897842407227,0.8675053119659424,,
0,302,rcarf_hard,electrical_gain_075,1.0,0.75,0.25,,,1.0,5.972660144237807e-10,0.9965144395828247,,
0,302,rcarf_hard,electrical_gain_050,1.0,0.5,0.5,,,1.0,2.736095697301647e-31,1.0,,
0,302,rcarf_hard,electrical_gain_025,1.0,0.25,0.75,,,1.0,0.0,1.0,,
0,302,rcarf_hard,vibration_drift_025rms,0.75,1.0,0.25,,,0.009592694230377674,0.9904072880744934,0.24338938295841217,,
0,302,rcarf_hard,vibration_drift_050rms,0.5,1.0,0.5,,,0.009561760351061821,0.9904382824897766,0.2504294514656067,,
0,302,rcarf_hard,vibration_drift_100rms,0.0,1.0,1.0,,,0.010805348865687847,0.9891946315765381,0.27448415756225586,,
0,302,rcarf_hard,electrical_drift_025rms,1.0,0.75,0.25,,,0.1266530305147171,0.8733469843864441,0.3227361738681793,,
0,302,rcarf_hard,electrical_drift_050rms,1.0,0.5,0.5,,,0.9999216794967651,7.830189861124381e-05,0.991913914680481,,
0,302,rcarf_hard,electrical_drift_100rms,1.0,0.0,1.0,,,1.0,1.9113924050757082e-37,1.0,,
0,302,dprf_no_rel_loss,clean_reextract,1.0,1.0,0.0,0.7441840767860413,0.25581592321395874,0.74795001745224,0.25204998254776,0.13002440333366394,0.7477016448974609,0.20655123889446259
0,302,dprf_no_rel_loss,vibration_missing,0.0,1.0,1.0,0.013930242508649826,0.9860696792602539,0.0007955944165587425,0.9992043972015381,0.9993109107017517,0.02218296006321907,0.6432352066040039
0,302,dprf_no_rel_loss,electrical_missing,1.0,0.0,1.0,0.998833954334259,0.0011660425225272775,0.9999688863754272,3.115764775429852e-05,0.999154806137085,0.9718015789985657,0.003378914436325431
0,302,dprf_no_rel_loss,vibration_gain_075,0.75,1.0,0.25,0.7181826233863831,0.28181737661361694,0.721979022026062,0.278020977973938,0.2257116734981537,0.7151671648025513,0.2060200423002243
0,302,dprf_no_rel_loss,vibration_gain_050,0.5,1.0,0.5,0.7289981842041016,0.2710018455982208,0.7498352527618408,0.25016477704048157,0.3737926185131073,0.7400615215301514,0.1607362926006317
0,302,dprf_no_rel_loss,vibration_gain_025,0.25,1.0,0.75,0.7724241614341736,0.22757583856582642,0.8203903436660767,0.17960964143276215,0.4486832320690155,0.8374106884002686,0.08991357684135437
0,302,dprf_no_rel_loss,electrical_gain_075,1.0,0.75,0.25,0.9962234497070312,0.0037766036111861467,0.9995438456535339,0.0004561856621876359,0.3542700409889221,0.9144521355628967,0.0013309437781572342
0,302,dprf_no_rel_loss,electrical_gain_050,1.0,0.5,0.5,1.0,4.535455744303363e-08,1.0,1.8042386161487567e-12,0.5146722793579102,0.9402415156364441,3.2728141832194524e-06
0,302,dprf_no_rel_loss,electrical_gain_025,1.0,0.25,0.75,1.0,1.3507264751133619e-11,1.0,1.65685170049433e-17,0.5728230476379395,0.9542128443717957,1.4283041416263131e-08
0,302,dprf_no_rel_loss,vibration_drift_025rms,0.75,1.0,0.25,0.7442116737365723,0.2557883858680725,0.747873067855835,0.2521269619464874,0.13064101338386536,0.746032178401947,0.20636287331581116
0,302,dprf_no_rel_loss,vibration_drift_050rms,0.5,1.0,0.5,0.7452303171157837,0.2547696828842163,0.7495267987251282,0.25047317147254944,0.13307344913482666,0.7424173355102539,0.2036532759666443
0,302,dprf_no_rel_loss,vibration_drift_100rms,0.0,1.0,1.0,0.7490024566650391,0.2509975731372833,0.7520527839660645,0.24794718623161316,0.1471930593252182,0.7257726788520813,0.19063907861709595
0,302,dprf_no_rel_loss,electrical_drift_025rms,1.0,0.75,0.25,0.7394964098930359,0.2605036199092865,0.7431632280349731,0.25683677196502686,0.1638641357421875,0.7452747225761414,0.2078581601381302
0,302,dprf_no_rel_loss,electrical_drift_050rms,1.0,0.5,0.5,0.717008113861084,0.2829919755458832,0.7188366055488586,0.28116342425346375,0.4845587909221649,0.7765415906906128,0.24188506603240967
0,302,dprf_no_rel_loss,electrical_drift_100rms,1.0,0.0,1.0,0.6652176976203918,0.33478227257728577,0.6967408061027527,0.3032592535018921,0.8356788158416748,0.7165704369544983,0.2901633381843567
0,302,dprf_no_switch_loss,clean_reextract,1.0,1.0,0.0,0.6248719692230225,0.37512797117233276,0.6028498411178589,0.39715006947517395,0.9999869465827942,0.9044030904769897,0.9996991157531738
0,302,dprf_no_switch_loss,vibration_missing,0.0,1.0,1.0,0.41293343901634216,0.587066650390625,0.00027293458697386086,0.9997270107269287,0.996572732925415,0.00032295752316713333,0.9999929070472717
0,302,dprf_no_switch_loss,electrical_missing,1.0,0.0,1.0,0.6331778168678284,0.36682212352752686,0.9992392063140869,0.0007607399602420628,0.9993318319320679,0.9997876286506653,0.0009841819992288947
0,302,dprf_no_switch_loss,vibration_gain_075,0.75,1.0,0.25,0.6139276027679443,0.3860723376274109,0.5716143250465393,0.4283856451511383,0.9999877214431763,0.8302889466285706,0.9997934699058533
0,302,dprf_no_switch_loss,vibration_gain_050,0.5,1.0,0.5,0.6167949438095093,0.3832050561904907,0.5212308764457703,0.4787691533565521,0.9999945759773254,0.6561571955680847,0.999855101108551
0,302,dprf_no_switch_loss,vibration_gain_025,0.25,1.0,0.75,0.6314129829406738,0.36858701705932617,0.46889209747314453,0.5311079025268555,0.9999988675117493,0.48716574907302856,0.9998732805252075
0,302,dprf_no_switch_loss,electrical_gain_075,1.0,0.75,0.25,0.9997618198394775,0.00023819154012016952,0.9998515844345093,0.0001485280372435227,1.0,0.9863230586051941,0.6525450348854065
0,302,dprf_no_switch_loss,electrical_gain_050,1.0,0.5,0.5,1.0,5.331052044255102e-09,1.0,2.7656823498034555e-09,1.0,0.9999837279319763,0.526581883430481
0,302,dprf_no_switch_loss,electrical_gain_025,1.0,0.25,0.75,1.0,1.4420344258969653e-13,1.0,6.984126140916966e-14,1.0,1.0,0.48651713132858276
0,302,dprf_no_switch_loss,vibration_drift_025rms,0.75,1.0,0.25,0.6236962080001831,0.3763037919998169,0.6014418005943298,0.3985581696033478,0.9999868273735046,0.9035286903381348,0.9996953010559082
0,302,dprf_no_switch_loss,vibration_drift_050rms,0.5,1.0,0.5,0.6196692585945129,0.38033074140548706,0.5964429974555969,0.4035570025444031,0.9999862313270569,0.8998258709907532,0.9996800422668457
0,302,dprf_no_switch_loss,vibration_drift_100rms,0.0,1.0,1.0,0.6017845869064331,0.3982154130935669,0.5739485025405884,0.42605146765708923,0.9999836087226868,0.8815149664878845,0.9994655847549438
0,302,dprf_no_switch_loss,electrical_drift_025rms,1.0,0.75,0.25,0.6275497078895569,0.3724502921104431,0.6071130633354187,0.3928868770599365,0.9999842643737793,0.9099419116973877,0.9981043934822083
0,302,dprf_no_switch_loss,electrical_drift_050rms,1.0,0.5,0.5,0.6321597695350647,0.3678402304649353,0.7569604516029358,0.2430395632982254,0.9999754428863525,0.996942400932312,0.5207840800285339
0,302,dprf_no_switch_loss,electrical_drift_100rms,1.0,0.0,1.0,0.6480238437652588,0.3519761860370636,0.8524259924888611,0.14757394790649414,0.9999977946281433,1.0,0.287324458360672
0,302,dprf_no_semantic,clean_reextract,1.0,1.0,0.0,0.5,0.5,0.47738054394721985,0.5226194858551025,0.12139962613582611,0.9123035073280334,0.998145341873169
0,302,dprf_no_semantic,vibration_missing,0.0,1.0,1.0,0.5,0.5,0.0004177772789262235,0.9995821714401245,0.9997653365135193,0.0004183045821264386,0.9999560713768005
0,302,dprf_no_semantic,electrical_missing,1.0,0.0,1.0,0.5,0.5,0.9990407228469849,0.000959374476224184,0.9988008141517639,0.9998090267181396,0.0009615446906536818
0,302,dprf_no_semantic,vibration_gain_075,0.75,1.0,0.25,0.5,0.5,0.45694994926452637,0.5430500507354736,0.1985747367143631,0.8427277207374573,0.9987124800682068
0,302,dprf_no_semantic,vibration_gain_050,0.5,1.0,0.5,0.5,0.5,0.40193691849708557,0.598063051700592,0.35356271266937256,0.6805539131164551,0.9991554617881775
0,302,dprf_no_semantic,vibration_gain_025,0.25,1.0,0.75,0.5,0.5,0.32076406478881836,0.6792358756065369,0.4939531981945038,0.4922090470790863,0.9994164705276489
0,302,dprf_no_semantic,electrical_gain_075,1.0,0.75,0.25,0.5,0.5,0.6083971261978149,0.39160287380218506,0.33771082758903503,0.9740020036697388,0.6401216983795166
0,302,dprf_no_semantic,electrical_gain_050,1.0,0.5,0.5,0.5,0.5,0.670497715473175,0.32950228452682495,0.47850340604782104,0.9989445209503174,0.49151110649108887
0,302,dprf_no_semantic,electrical_gain_025,1.0,0.25,0.75,0.5,0.5,0.6833620071411133,0.3166380226612091,0.5210506319999695,0.9999590516090393,0.46405133605003357
0,302,dprf_no_semantic,vibration_drift_025rms,0.75,1.0,0.25,0.5,0.5,0.47727927565574646,0.5227206945419312,0.12214350700378418,0.9119059443473816,0.9981213212013245
0,302,dprf_no_semantic,vibration_drift_050rms,0.5,1.0,0.5,0.5,0.5,0.47678154706954956,0.5232184529304504,0.12561087310314178,0.9100604057312012,0.9980630874633789
0,302,dprf_no_semantic,vibration_drift_100rms,0.0,1.0,1.0,0.5,0.5,0.4755237400531769,0.5244762301445007,0.13839824497699738,0.9053221344947815,0.9977403879165649
0,302,dprf_no_semantic,electrical_drift_025rms,1.0,0.75,0.25,0.5,0.5,0.48133692145347595,0.5186631083488464,0.14970846474170685,0.9190681576728821,0.9905134439468384
0,302,dprf_no_semantic,electrical_drift_050rms,1.0,0.5,0.5,0.5,0.5,0.6753048300743103,0.3246951699256897,0.4956896901130676,0.9987398386001587,0.48106512427330017
0,302,dprf_no_semantic,electrical_drift_100rms,1.0,0.0,1.0,0.5,0.5,0.8088199496269226,0.19118010997772217,0.9022278189659119,1.0,0.2418336421251297
0,302,dprf_full,clean_reextract,1.0,1.0,0.0,0.7779118418693542,0.2220880389213562,0.7635568976402283,0.23644310235977173,0.12518657743930817,0.9008468389511108,0.9993481040000916
0,302,dprf_full,vibration_missing,0.0,1.0,1.0,0.5545879602432251,0.4454119801521301,9.47331718634814e-05,0.9999052286148071,0.9998573660850525,7.136975909816101e-05,0.9999897480010986
0,302,dprf_full,electrical_missing,1.0,0.0,1.0,0.7927830219268799,0.2072170078754425,0.9998304843902588,0.00016957661136984825,0.9988471269607544,0.9998242855072021,0.00040421317680738866
0,302,dprf_full,vibration_gain_075,0.75,1.0,0.25,0.7339480519294739,0.26605191826820374,0.7032577991485596,0.2967422306537628,0.2055334448814392,0.8148966431617737,0.9993780851364136
0,302,dprf_full,vibration_gain_050,0.5,1.0,0.5,0.7189200520515442,0.2810799479484558,0.6543077230453491,0.3456921875476837,0.383389413356781,0.6417874693870544,0.9996858239173889
0,302,dprf_full,vibration_gain_025,0.25,1.0,0.75,0.7295490503311157,0.27045100927352905,0.6223577857017517,0.3776422441005707,0.5240998864173889,0.5091700553894043,0.9998295307159424
0,302,dprf_full,electrical_gain_075,1.0,0.75,0.25,0.8378164172172546,0.16218362748622894,0.8566401600837708,0.14335989952087402,0.3446337878704071,0.9852154850959778,0.7760870456695557
0,302,dprf_full,electrical_gain_050,1.0,0.5,0.5,0.9130939245223999,0.0869060605764389,0.9499837756156921,0.05001625791192055,0.4788314998149872,0.9998069405555725,0.5027560591697693
0,302,dprf_full,electrical_gain_025,1.0,0.25,0.75,0.9615675806999207,0.03843243792653084,0.9806987643241882,0.01930122822523117,0.5066823959350586,0.9999983906745911,0.4641841650009155
0,302,dprf_full,vibration_drift_025rms,0.75,1.0,0.25,0.7777414321899414,0.222258523106575,0.7632072567939758,0.23679277300834656,0.1259380728006363,0.8999450206756592,0.9993386268615723
0,302,dprf_full,vibration_drift_050rms,0.5,1.0,0.5,0.7759239077568054,0.22407612204551697,0.7606345415115356,0.23936547338962555,0.1289093941450119,0.8963555097579956,0.9993132948875427
0,302,dprf_full,vibration_drift_100rms,0.0,1.0,1.0,0.7722705602645874,0.22772938013076782,0.7531960010528564,0.24680405855178833,0.14145824313163757,0.8793933987617493,0.9990391731262207
0,302,dprf_full,electrical_drift_025rms,1.0,0.75,0.25,0.7948620915412903,0.2051379680633545,0.7831025719642639,0.21689748764038086,0.15394867956638336,0.909870445728302,0.9948281049728394
0,302,dprf_full,electrical_drift_050rms,1.0,0.5,0.5,0.7856165766716003,0.21438346803188324,0.8470077514648438,0.15299218893051147,0.5132250785827637,0.9984664916992188,0.5067270994186401
0,302,dprf_full,electrical_drift_100rms,1.0,0.0,1.0,0.7940616011619568,0.20593835413455963,0.8814287781715393,0.11857116222381592,0.9341616630554199,1.0,0.34803879261016846
0,303,gate_da,clean_reextract,1.0,1.0,0.0,0.653450071811676,0.3465498983860016,,,,,
0,303,gate_da,vibration_missing,0.0,1.0,1.0,0.03195088356733322,0.9680490493774414,,,,,
0,303,gate_da,electrical_missing,1.0,0.0,1.0,0.9841203689575195,0.015879632905125618,,,,,
0,303,gate_da,vibration_gain_075,0.75,1.0,0.25,0.5767608880996704,0.4232391119003296,,,,,
0,303,gate_da,vibration_gain_050,0.5,1.0,0.5,0.5511165261268616,0.4488834738731384,,,,,
0,303,gate_da,vibration_gain_025,0.25,1.0,0.75,0.560052752494812,0.4399472773075104,,,,,
0,303,gate_da,electrical_gain_075,1.0,0.75,0.25,0.9999984502792358,1.5729445976830903e-06,,,,,
0,303,gate_da,electrical_gain_050,1.0,0.5,0.5,1.0,3.891884305605962e-15,,,,,
0,303,gate_da,electrical_gain_025,1.0,0.25,0.75,1.0,1.6695106677021007e-23,,,,,
0,303,gate_da,vibration_drift_025rms,0.75,1.0,0.25,0.6520459055900574,0.34795406460762024,,,,,
0,303,gate_da,vibration_drift_050rms,0.5,1.0,0.5,0.6501432657241821,0.34985676407814026,,,,,
0,303,gate_da,vibration_drift_100rms,0.0,1.0,1.0,0.6478373408317566,0.35216259956359863,,,,,
0,303,gate_da,electrical_drift_025rms,1.0,0.75,0.25,0.7025551199913025,0.2974448800086975,,,,,
0,303,gate_da,electrical_drift_050rms,1.0,0.5,0.5,0.7970870733261108,0.20291288197040558,,,,,
0,303,gate_da,electrical_drift_100rms,1.0,0.0,1.0,0.7396537065505981,0.26034632325172424,,,,,
0,303,rcarf_hard,clean_reextract,1.0,1.0,0.0,,,0.0023859727662056684,0.9976139068603516,0.31292420625686646,,
0,303,rcarf_hard,vibration_missing,0.0,1.0,1.0,,,0.0002441531978547573,0.9997557997703552,0.999509871006012,,
0,303,rcarf_hard,electrical_missing,1.0,0.0,1.0,,,0.9993956089019775,0.0006044147885404527,0.9980089664459229,,
0,303,rcarf_hard,vibration_gain_075,0.75,1.0,0.25,,,0.001919820555485785,0.9980802536010742,0.5361563563346863,,
0,303,rcarf_hard,vibration_gain_050,0.5,1.0,0.5,,,0.0021922735031694174,0.9978077411651611,0.7837360501289368,,
0,303,rcarf_hard,vibration_gain_025,0.25,1.0,0.75,,,0.0030387775041162968,0.9969612956047058,0.9036090970039368,,
0,303,rcarf_hard,electrical_gain_075,1.0,0.75,0.25,,,0.9996652603149414,0.00033487510518170893,0.9999271631240845,,
0,303,rcarf_hard,electrical_gain_050,1.0,0.5,0.5,,,1.0,1.837241245798083e-21,1.0,,
0,303,rcarf_hard,electrical_gain_025,1.0,0.25,0.75,,,1.0,3.391830978140761e-35,1.0,,
0,303,rcarf_hard,vibration_drift_025rms,0.75,1.0,0.25,,,0.0024068548809736967,0.997593104839325,0.31450849771499634,,
0,303,rcarf_hard,vibration_drift_050rms,0.5,1.0,0.5,,,0.0025127199478447437,0.9974872469902039,0.322177529335022,,
0,303,rcarf_hard,vibration_drift_100rms,0.0,1.0,1.0,,,0.003087417921051383,0.9969126582145691,0.35173043608665466,,
0,303,rcarf_hard,electrical_drift_025rms,1.0,0.75,0.25,,,0.042846307158470154,0.9571536779403687,0.40935611724853516,,
0,303,rcarf_hard,electrical_drift_050rms,1.0,0.5,0.5,,,0.9998260140419006,0.00017398979980498552,0.9996678233146667,,
0,303,rcarf_hard,electrical_drift_100rms,1.0,0.0,1.0,,,1.0,3.5016518822494437e-34,1.0,,
0,303,dprf_no_rel_loss,clean_reextract,1.0,1.0,0.0,0.8914648294448853,0.10853520035743713,0.8801803588867188,0.11981968581676483,0.1573083996772766,0.9179835319519043,0.36002519726753235
0,303,dprf_no_rel_loss,vibration_missing,0.0,1.0,1.0,0.017101895064115524,0.9828980565071106,0.00466056726872921,0.9953394532203674,0.9996479749679565,0.16774395108222961,0.9596055150032043
0,303,dprf_no_rel_loss,electrical_missing,1.0,0.0,1.0,0.9979804158210754,0.0020194596145302057,0.9987703561782837,0.001229695277288556,0.9986481070518494,0.9939998984336853,0.1880490481853485
0,303,dprf_no_rel_loss,vibration_gain_075,0.75,1.0,0.25,0.7856290936470032,0.21437084674835205,0.7714098691940308,0.22859014570713043,0.23268291354179382,0.8994427919387817,0.37332603335380554
0,303,dprf_no_rel_loss,vibration_gain_050,0.5,1.0,0.5,0.7551335692405701,0.24486640095710754,0.7538996934890747,0.24610041081905365,0.37269869446754456,0.9209768772125244,0.3376426696777344
0,303,dprf_no_rel_loss,vibration_gain_025,0.25,1.0,0.75,0.7989023923873901,0.20109760761260986,0.8320305347442627,0.16796940565109253,0.493061900138855,0.963753342628479,0.23203571140766144
0,303,dprf_no_rel_loss,electrical_gain_075,1.0,0.75,0.25,0.9904235601425171,0.009576485492289066,0.9912728071212769,0.008727182634174824,0.29426586627960205,0.9927647113800049,0.32678285241127014
0,303,dprf_no_rel_loss,electrical_gain_050,1.0,0.5,0.5,0.9991224408149719,0.0008775248425081372,0.9991897940635681,0.0008101857383735478,0.49164268374443054,0.9934261441230774,0.31070297956466675
0,303,dprf_no_rel_loss,electrical_gain_025,1.0,0.25,0.75,0.9999249577522278,7.506670954171568e-05,0.9999265670776367,7.343418837990612e-05,0.5041067004203796,0.9951624274253845,0.3056003451347351
0,303,dprf_no_rel_loss,vibration_drift_025rms,0.75,1.0,0.25,0.8899343609809875,0.11006572097539902,0.8780831098556519,0.12191692739725113,0.157698392868042,0.9158275723457336,0.3602682054042816
0,303,dprf_no_rel_loss,vibration_drift_050rms,0.5,1.0,0.5,0.8866503238677979,0.11334967613220215,0.8731608390808105,0.12683916091918945,0.15950588881969452,0.9089155197143555,0.35917961597442627
0,303,dprf_no_rel_loss,vibration_drift_100rms,0.0,1.0,1.0,0.8694300651550293,0.1305699497461319,0.8481595516204834,0.1518404334783554,0.16507567465305328,0.8740860223770142,0.3564233183860779
0,303,dprf_no_rel_loss,electrical_drift_025rms,1.0,0.75,0.25,0.8885177373886108,0.11148232966661453,0.8762738108634949,0.1237262636423111,0.17947718501091003,0.9095360636711121,0.35401010513305664
0,303,dprf_no_rel_loss,electrical_drift_050rms,1.0,0.5,0.5,0.8559591770172119,0.14404074847698212,0.8555928468704224,0.1444072276353836,0.4789561331272125,0.9346652030944824,0.3292407691478729
0,303,dprf_no_rel_loss,electrical_drift_100rms,1.0,0.0,1.0,0.6376052498817444,0.362394779920578,0.7746776342391968,0.2253224402666092,0.97136390209198,0.9420735239982605,0.2858017683029175
0,303,dprf_no_switch_loss,clean_reextract,1.0,1.0,0.0,0.5486587285995483,0.45134127140045166,0.5277644991874695,0.4722355306148529,1.0,0.893408477306366,0.9940035939216614
0,303,dprf_no_switch_loss,vibration_missing,0.0,1.0,1.0,0.40682685375213623,0.593173086643219,6.220855721039698e-05,0.999937891960144,0.9999796748161316,7.729588833171874e-05,0.9998979568481445
0,303,dprf_no_switch_loss,electrical_missing,1.0,0.0,1.0,0.6137668490409851,0.3862331211566925,0.9989055395126343,0.0010943935485556722,0.9999991655349731,0.9996287226676941,0.001289481413550675
0,303,dprf_no_switch_loss,vibration_gain_075,0.75,1.0,0.25,0.5241215825080872,0.47587844729423523,0.4825476109981537,0.5174524188041687,1.0,0.8155649304389954,0.9954420328140259
0,303,dprf_no_switch_loss,vibration_gain_050,0.5,1.0,0.5,0.5015742182731628,0.49842581152915955,0.3897896111011505,0.6102103590965271,1.0,0.5954768657684326,0.9975859522819519
0,303,dprf_no_switch_loss,vibration_gain_025,0.25,1.0,0.75,0.4894431531429291,0.5105568766593933,0.3058205842971802,0.6941794157028198,1.0,0.42333146929740906,0.9987829923629761
0,303,dprf_no_switch_loss,electrical_gain_075,1.0,0.75,0.25,0.6182166934013367,0.38178327679634094,0.7107104063034058,0.28928956389427185,1.0,0.9854336977005005,0.581877589225769
0,303,dprf_no_switch_loss,electrical_gain_050,1.0,0.5,0.5,0.6518155336380005,0.34818440675735474,0.7958803176879883,0.20411966741085052,1.0,0.999785304069519,0.41562098264694214
0,303,dprf_no_switch_loss,electrical_gain_025,1.0,0.25,0.75,0.7024050354957581,0.2975950241088867,0.8533240556716919,0.1466759741306305,1.0,0.9999963045120239,0.3608085513114929
0,303,dprf_no_switch_loss,vibration_drift_025rms,0.75,1.0,0.25,0.5481130480766296,0.45188695192337036,0.5269874930381775,0.4730125069618225,1.0,0.8920053243637085,0.9939513802528381
0,303,dprf_no_switch_loss,vibration_drift_050rms,0.5,1.0,0.5,0.5474247336387634,0.4525752067565918,0.5255402326583862,0.47445979714393616,1.0,0.8870305418968201,0.993750810623169
0,303,dprf_no_switch_loss,vibration_drift_100rms,0.0,1.0,1.0,0.5444726347923279,0.4555273652076721,0.5191263556480408,0.48087364435195923,1.0,0.8659576177597046,0.9926718473434448
0,303,dprf_no_switch_loss,electrical_drift_025rms,1.0,0.75,0.25,0.5418262481689453,0.4581737220287323,0.527138888835907,0.4728611409664154,1.0,0.900017499923706,0.970914900302887
0,303,dprf_no_switch_loss,electrical_drift_050rms,1.0,0.5,0.5,0.5129227042198181,0.4870772063732147,0.6520728468894958,0.34792712330818176,1.0,0.9980433583259583,0.49005839228630066
0,303,dprf_no_switch_loss,electrical_drift_100rms,1.0,0.0,1.0,0.40841013193130493,0.5915898680686951,0.7313005924224854,0.26869943737983704,1.0,1.0,0.18911631405353546
0,303,dprf_no_semantic,clean_reextract,1.0,1.0,0.0,0.5,0.5,0.47096651792526245,0.5290334820747375,0.13815167546272278,0.8871002197265625,0.9959884881973267
0,303,dprf_no_semantic,vibration_missing,0.0,1.0,1.0,0.5,0.5,0.00012551645340863615,0.999874472618103,0.9996142387390137,0.0001255053939530626,0.9999597072601318
0,303,dprf_no_semantic,electrical_missing,1.0,0.0,1.0,0.5,0.5,0.9988740086555481,0.0011260074097663164,0.9986659288406372,0.9996986985206604,0.0011280382750555873
0,303,dprf_no_semantic,vibration_gain_075,0.75,1.0,0.25,0.5,0.5,0.44591668248176575,0.5540832877159119,0.21339401602745056,0.8046976923942566,0.9971013069152832
0,303,dprf_no_semantic,vibration_gain_050,0.5,1.0,0.5,0.5,0.5,0.3811417818069458,0.6188582181930542,0.3942350447177887,0.622776448726654,0.9985055923461914
0,303,dprf_no_semantic,vibration_gain_025,0.25,1.0,0.75,0.5,0.5,0.3063385784626007,0.6936614513397217,0.6305976510047913,0.45232000946998596,0.9992240071296692
0,303,dprf_no_semantic,electrical_gain_075,1.0,0.75,0.25,0.5,0.5,0.6040903925895691,0.3959096372127533,0.36432749032974243,0.9826618432998657,0.65738445520401
0,303,dprf_no_semantic,electrical_gain_050,1.0,0.5,0.5,0.5,0.5,0.6679448485374451,0.33205509185791016,0.4974287450313568,0.9995396733283997,0.4971226453781128
0,303,dprf_no_semantic,electrical_gain_025,1.0,0.25,0.75,0.5,0.5,0.678342342376709,0.3216577470302582,0.546904981136322,0.9999895691871643,0.47438907623291016
0,303,dprf_no_semantic,vibration_drift_025rms,0.75,1.0,0.25,0.5,0.5,0.4707294702529907,0.5292705297470093,0.13929952681064606,0.8862420916557312,0.9959713816642761
0,303,dprf_no_semantic,vibration_drift_050rms,0.5,1.0,0.5,0.5,0.5,0.46975722908973694,0.5302428007125854,0.14345496892929077,0.882777988910675,0.9959262013435364
0,303,dprf_no_semantic,vibration_drift_100rms,0.0,1.0,1.0,0.5,0.5,0.46660351753234863,0.5333964824676514,0.15916340053081512,0.8720310926437378,0.9955980777740479
0,303,dprf_no_semantic,electrical_drift_025rms,1.0,0.75,0.25,0.5,0.5,0.477183073759079,0.5228168964385986,0.16644302010536194,0.8935649991035461,0.9804196357727051
0,303,dprf_no_semantic,electrical_drift_050rms,1.0,0.5,0.5,0.5,0.5,0.672147810459137,0.32785215973854065,0.5076186060905457,0.9968437552452087,0.48680657148361206
0,303,dprf_no_semantic,electrical_drift_100rms,1.0,0.0,1.0,0.5,0.5,0.8128331303596497,0.18716691434383392,0.9516966938972473,1.0,0.23522166907787323
0,303,dprf_full,clean_reextract,1.0,1.0,0.0,0.6910721659660339,0.30892783403396606,0.6826774477958679,0.3173225224018097,0.14247795939445496,0.8907091617584229,0.9888396859169006
0,303,dprf_full,vibration_missing,0.0,1.0,1.0,0.5887304544448853,0.41126951575279236,0.00020936755754519254,0.999790608882904,0.9995769262313843,0.00014942600682843477,0.9999610185623169
0,303,dprf_full,electrical_missing,1.0,0.0,1.0,0.7335564494132996,0.26644355058670044,0.999809741973877,0.00019033685384783894,0.998594343662262,0.9997357726097107,0.00044905589311383665
0,303,dprf_full,vibration_gain_075,0.75,1.0,0.25,0.6439895033836365,0.3560105264186859,0.6197504997253418,0.38024941086769104,0.22374269366264343,0.8000970482826233,0.9912975430488586
0,303,dprf_full,vibration_gain_050,0.5,1.0,0.5,0.5700861811637878,0.42991387844085693,0.5018578767776489,0.4981421232223511,0.4014098048210144,0.5895070433616638,0.9955303072929382
0,303,dprf_full,vibration_gain_025,0.25,1.0,0.75,0.48811957240104675,0.5118804574012756,0.3880271017551422,0.6119728684425354,0.5705286860466003,0.4799526035785675,0.9965788125991821
0,303,dprf_full,electrical_gain_075,1.0,0.75,0.25,0.8965135812759399,0.10348644852638245,0.920444667339325,0.07955525815486908,0.35551005601882935,0.9831255674362183,0.6107011437416077
0,303,dprf_full,electrical_gain_050,1.0,0.5,0.5,0.9843837022781372,0.015616297721862793,0.9914275407791138,0.008572463877499104,0.4946396052837372,0.9998465776443481,0.5100218653678894
0,303,dprf_full,electrical_gain_025,1.0,0.25,0.75,0.9981650710105896,0.0018349062884226441,0.9990985989570618,0.0009013887611217797,0.5205577611923218,0.9999984502792358,0.47826087474823
0,303,dprf_full,vibration_drift_025rms,0.75,1.0,0.25,0.6917835474014282,0.3082164525985718,0.6832651495933533,0.3167348802089691,0.14399564266204834,0.8894692063331604,0.9888539910316467
0,303,dprf_full,vibration_drift_050rms,0.5,1.0,0.5,0.6943930983543396,0.305606871843338,0.6853808760643005,0.3146190941333771,0.1497189849615097,0.8848401308059692,0.9887495636940002
0,303,dprf_full,vibration_drift_100rms,0.0,1.0,1.0,0.7066696882247925,0.29333025217056274,0.6947182416915894,0.30528175830841064,0.17166952788829803,0.8640868663787842,0.9890008568763733
0,303,dprf_full,electrical_drift_025rms,1.0,0.75,0.25,0.7039682269096375,0.2960317134857178,0.7009924054145813,0.2990076541900635,0.17173029482364655,0.8960723876953125,0.9653083086013794
0,303,dprf_full,electrical_drift_050rms,1.0,0.5,0.5,0.7398091554641724,0.26019081473350525,0.7947065830230713,0.2052934467792511,0.5470077395439148,0.9983658194541931,0.4962344765663147
0,303,dprf_full,electrical_drift_100rms,1.0,0.0,1.0,0.787134051322937,0.2128659039735794,0.840401291847229,0.1595986932516098,0.9847716689109802,1.0,0.3911285400390625
0,304,gate_da,clean_reextract,1.0,1.0,0.0,0.5782326459884644,0.42176735401153564,,,,,
0,304,gate_da,vibration_missing,0.0,1.0,1.0,0.0551382414996624,0.9448617696762085,,,,,
0,304,gate_da,electrical_missing,1.0,0.0,1.0,0.9687573909759521,0.031242625787854195,,,,,
0,304,gate_da,vibration_gain_075,0.75,1.0,0.25,0.5209184288978577,0.47908151149749756,,,,,
0,304,gate_da,vibration_gain_050,0.5,1.0,0.5,0.5179600715637207,0.4820398688316345,,,,,
0,304,gate_da,vibration_gain_025,0.25,1.0,0.75,0.5586364269256592,0.44136354327201843,,,,,
0,304,gate_da,electrical_gain_075,1.0,0.75,0.25,0.9999266266822815,7.333910616580397e-05,,,,,
0,304,gate_da,electrical_gain_050,1.0,0.5,0.5,1.0,3.236325790689776e-11,,,,,
0,304,gate_da,electrical_gain_025,1.0,0.25,0.75,1.0,1.896907124318854e-17,,,,,
0,304,gate_da,vibration_drift_025rms,0.75,1.0,0.25,0.5766137838363647,0.42338624596595764,,,,,
0,304,gate_da,vibration_drift_050rms,0.5,1.0,0.5,0.5723540782928467,0.42764589190483093,,,,,
0,304,gate_da,vibration_drift_100rms,0.0,1.0,1.0,0.5535435676574707,0.4464563727378845,,,,,
0,304,gate_da,electrical_drift_025rms,1.0,0.75,0.25,0.6083517670631409,0.39164823293685913,,,,,
0,304,gate_da,electrical_drift_050rms,1.0,0.5,0.5,0.7133826613426208,0.2866172790527344,,,,,
0,304,gate_da,electrical_drift_100rms,1.0,0.0,1.0,0.7150989174842834,0.28490108251571655,,,,,
0,304,rcarf_hard,clean_reextract,1.0,1.0,0.0,,,0.00722151342779398,0.992778480052948,0.2520037591457367,,
0,304,rcarf_hard,vibration_missing,0.0,1.0,1.0,,,0.0013566850684583187,0.9986433386802673,0.999666690826416,,
0,304,rcarf_hard,electrical_missing,1.0,0.0,1.0,,,0.9997750520706177,0.0002249340759590268,0.9982554316520691,,
0,304,rcarf_hard,vibration_gain_075,0.75,1.0,0.25,,,0.0062660882249474525,0.9937339425086975,0.3841826319694519,,
0,304,rcarf_hard,vibration_gain_050,0.5,1.0,0.5,,,0.00858302228152752,0.9914169311523438,0.6979419589042664,,
0,304,rcarf_hard,vibration_gain_025,0.25,1.0,0.75,,,0.013481431640684605,0.9865185618400574,0.8887492418289185,,
0,304,rcarf_hard,electrical_gain_075,1.0,0.75,0.25,,,1.0,1.675585226124099e-10,0.9998337626457214,,
0,304,rcarf_hard,electrical_gain_050,1.0,0.5,0.5,,,1.0,8.683426193881594e-41,1.0,,
0,304,rcarf_hard,electrical_gain_025,1.0,0.25,0.75,,,1.0,0.0,1.0,,
0,304,rcarf_hard,vibration_drift_025rms,0.75,1.0,0.25,,,0.007253556977957487,0.9927464723587036,0.25383374094963074,,
0,304,rcarf_hard,vibration_drift_050rms,0.5,1.0,0.5,,,0.007407912518829107,0.9925921559333801,0.26164114475250244,,
0,304,rcarf_hard,vibration_drift_100rms,0.0,1.0,1.0,,,0.008214830420911312,0.9917852282524109,0.2899759113788605,,
0,304,rcarf_hard,electrical_drift_025rms,1.0,0.75,0.25,,,0.0743083581328392,0.9256917238235474,0.3285646438598633,,
0,304,rcarf_hard,electrical_drift_050rms,1.0,0.5,0.5,,,0.999995768070221,4.202613581583137e-06,0.9996903538703918,,
0,304,rcarf_hard,electrical_drift_100rms,1.0,0.0,1.0,,,1.0,6.011570411953465e-42,1.0,,
0,304,dprf_no_rel_loss,clean_reextract,1.0,1.0,0.0,0.9172402620315552,0.08275973796844482,0.9258196353912354,0.07418033480644226,0.13412894308567047,0.932373046875,0.15321947634220123
0,304,dprf_no_rel_loss,vibration_missing,0.0,1.0,1.0,0.006507968530058861,0.993492066860199,0.003056175773963332,0.9969438314437866,0.9998617172241211,0.24969066679477692,0.9108699560165405
0,304,dprf_no_rel_loss,electrical_missing,1.0,0.0,1.0,0.9998669624328613,0.00013298688281793147,0.9999778270721436,2.2176192942424677e-05,0.9985507130622864,0.9786285758018494,0.03439122810959816
0,304,dprf_no_rel_loss,vibration_gain_075,0.75,1.0,0.25,0.8610113263130188,0.1389887034893036,0.8718220591545105,0.12817785143852234,0.20611803233623505,0.9469504952430725,0.17247024178504944
0,304,dprf_no_rel_loss,vibration_gain_050,0.5,1.0,0.5,0.8657362461090088,0.13426385819911957,0.8760063052177429,0.1239936351776123,0.37853288650512695,0.9743505716323853,0.15661250054836273
0,304,dprf_no_rel_loss,vibration_gain_025,0.25,1.0,0.75,0.9069417119026184,0.09305823594331741,0.9115933775901794,0.08840672671794891,0.5826441645622253,0.9945951700210571,0.11804752051830292
0,304,dprf_no_rel_loss,electrical_gain_075,1.0,0.75,0.25,0.9966012239456177,0.0033988291397690773,0.9976555705070496,0.0023445026017725468,0.33067864179611206,0.9849570393562317,0.07031258195638657
0,304,dprf_no_rel_loss,electrical_gain_050,1.0,0.5,0.5,0.9996976256370544,0.000302428612485528,0.9998100996017456,0.00018989057571161538,0.488937109708786,0.9891394376754761,0.022555671632289886
0,304,dprf_no_rel_loss,electrical_gain_025,1.0,0.25,0.75,0.9999786615371704,2.1369667592807673e-05,0.9999940395355225,5.939844413660467e-06,0.5394519567489624,0.9913313984870911,0.006995281670242548
0,304,dprf_no_rel_loss,vibration_drift_025rms,0.75,1.0,0.25,0.9156345129013062,0.08436553925275803,0.9239488840103149,0.07605115324258804,0.13466663658618927,0.9309757351875305,0.1535038948059082
0,304,dprf_no_rel_loss,vibration_drift_050rms,0.5,1.0,0.5,0.9102795720100403,0.0897204652428627,0.918006181716919,0.08199375867843628,0.1365656852722168,0.9264742732048035,0.15444619953632355
0,304,dprf_no_rel_loss,vibration_drift_100rms,0.0,1.0,1.0,0.8827921748161316,0.11720792949199677,0.8930292725563049,0.10697072744369507,0.14352306723594666,0.9051374197006226,0.15953850746154785
0,304,dprf_no_rel_loss,electrical_drift_025rms,1.0,0.75,0.25,0.9146778583526611,0.08532202988862991,0.9236698150634766,0.0763302594423294,0.16286322474479675,0.926050066947937,0.14385351538658142
0,304,dprf_no_rel_loss,electrical_drift_050rms,1.0,0.5,0.5,0.8786163926124573,0.12138356268405914,0.8973933458328247,0.10260660946369171,0.4990827739238739,0.949185311794281,0.13891977071762085
0,304,dprf_no_rel_loss,electrical_drift_100rms,1.0,0.0,1.0,0.7053964138031006,0.2946035861968994,0.7321624755859375,0.2678375542163849,0.9595802426338196,0.94475257396698,0.129058837890625
0,304,dprf_no_switch_loss,clean_reextract,1.0,1.0,0.0,0.6339170336723328,0.36608296632766724,0.6080461144447327,0.3919539153575897,1.0,0.8905847668647766,0.9985666275024414
0,304,dprf_no_switch_loss,vibration_missing,0.0,1.0,1.0,0.4547674357891083,0.5452325344085693,5.261649221210973e-06,0.9999947547912598,0.9999731183052063,6.093386673455825e-06,0.9999913573265076
0,304,dprf_no_switch_loss,electrical_missing,1.0,0.0,1.0,0.6121156215667725,0.38788434863090515,0.9979227185249329,0.0020772458519786596,0.9999886155128479,0.9997684955596924,0.0024040823336690664
0,304,dprf_no_switch_loss,vibration_gain_075,0.75,1.0,0.25,0.6252622604370117,0.37473779916763306,0.578363299369812,0.4216367304325104,1.0,0.813791811466217,0.9987484812736511
0,304,dprf_no_switch_loss,vibration_gain_050,0.5,1.0,0.5,0.627508282661438,0.3724916875362396,0.5357557535171509,0.46424418687820435,1.0,0.6634469032287598,0.9989290237426758
0,304,dprf_no_switch_loss,vibration_gain_025,0.25,1.0,0.75,0.6428928375244141,0.35710713267326355,0.4630192220211029,0.5369807481765747,1.0,0.4600221514701843,0.9991384148597717
0,304,dprf_no_switch_loss,electrical_gain_075,1.0,0.75,0.25,0.9951038360595703,0.004896160680800676,0.9969577789306641,0.0030422289855778217,1.0,0.9836457967758179,0.6222100853919983
0,304,dprf_no_switch_loss,electrical_gain_050,1.0,0.5,0.5,0.9999812245368958,1.8799013560055755e-05,0.9999904632568359,9.543824489810504e-06,1.0,0.9998953938484192,0.5138084888458252
0,304,dprf_no_switch_loss,electrical_gain_025,1.0,0.25,0.75,1.0,8.068286661000457e-08,1.0,4.052397883924641e-08,1.0,0.9999995231628418,0.5085497498512268
0,304,dprf_no_switch_loss,vibration_drift_025rms,0.75,1.0,0.25,0.6327157020568848,0.36728429794311523,0.6065575480461121,0.3934424817562103,1.0,0.8895816802978516,0.9985507726669312
0,304,dprf_no_switch_loss,vibration_drift_050rms,0.5,1.0,0.5,0.6293042302131653,0.3706957995891571,0.602117121219635,0.397882878780365,1.0,0.8858598470687866,0.9985030889511108
0,304,dprf_no_switch_loss,vibration_drift_100rms,0.0,1.0,1.0,0.6154088377952576,0.3845911920070648,0.5834675431251526,0.4165324866771698,1.0,0.8696281313896179,0.998202383518219
0,304,dprf_no_switch_loss,electrical_drift_025rms,1.0,0.75,0.25,0.6272948384284973,0.3727051615715027,0.6033913493156433,0.3966086804866791,1.0,0.8947011828422546,0.9944140315055847
0,304,dprf_no_switch_loss,electrical_drift_050rms,1.0,0.5,0.5,0.5811457633972168,0.418854296207428,0.7160676121711731,0.2839323878288269,1.0,0.9963149428367615,0.5338242650032043
0,304,dprf_no_switch_loss,electrical_drift_100rms,1.0,0.0,1.0,0.5764447450637817,0.42355528473854065,0.9379745721817017,0.06202547997236252,1.0,1.0,0.0860464870929718
0,304,dprf_no_semantic,clean_reextract,1.0,1.0,0.0,0.5,0.5,0.47049224376678467,0.5295076966285706,0.12232106924057007,0.8889597654342651,0.9996557235717773
0,304,dprf_no_semantic,vibration_missing,0.0,1.0,1.0,0.5,0.5,2.6480793167138472e-05,0.9999735951423645,0.9999436140060425,2.643918924150057e-05,0.999998927116394
0,304,dprf_no_semantic,electrical_missing,1.0,0.0,1.0,0.5,0.5,0.9989699721336365,0.0010299496352672577,0.9991739392280579,0.999538779258728,0.0010320361470803618
0,304,dprf_no_semantic,vibration_gain_075,0.75,1.0,0.25,0.5,0.5,0.4452182352542877,0.5547817349433899,0.19981789588928223,0.8052363395690918,0.9997863173484802
0,304,dprf_no_semantic,vibration_gain_050,0.5,1.0,0.5,0.5,0.5,0.37872314453125,0.62127685546875,0.3925727307796478,0.6163889765739441,0.9998576045036316
0,304,dprf_no_semantic,vibration_gain_025,0.25,1.0,0.75,0.5,0.5,0.2820669114589691,0.7179331183433533,0.5925368070602417,0.4089057147502899,0.9998445510864258
0,304,dprf_no_semantic,electrical_gain_075,1.0,0.75,0.25,0.5,0.5,0.6222134232521057,0.3777865767478943,0.3988907039165497,0.9800029993057251,0.6039513945579529
0,304,dprf_no_semantic,electrical_gain_050,1.0,0.5,0.5,0.5,0.5,0.664068877696991,0.33593109250068665,0.49801376461982727,0.9996350407600403,0.505824863910675
0,304,dprf_no_semantic,electrical_gain_025,1.0,0.25,0.75,0.5,0.5,0.6638768315315247,0.33612313866615295,0.4972841143608093,0.9999921321868896,0.5065540075302124
0,304,dprf_no_semantic,vibration_drift_025rms,0.75,1.0,0.25,0.5,0.5,0.4703170657157898,0.5296829342842102,0.1230337992310524,0.8883193731307983,0.9996527433395386
0,304,dprf_no_semantic,vibration_drift_050rms,0.5,1.0,0.5,0.5,0.5,0.4696879982948303,0.5303119421005249,0.12538868188858032,0.886051595211029,0.9996398687362671
0,304,dprf_no_semantic,vibration_drift_100rms,0.0,1.0,1.0,0.5,0.5,0.46676671504974365,0.5332332849502563,0.13532619178295135,0.8761631846427917,0.9995777010917664
0,304,dprf_no_semantic,electrical_drift_025rms,1.0,0.75,0.25,0.5,0.5,0.47308358550071716,0.5269164443016052,0.15550930798053741,0.8950007557868958,0.9964083433151245
0,304,dprf_no_semantic,electrical_drift_050rms,1.0,0.5,0.5,0.5,0.5,0.6661222577095032,0.33387768268585205,0.5023425221443176,0.9970468878746033,0.5006848573684692
0,304,dprf_no_semantic,electrical_drift_100rms,1.0,0.0,1.0,0.5,0.5,0.7250663042068481,0.27493372559547424,0.9349396824836731,1.0,0.3833909332752228
0,304,dprf_full,clean_reextract,1.0,1.0,0.0,0.7229574918746948,0.27704253792762756,0.7076376676559448,0.29236236214637756,0.13481904566287994,0.8856889605522156,0.9986568689346313
0,304,dprf_full,vibration_missing,0.0,1.0,1.0,0.43789780139923096,0.562102198600769,5.540092752198689e-05,0.9999445676803589,0.9997550845146179,6.510897219413891e-05,0.9999902248382568
0,304,dprf_full,electrical_missing,1.0,0.0,1.0,0.7119224667549133,0.28807753324508667,0.9994438886642456,0.0005560456775128841,0.9986094236373901,0.999693751335144,0.0010039760963991284
0,304,dprf_full,vibration_gain_075,0.75,1.0,0.25,0.6942152380943298,0.30578482151031494,0.6626870632171631,0.3373129367828369,0.20336520671844482,0.805141270160675,0.9990009069442749
0,304,dprf_full,vibration_gain_050,0.5,1.0,0.5,0.6710402369499207,0.32895976305007935,0.6051456928253174,0.39485427737236023,0.3882911801338196,0.6280340552330017,0.9993928670883179
0,304,dprf_full,vibration_gain_025,0.25,1.0,0.75,0.6615839600563049,0.3384160101413727,0.5194202661514282,0.480579674243927,0.6099879741668701,0.40650954842567444,0.9994511604309082
0,304,dprf_full,electrical_gain_075,1.0,0.75,0.25,0.7248377203941345,0.2751622796058655,0.8038225769996643,0.1961774080991745,0.37337031960487366,0.9821353554725647,0.52730393409729
0,304,dprf_full,electrical_gain_050,1.0,0.5,0.5,0.7582710981369019,0.24172882735729218,0.8351101279258728,0.1648898720741272,0.500714123249054,0.9998752474784851,0.49561837315559387
0,304,dprf_full,electrical_gain_025,1.0,0.25,0.75,0.771613597869873,0.22838634252548218,0.8429446220397949,0.15705539286136627,0.5166067481040955,0.9999985098838806,0.4948756694793701
0,304,dprf_full,vibration_drift_025rms,0.75,1.0,0.25,0.7215118408203125,0.2784881889820099,0.7061030864715576,0.29389688372612,0.13569356501102448,0.8849945664405823,0.9986365437507629
0,304,dprf_full,vibration_drift_050rms,0.5,1.0,0.5,0.7168042063713074,0.28319576382637024,0.7010533213615417,0.29894664883613586,0.13872173428535461,0.8825007081031799,0.9985746145248413
0,304,dprf_full,vibration_drift_100rms,0.0,1.0,1.0,0.7014159560203552,0.2985840141773224,0.6854608058929443,0.31453925371170044,0.14903855323791504,0.8755947947502136,0.9976123571395874
0,304,dprf_full,electrical_drift_025rms,1.0,0.75,0.25,0.7313706874847412,0.2686292231082916,0.7188804149627686,0.28111961483955383,0.1690060943365097,0.8940519094467163,0.9912381172180176
0,304,dprf_full,electrical_drift_050rms,1.0,0.5,0.5,0.7142683267593384,0.28573164343833923,0.7948921322822571,0.2051079124212265,0.5167298316955566,0.9991958141326904,0.4973177909851074
0,304,dprf_full,electrical_drift_100rms,1.0,0.0,1.0,0.7365885376930237,0.2634114921092987,0.8044809103012085,0.19551916420459747,0.7914357781410217,1.0,0.44649770855903625
0,305,gate_da,clean_reextract,1.0,1.0,0.0,0.7095454931259155,0.2904545068740845,,,,,
0,305,gate_da,vibration_missing,0.0,1.0,1.0,0.0062741064466536045,0.9937259554862976,,,,,
0,305,gate_da,electrical_missing,1.0,0.0,1.0,0.9853766560554504,0.014623341150581837,,,,,
0,305,gate_da,vibration_gain_075,0.75,1.0,0.25,0.6481468677520752,0.3518531024456024,,,,,
0,305,gate_da,vibration_gain_050,0.5,1.0,0.5,0.6303138732910156,0.3696861267089844,,,,,
0,305,gate_da,vibration_gain_025,0.25,1.0,0.75,0.6489230990409851,0.35107696056365967,,,,,
0,305,gate_da,electrical_gain_075,1.0,0.75,0.25,0.9999839067459106,1.6098034393507987e-05,,,,,
0,305,gate_da,electrical_gain_050,1.0,0.5,0.5,1.0,6.008644970467714e-12,,,,,
0,305,gate_da,electrical_gain_025,1.0,0.25,0.75,1.0,4.370156889927399e-18,,,,,
0,305,gate_da,vibration_drift_025rms,0.75,1.0,0.25,0.7098801136016846,0.29011985659599304,,,,,
0,305,gate_da,vibration_drift_050rms,0.5,1.0,0.5,0.7136003971099854,0.2863996624946594,,,,,
0,305,gate_da,vibration_drift_100rms,0.0,1.0,1.0,0.729990541934967,0.27000942826271057,,,,,
0,305,gate_da,electrical_drift_025rms,1.0,0.75,0.25,0.7515991926193237,0.24840083718299866,,,,,
0,305,gate_da,electrical_drift_050rms,1.0,0.5,0.5,0.8156229853630066,0.18437708914279938,,,,,
0,305,gate_da,electrical_drift_100rms,1.0,0.0,1.0,0.8673561215400696,0.13264384865760803,,,,,
0,305,rcarf_hard,clean_reextract,1.0,1.0,0.0,,,0.006037853192538023,0.9939621686935425,0.31002023816108704,,
0,305,rcarf_hard,vibration_missing,0.0,1.0,1.0,,,0.0001549170265207067,0.9998450875282288,0.9993295669555664,,
0,305,rcarf_hard,electrical_missing,1.0,0.0,1.0,,,0.9970835447311401,0.002916486468166113,0.9989994168281555,,
0,305,rcarf_hard,vibration_gain_075,0.75,1.0,0.25,,,0.0020908631850034,0.9979090690612793,0.5335180759429932,,
0,305,rcarf_hard,vibration_gain_050,0.5,1.0,0.5,,,0.0018416026141494513,0.9981583952903748,0.8375412225723267,,
0,305,rcarf_hard,vibration_gain_025,0.25,1.0,0.75,,,0.004703969229012728,0.995296061038971,0.9562612175941467,,
0,305,rcarf_hard,electrical_gain_075,1.0,0.75,0.25,,,0.9463154077529907,0.053684644401073456,0.9999994039535522,,
0,305,rcarf_hard,electrical_gain_050,1.0,0.5,0.5,,,1.0,2.8392511304739645e-17,1.0,,
0,305,rcarf_hard,electrical_gain_025,1.0,0.25,0.75,,,1.0,8.621814954877324e-32,1.0,,
0,305,rcarf_hard,vibration_drift_025rms,0.75,1.0,0.25,,,0.006011083722114563,0.9939889907836914,0.31137198209762573,,
0,305,rcarf_hard,vibration_drift_050rms,0.5,1.0,0.5,,,0.0059358663856983185,0.9940641522407532,0.31697309017181396,,
0,305,rcarf_hard,vibration_drift_100rms,0.0,1.0,1.0,,,0.0056807114742696285,0.9943192601203918,0.342397004365921,,
0,305,rcarf_hard,electrical_drift_025rms,1.0,0.75,0.25,,,0.08178286999464035,0.918217122554779,0.4206618070602417,,
0,305,rcarf_hard,electrical_drift_050rms,1.0,0.5,0.5,,,0.9999947547912598,5.276861884340178e-06,0.9999520778656006,,
0,305,rcarf_hard,electrical_drift_100rms,1.0,0.0,1.0,,,1.0,9.305163345558192e-35,1.0,,
0,305,dprf_no_rel_loss,clean_reextract,1.0,1.0,0.0,0.9978464245796204,0.0021535397972911596,0.9994080066680908,0.0005920451949350536,0.15732097625732422,0.991202175617218,0.004192789550870657
0,305,dprf_no_rel_loss,vibration_missing,0.0,1.0,1.0,0.004945314489305019,0.9950546026229858,0.00023945191060192883,0.9997605681419373,0.9994562864303589,0.01937342807650566,0.7472215890884399
0,305,dprf_no_rel_loss,electrical_missing,1.0,0.0,1.0,0.9994379878044128,0.0005620315205305815,0.999991238117218,8.782786608207971e-06,0.9986490607261658,0.9949709177017212,0.0025964989326894283
0,305,dprf_no_rel_loss,vibration_gain_075,0.75,1.0,0.25,0.9690414071083069,0.030958620831370354,0.9767442345619202,0.02325581945478916,0.23763281106948853,0.9881694316864014,0.040337398648262024
0,305,dprf_no_rel_loss,vibration_gain_050,0.5,1.0,0.5,0.935520589351654,0.06447941064834595,0.9415180087089539,0.05848192796111107,0.3600669503211975,0.9873374104499817,0.06874939054250717
0,305,dprf_no_rel_loss,vibration_gain_025,0.25,1.0,0.75,0.9711129665374756,0.028887100517749786,0.9816487431526184,0.018351227045059204,0.45144587755203247,0.9977524876594543,0.027974341064691544
0,305,dprf_no_rel_loss,electrical_gain_075,1.0,0.75,0.25,0.9999855160713196,1.4492733498627786e-05,1.0,5.4792621995147783e-08,0.3547789752483368,0.9986088871955872,2.8188036594656296e-05
0,305,dprf_no_rel_loss,electrical_gain_050,1.0,0.5,0.5,1.0,2.765373352531242e-08,1.0,4.037181559109898e-13,0.49311837553977966,0.9997327923774719,1.5974164568888227e-07
0,305,dprf_no_rel_loss,electrical_gain_025,1.0,0.25,0.75,1.0,8.409373891682392e-11,1.0,8.417133818221963e-17,0.5297133922576904,0.9999390244483948,2.176133939713054e-09
0,305,dprf_no_rel_loss,vibration_drift_025rms,0.75,1.0,0.25,0.9978932738304138,0.002106709638610482,0.9994409680366516,0.0005590906948782504,0.1578342467546463,0.9908292889595032,0.004087812267243862
0,305,dprf_no_rel_loss,vibration_drift_050rms,0.5,1.0,0.5,0.9980526566505432,0.0019473396241664886,0.9995346069335938,0.0004654012736864388,0.1597137749195099,0.9896532893180847,0.00372564815916121
0,305,dprf_no_rel_loss,vibration_drift_100rms,0.0,1.0,1.0,0.9979268908500671,0.002073117299005389,0.9996567368507385,0.00034329431946389377,0.1672668308019638,0.9819678664207458,0.0029260548762977123
0,305,dprf_no_rel_loss,electrical_drift_025rms,1.0,0.75,0.25,0.9976097941398621,0.0023903416004031897,0.9993001818656921,0.000699852651450783,0.18629677593708038,0.9913409352302551,0.00418071961030364
0,305,dprf_no_rel_loss,electrical_drift_050rms,1.0,0.5,0.5,0.9975622892379761,0.0024377324152737856,0.9994451403617859,0.0005549417692236602,0.4718417823314667,0.9923399090766907,0.004190407227724791
0,305,dprf_no_rel_loss,electrical_drift_100rms,1.0,0.0,1.0,0.9866939783096313,0.01330604963004589,0.9983976483345032,0.0016022939234972,0.9555275440216064,0.9815811514854431,0.005661384202539921
0,305,dprf_no_switch_loss,clean_reextract,1.0,1.0,0.0,0.5498260855674744,0.45017385482788086,0.5223760604858398,0.47762390971183777,1.0,0.8822150826454163,0.9903686046600342
0,305,dprf_no_switch_loss,vibration_missing,0.0,1.0,1.0,0.4706875681877136,0.5293124318122864,0.0010037923930212855,0.9989961385726929,0.9998566508293152,0.0010771035449579358,0.9997003674507141
0,305,dprf_no_switch_loss,electrical_missing,1.0,0.0,1.0,0.5885708928108215,0.41142913699150085,0.9989613890647888,0.0010386090725660324,0.9999745488166809,0.9994593262672424,0.001202155719511211
0,305,dprf_no_switch_loss,vibration_gain_075,0.75,1.0,0.25,0.5538084506988525,0.44619157910346985,0.5006707906723022,0.49932923913002014,1.0,0.7954155802726746,0.9927005171775818
0,305,dprf_no_switch_loss,vibration_gain_050,0.5,1.0,0.5,0.5712987184524536,0.4287013113498688,0.4540567994117737,0.5459432005882263,1.0,0.614904522895813,0.9939872622489929
0,305,dprf_no_switch_loss,vibration_gain_025,0.25,1.0,0.75,0.6000375747680664,0.399962455034256,0.3893436789512634,0.6106563210487366,1.0,0.4286259412765503,0.9919822216033936
0,305,dprf_no_switch_loss,electrical_gain_075,1.0,0.75,0.25,0.9999350309371948,6.499978189822286e-05,0.9999569058418274,4.304723915993236e-05,1.0,0.9966356754302979,0.5309115052223206
0,305,dprf_no_switch_loss,electrical_gain_050,1.0,0.5,0.5,1.0,1.1080184686429462e-10,1.0,5.4209206568067714e-11,1.0,0.999989926815033,0.4980752468109131
0,305,dprf_no_switch_loss,electrical_gain_025,1.0,0.25,0.75,1.0,7.333527083428599e-16,1.0,3.660098186512796e-16,1.0,1.0,0.5051488280296326
0,305,dprf_no_switch_loss,vibration_drift_025rms,0.75,1.0,0.25,0.5484679937362671,0.4515320360660553,0.5208432078361511,0.4791567623615265,1.0,0.8815447092056274,0.9903313517570496
0,305,dprf_no_switch_loss,vibration_drift_050rms,0.5,1.0,0.5,0.544211745262146,0.4557882845401764,0.5158213376998901,0.4841786026954651,1.0,0.8787698745727539,0.9902225136756897
0,305,dprf_no_switch_loss,vibration_drift_100rms,0.0,1.0,1.0,0.5297043323516846,0.4702956974506378,0.4981379210948944,0.5018620491027832,1.0,0.8672010898590088,0.9896676540374756
0,305,dprf_no_switch_loss,electrical_drift_025rms,1.0,0.75,0.25,0.5559700131416321,0.4440299868583679,0.5391607880592346,0.4608392119407654,0.9999999403953552,0.8996965289115906,0.9648674726486206
0,305,dprf_no_switch_loss,electrical_drift_050rms,1.0,0.5,0.5,0.5816974639892578,0.4183025062084198,0.7404736876487732,0.25952640175819397,1.0,0.9960669279098511,0.4619213938713074
0,305,dprf_no_switch_loss,electrical_drift_100rms,1.0,0.0,1.0,0.645042359828949,0.3549576699733734,0.9401942491531372,0.05980566143989563,1.0,0.9999995231628418,0.11944369971752167
0,305,dprf_no_semantic,clean_reextract,1.0,1.0,0.0,0.5,0.5,0.47123193740844727,0.5287680625915527,0.20914216339588165,0.8749016523361206,0.9819294214248657
0,305,dprf_no_semantic,vibration_missing,0.0,1.0,1.0,0.5,0.5,9.533631236990914e-05,0.9999047517776489,0.9998844265937805,9.52718619373627e-05,0.9998407959938049
0,305,dprf_no_semantic,electrical_missing,1.0,0.0,1.0,0.5,0.5,0.996129035949707,0.003871041815727949,0.9977891445159912,0.9991694688796997,0.003908943850547075
0,305,dprf_no_semantic,vibration_gain_075,0.75,1.0,0.25,0.5,0.5,0.44284653663635254,0.5571534633636475,0.3139103353023529,0.783452570438385,0.9833400249481201
0,305,dprf_no_semantic,vibration_gain_050,0.5,1.0,0.5,0.5,0.5,0.36959972977638245,0.6304002404212952,0.4783380627632141,0.5863361358642578,0.9865804314613342
0,305,dprf_no_semantic,vibration_gain_025,0.25,1.0,0.75,0.5,0.5,0.28081628680229187,0.7191837430000305,0.5892718434333801,0.39551830291748047,0.9902775287628174
0,305,dprf_no_semantic,electrical_gain_075,1.0,0.75,0.25,0.5,0.5,0.653296947479248,0.3467029929161072,0.4323018789291382,0.9846723079681396,0.5250444412231445
0,305,dprf_no_semantic,electrical_gain_050,1.0,0.5,0.5,0.5,0.5,0.6833266615867615,0.31667330861091614,0.5070121884346008,0.9996924996376038,0.46338945627212524
0,305,dprf_no_semantic,electrical_gain_025,1.0,0.25,0.75,0.5,0.5,0.6933091282844543,0.30669090151786804,0.5178233981132507,0.9999937415122986,0.44251522421836853
0,305,dprf_no_semantic,vibration_drift_025rms,0.75,1.0,0.25,0.5,0.5,0.4710673987865448,0.5289325714111328,0.21042922139167786,0.8742851614952087,0.9818882942199707
0,305,dprf_no_semantic,vibration_drift_050rms,0.5,1.0,0.5,0.5,0.5,0.47023722529411316,0.5297627449035645,0.21587853133678436,0.8713816404342651,0.9817489385604858
0,305,dprf_no_semantic,vibration_drift_100rms,0.0,1.0,1.0,0.5,0.5,0.4667606055736542,0.5332393646240234,0.23407389223575592,0.8595836758613586,0.9806828498840332
0,305,dprf_no_semantic,electrical_drift_025rms,1.0,0.75,0.25,0.5,0.5,0.48857417702674866,0.5114258527755737,0.25889983773231506,0.8861889243125916,0.9329588413238525
0,305,dprf_no_semantic,electrical_drift_050rms,1.0,0.5,0.5,0.5,0.5,0.6870890855789185,0.31291091442108154,0.5345811247825623,0.9981261491775513,0.4554671347141266
0,305,dprf_no_semantic,electrical_drift_100rms,1.0,0.0,1.0,0.5,0.5,0.8435527682304382,0.15644720196723938,0.7597989439964294,1.0,0.19188085198402405
0,305,dprf_full,clean_reextract,1.0,1.0,0.0,0.8399556279182434,0.1600443571805954,0.8258711695671082,0.17412890493869781,0.18493108451366425,0.8702902793884277,0.9910172820091248
0,305,dprf_full,vibration_missing,0.0,1.0,1.0,0.4491276144981384,0.5508724451065063,0.0001263167359866202,0.9998736381530762,0.9996554255485535,0.00015531609824392945,0.9998615980148315
0,305,dprf_full,electrical_missing,1.0,0.0,1.0,0.6773824691772461,0.3226175308227539,0.9998353719711304,0.0001645970478421077,0.9978666305541992,0.9996194839477539,0.0002386861597187817
0,305,dprf_full,vibration_gain_075,0.75,1.0,0.25,0.7775720953941345,0.2224278301000595,0.7460744976997375,0.25392550230026245,0.27204954624176025,0.7865250706672668,0.9918400645256042
0,305,dprf_full,vibration_gain_050,0.5,1.0,0.5,0.7229856848716736,0.2770143151283264,0.6583432555198669,0.34165677428245544,0.42861315608024597,0.61074298620224,0.9947551488876343
0,305,dprf_full,vibration_gain_025,0.25,1.0,0.75,0.7050544023513794,0.2949455976486206,0.6035709977149963,0.39642903208732605,0.579670250415802,0.45748308300971985,0.9976953268051147
0,305,dprf_full,electrical_gain_075,1.0,0.75,0.25,0.9699628353118896,0.03003714233636856,0.9838677644729614,0.01613229513168335,0.45019665360450745,0.9909759759902954,0.5076745748519897
0,305,dprf_full,electrical_gain_050,1.0,0.5,0.5,0.9977658987045288,0.0022341220173984766,0.9988954067230225,0.0011045627761632204,0.48951104283332825,0.9998873472213745,0.49035680294036865
0,305,dprf_full,electrical_gain_025,1.0,0.25,0.75,0.9998487830162048,0.0001512228773208335,0.9999287724494934,7.128502329578623e-05,0.505029022693634,0.999998927116394,0.47499772906303406
0,305,dprf_full,vibration_drift_025rms,0.75,1.0,0.25,0.8399849534034729,0.1600150614976883,0.8258741497993469,0.1741257905960083,0.18577148020267487,0.8698990941047668,0.9908577799797058
0,305,dprf_full,vibration_drift_050rms,0.5,1.0,0.5,0.8401238322257996,0.15987616777420044,0.8258495926856995,0.1741504669189453,0.18905633687973022,0.8682532906532288,0.9904161095619202
0,305,dprf_full,vibration_drift_100rms,0.0,1.0,1.0,0.8408716917037964,0.159128338098526,0.825068473815918,0.17493148148059845,0.20354735851287842,0.8594293594360352,0.9874944090843201
0,305,dprf_full,electrical_drift_025rms,1.0,0.75,0.25,0.8640391826629639,0.13596077263355255,0.855984628200531,0.1440153419971466,0.23270849883556366,0.8801024556159973,0.95551598072052
0,305,dprf_full,electrical_drift_050rms,1.0,0.5,0.5,0.9369605183601379,0.06303945928812027,0.9667051434516907,0.033294886350631714,0.5757753252983093,0.9964501261711121,0.4899592101573944
0,305,dprf_full,electrical_drift_100rms,1.0,0.0,1.0,0.9851649403572083,0.014835085719823837,0.9953952431678772,0.004604697693139315,0.9052936434745789,1.0,0.35089111328125
111,301,gate_da,clean_reextract,1.0,1.0,0.0,0.6134757399559021,0.3865242302417755,,,,,
111,301,gate_da,vibration_missing,0.0,1.0,1.0,0.036741070449352264,0.9632589221000671,,,,,
111,301,gate_da,electrical_missing,1.0,0.0,1.0,0.967406153678894,0.03259393572807312,,,,,
111,301,gate_da,vibration_gain_075,0.75,1.0,0.25,0.5566969513893127,0.44330304861068726,,,,,
111,301,gate_da,vibration_gain_050,0.5,1.0,0.5,0.5306335687637329,0.4693664312362671,,,,,
111,301,gate_da,vibration_gain_025,0.25,1.0,0.75,0.5342611074447632,0.4657388925552368,,,,,
111,301,gate_da,electrical_gain_075,1.0,0.75,0.25,0.9999979138374329,2.1487717276613694e-06,,,,,
111,301,gate_da,electrical_gain_050,1.0,0.5,0.5,1.0,1.0581311082327391e-13,,,,,
111,301,gate_da,electrical_gain_025,1.0,0.25,0.75,1.0,1.0616223389613089e-19,,,,,
111,301,gate_da,vibration_drift_025rms,0.75,1.0,0.25,0.6134228706359863,0.38657712936401367,,,,,
111,301,gate_da,vibration_drift_050rms,0.5,1.0,0.5,0.6138972043991089,0.3861027657985687,,,,,
111,301,gate_da,vibration_drift_100rms,0.0,1.0,1.0,0.6148954629898071,0.3851044774055481,,,,,
111,301,gate_da,electrical_drift_025rms,1.0,0.75,0.25,0.6266782283782959,0.3733217716217041,,,,,
111,301,gate_da,electrical_drift_050rms,1.0,0.5,0.5,0.635796308517456,0.36420366168022156,,,,,
111,301,gate_da,electrical_drift_100rms,1.0,0.0,1.0,0.5379195809364319,0.4620804488658905,,,,,
111,301,rcarf_hard,clean_reextract,1.0,1.0,0.0,,,1.6212272839766229e-06,0.9999984502792358,0.22221681475639343,,
111,301,rcarf_hard,vibration_missing,0.0,1.0,1.0,,,6.740481239830842e-06,0.9999932050704956,0.9991929531097412,,
111,301,rcarf_hard,electrical_missing,1.0,0.0,1.0,,,0.9976816773414612,0.002318405546247959,0.9977070689201355,,
111,301,rcarf_hard,vibration_gain_075,0.75,1.0,0.25,,,9.651599839344271e-07,0.9999989867210388,0.4558280110359192,,
111,301,rcarf_hard,vibration_gain_050,0.5,1.0,0.5,,,3.68111727766518e-07,0.9999996423721313,0.7785705327987671,,
111,301,rcarf_hard,vibration_gain_025,0.25,1.0,0.75,,,1.710889563355522e-07,0.9999997615814209,0.9125680923461914,,
111,301,rcarf_hard,electrical_gain_075,1.0,0.75,0.25,,,0.9999994039535522,5.38044560016715e-07,0.9983676671981812,,
111,301,rcarf_hard,electrical_gain_050,1.0,0.5,0.5,,,1.0,6.792450347477265e-22,1.0,,
111,301,rcarf_hard,electrical_gain_025,1.0,0.25,0.75,,,1.0,6.785883801316694e-35,1.0,,
111,301,rcarf_hard,vibration_drift_025rms,0.75,1.0,0.25,,,1.616119220670953e-06,0.9999984502792358,0.22287485003471375,,
111,301,rcarf_hard,vibration_drift_050rms,0.5,1.0,0.5,,,1.6560323956582579e-06,0.9999983906745911,0.2276865392923355,,
111,301,rcarf_hard,vibration_drift_100rms,0.0,1.0,1.0,,,2.0479317299759714e-06,0.9999979734420776,0.24805784225463867,,
111,301,rcarf_hard,electrical_drift_025rms,1.0,0.75,0.25,,,3.312625995022245e-05,0.9999669194221497,0.2441614270210266,,
111,301,rcarf_hard,electrical_drift_050rms,1.0,0.5,0.5,,,0.996493935585022,0.0035061021335422993,0.9921853542327881,,
111,301,rcarf_hard,electrical_drift_100rms,1.0,0.0,1.0,,,1.0,2.7240291505596246e-36,1.0,,
111,301,dprf_no_rel_loss,clean_reextract,1.0,1.0,0.0,0.913642942905426,0.08635702729225159,0.9106458425521851,0.08935414999723434,0.10935986042022705,0.9875985980033875,0.9963613152503967
111,301,dprf_no_rel_loss,vibration_missing,0.0,1.0,1.0,0.1869068294763565,0.8130932450294495,0.0029487498104572296,0.9970512986183167,0.998894453048706,0.009902761317789555,0.9914090633392334
111,301,dprf_no_rel_loss,electrical_missing,1.0,0.0,1.0,0.9932061433792114,0.006793797016143799,0.9936863780021667,0.0063135866075754166,0.9979357719421387,0.9998640418052673,0.8696763515472412
111,301,dprf_no_rel_loss,vibration_gain_075,0.75,1.0,0.25,0.8390968441963196,0.1609031856060028,0.8357791900634766,0.16422082483768463,0.19958417117595673,0.9848077893257141,0.9972993731498718
111,301,dprf_no_rel_loss,vibration_gain_050,0.5,1.0,0.5,0.78376305103302,0.21623703837394714,0.7819980382919312,0.21800199151039124,0.3416350781917572,0.9890192747116089,0.9979866743087769
111,301,dprf_no_rel_loss,vibration_gain_025,0.25,1.0,0.75,0.7970505356788635,0.2029493898153305,0.7965763807296753,0.2034236043691635,0.4393714368343353,0.9958862662315369,0.9985775351524353
111,301,dprf_no_rel_loss,electrical_gain_075,1.0,0.75,0.25,0.9744472503662109,0.02555278316140175,0.9745107889175415,0.025489214807748795,0.35138237476348877,0.9997708201408386,0.9879189133644104
111,301,dprf_no_rel_loss,electrical_gain_050,1.0,0.5,0.5,0.9979474544525146,0.0020525299478322268,0.9979500770568848,0.0020498873200267553,0.4860188663005829,0.9999745488166809,0.9971352815628052
111,301,dprf_no_rel_loss,electrical_gain_025,1.0,0.25,0.75,0.9998092651367188,0.0001907010009745136,0.9998092651367188,0.00019067777611780912,0.5482760667800903,0.9999573230743408,0.999538004398346
111,301,dprf_no_rel_loss,vibration_drift_025rms,0.75,1.0,0.25,0.9134308695793152,0.08656912297010422,0.9104182124137878,0.08958179503679276,0.1098945140838623,0.9873436689376831,0.9963516592979431
111,301,dprf_no_rel_loss,vibration_drift_050rms,0.5,1.0,0.5,0.9121519327163696,0.08784809708595276,0.908976137638092,0.09102380275726318,0.11236674338579178,0.9869253039360046,0.9963340163230896
111,301,dprf_no_rel_loss,vibration_drift_100rms,0.0,1.0,1.0,0.9012485146522522,0.09875153750181198,0.898287296295166,0.10171274095773697,0.12500183284282684,0.98555988073349,0.9962582588195801
111,301,dprf_no_rel_loss,electrical_drift_025rms,1.0,0.75,0.25,0.932625949382782,0.06737398356199265,0.9297519326210022,0.07024811953306198,0.13243283331394196,0.9887374639511108,0.9962552189826965
111,301,dprf_no_rel_loss,electrical_drift_050rms,1.0,0.5,0.5,0.9423803687095642,0.057619690895080566,0.9416698217391968,0.05833020433783531,0.395612895488739,0.9932482242584229,0.9976477026939392
111,301,dprf_no_rel_loss,electrical_drift_100rms,1.0,0.0,1.0,0.8703033924102783,0.12969659268856049,0.8615034222602844,0.1384965181350708,0.9869158267974854,0.9140366315841675,0.9999855756759644
111,301,dprf_no_switch_loss,clean_reextract,1.0,1.0,0.0,0.576963484287262,0.42303651571273804,0.551020622253418,0.44897937774658203,1.0,0.8938396573066711,0.9998787641525269
111,301,dprf_no_switch_loss,vibration_missing,0.0,1.0,1.0,0.2799053490161896,0.720094621181488,0.00010336691775592044,0.9998966455459595,0.9999908804893494,0.00025016305153258145,0.9999665021896362
111,301,dprf_no_switch_loss,electrical_missing,1.0,0.0,1.0,0.62492436170578,0.37507563829421997,0.9991055130958557,0.0008944505825638771,0.9999991655349731,0.9997361898422241,0.0012125242501497269
111,301,dprf_no_switch_loss,vibration_gain_075,0.75,1.0,0.25,0.560221254825592,0.43977877497673035,0.5007202625274658,0.4992797076702118,1.0,0.7824395895004272,0.9999297261238098
111,301,dprf_no_switch_loss,vibration_gain_050,0.5,1.0,0.5,0.5480712056159973,0.45192867517471313,0.4286331832408905,0.5713668465614319,1.0,0.6100388765335083,0.9999602437019348
111,301,dprf_no_switch_loss,vibration_gain_025,0.25,1.0,0.75,0.5443986654281616,0.45560139417648315,0.3703557550907135,0.6296442747116089,1.0,0.4940331280231476,0.999976396560669
111,301,dprf_no_switch_loss,electrical_gain_075,1.0,0.75,0.25,0.710364580154419,0.28963539004325867,0.7998760342597961,0.20012404024600983,1.0,0.9837720394134521,0.5727974772453308
111,301,dprf_no_switch_loss,electrical_gain_050,1.0,0.5,0.5,0.7614063024520874,0.23859363794326782,0.8577894568443298,0.14221049845218658,1.0,0.9999374747276306,0.4918500781059265
111,301,dprf_no_switch_loss,electrical_gain_025,1.0,0.25,0.75,0.8004276156425476,0.19957241415977478,0.8842602968215942,0.11573965847492218,1.0,0.9999998211860657,0.48424413800239563
111,301,dprf_no_switch_loss,vibration_drift_025rms,0.75,1.0,0.25,0.5769009590148926,0.42309901118278503,0.550780713558197,0.449219286441803,1.0,0.8931592702865601,0.9998785257339478
111,301,dprf_no_switch_loss,vibration_drift_050rms,0.5,1.0,0.5,0.5771327018737793,0.4228673577308655,0.5503233075141907,0.44967663288116455,1.0,0.8905059099197388,0.9998786449432373
111,301,dprf_no_switch_loss,vibration_drift_100rms,0.0,1.0,1.0,0.5744774341583252,0.4255225360393524,0.5432689785957336,0.45673108100891113,1.0,0.8750725984573364,0.9998366832733154
111,301,dprf_no_switch_loss,electrical_drift_025rms,1.0,0.75,0.25,0.5773841142654419,0.4226158857345581,0.5511344075202942,0.44886553287506104,1.0,0.8920645117759705,0.9991244077682495
111,301,dprf_no_switch_loss,electrical_drift_050rms,1.0,0.5,0.5,0.6059691905975342,0.39403077960014343,0.7476994395256042,0.25230053067207336,1.0,0.9957409501075745,0.4978787302970886
111,301,dprf_no_switch_loss,electrical_drift_100rms,1.0,0.0,1.0,0.6044951677322388,0.39550477266311646,0.7860956788063049,0.21390429139137268,1.0,1.0,0.3798404335975647
111,301,dprf_no_semantic,clean_reextract,1.0,1.0,0.0,0.5,0.5,0.474461168050766,0.5255388021469116,0.09379222244024277,0.9037168622016907,0.9999536871910095
111,301,dprf_no_semantic,vibration_missing,0.0,1.0,1.0,0.5,0.5,0.00012539055023808032,0.9998745322227478,0.9996795058250427,0.00012542422336991876,0.9999945163726807
111,301,dprf_no_semantic,electrical_missing,1.0,0.0,1.0,0.5,0.5,0.998360276222229,0.0016396739520132542,0.9986556172370911,0.9996868968009949,0.0016449452377855778
111,301,dprf_no_semantic,vibration_gain_075,0.75,1.0,0.25,0.5,0.5,0.4409570097923279,0.5590429306030273,0.1666286736726761,0.7944359183311462,0.9999616146087646
111,301,dprf_no_semantic,vibration_gain_050,0.5,1.0,0.5,0.5,0.5,0.3905843496322632,0.609415590763092,0.34912610054016113,0.6491409540176392,0.9999768137931824
111,301,dprf_no_semantic,vibration_gain_025,0.25,1.0,0.75,0.5,0.5,0.3384445011615753,0.6615555286407471,0.5387197136878967,0.5210496783256531,0.9999903440475464
111,301,dprf_no_semantic,electrical_gain_075,1.0,0.75,0.25,0.5,0.5,0.602607011795044,0.39739301800727844,0.36886265873908997,0.9809028506278992,0.6568887233734131
111,301,dprf_no_semantic,electrical_gain_050,1.0,0.5,0.5,0.5,0.5,0.6679098606109619,0.3320900797843933,0.5059363842010498,0.9999052286148071,0.4973870515823364
111,301,dprf_no_semantic,electrical_gain_025,1.0,0.25,0.75,0.5,0.5,0.6833840608596802,0.3166159391403198,0.5068587064743042,0.9999995231628418,0.46383363008499146
111,301,dprf_no_semantic,vibration_drift_025rms,0.75,1.0,0.25,0.5,0.5,0.4742144048213959,0.5257856845855713,0.09459733217954636,0.902830958366394,0.9999531507492065
111,301,dprf_no_semantic,vibration_drift_050rms,0.5,1.0,0.5,0.5,0.5,0.4732744097709656,0.5267255902290344,0.09754767268896103,0.8994800448417664,0.9999516010284424
111,301,dprf_no_semantic,vibration_drift_100rms,0.0,1.0,1.0,0.5,0.5,0.4692176282405853,0.5307824015617371,0.1087200790643692,0.8854390382766724,0.9999481439590454
111,301,dprf_no_semantic,electrical_drift_025rms,1.0,0.75,0.25,0.5,0.5,0.473627507686615,0.526372492313385,0.11551782488822937,0.9003377556800842,0.9995611906051636
111,301,dprf_no_semantic,electrical_drift_050rms,1.0,0.5,0.5,0.5,0.5,0.6558657288551331,0.3441343307495117,0.42957401275634766,0.9960753917694092,0.5237749814987183
111,301,dprf_no_semantic,electrical_drift_100rms,1.0,0.0,1.0,0.5,0.5,0.7566118836402893,0.2433881014585495,0.9376410245895386,1.0,0.32800912857055664
111,301,dprf_full,clean_reextract,1.0,1.0,0.0,0.8408390283584595,0.15916095674037933,0.8278734087944031,0.1721266359090805,0.09877269715070724,0.895854115486145,0.999943733215332
111,301,dprf_full,vibration_missing,0.0,1.0,1.0,0.5329582691192627,0.4670417606830597,9.502451575826854e-05,0.999904990196228,0.9992329478263855,8.388159039895982e-05,0.99998939037323
111,301,dprf_full,electrical_missing,1.0,0.0,1.0,0.8641672134399414,0.13583287596702576,0.999812662601471,0.00018739486404228956,0.9983249306678772,0.9997900724411011,0.0007173391641117632
111,301,dprf_full,vibration_gain_075,0.75,1.0,0.25,0.7536420822143555,0.24635787308216095,0.7137880921363831,0.2862119674682617,0.20142100751399994,0.7927722334861755,0.9999713897705078
111,301,dprf_full,vibration_gain_050,0.5,1.0,0.5,0.6513201594352722,0.348679780960083,0.5682851672172546,0.43171483278274536,0.37399524450302124,0.6252886652946472,0.9999873638153076
111,301,dprf_full,vibration_gain_025,0.25,1.0,0.75,0.5901740193367004,0.40982598066329956,0.44997644424438477,0.5500234961509705,0.4991873800754547,0.452531099319458,0.9999945759773254
111,301,dprf_full,electrical_gain_075,1.0,0.75,0.25,0.9611319899559021,0.03886798396706581,0.965705931186676,0.03429398313164711,0.32530346512794495,0.9829769730567932,0.8119212985038757
111,301,dprf_full,electrical_gain_050,1.0,0.5,0.5,0.9949930310249329,0.005006921011954546,0.9974414706230164,0.002558616455644369,0.47245654463768005,0.9997953176498413,0.5047146081924438
111,301,dprf_full,electrical_gain_025,1.0,0.25,0.75,0.9993515014648438,0.0006485097692348063,0.9996839761734009,0.0003160401538480073,0.5045101046562195,0.9999982118606567,0.48484620451927185
111,301,dprf_full,vibration_drift_025rms,0.75,1.0,0.25,0.8409139513969421,0.15908604860305786,0.8278248906135559,0.1721750646829605,0.09951624274253845,0.8950374722480774,0.9999427199363708
111,301,dprf_full,vibration_drift_050rms,0.5,1.0,0.5,0.8406688570976257,0.15933111310005188,0.8271187543869019,0.17288123071193695,0.10215894877910614,0.8923426866531372,0.9999391436576843
111,301,dprf_full,vibration_drift_100rms,0.0,1.0,1.0,0.832579493522644,0.16742050647735596,0.8157348036766052,0.18426521122455597,0.114310123026371,0.8782014846801758,0.999931275844574
111,301,dprf_full,electrical_drift_025rms,1.0,0.75,0.25,0.8716675043106079,0.12833254039287567,0.8604136109352112,0.13958631455898285,0.12150199711322784,0.8946630358695984,0.9989854693412781
111,301,dprf_full,electrical_drift_050rms,1.0,0.5,0.5,0.9192143678665161,0.08078569173812866,0.9542578458786011,0.0457422211766243,0.43735364079475403,0.9959496259689331,0.49616771936416626
111,301,dprf_full,electrical_drift_100rms,1.0,0.0,1.0,0.981654942035675,0.018345125019550323,0.9911061525344849,0.008893896825611591,0.9452127814292908,1.0,0.4568798840045929
111,302,gate_da,clean_reextract,1.0,1.0,0.0,0.5912633538246155,0.40873661637306213,,,,,
111,302,gate_da,vibration_missing,0.0,1.0,1.0,0.02193138748407364,0.9780686497688293,,,,,
111,302,gate_da,electrical_missing,1.0,0.0,1.0,0.9759707450866699,0.0240293238312006,,,,,
111,302,gate_da,vibration_gain_075,0.75,1.0,0.25,0.5267826318740845,0.4732174277305603,,,,,
111,302,gate_da,vibration_gain_050,0.5,1.0,0.5,0.48889344930648804,0.5111064910888672,,,,,
111,302,gate_da,vibration_gain_025,0.25,1.0,0.75,0.48920413851737976,0.5107958912849426,,,,,
111,302,gate_da,electrical_gain_075,1.0,0.75,0.25,0.9972145557403564,0.0027854095678776503,,,,,
111,302,gate_da,electrical_gain_050,1.0,0.5,0.5,0.9999992847442627,7.600768299198535e-07,,,,,
111,302,gate_da,electrical_gain_025,1.0,0.25,0.75,1.0,8.481623181566533e-10,,,,,
111,302,gate_da,vibration_drift_025rms,0.75,1.0,0.25,0.5911418795585632,0.4088580906391144,,,,,
111,302,gate_da,vibration_drift_050rms,0.5,1.0,0.5,0.5913857221603394,0.40861427783966064,,,,,
111,302,gate_da,vibration_drift_100rms,0.0,1.0,1.0,0.5883098840713501,0.4116900563240051,,,,,
111,302,gate_da,electrical_drift_025rms,1.0,0.75,0.25,0.6064264178276062,0.3935735821723938,,,,,
111,302,gate_da,electrical_drift_050rms,1.0,0.5,0.5,0.6467679738998413,0.3532320261001587,,,,,
111,302,gate_da,electrical_drift_100rms,1.0,0.0,1.0,0.6075749397277832,0.3924250602722168,,,,,
111,302,rcarf_hard,clean_reextract,1.0,1.0,0.0,,,0.0002260963519802317,0.9997739195823669,0.1924574077129364,,
111,302,rcarf_hard,vibration_missing,0.0,1.0,1.0,,,3.287149957031943e-05,0.9999671578407288,0.9979954957962036,,
111,302,rcarf_hard,electrical_missing,1.0,0.0,1.0,,,0.9994514584541321,0.0005485842702910304,0.9952357411384583,,
111,302,rcarf_hard,vibration_gain_075,0.75,1.0,0.25,,,3.701334208017215e-05,0.9999629259109497,0.3990704417228699,,
111,302,rcarf_hard,vibration_gain_050,0.5,1.0,0.5,,,1.1301409358566161e-05,0.9999886751174927,0.7429688572883606,,
111,302,rcarf_hard,vibration_gain_025,0.25,1.0,0.75,,,1.283005258301273e-05,0.9999873042106628,0.877554178237915,,
111,302,rcarf_hard,electrical_gain_075,1.0,0.75,0.25,,,1.0,2.946041576922659e-13,0.9901620745658875,,
111,302,rcarf_hard,electrical_gain_050,1.0,0.5,0.5,,,1.0,5.500004446850573e-34,1.0,,
111,302,rcarf_hard,electrical_gain_025,1.0,0.25,0.75,,,1.0,0.0,1.0,,
111,302,rcarf_hard,vibration_drift_025rms,0.75,1.0,0.25,,,0.0002161072479793802,0.9997839331626892,0.19256526231765747,,
111,302,rcarf_hard,vibration_drift_050rms,0.5,1.0,0.5,,,0.0002139397693099454,0.9997860789299011,0.19498488306999207,,
111,302,rcarf_hard,vibration_drift_100rms,0.0,1.0,1.0,,,0.00016152093303389847,0.9998384714126587,0.20560230314731598,,
111,302,rcarf_hard,electrical_drift_025rms,1.0,0.75,0.25,,,0.0011734423460438848,0.9988265633583069,0.23596113920211792,,
111,302,rcarf_hard,electrical_drift_050rms,1.0,0.5,0.5,,,0.9989556074142456,0.0010444335639476776,0.9699711799621582,,
111,302,rcarf_hard,electrical_drift_100rms,1.0,0.0,1.0,,,1.0,2.952628506976463e-36,1.0,,
111,302,dprf_no_rel_loss,clean_reextract,1.0,1.0,0.0,0.8886967897415161,0.11130324006080627,0.9082699418067932,0.09173005819320679,0.12411924451589584,0.9744493961334229,0.12706546485424042
111,302,dprf_no_rel_loss,vibration_missing,0.0,1.0,1.0,0.013040094636380672,0.9869598746299744,0.0023671560920774937,0.9976328611373901,0.9974881410598755,0.08405507355928421,0.782042384147644
111,302,dprf_no_rel_loss,electrical_missing,1.0,0.0,1.0,0.9965556859970093,0.0034443316981196404,0.9998645782470703,0.0001354148262180388,0.998814582824707,0.9942941665649414,0.0120333731174469
111,302,dprf_no_rel_loss,vibration_gain_075,0.75,1.0,0.25,0.8178082704544067,0.18219171464443207,0.8412984013557434,0.15870161354541779,0.22111234068870544,0.935110867023468,0.14756372570991516
111,302,dprf_no_rel_loss,vibration_gain_050,0.5,1.0,0.5,0.800359845161438,0.19964008033275604,0.8339908719062805,0.16600918769836426,0.39508330821990967,0.916022539138794,0.13242225348949432
111,302,dprf_no_rel_loss,vibration_gain_025,0.25,1.0,0.75,0.8001891374588013,0.19981081783771515,0.852222740650177,0.1477772742509842,0.5324453711509705,0.9394810199737549,0.07667531073093414
111,302,dprf_no_rel_loss,electrical_gain_075,1.0,0.75,0.25,0.9907283782958984,0.009271626360714436,0.9956362843513489,0.0043637496419250965,0.3827064633369446,0.9962002038955688,0.0458078570663929
111,302,dprf_no_rel_loss,electrical_gain_050,1.0,0.5,0.5,0.9996576905250549,0.0003423214366193861,0.9999845623970032,1.5471201550099067e-05,0.5192456245422363,0.9995172619819641,0.005944480188190937
111,302,dprf_no_rel_loss,electrical_gain_025,1.0,0.25,0.75,0.9999811053276062,1.8872658984037116e-05,1.0,2.041350377623985e-08,0.5640509724617004,0.9999350309371948,0.00027894528466276824
111,302,dprf_no_rel_loss,vibration_drift_025rms,0.75,1.0,0.25,0.888397216796875,0.11160276085138321,0.9081692099571228,0.09183083474636078,0.12461080402135849,0.9742496609687805,0.1273382604122162
111,302,dprf_no_rel_loss,vibration_drift_050rms,0.5,1.0,0.5,0.8862284421920776,0.11377160251140594,0.9078426361083984,0.09215733408927917,0.12610262632369995,0.9734612107276917,0.12834586203098297
111,302,dprf_no_rel_loss,vibration_drift_100rms,0.0,1.0,1.0,0.8631107211112976,0.1368892937898636,0.8920431137084961,0.10795684158802032,0.13552328944206238,0.9661415219306946,0.13967864215373993
111,302,dprf_no_rel_loss,electrical_drift_025rms,1.0,0.75,0.25,0.8904352784156799,0.10956475138664246,0.911033034324646,0.0889669731259346,0.1433010846376419,0.9747399091720581,0.12287956476211548
111,302,dprf_no_rel_loss,electrical_drift_050rms,1.0,0.5,0.5,0.8104851245880127,0.1895148903131485,0.8415111303329468,0.15848888456821442,0.4193460941314697,0.9638836979866028,0.17085596919059753
111,302,dprf_no_rel_loss,electrical_drift_100rms,1.0,0.0,1.0,0.5570724010467529,0.4429275393486023,0.6928132772445679,0.30718669295310974,0.8823912143707275,0.8116934299468994,0.2894284725189209
111,302,dprf_no_switch_loss,clean_reextract,1.0,1.0,0.0,0.7022949457168579,0.29770511388778687,0.6800242066383362,0.3199757933616638,0.9999991655349731,0.8961120247840881,0.9997724890708923
111,302,dprf_no_switch_loss,vibration_missing,0.0,1.0,1.0,0.5812267661094666,0.41877323389053345,0.0026256435085088015,0.9973743557929993,0.9985138773918152,0.0017399012576788664,0.99997878074646
111,302,dprf_no_switch_loss,electrical_missing,1.0,0.0,1.0,0.7333944439888,0.26660558581352234,0.9989932179450989,0.0010067528346553445,0.9999377131462097,0.9997563362121582,0.002675374737009406
111,302,dprf_no_switch_loss,vibration_gain_075,0.75,1.0,0.25,0.6920266151428223,0.30797338485717773,0.6462328433990479,0.35376715660095215,0.9999994039535522,0.8016597032546997,0.9998340010643005
111,302,dprf_no_switch_loss,vibration_gain_050,0.5,1.0,0.5,0.6881342530250549,0.3118657171726227,0.5778073072433472,0.42219266295433044,0.9999998211860657,0.5933001041412354,0.9999051094055176
111,302,dprf_no_switch_loss,vibration_gain_025,0.25,1.0,0.75,0.6940956711769104,0.3059043884277344,0.5122808814048767,0.48771917819976807,1.0,0.4175868034362793,0.9999294281005859
111,302,dprf_no_switch_loss,electrical_gain_075,1.0,0.75,0.25,0.966122031211853,0.033878009766340256,0.9812209606170654,0.018779069185256958,1.0,0.9870924353599548,0.5430597066879272
111,302,dprf_no_switch_loss,electrical_gain_050,1.0,0.5,0.5,0.9985835552215576,0.0014164261519908905,0.9993125200271606,0.0006874509272165596,1.0,0.9996737241744995,0.4928951561450958
111,302,dprf_no_switch_loss,electrical_gain_025,1.0,0.25,0.75,0.9999529719352722,4.696218456956558e-05,0.999979555606842,2.0398769265739247e-05,1.0,0.9999916553497314,0.46345844864845276
111,302,dprf_no_switch_loss,vibration_drift_025rms,0.75,1.0,0.25,0.7018069624900818,0.2981930673122406,0.6793937087059021,0.3206062614917755,0.9999991655349731,0.8955982327461243,0.9997709393501282
111,302,dprf_no_switch_loss,vibration_drift_050rms,0.5,1.0,0.5,0.7015906572341919,0.2984094023704529,0.6785457730293274,0.3214541971683502,0.9999990463256836,0.8928970098495483,0.9997648596763611
111,302,dprf_no_switch_loss,vibration_drift_100rms,0.0,1.0,1.0,0.6894425749778748,0.31055742502212524,0.6629693508148193,0.33703064918518066,0.9999986886978149,0.8818470239639282,0.9997448325157166
111,302,dprf_no_switch_loss,electrical_drift_025rms,1.0,0.75,0.25,0.7146071791648865,0.2853928208351135,0.6928402781486511,0.3071597218513489,0.9999988675117493,0.8952247500419617,0.9990808367729187
111,302,dprf_no_switch_loss,electrical_drift_050rms,1.0,0.5,0.5,0.7161900401115417,0.28380998969078064,0.821112871170044,0.17888718843460083,0.9999983906745911,0.9906986355781555,0.5203363299369812
111,302,dprf_no_switch_loss,electrical_drift_100rms,1.0,0.0,1.0,0.6855131387710571,0.31448689103126526,0.8883383870124817,0.11166162043809891,1.0,0.9999988675117493,0.2516341507434845
111,302,dprf_no_semantic,clean_reextract,1.0,1.0,0.0,0.5,0.5,0.4749295115470886,0.5250704884529114,0.11113706231117249,0.9049792289733887,0.9997404217720032
111,302,dprf_no_semantic,vibration_missing,0.0,1.0,1.0,0.5,0.5,0.0002264840732095763,0.9997734427452087,0.99935382604599,0.00022661735420115292,0.9999848008155823
111,302,dprf_no_semantic,electrical_missing,1.0,0.0,1.0,0.5,0.5,0.9983326196670532,0.0016674239886924624,0.9995079636573792,0.9998394250869751,0.0016723049338907003
111,302,dprf_no_semantic,vibration_gain_075,0.75,1.0,0.25,0.5,0.5,0.4494524896144867,0.5505475401878357,0.1972014456987381,0.8189910054206848,0.9998071789741516
111,302,dprf_no_semantic,vibration_gain_050,0.5,1.0,0.5,0.5,0.5,0.3853098452091217,0.6146901249885559,0.3870338201522827,0.6356378197669983,0.9998642802238464
111,302,dprf_no_semantic,vibration_gain_025,0.25,1.0,0.75,0.5,0.5,0.30307453870773315,0.6969254612922668,0.5618125200271606,0.45088493824005127,0.9998942613601685
111,302,dprf_no_semantic,electrical_gain_075,1.0,0.75,0.25,0.5,0.5,0.5787785053253174,0.4212214946746826,0.3215523660182953,0.9783767461776733,0.7272819876670837
111,302,dprf_no_semantic,electrical_gain_050,1.0,0.5,0.5,0.5,0.5,0.6643263697624207,0.33567360043525696,0.4850834608078003,0.9980191588401794,0.5045792460441589
111,302,dprf_no_semantic,electrical_gain_025,1.0,0.25,0.75,0.5,0.5,0.6828559041023254,0.3171440362930298,0.5225359201431274,0.9998156428337097,0.4647865295410156
111,302,dprf_no_semantic,vibration_drift_025rms,0.75,1.0,0.25,0.5,0.5,0.47478848695755005,0.52521151304245,0.11154313385486603,0.9044665098190308,0.9997387528419495
111,302,dprf_no_semantic,vibration_drift_050rms,0.5,1.0,0.5,0.5,0.5,0.4741789996623993,0.5258209705352783,0.11377371847629547,0.9022700786590576,0.9997309446334839
111,302,dprf_no_semantic,vibration_drift_100rms,0.0,1.0,1.0,0.5,0.5,0.47175437211990356,0.5282456278800964,0.12155992537736893,0.8936644196510315,0.9996898770332336
111,302,dprf_no_semantic,electrical_drift_025rms,1.0,0.75,0.25,0.5,0.5,0.4750582277774811,0.5249417424201965,0.1265929639339447,0.9045565128326416,0.9987629652023315
111,302,dprf_no_semantic,electrical_drift_050rms,1.0,0.5,0.5,0.5,0.5,0.6579132080078125,0.3420868217945099,0.46228304505348206,0.9907139539718628,0.5167748928070068
111,302,dprf_no_semantic,electrical_drift_100rms,1.0,0.0,1.0,0.5,0.5,0.769351601600647,0.23064842820167542,0.9220383167266846,0.9999996423721313,0.3006470501422882
111,302,dprf_full,clean_reextract,1.0,1.0,0.0,0.6826711297035217,0.31732890009880066,0.6688175201416016,0.33118245005607605,0.1110941469669342,0.8980236053466797,0.999747097492218
111,302,dprf_full,vibration_missing,0.0,1.0,1.0,0.472896546125412,0.5271034836769104,0.00029987056041136384,0.999700129032135,0.9975064396858215,0.0002773863379843533,0.9999882578849792
111,302,dprf_full,electrical_missing,1.0,0.0,1.0,0.7578235864639282,0.24217639863491058,0.9985606074333191,0.0014394157333299518,0.9987596273422241,0.9998306035995483,0.0009422327857464552
111,302,dprf_full,vibration_gain_075,0.75,1.0,0.25,0.6343021988868713,0.3656977713108063,0.6045588850975037,0.39544108510017395,0.19994454085826874,0.798284113407135,0.9998207688331604
111,302,dprf_full,vibration_gain_050,0.5,1.0,0.5,0.5925651788711548,0.4074347913265228,0.5273296236991882,0.47267040610313416,0.3954460322856903,0.6045293211936951,0.9998836517333984
111,302,dprf_full,vibration_gain_025,0.25,1.0,0.75,0.5560112595558167,0.44398877024650574,0.4301518499851227,0.5698481798171997,0.576881468296051,0.4321366846561432,0.9999136924743652
111,302,dprf_full,electrical_gain_075,1.0,0.75,0.25,0.9066387414932251,0.09336129575967789,0.9271988272666931,0.07280120253562927,0.3609476685523987,0.986087441444397,0.6786436438560486
111,302,dprf_full,electrical_gain_050,1.0,0.5,0.5,0.993292510509491,0.006707464810460806,0.9967840909957886,0.0032159648835659027,0.49720680713653564,0.9997676610946655,0.4740571677684784
111,302,dprf_full,electrical_gain_025,1.0,0.25,0.75,0.9996243715286255,0.0003756547230295837,0.9998390078544617,0.00016098520427476615,0.5355751514434814,0.999996542930603,0.42663097381591797
111,302,dprf_full,vibration_drift_025rms,0.75,1.0,0.25,0.6834666728973389,0.31653332710266113,0.6695044636726379,0.3304955065250397,0.1115160882472992,0.8974729776382446,0.9997458457946777
111,302,dprf_full,vibration_drift_050rms,0.5,1.0,0.5,0.6851073503494263,0.31489259004592896,0.6706774830818176,0.32932257652282715,0.11323314905166626,0.8950018286705017,0.9997369050979614
111,302,dprf_full,vibration_drift_100rms,0.0,1.0,1.0,0.6930191516876221,0.3069808781147003,0.6763166785240173,0.3236832618713379,0.12269604951143265,0.884512722492218,0.9997432231903076
111,302,dprf_full,electrical_drift_025rms,1.0,0.75,0.25,0.7003036737442017,0.2996963560581207,0.6869977116584778,0.313002347946167,0.1311405450105667,0.8991351127624512,0.9985098242759705
111,302,dprf_full,electrical_drift_050rms,1.0,0.5,0.5,0.7619375586509705,0.2380625456571579,0.8255664706230164,0.17443354427814484,0.48193657398223877,0.98931884765625,0.49386364221572876
111,302,dprf_full,electrical_drift_100rms,1.0,0.0,1.0,0.8572298288345337,0.14277015626430511,0.9157791137695312,0.08422085642814636,0.9752545356750488,0.9999998211860657,0.3135637938976288
111,303,gate_da,clean_reextract,1.0,1.0,0.0,0.6327593922615051,0.36724063754081726,,,,,
111,303,gate_da,vibration_missing,0.0,1.0,1.0,0.03383195400238037,0.9661679267883301,,,,,
111,303,gate_da,electrical_missing,1.0,0.0,1.0,0.8940009474754333,0.10599903762340546,,,,,
111,303,gate_da,vibration_gain_075,0.75,1.0,0.25,0.5682744383811951,0.4317256212234497,,,,,
111,303,gate_da,vibration_gain_050,0.5,1.0,0.5,0.5399167537689209,0.4600831866264343,,,,,
111,303,gate_da,vibration_gain_025,0.25,1.0,0.75,0.545360267162323,0.4546396732330322,,,,,
111,303,gate_da,electrical_gain_075,1.0,0.75,0.25,0.989804208278656,0.0101958392187953,,,,,
111,303,gate_da,electrical_gain_050,1.0,0.5,0.5,0.9976481199264526,0.0023517922963947058,,,,,
111,303,gate_da,electrical_gain_025,1.0,0.25,0.75,0.998908519744873,0.0010914888698607683,,,,,
111,303,gate_da,vibration_drift_025rms,0.75,1.0,0.25,0.6323323845863342,0.36766761541366577,,,,,
111,303,gate_da,vibration_drift_050rms,0.5,1.0,0.5,0.6336411833763123,0.3663589060306549,,,,,
111,303,gate_da,vibration_drift_100rms,0.0,1.0,1.0,0.6405607461929321,0.35943928360939026,,,,,
111,303,gate_da,electrical_drift_025rms,1.0,0.75,0.25,0.6768962740898132,0.3231036365032196,,,,,
111,303,gate_da,electrical_drift_050rms,1.0,0.5,0.5,0.8026422262191772,0.19735781848430634,,,,,
111,303,gate_da,electrical_drift_100rms,1.0,0.0,1.0,0.832943856716156,0.1670561134815216,,,,,
111,303,rcarf_hard,clean_reextract,1.0,1.0,0.0,,,0.001044069998897612,0.9989559054374695,0.2386273294687271,,
111,303,rcarf_hard,vibration_missing,0.0,1.0,1.0,,,0.0003090317768510431,0.9996910691261292,0.9983494877815247,,
111,303,rcarf_hard,electrical_missing,1.0,0.0,1.0,,,0.9997555017471313,0.00024452400975860655,0.995940089225769,,
111,303,rcarf_hard,vibration_gain_075,0.75,1.0,0.25,,,0.000596004247199744,0.9994039535522461,0.4775046110153198,,
111,303,rcarf_hard,vibration_gain_050,0.5,1.0,0.5,,,0.0006214405293576419,0.9993785619735718,0.7440633773803711,,
111,303,rcarf_hard,vibration_gain_025,0.25,1.0,0.75,,,0.0007518838974647224,0.9992480278015137,0.8300041556358337,,
111,303,rcarf_hard,electrical_gain_075,1.0,0.75,0.25,,,1.0,1.5329563143425596e-21,0.999732255935669,,
111,303,rcarf_hard,electrical_gain_050,1.0,0.5,0.5,,,1.0,0.0,1.0,,
111,303,rcarf_hard,electrical_gain_025,1.0,0.25,0.75,,,1.0,0.0,1.0,,
111,303,rcarf_hard,vibration_drift_025rms,0.75,1.0,0.25,,,0.001079892972484231,0.9989201426506042,0.23952673375606537,,
111,303,rcarf_hard,vibration_drift_050rms,0.5,1.0,0.5,,,0.0010950170690193772,0.9989048838615417,0.2437080591917038,,
111,303,rcarf_hard,vibration_drift_100rms,0.0,1.0,1.0,,,0.0015294738113880157,0.9984706044197083,0.2673504054546356,,
111,303,rcarf_hard,electrical_drift_025rms,1.0,0.75,0.25,,,0.011406577192246914,0.988593339920044,0.26982179284095764,,
111,303,rcarf_hard,electrical_drift_050rms,1.0,0.5,0.5,,,0.9998774528503418,0.00012263724056538194,0.9905248880386353,,
111,303,rcarf_hard,electrical_drift_100rms,1.0,0.0,1.0,,,1.0,2.4796556801782368e-30,1.0,,
111,303,dprf_no_rel_loss,clean_reextract,1.0,1.0,0.0,0.8992680311203003,0.10073191672563553,0.8975077271461487,0.10249229520559311,0.11855783313512802,0.9551926255226135,0.6577743887901306
111,303,dprf_no_rel_loss,vibration_missing,0.0,1.0,1.0,0.27509838342666626,0.7249016165733337,0.04916830733418465,0.9508317112922668,0.9959673881530762,0.2439880520105362,0.9320987462997437
111,303,dprf_no_rel_loss,electrical_missing,1.0,0.0,1.0,0.9915629029273987,0.008437152951955795,0.9926627278327942,0.007337192073464394,0.9980412721633911,0.9978935122489929,0.39059141278266907
111,303,dprf_no_rel_loss,vibration_gain_075,0.75,1.0,0.25,0.8465907573699951,0.1534092277288437,0.8441741466522217,0.15582580864429474,0.21371600031852722,0.9408025145530701,0.6463377475738525
111,303,dprf_no_rel_loss,vibration_gain_050,0.5,1.0,0.5,0.799383282661438,0.200616717338562,0.7994667887687683,0.20053324103355408,0.38957908749580383,0.9568162560462952,0.6198893785476685
111,303,dprf_no_rel_loss,vibration_gain_025,0.25,1.0,0.75,0.8153254985809326,0.18467451632022858,0.8167172074317932,0.18328283727169037,0.5310449600219727,0.9945558309555054,0.576865553855896
111,303,dprf_no_rel_loss,electrical_gain_075,1.0,0.75,0.25,0.9885662198066711,0.011433834210038185,0.988594114780426,0.011405829340219498,0.33413180708885193,0.9854637980461121,0.48296135663986206
111,303,dprf_no_rel_loss,electrical_gain_050,1.0,0.5,0.5,0.9986183643341064,0.001381651614792645,0.9986157417297363,0.0013842396438121796,0.4884883165359497,0.9916908740997314,0.4388573467731476
111,303,dprf_no_rel_loss,electrical_gain_025,1.0,0.25,0.75,0.9995306730270386,0.00046933151315897703,0.9995300769805908,0.00046993844443932176,0.4998241662979126,0.9968121647834778,0.41013476252555847
111,303,dprf_no_rel_loss,vibration_drift_025rms,0.75,1.0,0.25,0.8997652530670166,0.10023470968008041,0.8979540467262268,0.1020459458231926,0.11876918375492096,0.9551743268966675,0.657073438167572
111,303,dprf_no_rel_loss,vibration_drift_050rms,0.5,1.0,0.5,0.8983494639396667,0.1016504317522049,0.8963636159896851,0.1036364808678627,0.12040743231773376,0.9548415541648865,0.6549422144889832
111,303,dprf_no_rel_loss,vibration_drift_100rms,0.0,1.0,1.0,0.8983060121536255,0.10169397294521332,0.8955283761024475,0.10447157174348831,0.12543728947639465,0.951884925365448,0.6464410424232483
111,303,dprf_no_rel_loss,electrical_drift_025rms,1.0,0.75,0.25,0.8946083188056946,0.10539177805185318,0.8937186598777771,0.10628137737512589,0.13991835713386536,0.967922031879425,0.671664297580719
111,303,dprf_no_rel_loss,electrical_drift_050rms,1.0,0.5,0.5,0.8812955617904663,0.1187044009566307,0.8814210295677185,0.11857898533344269,0.4312734603881836,0.987093448638916,0.711554765701294
111,303,dprf_no_rel_loss,electrical_drift_100rms,1.0,0.0,1.0,0.802552342414856,0.19744761288166046,0.8023263216018677,0.1976737082004547,0.9786431789398193,0.995392382144928,0.9605913162231445
111,303,dprf_no_switch_loss,clean_reextract,1.0,1.0,0.0,0.5790788531303406,0.4209211766719818,0.5515842437744141,0.4484157860279083,1.0,0.8857896327972412,0.9994996786117554
111,303,dprf_no_switch_loss,vibration_missing,0.0,1.0,1.0,0.3319179117679596,0.668082058429718,0.00015614458243362606,0.9998438954353333,0.9999458193778992,0.0003110781835857779,0.9999887347221375
111,303,dprf_no_switch_loss,electrical_missing,1.0,0.0,1.0,0.6102972030639648,0.38970276713371277,0.9992960691452026,0.0007038218318484724,0.999999463558197,0.9995524883270264,0.000979401171207428
111,303,dprf_no_switch_loss,vibration_gain_075,0.75,1.0,0.25,0.5778926610946655,0.4221072793006897,0.5210699439048767,0.4789300262928009,1.0,0.7824485301971436,0.9996483325958252
111,303,dprf_no_switch_loss,vibration_gain_050,0.5,1.0,0.5,0.5778484344482422,0.42215150594711304,0.44252312183380127,0.5574768781661987,1.0,0.5647469162940979,0.9997771382331848
111,303,dprf_no_switch_loss,vibration_gain_025,0.25,1.0,0.75,0.5832622647285461,0.41673776507377625,0.35592353343963623,0.6440764665603638,1.0,0.38898715376853943,0.9998640418052673
111,303,dprf_no_switch_loss,electrical_gain_075,1.0,0.75,0.25,0.6545642018318176,0.3454357385635376,0.7690276503562927,0.23097236454486847,1.0,0.9873788356781006,0.533979594707489
111,303,dprf_no_switch_loss,electrical_gain_050,1.0,0.5,0.5,0.7011029720306396,0.29889702796936035,0.8135789036750793,0.18642115592956543,1.0,0.9996029138565063,0.5040444731712341
111,303,dprf_no_switch_loss,electrical_gain_025,1.0,0.25,0.75,0.7382310032844543,0.26176902651786804,0.8411070108413696,0.15889300405979156,1.0,0.9999820590019226,0.49829140305519104
111,303,dprf_no_switch_loss,vibration_drift_025rms,0.75,1.0,0.25,0.5782315135002136,0.4217684864997864,0.5505280494689941,0.44947195053100586,1.0,0.8850240707397461,0.9994991421699524
111,303,dprf_no_switch_loss,vibration_drift_050rms,0.5,1.0,0.5,0.57725989818573,0.4227401316165924,0.5487770438194275,0.4512230157852173,1.0,0.8822805881500244,0.9994936585426331
111,303,dprf_no_switch_loss,vibration_drift_100rms,0.0,1.0,1.0,0.5672218203544617,0.43277817964553833,0.5360968112945557,0.46390318870544434,1.0,0.8724411725997925,0.9994472861289978
111,303,dprf_no_switch_loss,electrical_drift_025rms,1.0,0.75,0.25,0.5780588984489441,0.4219411313533783,0.5505474209785461,0.44945254921913147,1.0,0.8841680884361267,0.9975202083587646
111,303,dprf_no_switch_loss,electrical_drift_050rms,1.0,0.5,0.5,0.5256897807121277,0.4743102490901947,0.672629714012146,0.3273702561855316,1.0,0.9915710687637329,0.5060808658599854
111,303,dprf_no_switch_loss,electrical_drift_100rms,1.0,0.0,1.0,0.3213369846343994,0.6786630153656006,0.5918610095977783,0.40813902020454407,1.0,0.9999998211860657,0.28127798438072205
111,303,dprf_no_semantic,clean_reextract,1.0,1.0,0.0,0.5,0.5,0.4718238115310669,0.5281762480735779,0.11112111806869507,0.8931564688682556,0.999042809009552
111,303,dprf_no_semantic,vibration_missing,0.0,1.0,1.0,0.5,0.5,0.0005030276952311397,0.9994969964027405,0.9988192915916443,0.0005035431822761893,0.9998860955238342
111,303,dprf_no_semantic,electrical_missing,1.0,0.0,1.0,0.5,0.5,0.99847811460495,0.0015219144988805056,0.9990082383155823,0.9996746182441711,0.0015250653959810734
111,303,dprf_no_semantic,vibration_gain_075,0.75,1.0,0.25,0.5,0.5,0.4425206184387207,0.5574793815612793,0.21511848270893097,0.795566737651825,0.9991872906684875
111,303,dprf_no_semantic,vibration_gain_050,0.5,1.0,0.5,0.5,0.5,0.3704514503479004,0.6295485496520996,0.42716264724731445,0.5953318476676941,0.9994561672210693
111,303,dprf_no_semantic,vibration_gain_025,0.25,1.0,0.75,0.5,0.5,0.31432223320007324,0.685677707195282,0.6120185852050781,0.46596768498420715,0.9995724558830261
111,303,dprf_no_semantic,electrical_gain_075,1.0,0.75,0.25,0.5,0.5,0.6192013621330261,0.3807986378669739,0.33248916268348694,0.9833669066429138,0.6118724346160889
111,303,dprf_no_semantic,electrical_gain_050,1.0,0.5,0.5,0.5,0.5,0.6709902882575989,0.3290097117424011,0.49621787667274475,0.9998033046722412,0.4906086325645447
111,303,dprf_no_semantic,electrical_gain_025,1.0,0.25,0.75,0.5,0.5,0.6867560148239136,0.31324395537376404,0.5246601700782776,0.999997079372406,0.45649611949920654
111,303,dprf_no_semantic,vibration_drift_025rms,0.75,1.0,0.25,0.5,0.5,0.4715979993343353,0.5284020304679871,0.11184262484312057,0.8923463821411133,0.9990400075912476
111,303,dprf_no_semantic,vibration_drift_050rms,0.5,1.0,0.5,0.5,0.5,0.4706449508666992,0.5293550491333008,0.11501078307628632,0.8889315128326416,0.9990366697311401
111,303,dprf_no_semantic,vibration_drift_100rms,0.0,1.0,1.0,0.5,0.5,0.46799468994140625,0.5320053100585938,0.1261780858039856,0.8795167803764343,0.998906135559082
111,303,dprf_no_semantic,electrical_drift_025rms,1.0,0.75,0.25,0.5,0.5,0.4725366532802582,0.5274633765220642,0.1309286206960678,0.892637312412262,0.9956256747245789
111,303,dprf_no_semantic,electrical_drift_050rms,1.0,0.5,0.5,0.5,0.5,0.6731551885604858,0.3268447518348694,0.4807698726654053,0.9945955872535706,0.48367297649383545
111,303,dprf_no_semantic,electrical_drift_100rms,1.0,0.0,1.0,0.5,0.5,0.84222012758255,0.15777984261512756,0.9777699708938599,1.0,0.18967798352241516
111,303,dprf_full,clean_reextract,1.0,1.0,0.0,0.6357559561729431,0.3642440140247345,0.6238348484039307,0.3761651813983917,0.11054623126983643,0.8930076956748962,0.9997196197509766
111,303,dprf_full,vibration_missing,0.0,1.0,1.0,0.6577439904212952,0.3422560393810272,0.0017349800327792764,0.9982650279998779,0.9992938041687012,0.0008126749889925122,0.9999019503593445
111,303,dprf_full,electrical_missing,1.0,0.0,1.0,0.6544963121414185,0.34550368785858154,0.9998352527618408,0.0001647945900913328,0.9987203478813171,0.9998293519020081,0.00024196531740017235
111,303,dprf_full,vibration_gain_075,0.75,1.0,0.25,0.5503488183021545,0.44965115189552307,0.5189127922058105,0.4810871481895447,0.20989929139614105,0.7892159223556519,0.9998303055763245
111,303,dprf_full,vibration_gain_050,0.5,1.0,0.5,0.4680960774421692,0.5319039225578308,0.3892265558242798,0.6107733845710754,0.41417238116264343,0.5598006844520569,0.9999324083328247
111,303,dprf_full,vibration_gain_025,0.25,1.0,0.75,0.4120057225227356,0.5879943370819092,0.2963714301586151,0.7036285400390625,0.6261498332023621,0.44862210750579834,0.9999526739120483
111,303,dprf_full,electrical_gain_075,1.0,0.75,0.25,0.8310405015945435,0.16895951330661774,0.8718622922897339,0.12813769280910492,0.34317082166671753,0.9744898676872253,0.5994020104408264
111,303,dprf_full,electrical_gain_050,1.0,0.5,0.5,0.9783964157104492,0.021603602916002274,0.9885872602462769,0.011412661522626877,0.511710524559021,0.9997916221618652,0.5147596597671509
111,303,dprf_full,electrical_gain_025,1.0,0.25,0.75,0.9982802271842957,0.0017198181012645364,0.9991589784622192,0.0008409441797994077,0.5116526484489441,0.9999986290931702,0.48833218216896057
111,303,dprf_full,vibration_drift_025rms,0.75,1.0,0.25,0.6361604332923889,0.3638395369052887,0.6241651773452759,0.37583476305007935,0.1109258159995079,0.8922039270401001,0.9997206926345825
111,303,dprf_full,vibration_drift_050rms,0.5,1.0,0.5,0.637454628944397,0.362545371055603,0.6252124905586243,0.37478747963905334,0.11291272938251495,0.8893823623657227,0.9997249841690063
111,303,dprf_full,vibration_drift_100rms,0.0,1.0,1.0,0.640231728553772,0.359768271446228,0.6268826723098755,0.3731173574924469,0.11860198527574539,0.8786712884902954,0.9996234774589539
111,303,dprf_full,electrical_drift_025rms,1.0,0.75,0.25,0.6475805640220642,0.35241949558258057,0.6356361508369446,0.3643638491630554,0.12908753752708435,0.8916505575180054,0.9985845685005188
111,303,dprf_full,electrical_drift_050rms,1.0,0.5,0.5,0.687645435333252,0.3123546242713928,0.7477278113365173,0.2522721588611603,0.4783572256565094,0.992739200592041,0.5071381330490112
111,303,dprf_full,electrical_drift_100rms,1.0,0.0,1.0,0.6305249333381653,0.3694750964641571,0.7252916097640991,0.2747083604335785,0.9857641458511353,1.0,0.30985498428344727
111,304,gate_da,clean_reextract,1.0,1.0,0.0,0.5232719779014587,0.47672799229621887,,,,,
111,304,gate_da,vibration_missing,0.0,1.0,1.0,0.021217994391918182,0.9787819385528564,,,,,
111,304,gate_da,electrical_missing,1.0,0.0,1.0,0.8521667718887329,0.1478332132101059,,,,,
111,304,gate_da,vibration_gain_075,0.75,1.0,0.25,0.44673165678977966,0.5532683730125427,,,,,
111,304,gate_da,vibration_gain_050,0.5,1.0,0.5,0.4046682119369507,0.5953317284584045,,,,,
111,304,gate_da,vibration_gain_025,0.25,1.0,0.75,0.3957309424877167,0.6042690277099609,,,,,
111,304,gate_da,electrical_gain_075,1.0,0.75,0.25,0.9959155917167664,0.0040844702161848545,,,,,
111,304,gate_da,electrical_gain_050,1.0,0.5,0.5,0.9999992847442627,8.135104394568771e-07,,,,,
111,304,gate_da,electrical_gain_025,1.0,0.25,0.75,1.0,4.3549530648334667e-10,,,,,
111,304,gate_da,vibration_drift_025rms,0.75,1.0,0.25,0.5231959223747253,0.47680410742759705,,,,,
111,304,gate_da,vibration_drift_050rms,0.5,1.0,0.5,0.5238958597183228,0.47610411047935486,,,,,
111,304,gate_da,vibration_drift_100rms,0.0,1.0,1.0,0.5269899964332581,0.47300997376441956,,,,,
111,304,gate_da,electrical_drift_025rms,1.0,0.75,0.25,0.5387425422668457,0.46125754714012146,,,,,
111,304,gate_da,electrical_drift_050rms,1.0,0.5,0.5,0.630948543548584,0.369051456451416,,,,,
111,304,gate_da,electrical_drift_100rms,1.0,0.0,1.0,0.7219303250312805,0.2780695855617523,,,,,
111,304,rcarf_hard,clean_reextract,1.0,1.0,0.0,,,0.0016745153116062284,0.9983254671096802,0.22787033021450043,,
111,304,rcarf_hard,vibration_missing,0.0,1.0,1.0,,,0.00022277548850979656,0.9997772574424744,0.9994712471961975,,
111,304,rcarf_hard,electrical_missing,1.0,0.0,1.0,,,0.9999366402626038,6.336799560813233e-05,0.997992753982544,,
111,304,rcarf_hard,vibration_gain_075,0.75,1.0,0.25,,,0.002030763076618314,0.9979692697525024,0.48114022612571716,,
111,304,rcarf_hard,vibration_gain_050,0.5,1.0,0.5,,,0.00210580020211637,0.997894287109375,0.815542459487915,,
111,304,rcarf_hard,vibration_gain_025,0.25,1.0,0.75,,,0.0020837937481701374,0.9979161620140076,0.9424001574516296,,
111,304,rcarf_hard,electrical_gain_075,1.0,0.75,0.25,,,1.0,4.2411366085737257e-10,0.998941957950592,,
111,304,rcarf_hard,electrical_gain_050,1.0,0.5,0.5,,,1.0,3.010294800958636e-31,1.0,,
111,304,rcarf_hard,electrical_gain_025,1.0,0.25,0.75,,,1.0,0.0,1.0,,
111,304,rcarf_hard,vibration_drift_025rms,0.75,1.0,0.25,,,0.0016463882056996226,0.9983536005020142,0.22858355939388275,,
111,304,rcarf_hard,vibration_drift_050rms,0.5,1.0,0.5,,,0.0015895506367087364,0.9984104037284851,0.23220597207546234,,
111,304,rcarf_hard,vibration_drift_100rms,0.0,1.0,1.0,,,0.0014918548986315727,0.998508095741272,0.2467818558216095,,
111,304,rcarf_hard,electrical_drift_025rms,1.0,0.75,0.25,,,0.008316179737448692,0.9916839003562927,0.25043439865112305,,
111,304,rcarf_hard,electrical_drift_050rms,1.0,0.5,0.5,,,0.9998638033866882,0.00013613990449812263,0.9854764342308044,,
111,304,rcarf_hard,electrical_drift_100rms,1.0,0.0,1.0,,,1.0,2.8346588168795894e-36,1.0,,
111,304,dprf_no_rel_loss,clean_reextract,1.0,1.0,0.0,0.7012952566146851,0.29870474338531494,0.8936084508895874,0.10639141499996185,0.10238394141197205,0.907046377658844,0.19593635201454163
111,304,dprf_no_rel_loss,vibration_missing,0.0,1.0,1.0,0.070953868329525,0.9290461540222168,0.024803999811410904,0.9751960039138794,0.9990897178649902,0.2356269210577011,0.4313066005706787
111,304,dprf_no_rel_loss,electrical_missing,1.0,0.0,1.0,0.9009295105934143,0.09907044470310211,0.9602934122085571,0.03970660641789436,0.9989975690841675,0.9990129470825195,0.2638947069644928
111,304,dprf_no_rel_loss,vibration_gain_075,0.75,1.0,0.25,0.6288145184516907,0.3711854815483093,0.8157340884208679,0.18426591157913208,0.19075852632522583,0.9246038794517517,0.2939262390136719
111,304,dprf_no_rel_loss,vibration_gain_050,0.5,1.0,0.5,0.6149923801422119,0.3850076198577881,0.7795478105545044,0.2204522043466568,0.3937336206436157,0.9591714143753052,0.3558942377567291
111,304,dprf_no_rel_loss,vibration_gain_025,0.25,1.0,0.75,0.6502196192741394,0.3497803807258606,0.7885762453079224,0.21142379939556122,0.6038223505020142,0.9870633482933044,0.39238739013671875
111,304,dprf_no_rel_loss,electrical_gain_075,1.0,0.75,0.25,0.7846672534942627,0.2153327316045761,0.8921654224395752,0.10783451050519943,0.21690526604652405,0.9954778552055359,0.3474101722240448
111,304,dprf_no_rel_loss,electrical_gain_050,1.0,0.5,0.5,0.8162453174591064,0.18375469744205475,0.8943852782249451,0.10561472177505493,0.3548656404018402,0.9994199872016907,0.4371359348297119
111,304,dprf_no_rel_loss,electrical_gain_025,1.0,0.25,0.75,0.8216068148612976,0.1783932000398636,0.8830640316009521,0.11693603545427322,0.3481193780899048,0.9999659657478333,0.5378941893577576
111,304,dprf_no_rel_loss,vibration_drift_025rms,0.75,1.0,0.25,0.7012642025947571,0.2987358272075653,0.8940682411193848,0.10593169927597046,0.1027636006474495,0.905762791633606,0.19554689526557922
111,304,dprf_no_rel_loss,vibration_drift_050rms,0.5,1.0,0.5,0.6998482346534729,0.3001517653465271,0.8935835957527161,0.10641640424728394,0.1044735312461853,0.9013941884040833,0.19531749188899994
111,304,dprf_no_rel_loss,vibration_drift_100rms,0.0,1.0,1.0,0.690253496170044,0.30974653363227844,0.8873803019523621,0.11261975020170212,0.11117237061262131,0.8779674768447876,0.19958838820457458
111,304,dprf_no_rel_loss,electrical_drift_025rms,1.0,0.75,0.25,0.7161340713500977,0.28386595845222473,0.9050384163856506,0.09496166557073593,0.12654481828212738,0.894838809967041,0.17854221165180206
111,304,dprf_no_rel_loss,electrical_drift_050rms,1.0,0.5,0.5,0.7204087376594543,0.2795912027359009,0.8951060175895691,0.1048940047621727,0.42780518531799316,0.9362893104553223,0.142408549785614
111,304,dprf_no_rel_loss,electrical_drift_100rms,1.0,0.0,1.0,0.5338195562362671,0.46618038415908813,0.7876608371734619,0.2123391181230545,0.6291546821594238,0.8421163558959961,0.02420019544661045
111,304,dprf_no_switch_loss,clean_reextract,1.0,1.0,0.0,0.5747573375701904,0.42524269223213196,0.5449177622795105,0.4550822377204895,1.0,0.8784874677658081,0.999819815158844
111,304,dprf_no_switch_loss,vibration_missing,0.0,1.0,1.0,0.5009146928787231,0.49908530712127686,5.972273356746882e-05,0.9999402761459351,0.9999026656150818,6.190378189785406e-05,0.9999807476997375
111,304,dprf_no_switch_loss,electrical_missing,1.0,0.0,1.0,0.5453000068664551,0.45469993352890015,0.9934598207473755,0.006540192291140556,0.9999886155128479,0.9995676875114441,0.0043186526745557785
111,304,dprf_no_switch_loss,vibration_gain_075,0.75,1.0,0.25,0.5894298553466797,0.4105702042579651,0.5327968001365662,0.46720319986343384,1.0,0.7843101024627686,0.9998897910118103
111,304,dprf_no_switch_loss,vibration_gain_050,0.5,1.0,0.5,0.6125788688659668,0.3874211311340332,0.4867054224014282,0.5132945775985718,1.0,0.5779193639755249,0.9998992085456848
111,304,dprf_no_switch_loss,vibration_gain_025,0.25,1.0,0.75,0.6387094259262085,0.3612906038761139,0.39880815148353577,0.6011918783187866,1.0,0.34171003103256226,0.9998898506164551
111,304,dprf_no_switch_loss,electrical_gain_075,1.0,0.75,0.25,0.7788160443305969,0.22118401527404785,0.8478825092315674,0.15211747586727142,1.0,0.9875327944755554,0.5948136448860168
111,304,dprf_no_switch_loss,electrical_gain_050,1.0,0.5,0.5,0.8654322624206543,0.1345677375793457,0.9192004799842834,0.08079954236745834,1.0,0.9998032450675964,0.5428274273872375
111,304,dprf_no_switch_loss,electrical_gain_025,1.0,0.25,0.75,0.9254037737846375,0.07459622621536255,0.9565206170082092,0.04347929731011391,1.0,0.9999949336051941,0.5522286891937256
111,304,dprf_no_switch_loss,vibration_drift_025rms,0.75,1.0,0.25,0.57390296459198,0.4260970652103424,0.5438575148582458,0.45614251494407654,1.0,0.8777189254760742,0.999818742275238
111,304,dprf_no_switch_loss,vibration_drift_050rms,0.5,1.0,0.5,0.570393979549408,0.42960605025291443,0.5396024584770203,0.46039754152297974,1.0,0.8747180700302124,0.9998087286949158
111,304,dprf_no_switch_loss,vibration_drift_100rms,0.0,1.0,1.0,0.5598384737968445,0.44016149640083313,0.5263243317604065,0.4736756682395935,1.0,0.8629450798034668,0.9996414184570312
111,304,dprf_no_switch_loss,electrical_drift_025rms,1.0,0.75,0.25,0.5848458409309387,0.41515418887138367,0.5566815137863159,0.4433184564113617,1.0,0.8813168406486511,0.9990075826644897
111,304,dprf_no_switch_loss,electrical_drift_050rms,1.0,0.5,0.5,0.5874878168106079,0.41251227259635925,0.6980687975883484,0.301931232213974,1.0,0.9897500872612,0.5622281432151794
111,304,dprf_no_switch_loss,electrical_drift_100rms,1.0,0.0,1.0,0.6642809510231018,0.3357190191745758,0.8477993011474609,0.15220071375370026,1.0,1.0,0.3057578206062317
111,304,dprf_no_semantic,clean_reextract,1.0,1.0,0.0,0.5,0.5,0.47045591473579407,0.5295441150665283,0.11360664665699005,0.8887537121772766,0.9996126890182495
111,304,dprf_no_semantic,vibration_missing,0.0,1.0,1.0,0.5,0.5,0.00011667007493088022,0.9998833537101746,0.9998037815093994,0.00011670566163957119,0.9999862313270569
111,304,dprf_no_semantic,electrical_missing,1.0,0.0,1.0,0.5,0.5,0.9997825026512146,0.00021748572180513293,0.9995408654212952,0.9998277425765991,0.0002175326517317444
111,304,dprf_no_semantic,vibration_gain_075,0.75,1.0,0.25,0.5,0.5,0.44014447927474976,0.5598555207252502,0.21124449372291565,0.7882112264633179,0.9997103214263916
111,304,dprf_no_semantic,vibration_gain_050,0.5,1.0,0.5,0.5,0.5,0.3602179288864136,0.6397820711135864,0.42062801122665405,0.5688477158546448,0.9997755885124207
111,304,dprf_no_semantic,vibration_gain_025,0.25,1.0,0.75,0.5,0.5,0.2655305862426758,0.7344693541526794,0.6181389689445496,0.37004223465919495,0.9997482895851135
111,304,dprf_no_semantic,electrical_gain_075,1.0,0.75,0.25,0.5,0.5,0.6332570314407349,0.36674293875694275,0.3768494427204132,0.9785314202308655,0.5708963871002197
111,304,dprf_no_semantic,electrical_gain_050,1.0,0.5,0.5,0.5,0.5,0.6538510322570801,0.34614890813827515,0.4983992874622345,0.9994867444038391,0.5292792916297913
111,304,dprf_no_semantic,electrical_gain_025,1.0,0.25,0.75,0.5,0.5,0.6486667394638062,0.35133323073387146,0.500529944896698,0.9999853372573853,0.5420265793800354
111,304,dprf_no_semantic,vibration_drift_025rms,0.75,1.0,0.25,0.5,0.5,0.4702761173248291,0.5297238826751709,0.11416402459144592,0.8881123661994934,0.9996125102043152
111,304,dprf_no_semantic,vibration_drift_050rms,0.5,1.0,0.5,0.5,0.5,0.4695642590522766,0.5304358005523682,0.11654231697320938,0.8855564594268799,0.9995964765548706
111,304,dprf_no_semantic,vibration_drift_100rms,0.0,1.0,1.0,0.5,0.5,0.46704718470573425,0.5329528450965881,0.124001145362854,0.8766909241676331,0.9994750618934631
111,304,dprf_no_semantic,electrical_drift_025rms,1.0,0.75,0.25,0.5,0.5,0.4715173542499542,0.5284826159477234,0.1435985416173935,0.8902450799942017,0.9971325993537903
111,304,dprf_no_semantic,electrical_drift_050rms,1.0,0.5,0.5,0.5,0.5,0.6613137722015381,0.3386861979961395,0.5014668703079224,0.9960516691207886,0.510776698589325
111,304,dprf_no_semantic,electrical_drift_100rms,1.0,0.0,1.0,0.5,0.5,0.7136377096176147,0.2863622307777405,0.7183956503868103,1.0,0.41036662459373474
111,304,dprf_full,clean_reextract,1.0,1.0,0.0,0.6946229934692383,0.3053770065307617,0.6756269931793213,0.3243730068206787,0.10926614701747894,0.8807514309883118,0.9996397495269775
111,304,dprf_full,vibration_missing,0.0,1.0,1.0,0.5552411079406738,0.44475889205932617,0.0004092093731742352,0.9995908737182617,0.9994389414787292,0.00034459770540706813,0.999992311000824
111,304,dprf_full,electrical_missing,1.0,0.0,1.0,0.7111950516700745,0.28880494832992554,0.9995527267456055,0.0004472357395570725,0.9990324378013611,0.9995262622833252,0.0005990102654322982
111,304,dprf_full,vibration_gain_075,0.75,1.0,0.25,0.6188480257987976,0.38115194439888,0.575864315032959,0.42413565516471863,0.21479539573192596,0.780160665512085,0.9997552633285522
111,304,dprf_full,vibration_gain_050,0.5,1.0,0.5,0.5433886647224426,0.4566114544868469,0.4479166567325592,0.5520833134651184,0.4262218177318573,0.5742263197898865,0.9998311400413513
111,304,dprf_full,vibration_gain_025,0.25,1.0,0.75,0.5073590278625488,0.49264103174209595,0.34432733058929443,0.6556726098060608,0.6180305480957031,0.38497617840766907,0.9998932480812073
111,304,dprf_full,electrical_gain_075,1.0,0.75,0.25,0.7921332120895386,0.20786680281162262,0.8520944714546204,0.14790549874305725,0.33026570081710815,0.9738512635231018,0.5700295567512512
111,304,dprf_full,electrical_gain_050,1.0,0.5,0.5,0.8937996625900269,0.10620038211345673,0.941368579864502,0.05863141641020775,0.46009594202041626,0.9996072053909302,0.49278202652931213
111,304,dprf_full,electrical_gain_025,1.0,0.25,0.75,0.9387935996055603,0.06120642274618149,0.9677808880805969,0.03221907094120979,0.4763534665107727,0.9999934434890747,0.48788607120513916
111,304,dprf_full,vibration_drift_025rms,0.75,1.0,0.25,0.6946718692779541,0.3053281903266907,0.6755450367927551,0.3244549632072449,0.10967297852039337,0.8799388408660889,0.9996424913406372
111,304,dprf_full,vibration_drift_050rms,0.5,1.0,0.5,0.6958638429641724,0.30413618683815,0.6762526631355286,0.32374730706214905,0.11171577125787735,0.876928985118866,0.9996455311775208
111,304,dprf_full,vibration_drift_100rms,0.0,1.0,1.0,0.6961793899536133,0.30382058024406433,0.6747671365737915,0.32523277401924133,0.1186182051897049,0.8668912053108215,0.9996408224105835
111,304,dprf_full,electrical_drift_025rms,1.0,0.75,0.25,0.7005064487457275,0.29949358105659485,0.6815685033798218,0.3184314966201782,0.1333111971616745,0.8800635933876038,0.9979311227798462
111,304,dprf_full,electrical_drift_050rms,1.0,0.5,0.5,0.700625479221344,0.299374520778656,0.7794325351715088,0.22056755423545837,0.4594600200653076,0.9960392117500305,0.49579355120658875
111,304,dprf_full,electrical_drift_100rms,1.0,0.0,1.0,0.713985800743103,0.28601425886154175,0.7834340333938599,0.21656599640846252,0.8275046944618225,1.0,0.4167788326740265
111,305,gate_da,clean_reextract,1.0,1.0,0.0,0.8594503402709961,0.14054958522319794,,,,,
111,305,gate_da,vibration_missing,0.0,1.0,1.0,0.011399120092391968,0.9886009097099304,,,,,
111,305,gate_da,electrical_missing,1.0,0.0,1.0,0.9945669174194336,0.0054329936392605305,,,,,
111,305,gate_da,vibration_gain_075,0.75,1.0,0.25,0.787041425704956,0.21295857429504395,,,,,
111,305,gate_da,vibration_gain_050,0.5,1.0,0.5,0.7718592286109924,0.22814075648784637,,,,,
111,305,gate_da,vibration_gain_025,0.25,1.0,0.75,0.7859699130058289,0.21403010189533234,,,,,
111,305,gate_da,electrical_gain_075,1.0,0.75,0.25,1.0,3.5041907526719984e-13,,,,,
111,305,gate_da,electrical_gain_050,1.0,0.5,0.5,1.0,5.972928666245668e-29,,,,,
111,305,gate_da,electrical_gain_025,1.0,0.25,0.75,1.0,8.812766042138775e-42,,,,,
111,305,gate_da,vibration_drift_025rms,0.75,1.0,0.25,0.8596696853637695,0.1403302699327469,,,,,
111,305,gate_da,vibration_drift_050rms,0.5,1.0,0.5,0.8628426194190979,0.1371573954820633,,,,,
111,305,gate_da,vibration_drift_100rms,0.0,1.0,1.0,0.8792714476585388,0.12072858214378357,,,,,
111,305,gate_da,electrical_drift_025rms,1.0,0.75,0.25,0.8709229826927185,0.12907706201076508,,,,,
111,305,gate_da,electrical_drift_050rms,1.0,0.5,0.5,0.8994866013526917,0.10051345825195312,,,,,
111,305,gate_da,electrical_drift_100rms,1.0,0.0,1.0,0.8276458382606506,0.17235419154167175,,,,,
111,305,rcarf_hard,clean_reextract,1.0,1.0,0.0,,,0.0004965945845469832,0.999503493309021,0.2385416179895401,,
111,305,rcarf_hard,vibration_missing,0.0,1.0,1.0,,,2.9455695766955614e-05,0.999970555305481,0.998627781867981,,
111,305,rcarf_hard,electrical_missing,1.0,0.0,1.0,,,0.9995326995849609,0.0004673621151596308,0.9957507848739624,,
111,305,rcarf_hard,vibration_gain_075,0.75,1.0,0.25,,,0.00014628208009526134,0.9998537302017212,0.532528817653656,,
111,305,rcarf_hard,vibration_gain_050,0.5,1.0,0.5,,,1.8023951270151883e-05,0.9999819397926331,0.8393848538398743,,
111,305,rcarf_hard,vibration_gain_025,0.25,1.0,0.75,,,6.71466623316519e-05,0.9999328851699829,0.9274244904518127,,
111,305,rcarf_hard,electrical_gain_075,1.0,0.75,0.25,,,1.0,2.076071736398233e-12,0.9971050024032593,,
111,305,rcarf_hard,electrical_gain_050,1.0,0.5,0.5,,,1.0,2.4311779875217944e-33,1.0,,
111,305,rcarf_hard,electrical_gain_025,1.0,0.25,0.75,,,1.0,0.0,1.0,,
111,305,rcarf_hard,vibration_drift_025rms,0.75,1.0,0.25,,,0.0004917882033623755,0.9995082020759583,0.23934023082256317,,
111,305,rcarf_hard,vibration_drift_050rms,0.5,1.0,0.5,,,0.0004882623616140336,0.99951171875,0.24211232364177704,,
111,305,rcarf_hard,vibration_drift_100rms,0.0,1.0,1.0,,,0.0004954488831572235,0.9995046257972717,0.2611960172653198,,
111,305,rcarf_hard,electrical_drift_025rms,1.0,0.75,0.25,,,0.014748594723641872,0.9852513670921326,0.28304266929626465,,
111,305,rcarf_hard,electrical_drift_050rms,1.0,0.5,0.5,,,0.9999896883964539,1.0380074854765553e-05,0.9980115294456482,,
111,305,rcarf_hard,electrical_drift_100rms,1.0,0.0,1.0,,,1.0,4.051819118562623e-32,1.0,,
111,305,dprf_no_rel_loss,clean_reextract,1.0,1.0,0.0,0.9997559189796448,0.0002440778916934505,0.9997684955596924,0.00023152047651819885,0.13331378996372223,0.9976875185966492,0.26270389556884766
111,305,dprf_no_rel_loss,vibration_missing,0.0,1.0,1.0,0.07814492285251617,0.921855092048645,0.009921779856085777,0.9900782704353333,0.9990105628967285,0.11507656425237656,0.9434609413146973
111,305,dprf_no_rel_loss,electrical_missing,1.0,0.0,1.0,0.999879777431488,0.00012032749509671703,0.9999145269393921,8.552586223231629e-05,0.9982879161834717,0.998930037021637,0.16250871121883392
111,305,dprf_no_rel_loss,vibration_gain_075,0.75,1.0,0.25,0.978233814239502,0.0217661801725626,0.978536069393158,0.02146393060684204,0.22090578079223633,0.9965283870697021,0.2904813289642334
111,305,dprf_no_rel_loss,vibration_gain_050,0.5,1.0,0.5,0.9167186617851257,0.08328134566545486,0.9174518585205078,0.0825481042265892,0.36619269847869873,0.9974684119224548,0.29560762643814087
111,305,dprf_no_rel_loss,vibration_gain_025,0.25,1.0,0.75,0.9463701248168945,0.053629886358976364,0.9475237727165222,0.052476171404123306,0.49037063121795654,0.9994844198226929,0.28743404150009155
111,305,dprf_no_rel_loss,electrical_gain_075,1.0,0.75,0.25,0.9999994039535522,6.892785222589737e-07,0.9999995231628418,4.758571208185458e-07,0.33822575211524963,0.9996893405914307,0.056590739637613297
111,305,dprf_no_rel_loss,electrical_gain_050,1.0,0.5,0.5,1.0,5.300793137763549e-10,1.0,1.1345885342350925e-10,0.524300217628479,0.9998834133148193,0.004365260247141123
111,305,dprf_no_rel_loss,electrical_gain_025,1.0,0.25,0.75,1.0,8.850740778297561e-13,1.0,2.543995016816153e-14,0.604564905166626,0.9999271035194397,0.0003531223628669977
111,305,dprf_no_rel_loss,vibration_drift_025rms,0.75,1.0,0.25,0.9997732043266296,0.0002267979725729674,0.9997853636741638,0.00021467151236720383,0.13384057581424713,0.9975501894950867,0.26184600591659546
111,305,dprf_no_rel_loss,vibration_drift_050rms,0.5,1.0,0.5,0.9997960329055786,0.0002040477265836671,0.9998074769973755,0.00019257089297752827,0.13609018921852112,0.9970502853393555,0.2594888508319855
111,305,dprf_no_rel_loss,vibration_drift_100rms,0.0,1.0,1.0,0.9998500943183899,0.00014988293696660548,0.9998599886894226,0.00014001539966557175,0.14817868173122406,0.9956231713294983,0.24512360990047455
111,305,dprf_no_rel_loss,electrical_drift_025rms,1.0,0.75,0.25,0.999841034412384,0.00015894282842054963,0.9998502135276794,0.00014978591934777796,0.15494215488433838,0.9972922801971436,0.2610406279563904
111,305,dprf_no_rel_loss,electrical_drift_050rms,1.0,0.5,0.5,0.9999724626541138,2.7470563509268686e-05,0.9999750852584839,2.488399695721455e-05,0.4391532242298126,0.9982097148895264,0.28215456008911133
111,305,dprf_no_rel_loss,electrical_drift_100rms,1.0,0.0,1.0,0.9999639391899109,3.611263309721835e-05,0.9999639391899109,3.60952180926688e-05,0.9736191630363464,0.9987497329711914,0.44337818026542664
111,305,dprf_no_switch_loss,clean_reextract,1.0,1.0,0.0,0.6231819987297058,0.37681806087493896,0.5888329744338989,0.4111669957637787,0.9999995231628418,0.8579522371292114,0.9993659257888794
111,305,dprf_no_switch_loss,vibration_missing,0.0,1.0,1.0,0.5215028524398804,0.47849711775779724,0.0012249361025169492,0.998775064945221,0.9996259212493896,0.0008141667349264026,0.9996242523193359
111,305,dprf_no_switch_loss,electrical_missing,1.0,0.0,1.0,0.6151237487792969,0.3848762512207031,0.99957275390625,0.00042722729267552495,0.9999479055404663,0.9997143745422363,0.000666935695335269
111,305,dprf_no_switch_loss,vibration_gain_075,0.75,1.0,0.25,0.6067520976066589,0.39324790239334106,0.5335777997970581,0.4664222300052643,0.9999998211860657,0.7357099056243896,0.9995971918106079
111,305,dprf_no_switch_loss,vibration_gain_050,0.5,1.0,0.5,0.595283567905426,0.4047164022922516,0.44210314750671387,0.5578967928886414,1.0,0.5341576337814331,0.9997565746307373
111,305,dprf_no_switch_loss,vibration_gain_025,0.25,1.0,0.75,0.5919124484062195,0.4080875813961029,0.35070908069610596,0.649290919303894,1.0,0.3680279552936554,0.9998182654380798
111,305,dprf_no_switch_loss,electrical_gain_075,1.0,0.75,0.25,0.9999375939369202,6.238031346583739e-05,0.9999650716781616,3.4922508348245174e-05,1.0,0.9956775903701782,0.5347556471824646
111,305,dprf_no_switch_loss,electrical_gain_050,1.0,0.5,0.5,1.0,2.1918780124252635e-09,1.0,1.0651600712563436e-09,1.0,0.9999858140945435,0.49024879932403564
111,305,dprf_no_switch_loss,electrical_gain_025,1.0,0.25,0.75,1.0,1.2167849193500668e-13,1.0,5.6580245724096104e-14,1.0,1.0,0.4726167917251587
111,305,dprf_no_switch_loss,vibration_drift_025rms,0.75,1.0,0.25,0.6227928996086121,0.37720704078674316,0.588280975818634,0.41171908378601074,0.999999463558197,0.8573132157325745,0.9993636608123779
111,305,dprf_no_switch_loss,vibration_drift_050rms,0.5,1.0,0.5,0.6211438179016113,0.37885618209838867,0.5859659910202026,0.414033979177475,0.999999463558197,0.8547355532646179,0.9993376135826111
111,305,dprf_no_switch_loss,vibration_drift_100rms,0.0,1.0,1.0,0.6158963441848755,0.3841036856174469,0.5772206783294678,0.4227793216705322,0.999999463558197,0.8417002558708191,0.9992363452911377
111,305,dprf_no_switch_loss,electrical_drift_025rms,1.0,0.75,0.25,0.6214475631713867,0.3785524070262909,0.5874500274658203,0.4125499427318573,0.9999994039535522,0.8585739135742188,0.9970986843109131
111,305,dprf_no_switch_loss,electrical_drift_050rms,1.0,0.5,0.5,0.6164911389350891,0.3835088908672333,0.7380565404891968,0.26194339990615845,0.9999997019767761,0.9865744113922119,0.5470476746559143
111,305,dprf_no_switch_loss,electrical_drift_100rms,1.0,0.0,1.0,0.5900794267654419,0.4099205732345581,0.8322497010231018,0.1677502542734146,1.0,0.999998927116394,0.2750650644302368
111,305,dprf_no_semantic,clean_reextract,1.0,1.0,0.0,0.5,0.5,0.45967552065849304,0.5403245091438293,0.14615163207054138,0.8512287139892578,0.999108612537384
111,305,dprf_no_semantic,vibration_missing,0.0,1.0,1.0,0.5,0.5,0.00030609258101321757,0.9996939897537231,0.9995701909065247,0.00030635384609922767,0.9999836683273315
111,305,dprf_no_semantic,electrical_missing,1.0,0.0,1.0,0.5,0.5,0.9996774196624756,0.00032260824809782207,0.9993916749954224,0.9996346235275269,0.0003226224798709154
111,305,dprf_no_semantic,vibration_gain_075,0.75,1.0,0.25,0.5,0.5,0.4164017140865326,0.5835981965065002,0.25996094942092896,0.717656672000885,0.9995582103729248
111,305,dprf_no_semantic,vibration_gain_050,0.5,1.0,0.5,0.5,0.5,0.34165385365486145,0.6583462357521057,0.4669915735721588,0.5243541598320007,0.9998233914375305
111,305,dprf_no_semantic,vibration_gain_025,0.25,1.0,0.75,0.5,0.5,0.2835083305835724,0.71649169921875,0.6407817006111145,0.3994310200214386,0.9998994469642639
111,305,dprf_no_semantic,electrical_gain_075,1.0,0.75,0.25,0.5,0.5,0.6365128755569458,0.3634870946407318,0.4264971911907196,0.97533118724823,0.5696994066238403
111,305,dprf_no_semantic,electrical_gain_050,1.0,0.5,0.5,0.5,0.5,0.6847550868988037,0.3152448534965515,0.499221533536911,0.9993917942047119,0.46022480726242065
111,305,dprf_no_semantic,electrical_gain_025,1.0,0.25,0.75,0.5,0.5,0.6911505460739136,0.30884939432144165,0.5082895159721375,0.9999841451644897,0.4469371736049652
111,305,dprf_no_semantic,vibration_drift_025rms,0.75,1.0,0.25,0.5,0.5,0.4594871401786804,0.5405128598213196,0.1467052847146988,0.8506011962890625,0.9991123080253601
111,305,dprf_no_semantic,vibration_drift_050rms,0.5,1.0,0.5,0.5,0.5,0.4587993323802948,0.5412006378173828,0.1484900265932083,0.8483162522315979,0.999151885509491
111,305,dprf_no_semantic,vibration_drift_100rms,0.0,1.0,1.0,0.5,0.5,0.45460274815559387,0.5453972220420837,0.15670406818389893,0.8346326947212219,0.9990594983100891
111,305,dprf_no_semantic,electrical_drift_025rms,1.0,0.75,0.25,0.5,0.5,0.46242755651474,0.53757244348526,0.17513076961040497,0.8550152778625488,0.9931464791297913
111,305,dprf_no_semantic,electrical_drift_050rms,1.0,0.5,0.5,0.5,0.5,0.6801342964172363,0.3198656439781189,0.49543115496635437,0.994225800037384,0.4678017497062683
111,305,dprf_no_semantic,electrical_drift_100rms,1.0,0.0,1.0,0.5,0.5,0.7330793738365173,0.2669205665588379,0.6732780337333679,1.0,0.36949050426483154
111,305,dprf_full,clean_reextract,1.0,1.0,0.0,0.4555669128894806,0.5444331169128418,0.424880713224411,0.5751192569732666,0.13129721581935883,0.8382607102394104,0.9997513294219971
111,305,dprf_full,vibration_missing,0.0,1.0,1.0,0.4237452447414398,0.5762547850608826,0.0002766334800980985,0.9997233152389526,0.9994239211082458,0.00033400789834558964,0.9999899864196777
111,305,dprf_full,electrical_missing,1.0,0.0,1.0,0.5614014267921448,0.4385986030101776,0.9995645880699158,0.00043538480531424284,0.9994389414787292,0.9995664358139038,0.00033224429353140295
111,305,dprf_full,vibration_gain_075,0.75,1.0,0.25,0.36452656984329224,0.6354734301567078,0.3067178726196289,0.6932821273803711,0.2490122765302658,0.7183246612548828,0.9998304843902588
111,305,dprf_full,vibration_gain_050,0.5,1.0,0.5,0.27136358618736267,0.7286364436149597,0.17600250244140625,0.8239974975585938,0.42107290029525757,0.5119320750236511,0.9999062418937683
111,305,dprf_full,vibration_gain_025,0.25,1.0,0.75,0.215194970369339,0.7848050594329834,0.10588403046131134,0.8941160440444946,0.5370061993598938,0.34758952260017395,0.9999305009841919
111,305,dprf_full,electrical_gain_075,1.0,0.75,0.25,0.8571064472198486,0.14289350807666779,0.9100503921508789,0.08994969725608826,0.3898469805717468,0.9897143244743347,0.564717173576355
111,305,dprf_full,electrical_gain_050,1.0,0.5,0.5,0.9792093634605408,0.02079065889120102,0.9893658757209778,0.010634178295731544,0.502021074295044,0.9999350905418396,0.49812036752700806
111,305,dprf_full,electrical_gain_025,1.0,0.25,0.75,0.9970760345458984,0.002923934953287244,0.9985915422439575,0.0014084265567362309,0.5362632274627686,0.9999997615814209,0.47802066802978516
111,305,dprf_full,vibration_drift_025rms,0.75,1.0,0.25,0.4575437307357788,0.5424562692642212,0.4267437160015106,0.5732563138008118,0.13173341751098633,0.8377552032470703,0.999748945236206
111,305,dprf_full,vibration_drift_050rms,0.5,1.0,0.5,0.4632090926170349,0.5367909669876099,0.4318200349807739,0.5681799650192261,0.13393455743789673,0.8349801301956177,0.999751091003418
111,305,dprf_full,vibration_drift_100rms,0.0,1.0,1.0,0.4807519316673279,0.5192480683326721,0.4462518095970154,0.5537481904029846,0.14360129833221436,0.8219390511512756,0.9997313022613525
111,305,dprf_full,electrical_drift_025rms,1.0,0.75,0.25,0.48436591029167175,0.5156341195106506,0.45244061946868896,0.5475594401359558,0.15476496517658234,0.8363538980484009,0.9982429146766663
111,305,dprf_full,electrical_drift_050rms,1.0,0.5,0.5,0.6203997135162354,0.37960025668144226,0.7284764647483826,0.27152344584465027,0.4987827241420746,0.9932591319084167,0.48588141798973083
111,305,dprf_full,electrical_drift_100rms,1.0,0.0,1.0,0.838805079460144,0.16119487583637238,0.8946060538291931,0.10539387166500092,0.8918604254722595,1.0,0.3541572391986847
222,301,gate_da,clean_reextract,1.0,1.0,0.0,0.6576002240180969,0.3423997461795807,,,,,
222,301,gate_da,vibration_missing,0.0,1.0,1.0,0.004969431087374687,0.9950305819511414,,,,,
222,301,gate_da,electrical_missing,1.0,0.0,1.0,0.8645598292350769,0.13544023036956787,,,,,
222,301,gate_da,vibration_gain_075,0.75,1.0,0.25,0.604312539100647,0.3956874907016754,,,,,
222,301,gate_da,vibration_gain_050,0.5,1.0,0.5,0.5767063498497009,0.4232936501502991,,,,,
222,301,gate_da,vibration_gain_025,0.25,1.0,0.75,0.5701214671134949,0.4298785328865051,,,,,
222,301,gate_da,electrical_gain_075,1.0,0.75,0.25,0.768072247505188,0.23192773759365082,,,,,
222,301,gate_da,electrical_gain_050,1.0,0.5,0.5,0.817660391330719,0.1823395937681198,,,,,
222,301,gate_da,electrical_gain_025,1.0,0.25,0.75,0.8425471782684326,0.15745273232460022,,,,,
222,301,gate_da,vibration_drift_025rms,0.75,1.0,0.25,0.6580525636672974,0.3419474959373474,,,,,
222,301,gate_da,vibration_drift_050rms,0.5,1.0,0.5,0.6601210832595825,0.3398788571357727,,,,,
222,301,gate_da,vibration_drift_100rms,0.0,1.0,1.0,0.6728605628013611,0.32713937759399414,,,,,
222,301,gate_da,electrical_drift_025rms,1.0,0.75,0.25,0.6772720813751221,0.32272788882255554,,,,,
222,301,gate_da,electrical_drift_050rms,1.0,0.5,0.5,0.6857268810272217,0.31427308917045593,,,,,
222,301,gate_da,electrical_drift_100rms,1.0,0.0,1.0,0.6620762348175049,0.3379237949848175,,,,,
222,301,rcarf_hard,clean_reextract,1.0,1.0,0.0,,,0.0012085649650543928,0.9987914562225342,0.23921403288841248,,
222,301,rcarf_hard,vibration_missing,0.0,1.0,1.0,,,0.0016240411205217242,0.9983759522438049,0.9967288970947266,,
222,301,rcarf_hard,electrical_missing,1.0,0.0,1.0,,,0.999103844165802,0.0008962167776189744,0.9924457669258118,,
222,301,rcarf_hard,vibration_gain_075,0.75,1.0,0.25,,,0.0007610612083226442,0.999238908290863,0.4406591057777405,,
222,301,rcarf_hard,vibration_gain_050,0.5,1.0,0.5,,,0.0005311483982950449,0.9994688630104065,0.7704783082008362,,
222,301,rcarf_hard,vibration_gain_025,0.25,1.0,0.75,,,0.001119817839935422,0.99888014793396,0.8922115564346313,,
222,301,rcarf_hard,electrical_gain_075,1.0,0.75,0.25,,,1.0,5.0827647546097983e-20,0.9996553063392639,,
222,301,rcarf_hard,electrical_gain_050,1.0,0.5,0.5,,,1.0,5.605193857299268e-45,1.0,,
222,301,rcarf_hard,electrical_gain_025,1.0,0.25,0.75,,,1.0,0.0,1.0,,
222,301,rcarf_hard,vibration_drift_025rms,0.75,1.0,0.25,,,0.0012105363421142101,0.9987894892692566,0.24041596055030823,,
222,301,rcarf_hard,vibration_drift_050rms,0.5,1.0,0.5,,,0.0012142619816586375,0.9987857937812805,0.24564215540885925,,
222,301,rcarf_hard,vibration_drift_100rms,0.0,1.0,1.0,,,0.0013557744678109884,0.9986441731452942,0.2731625437736511,,
222,301,rcarf_hard,electrical_drift_025rms,1.0,0.75,0.25,,,0.005832572001963854,0.9941675066947937,0.2874104380607605,,
222,301,rcarf_hard,electrical_drift_050rms,1.0,0.5,0.5,,,0.9997148513793945,0.0002851806057151407,0.986941933631897,,
222,301,rcarf_hard,electrical_drift_100rms,1.0,0.0,1.0,,,1.0,5.368941662446733e-36,1.0,,
222,301,dprf_no_rel_loss,clean_reextract,1.0,1.0,0.0,0.864071786403656,0.13592828810214996,0.8625398278236389,0.13746017217636108,0.12691637873649597,0.9905049204826355,0.977087140083313
222,301,dprf_no_rel_loss,vibration_missing,0.0,1.0,1.0,0.05241547152400017,0.9475845098495483,0.0025569447316229343,0.9974431395530701,0.9990295171737671,0.07036809623241425,0.9922467470169067
222,301,dprf_no_rel_loss,electrical_missing,1.0,0.0,1.0,0.9869629144668579,0.013037102296948433,0.9871818423271179,0.012818154878914356,0.9989650249481201,0.9987635016441345,0.857635498046875
222,301,dprf_no_rel_loss,vibration_gain_075,0.75,1.0,0.25,0.8193827867507935,0.18061721324920654,0.8168288469314575,0.18317118287086487,0.20862147212028503,0.9781910181045532,0.9911651015281677
222,301,dprf_no_rel_loss,vibration_gain_050,0.5,1.0,0.5,0.8084036111831665,0.1915964037179947,0.8074809312820435,0.19251903891563416,0.3716977834701538,0.9874371886253357,0.99709552526474
222,301,dprf_no_rel_loss,vibration_gain_025,0.25,1.0,0.75,0.8246902227401733,0.17530973255634308,0.8244707584381104,0.175529345870018,0.4893910586833954,0.9977980256080627,0.9991239309310913
222,301,dprf_no_rel_loss,electrical_gain_075,1.0,0.75,0.25,0.9756243228912354,0.024375716224312782,0.9756443500518799,0.024355676025152206,0.3696501851081848,0.9979116916656494,0.9543846845626831
222,301,dprf_no_rel_loss,electrical_gain_050,1.0,0.5,0.5,0.9906305074691772,0.009369582869112492,0.9906036853790283,0.009396367706358433,0.4863188862800598,0.9985100626945496,0.9731810092926025
222,301,dprf_no_rel_loss,electrical_gain_025,1.0,0.25,0.75,0.9957321882247925,0.004267780110239983,0.9957125782966614,0.004287355579435825,0.5558606386184692,0.998528003692627,0.9887773990631104
222,301,dprf_no_rel_loss,vibration_drift_025rms,0.75,1.0,0.25,0.863156795501709,0.13684318959712982,0.8615822196006775,0.1384177953004837,0.12849284708499908,0.9902952313423157,0.9774191379547119
222,301,dprf_no_rel_loss,vibration_drift_050rms,0.5,1.0,0.5,0.8607324361801147,0.13926756381988525,0.8590583205223083,0.14094169437885284,0.13215938210487366,0.9897774457931519,0.9781614542007446
222,301,dprf_no_rel_loss,vibration_drift_100rms,0.0,1.0,1.0,0.8452880382537842,0.15471187233924866,0.8430092334747314,0.15699072182178497,0.14512310922145844,0.9868229031562805,0.9800012707710266
222,301,dprf_no_rel_loss,electrical_drift_025rms,1.0,0.75,0.25,0.8714441061019897,0.12855587899684906,0.8703665733337402,0.12963350117206573,0.15274539589881897,0.992652416229248,0.97889244556427
222,301,dprf_no_rel_loss,electrical_drift_050rms,1.0,0.5,0.5,0.8453329205513,0.15466713905334473,0.8439013361930847,0.1560986191034317,0.44542592763900757,0.9908779263496399,0.9883362650871277
222,301,dprf_no_rel_loss,electrical_drift_100rms,1.0,0.0,1.0,0.6497595310211182,0.35024046897888184,0.6334818601608276,0.36651811003685,0.9498045444488525,0.9175683259963989,0.9999587535858154
222,301,dprf_no_switch_loss,clean_reextract,1.0,1.0,0.0,0.6207431554794312,0.3792569041252136,0.594941258430481,0.40505871176719666,1.0,0.8923833966255188,0.9996393918991089
222,301,dprf_no_switch_loss,vibration_missing,0.0,1.0,1.0,0.3979085385799408,0.6020914912223816,0.00037083320785313845,0.9996291399002075,0.9998953938484192,0.000704161764588207,0.9999510049819946
222,301,dprf_no_switch_loss,electrical_missing,1.0,0.0,1.0,0.6144343018531799,0.38556569814682007,0.9983779191970825,0.001622108626179397,0.9999927282333374,0.9997226595878601,0.0023959954269230366
222,301,dprf_no_switch_loss,vibration_gain_075,0.75,1.0,0.25,0.6100764274597168,0.3899235725402832,0.5546490550041199,0.4453509449958801,1.0,0.7968829274177551,0.9996869564056396
222,301,dprf_no_switch_loss,vibration_gain_050,0.5,1.0,0.5,0.6091248989105225,0.39087507128715515,0.4922976493835449,0.5077023506164551,1.0,0.6259192228317261,0.9996761679649353
222,301,dprf_no_switch_loss,vibration_gain_025,0.25,1.0,0.75,0.6095414161682129,0.3904585838317871,0.43546897172927856,0.5645310282707214,1.0,0.4968284070491791,0.9995306730270386
222,301,dprf_no_switch_loss,electrical_gain_075,1.0,0.75,0.25,0.7168068289756775,0.2831932306289673,0.827147901058197,0.17285209894180298,1.0,0.9929259419441223,0.5012747049331665
222,301,dprf_no_switch_loss,electrical_gain_050,1.0,0.5,0.5,0.7758180499076843,0.22418193519115448,0.8683869242668152,0.13161301612854004,1.0,0.9999574422836304,0.4951487183570862
222,301,dprf_no_switch_loss,electrical_gain_025,1.0,0.25,0.75,0.8160631060600281,0.18393689393997192,0.8949188590049744,0.10508105903863907,1.0,0.9999996423721313,0.4936685562133789
222,301,dprf_no_switch_loss,vibration_drift_025rms,0.75,1.0,0.25,0.6203687191009521,0.3796312212944031,0.5942273736000061,0.4057725965976715,1.0,0.8904132843017578,0.999641478061676
222,301,dprf_no_switch_loss,vibration_drift_050rms,0.5,1.0,0.5,0.6197810769081116,0.38021886348724365,0.5927396416664124,0.40726038813591003,1.0,0.8864957094192505,0.9996358156204224
222,301,dprf_no_switch_loss,vibration_drift_100rms,0.0,1.0,1.0,0.6159055233001709,0.3840944766998291,0.5855424404144287,0.4144575297832489,1.0,0.8736662268638611,0.9995837211608887
222,301,dprf_no_switch_loss,electrical_drift_025rms,1.0,0.75,0.25,0.6168225407600403,0.3831774890422821,0.5910895466804504,0.40891045331954956,1.0,0.8901885747909546,0.9968054890632629
222,301,dprf_no_switch_loss,electrical_drift_050rms,1.0,0.5,0.5,0.616815984249115,0.383184015750885,0.7578495740890503,0.24215039610862732,1.0,0.996759295463562,0.4947334825992584
222,301,dprf_no_switch_loss,electrical_drift_100rms,1.0,0.0,1.0,0.6387624740600586,0.36123746633529663,0.8109376430511475,0.18906229734420776,1.0,1.0,0.3798607587814331
222,301,dprf_no_semantic,clean_reextract,1.0,1.0,0.0,0.5,0.5,0.4728972613811493,0.5271027088165283,0.10741836577653885,0.8978505730628967,0.9995585680007935
222,301,dprf_no_semantic,vibration_missing,0.0,1.0,1.0,0.5,0.5,0.0011469522723928094,0.9988530278205872,0.999484121799469,0.001150726922787726,0.9998916387557983
222,301,dprf_no_semantic,electrical_missing,1.0,0.0,1.0,0.5,0.5,0.9994622468948364,0.0005376827321015298,0.9989116191864014,0.9998171329498291,0.0005395161570049822
222,301,dprf_no_semantic,vibration_gain_075,0.75,1.0,0.25,0.5,0.5,0.44044339656829834,0.5595565438270569,0.18325288593769073,0.7912580966949463,0.9997084140777588
222,301,dprf_no_semantic,vibration_gain_050,0.5,1.0,0.5,0.5,0.5,0.3779517412185669,0.6220483183860779,0.36891305446624756,0.6141665577888489,0.9997395277023315
222,301,dprf_no_semantic,vibration_gain_025,0.25,1.0,0.75,0.5,0.5,0.3245333731174469,0.6754665970802307,0.5713968276977539,0.48597702383995056,0.9998326301574707
222,301,dprf_no_semantic,electrical_gain_075,1.0,0.75,0.25,0.5,0.5,0.6449776291847229,0.3550224006175995,0.43618708848953247,0.9875920414924622,0.547066330909729
222,301,dprf_no_semantic,electrical_gain_050,1.0,0.5,0.5,0.5,0.5,0.6674674153327942,0.33253246545791626,0.5014586448669434,0.9999586343765259,0.4983387589454651
222,301,dprf_no_semantic,electrical_gain_025,1.0,0.25,0.75,0.5,0.5,0.677589476108551,0.3224104344844818,0.5014829635620117,0.9999999403953552,0.476083904504776
222,301,dprf_no_semantic,vibration_drift_025rms,0.75,1.0,0.25,0.5,0.5,0.4721028506755829,0.5278971791267395,0.10858949273824692,0.8951034545898438,0.9995605945587158
222,301,dprf_no_semantic,vibration_drift_050rms,0.5,1.0,0.5,0.5,0.5,0.47009411454200745,0.5299059152603149,0.11175671964883804,0.8885864019393921,0.9995627999305725
222,301,dprf_no_semantic,vibration_drift_100rms,0.0,1.0,1.0,0.5,0.5,0.46486741304397583,0.5351325869560242,0.12178371101617813,0.8715988397598267,0.9995651841163635
222,301,dprf_no_semantic,electrical_drift_025rms,1.0,0.75,0.25,0.5,0.5,0.4730079770088196,0.5269920229911804,0.1335451304912567,0.896240770816803,0.9972974061965942
222,301,dprf_no_semantic,electrical_drift_050rms,1.0,0.5,0.5,0.5,0.5,0.6688840985298157,0.33111587166786194,0.46838077902793884,0.9980269074440002,0.4945739209651947
222,301,dprf_no_semantic,electrical_drift_100rms,1.0,0.0,1.0,0.5,0.5,0.7314655780792236,0.268534392118454,0.9163570404052734,1.0,0.3694913387298584
222,301,dprf_full,clean_reextract,1.0,1.0,0.0,0.860323965549469,0.139676034450531,0.8492075800895691,0.15079237520694733,0.11286967992782593,0.89569491147995,0.9997139573097229
222,301,dprf_full,vibration_missing,0.0,1.0,1.0,0.361505925655365,0.6384941935539246,0.00020882784156128764,0.999791145324707,0.9986894130706787,0.00033233570866286755,0.999943733215332
222,301,dprf_full,electrical_missing,1.0,0.0,1.0,0.8124736547470093,0.1875263899564743,0.9994919300079346,0.0005080861737951636,0.9991912841796875,0.9997226595878601,0.001301696989685297
222,301,dprf_full,vibration_gain_075,0.75,1.0,0.25,0.8032636046409607,0.1967364102602005,0.7772644758224487,0.22273558378219604,0.2121448963880539,0.7978993654251099,0.9997908473014832
222,301,dprf_full,vibration_gain_050,0.5,1.0,0.5,0.7410957217216492,0.25890424847602844,0.678655207157135,0.321344792842865,0.4021702706813812,0.6144600510597229,0.9998990297317505
222,301,dprf_full,vibration_gain_025,0.25,1.0,0.75,0.6857317686080933,0.3142682909965515,0.5723923444747925,0.4276076555252075,0.5502098798751831,0.4893622398376465,0.9999327063560486
222,301,dprf_full,electrical_gain_075,1.0,0.75,0.25,0.901418924331665,0.09858103841543198,0.9298425316810608,0.07015746831893921,0.34961462020874023,0.991147518157959,0.6162422895431519
222,301,dprf_full,electrical_gain_050,1.0,0.5,0.5,0.9549500942230225,0.04504990950226784,0.9761800765991211,0.023819858208298683,0.458437442779541,0.9998902678489685,0.49961137771606445
222,301,dprf_full,electrical_gain_025,1.0,0.25,0.75,0.977911114692688,0.02208881452679634,0.9891233444213867,0.010876697488129139,0.5120165944099426,0.9999983310699463,0.4825761616230011
222,301,dprf_full,vibration_drift_025rms,0.75,1.0,0.25,0.8605812788009644,0.13941872119903564,0.849402666091919,0.1505972295999527,0.11448156088590622,0.8936301469802856,0.9997148513793945
222,301,dprf_full,vibration_drift_050rms,0.5,1.0,0.5,0.8615767359733582,0.1384233683347702,0.8501953482627869,0.14980466663837433,0.11905379593372345,0.8881130814552307,0.99973464012146
222,301,dprf_full,vibration_drift_100rms,0.0,1.0,1.0,0.8614715933799744,0.13852843642234802,0.8485638499259949,0.1514362245798111,0.13424880802631378,0.8731996417045593,0.9997245073318481
222,301,dprf_full,electrical_drift_025rms,1.0,0.75,0.25,0.8715577721595764,0.12844230234622955,0.8611724376678467,0.13882753252983093,0.13690996170043945,0.8945218324661255,0.9975614547729492
222,301,dprf_full,electrical_drift_050rms,1.0,0.5,0.5,0.9055113196372986,0.09448856860399246,0.944033682346344,0.05596631020307541,0.472516268491745,0.9943586587905884,0.4900611639022827
222,301,dprf_full,electrical_drift_100rms,1.0,0.0,1.0,0.9559142589569092,0.04408581182360649,0.9825305938720703,0.017469480633735657,0.9468446969985962,1.0,0.3317626118659973
222,302,gate_da,clean_reextract,1.0,1.0,0.0,0.6068128943443298,0.3931870758533478,,,,,
222,302,gate_da,vibration_missing,0.0,1.0,1.0,0.036151133477687836,0.9638489484786987,,,,,
222,302,gate_da,electrical_missing,1.0,0.0,1.0,0.9728006720542908,0.027199309319257736,,,,,
222,302,gate_da,vibration_gain_075,0.75,1.0,0.25,0.5387338399887085,0.4612661302089691,,,,,
222,302,gate_da,vibration_gain_050,0.5,1.0,0.5,0.5034475326538086,0.496552437543869,,,,,
222,302,gate_da,vibration_gain_025,0.25,1.0,0.75,0.5203577876091003,0.4796423017978668,,,,,
222,302,gate_da,electrical_gain_075,1.0,0.75,0.25,0.9999988675117493,1.1475143537609256e-06,,,,,
222,302,gate_da,electrical_gain_050,1.0,0.5,0.5,1.0,2.7022055925328414e-13,,,,,
222,302,gate_da,electrical_gain_025,1.0,0.25,0.75,1.0,2.2364963020327256e-19,,,,,
222,302,gate_da,vibration_drift_025rms,0.75,1.0,0.25,0.6065765619277954,0.39342349767684937,,,,,
222,302,gate_da,vibration_drift_050rms,0.5,1.0,0.5,0.6062176823616028,0.393782377243042,,,,,
222,302,gate_da,vibration_drift_100rms,0.0,1.0,1.0,0.5980138778686523,0.4019860625267029,,,,,
222,302,gate_da,electrical_drift_025rms,1.0,0.75,0.25,0.6152523756027222,0.3847476541996002,,,,,
222,302,gate_da,electrical_drift_050rms,1.0,0.5,0.5,0.6395928263664246,0.3604072034358978,,,,,
222,302,gate_da,electrical_drift_100rms,1.0,0.0,1.0,0.5034456849098206,0.49655428528785706,,,,,
222,302,rcarf_hard,clean_reextract,1.0,1.0,0.0,,,0.0006445316830649972,0.9993554353713989,0.242814302444458,,
222,302,rcarf_hard,vibration_missing,0.0,1.0,1.0,,,0.00021208272664807737,0.9997879266738892,0.9959230422973633,,
222,302,rcarf_hard,electrical_missing,1.0,0.0,1.0,,,0.9995067715644836,0.0004931986914016306,0.9966331124305725,,
222,302,rcarf_hard,vibration_gain_075,0.75,1.0,0.25,,,0.00040811148937791586,0.9995918869972229,0.47727543115615845,,
222,302,rcarf_hard,vibration_gain_050,0.5,1.0,0.5,,,0.00027128556394018233,0.9997287392616272,0.7835198044776917,,
222,302,rcarf_hard,vibration_gain_025,0.25,1.0,0.75,,,0.0003156242019031197,0.9996843934059143,0.8781611919403076,,
222,302,rcarf_hard,electrical_gain_075,1.0,0.75,0.25,,,0.999991774559021,8.248052836279385e-06,0.9767122268676758,,
222,302,rcarf_hard,electrical_gain_050,1.0,0.5,0.5,,,1.0,4.0747966348692704e-23,1.0,,
222,302,rcarf_hard,electrical_gain_025,1.0,0.25,0.75,,,1.0,2.632700973771425e-35,1.0,,
222,302,rcarf_hard,vibration_drift_025rms,0.75,1.0,0.25,,,0.0006450821529142559,0.999354898929596,0.24516719579696655,,
222,302,rcarf_hard,vibration_drift_050rms,0.5,1.0,0.5,,,0.0006572907441295683,0.9993427991867065,0.24992887675762177,,
222,302,rcarf_hard,vibration_drift_100rms,0.0,1.0,1.0,,,0.0006447342457249761,0.9993552565574646,0.2617793679237366,,
222,302,rcarf_hard,electrical_drift_025rms,1.0,0.75,0.25,,,0.009085576049983501,0.9909144639968872,0.2961469888687134,,
222,302,rcarf_hard,electrical_drift_050rms,1.0,0.5,0.5,,,0.9999557733535767,4.435120717971586e-05,0.9891876578330994,,
222,302,rcarf_hard,electrical_drift_100rms,1.0,0.0,1.0,,,1.0,9.187962885361364e-35,1.0,,
222,302,dprf_no_rel_loss,clean_reextract,1.0,1.0,0.0,0.6409149765968323,0.35908499360084534,0.8070523738861084,0.19294770061969757,0.12688831984996796,0.9550104737281799,0.3751009404659271
222,302,dprf_no_rel_loss,vibration_missing,0.0,1.0,1.0,0.17455589771270752,0.8254441022872925,0.028953280299901962,0.9710467457771301,0.9964788556098938,0.16340506076812744,0.9462246298789978
222,302,dprf_no_rel_loss,electrical_missing,1.0,0.0,1.0,0.8766013383865356,0.12339861690998077,0.952548086643219,0.047451868653297424,0.9991313815116882,0.9944909811019897,0.35968217253685
222,302,dprf_no_rel_loss,vibration_gain_075,0.75,1.0,0.25,0.5894889235496521,0.4105111062526703,0.6692656874656677,0.3307342827320099,0.2129712551832199,0.9455684423446655,0.5287176370620728
222,302,dprf_no_rel_loss,vibration_gain_050,0.5,1.0,0.5,0.5740837454795837,0.42591625452041626,0.5897963643074036,0.41020360589027405,0.4022495746612549,0.9694047570228577,0.7941168546676636
222,302,dprf_no_rel_loss,vibration_gain_025,0.25,1.0,0.75,0.6012011766433716,0.39879879355430603,0.6023846864700317,0.3976152837276459,0.5505446195602417,0.9947875142097473,0.9603855013847351
222,302,dprf_no_rel_loss,electrical_gain_075,1.0,0.75,0.25,0.879123866558075,0.12087610363960266,0.933310329914093,0.06668974459171295,0.3750722110271454,0.9990299940109253,0.33724847435951233
222,302,dprf_no_rel_loss,electrical_gain_050,1.0,0.5,0.5,0.9496013522148132,0.05039867386221886,0.9660511016845703,0.033948883414268494,0.5633912086486816,0.9999153017997742,0.3305920362472534
222,302,dprf_no_rel_loss,electrical_gain_025,1.0,0.25,0.75,0.9775472283363342,0.022452764213085175,0.9852920770645142,0.014708070084452629,0.6550314426422119,0.999992311000824,0.31216976046562195
222,302,dprf_no_rel_loss,vibration_drift_025rms,0.75,1.0,0.25,0.6412531137466431,0.35874685645103455,0.8067617416381836,0.19323822855949402,0.12756672501564026,0.9542520046234131,0.3761029541492462
222,302,dprf_no_rel_loss,vibration_drift_050rms,0.5,1.0,0.5,0.6449443101882935,0.35505568981170654,0.8071704506874084,0.19282954931259155,0.12974070012569427,0.9527412056922913,0.3782014846801758
222,302,dprf_no_rel_loss,vibration_drift_100rms,0.0,1.0,1.0,0.6560064554214478,0.34399351477622986,0.8052127957344055,0.19478720426559448,0.1361996829509735,0.9481168985366821,0.39159002900123596
222,302,dprf_no_rel_loss,electrical_drift_025rms,1.0,0.75,0.25,0.6699991822242737,0.33000078797340393,0.8260291218757629,0.17397084832191467,0.14718447625637054,0.9521883726119995,0.37695419788360596
222,302,dprf_no_rel_loss,electrical_drift_050rms,1.0,0.5,0.5,0.7002261877059937,0.29977378249168396,0.7959669232368469,0.20403309166431427,0.45406314730644226,0.9221267104148865,0.4092855453491211
222,302,dprf_no_rel_loss,electrical_drift_100rms,1.0,0.0,1.0,0.6602444648742676,0.33975547552108765,0.6667428016662598,0.33325719833374023,0.9817370176315308,0.8147503733634949,0.6412108540534973
222,302,dprf_no_switch_loss,clean_reextract,1.0,1.0,0.0,0.6604495048522949,0.33955052495002747,0.6335275173187256,0.3664724826812744,0.9999707341194153,0.8820446133613586,0.9996564388275146
222,302,dprf_no_switch_loss,vibration_missing,0.0,1.0,1.0,0.5391701459884644,0.4608299136161804,0.0017179792048409581,0.9982820153236389,0.994317889213562,0.0012907810742035508,0.9999512434005737
222,302,dprf_no_switch_loss,electrical_missing,1.0,0.0,1.0,0.6110842823982239,0.38891565799713135,0.9988529682159424,0.001147065544500947,0.9994186758995056,0.9997156858444214,0.0014565138844773173
222,302,dprf_no_switch_loss,vibration_gain_075,0.75,1.0,0.25,0.6538856625556946,0.3461143374443054,0.601542055606842,0.39845791459083557,0.9999790191650391,0.7903345227241516,0.9996913075447083
222,302,dprf_no_switch_loss,vibration_gain_050,0.5,1.0,0.5,0.657715380191803,0.342284619808197,0.5356553792953491,0.46434465050697327,0.9999880790710449,0.5842080116271973,0.9998087882995605
222,302,dprf_no_switch_loss,vibration_gain_025,0.25,1.0,0.75,0.6684011816978455,0.33159884810447693,0.4480173587799072,0.5519826412200928,0.999994695186615,0.3903437554836273,0.9998223185539246
222,302,dprf_no_switch_loss,electrical_gain_075,1.0,0.75,0.25,0.9997814297676086,0.0002184979966841638,0.9998757839202881,0.00012427361798472703,1.0,0.9926481246948242,0.5605241656303406
222,302,dprf_no_switch_loss,electrical_gain_050,1.0,0.5,0.5,1.0,1.9123465477832724e-08,1.0,9.867656025619453e-09,1.0,0.9999577403068542,0.49741387367248535
222,302,dprf_no_switch_loss,electrical_gain_025,1.0,0.25,0.75,1.0,1.902263069286647e-12,1.0,8.918591234453876e-13,1.0,0.9999999403953552,0.456760048866272
222,302,dprf_no_switch_loss,vibration_drift_025rms,0.75,1.0,0.25,0.6597129106521606,0.34028708934783936,0.6325714588165283,0.3674285113811493,0.9999706149101257,0.8810380101203918,0.9996532797813416
222,302,dprf_no_switch_loss,vibration_drift_050rms,0.5,1.0,0.5,0.6576433181762695,0.34235668182373047,0.6295914053916931,0.3704085946083069,0.9999699592590332,0.8770438432693481,0.9996389746665955
222,302,dprf_no_switch_loss,vibration_drift_100rms,0.0,1.0,1.0,0.6454773545265198,0.35452261567115784,0.613490879535675,0.38650909066200256,0.9999668598175049,0.8602395057678223,0.9995183944702148
222,302,dprf_no_switch_loss,electrical_drift_025rms,1.0,0.75,0.25,0.6576390266418457,0.3423609733581543,0.6313000321388245,0.3686999976634979,0.9999560713768005,0.8844060301780701,0.9981794953346252
222,302,dprf_no_switch_loss,electrical_drift_050rms,1.0,0.5,0.5,0.6429190039634705,0.35708096623420715,0.7727682590484619,0.2272317111492157,0.999908447265625,0.9952694773674011,0.48817065358161926
222,302,dprf_no_switch_loss,electrical_drift_100rms,1.0,0.0,1.0,0.6550626158714294,0.3449374735355377,0.8898261189460754,0.1101737916469574,0.999991774559021,0.9999999403953552,0.18473683297634125
222,302,dprf_no_semantic,clean_reextract,1.0,1.0,0.0,0.5,0.5,0.4709533452987671,0.5290466547012329,0.12255427986383438,0.8907792568206787,0.9991469979286194
222,302,dprf_no_semantic,vibration_missing,0.0,1.0,1.0,0.5,0.5,0.0022560670040547848,0.9977439045906067,0.9983751773834229,0.0022698193788528442,0.9999142289161682
222,302,dprf_no_semantic,electrical_missing,1.0,0.0,1.0,0.5,0.5,0.9986372590065002,0.0013627194566652179,0.9995437860488892,0.9996603727340698,0.0013670057523995638
222,302,dprf_no_semantic,vibration_gain_075,0.75,1.0,0.25,0.5,0.5,0.4449147582054138,0.5550851821899414,0.21618632972240448,0.8047667741775513,0.9993736147880554
222,302,dprf_no_semantic,vibration_gain_050,0.5,1.0,0.5,0.5,0.5,0.37752872705459595,0.622471272945404,0.4144497811794281,0.6165437698364258,0.9995858669281006
222,302,dprf_no_semantic,vibration_gain_025,0.25,1.0,0.75,0.5,0.5,0.2816080152988434,0.7183919548988342,0.5628263354301453,0.4080667197704315,0.9996001720428467
222,302,dprf_no_semantic,electrical_gain_075,1.0,0.75,0.25,0.5,0.5,0.6378774046897888,0.36212262511253357,0.40651050209999084,0.979525625705719,0.5582721829414368
222,302,dprf_no_semantic,electrical_gain_050,1.0,0.5,0.5,0.5,0.5,0.6743466854095459,0.3256533145904541,0.4977717399597168,0.9992809891700745,0.4827411472797394
222,302,dprf_no_semantic,electrical_gain_025,1.0,0.25,0.75,0.5,0.5,0.6995357275009155,0.30046433210372925,0.5015109181404114,0.9999758005142212,0.4297295808792114
222,302,dprf_no_semantic,vibration_drift_025rms,0.75,1.0,0.25,0.5,0.5,0.47067949175834656,0.5293205380439758,0.12345604598522186,0.8897524476051331,0.9991000294685364
222,302,dprf_no_semantic,vibration_drift_050rms,0.5,1.0,0.5,0.5,0.5,0.46992072463035583,0.5300792455673218,0.1263725310564041,0.8870439529418945,0.999091386795044
222,302,dprf_no_semantic,vibration_drift_100rms,0.0,1.0,1.0,0.5,0.5,0.4676797389984131,0.5323202610015869,0.13783404231071472,0.8790090680122375,0.9989380240440369
222,302,dprf_no_semantic,electrical_drift_025rms,1.0,0.75,0.25,0.5,0.5,0.47292906045913696,0.527070939540863,0.14736784994602203,0.8946765661239624,0.9957554936408997
222,302,dprf_no_semantic,electrical_drift_050rms,1.0,0.5,0.5,0.5,0.5,0.6748102903366089,0.32518965005874634,0.5036118030548096,0.9934029579162598,0.4794599115848541
222,302,dprf_no_semantic,electrical_drift_100rms,1.0,0.0,1.0,0.5,0.5,0.8457265496253967,0.15427342057228088,0.845640242099762,0.9999986886978149,0.18627330660820007
222,302,dprf_full,clean_reextract,1.0,1.0,0.0,0.7896491289138794,0.210350900888443,0.776210606098175,0.2237895280122757,0.12616540491580963,0.8951647281646729,0.9998037815093994
222,302,dprf_full,vibration_missing,0.0,1.0,1.0,0.5430378913879395,0.45696210861206055,0.0024723170790821314,0.9975275993347168,0.9971113801002502,0.0017009833827614784,0.999947726726532
222,302,dprf_full,electrical_missing,1.0,0.0,1.0,0.6356387138366699,0.36436131596565247,0.9949074387550354,0.0050926473923027515,0.9989454746246338,0.9996680617332458,0.002752755070105195
222,302,dprf_full,vibration_gain_075,0.75,1.0,0.25,0.7174750566482544,0.2825249433517456,0.683979868888855,0.316020131111145,0.2337750941514969,0.804632306098938,0.999845564365387
222,302,dprf_full,vibration_gain_050,0.5,1.0,0.5,0.6150074005126953,0.3849926292896271,0.5456902980804443,0.45430970191955566,0.42658230662345886,0.613213300704956,0.999879002571106
222,302,dprf_full,vibration_gain_025,0.25,1.0,0.75,0.5674775242805481,0.4325224757194519,0.4608498811721802,0.5391501188278198,0.5812522768974304,0.4679510295391083,0.9998382329940796
222,302,dprf_full,electrical_gain_075,1.0,0.75,0.25,0.9213435053825378,0.07865656167268753,0.9435489773750305,0.056451089680194855,0.3924179971218109,0.9925450682640076,0.6476595997810364
222,302,dprf_full,electrical_gain_050,1.0,0.5,0.5,0.9922366738319397,0.007763313595205545,0.996146023273468,0.003853980451822281,0.5009545087814331,0.9999171495437622,0.4956049919128418
222,302,dprf_full,electrical_gain_025,1.0,0.25,0.75,0.9993176460266113,0.000682335754390806,0.9996913075447083,0.00030877572135068476,0.5415565967559814,0.9999989867210388,0.4551641345024109
222,302,dprf_full,vibration_drift_025rms,0.75,1.0,0.25,0.7881243824958801,0.21187560260295868,0.7744856476783752,0.22551432251930237,0.12780125439167023,0.8936122059822083,0.9998034238815308
222,302,dprf_full,vibration_drift_050rms,0.5,1.0,0.5,0.7831137180328369,0.2168862372636795,0.7687247395515442,0.231275275349617,0.13197000324726105,0.8893085718154907,0.999786376953125
222,302,dprf_full,vibration_drift_100rms,0.0,1.0,1.0,0.7504563927650452,0.24954362213611603,0.7338896989822388,0.26611027121543884,0.14590704441070557,0.8755417466163635,0.9995535016059875
222,302,dprf_full,electrical_drift_025rms,1.0,0.75,0.25,0.7999719381332397,0.20002804696559906,0.7866240739822388,0.21337586641311646,0.14968284964561462,0.8942376971244812,0.99895179271698
222,302,dprf_full,electrical_drift_050rms,1.0,0.5,0.5,0.8154071569442749,0.1845928579568863,0.8777749538421631,0.12222511321306229,0.5128435492515564,0.9951155781745911,0.4841192960739136
222,302,dprf_full,electrical_drift_100rms,1.0,0.0,1.0,0.9622339010238647,0.03776601329445839,0.9893244504928589,0.010675569996237755,0.965671718120575,1.0,0.23679226636886597
222,303,gate_da,clean_reextract,1.0,1.0,0.0,0.6577166318893433,0.3422834575176239,,,,,
222,303,gate_da,vibration_missing,0.0,1.0,1.0,0.04533325508236885,0.9546666741371155,,,,,
222,303,gate_da,electrical_missing,1.0,0.0,1.0,0.9681951403617859,0.03180479258298874,,,,,
222,303,gate_da,vibration_gain_075,0.75,1.0,0.25,0.5991001129150391,0.40089985728263855,,,,,
222,303,gate_da,vibration_gain_050,0.5,1.0,0.5,0.5840039253234863,0.4159960448741913,,,,,
222,303,gate_da,vibration_gain_025,0.25,1.0,0.75,0.6123276352882385,0.38767242431640625,,,,,
222,303,gate_da,electrical_gain_075,1.0,0.75,0.25,0.999997079372406,3.0178678116499214e-06,,,,,
222,303,gate_da,electrical_gain_050,1.0,0.5,0.5,1.0,1.4686397985328586e-13,,,,,
222,303,gate_da,electrical_gain_025,1.0,0.25,0.75,1.0,1.3442219713328018e-20,,,,,
222,303,gate_da,vibration_drift_025rms,0.75,1.0,0.25,0.6568363904953003,0.3431636095046997,,,,,
222,303,gate_da,vibration_drift_050rms,0.5,1.0,0.5,0.6540070176124573,0.34599292278289795,,,,,
222,303,gate_da,vibration_drift_100rms,0.0,1.0,1.0,0.6403500437736511,0.3596499264240265,,,,,
222,303,gate_da,electrical_drift_025rms,1.0,0.75,0.25,0.6784076690673828,0.3215922713279724,,,,,
222,303,gate_da,electrical_drift_050rms,1.0,0.5,0.5,0.8067467212677002,0.1932532787322998,,,,,
222,303,gate_da,electrical_drift_100rms,1.0,0.0,1.0,0.8963672518730164,0.10363283008337021,,,,,
222,303,rcarf_hard,clean_reextract,1.0,1.0,0.0,,,0.002226636279374361,0.9977733492851257,0.26008129119873047,,
222,303,rcarf_hard,vibration_missing,0.0,1.0,1.0,,,0.0006917871069163084,0.9993082880973816,0.9985408782958984,,
222,303,rcarf_hard,electrical_missing,1.0,0.0,1.0,,,0.999782383441925,0.00021757172362413257,0.9983631372451782,,
222,303,rcarf_hard,vibration_gain_075,0.75,1.0,0.25,,,0.0005640442832373083,0.9994359612464905,0.47976425290107727,,
222,303,rcarf_hard,vibration_gain_050,0.5,1.0,0.5,,,0.00015316503413487226,0.999846875667572,0.7902557849884033,,
222,303,rcarf_hard,vibration_gain_025,0.25,1.0,0.75,,,8.733633876545355e-05,0.9999127388000488,0.9050111770629883,,
222,303,rcarf_hard,electrical_gain_075,1.0,0.75,0.25,,,0.999992311000824,7.707067197770812e-06,0.9988970756530762,,
222,303,rcarf_hard,electrical_gain_050,1.0,0.5,0.5,,,1.0,2.094539184221555e-18,0.9999999403953552,,
222,303,rcarf_hard,electrical_gain_025,1.0,0.25,0.75,,,1.0,2.3895887011651255e-29,1.0,,
222,303,rcarf_hard,vibration_drift_025rms,0.75,1.0,0.25,,,0.0017111729830503464,0.9982888698577881,0.26470455527305603,,
222,303,rcarf_hard,vibration_drift_050rms,0.5,1.0,0.5,,,0.0014422391541302204,0.9985578060150146,0.27056336402893066,,
222,303,rcarf_hard,vibration_drift_100rms,0.0,1.0,1.0,,,0.0012590016704052687,0.9987409114837646,0.28699180483818054,,
222,303,rcarf_hard,electrical_drift_025rms,1.0,0.75,0.25,,,0.028751617297530174,0.9712483286857605,0.3272061347961426,,
222,303,rcarf_hard,electrical_drift_050rms,1.0,0.5,0.5,,,0.999991238117218,8.81223149917787e-06,0.9986777901649475,,
222,303,rcarf_hard,electrical_drift_100rms,1.0,0.0,1.0,,,1.0,4.350240529342317e-30,1.0,,
222,303,dprf_no_rel_loss,clean_reextract,1.0,1.0,0.0,0.823670506477356,0.17632952332496643,0.8256462812423706,0.17435364425182343,0.13147622346878052,0.9733870625495911,0.8251137137413025
222,303,dprf_no_rel_loss,vibration_missing,0.0,1.0,1.0,0.33966901898384094,0.6603310108184814,0.11339177191257477,0.8866082429885864,0.9969331622123718,0.3639869689941406,0.9570881724357605
222,303,dprf_no_rel_loss,electrical_missing,1.0,0.0,1.0,0.9232696890830994,0.07673024386167526,0.9277004599571228,0.07229942828416824,0.9988099932670593,0.9994624257087708,0.6747897267341614
222,303,dprf_no_rel_loss,vibration_gain_075,0.75,1.0,0.25,0.7673096060752869,0.23269036412239075,0.7652114629745483,0.23478852212429047,0.2307576686143875,0.9615870714187622,0.888890266418457
222,303,dprf_no_rel_loss,vibration_gain_050,0.5,1.0,0.5,0.7763787508010864,0.2236211746931076,0.7749284505844116,0.2250714898109436,0.4048536419868469,0.9666879177093506,0.940802812576294
222,303,dprf_no_rel_loss,vibration_gain_025,0.25,1.0,0.75,0.802180826663971,0.19781921803951263,0.8019932508468628,0.1980067491531372,0.542984664440155,0.984246551990509,0.9765178561210632
222,303,dprf_no_rel_loss,electrical_gain_075,1.0,0.75,0.25,0.8661315441131592,0.1338685005903244,0.873930811882019,0.12606918811798096,0.3635044991970062,0.9993433952331543,0.6492925882339478
222,303,dprf_no_rel_loss,electrical_gain_050,1.0,0.5,0.5,0.8917744755744934,0.1082255020737648,0.9023198485374451,0.09768006205558777,0.5056930184364319,0.99989914894104,0.592686653137207
222,303,dprf_no_rel_loss,electrical_gain_025,1.0,0.25,0.75,0.9214086532592773,0.07859127968549728,0.9316585063934326,0.06834151595830917,0.5188690423965454,0.9999918341636658,0.5634253025054932
222,303,dprf_no_rel_loss,vibration_drift_025rms,0.75,1.0,0.25,0.8231635093688965,0.1768365204334259,0.8250601291656494,0.1749398559331894,0.1321650743484497,0.973022997379303,0.8278427720069885
222,303,dprf_no_rel_loss,vibration_drift_050rms,0.5,1.0,0.5,0.8214880228042603,0.1785118728876114,0.8231557011604309,0.17684431374073029,0.13429932296276093,0.9719530344009399,0.8303727507591248
222,303,dprf_no_rel_loss,vibration_drift_100rms,0.0,1.0,1.0,0.8153946399688721,0.1846054196357727,0.8164193630218506,0.18358071148395538,0.14199061691761017,0.9698783755302429,0.8356258273124695
222,303,dprf_no_rel_loss,electrical_drift_025rms,1.0,0.75,0.25,0.8368608355522156,0.16313929855823517,0.8382538557052612,0.16174618899822235,0.15044906735420227,0.9684059619903564,0.8345302939414978
222,303,dprf_no_rel_loss,electrical_drift_050rms,1.0,0.5,0.5,0.8103210926055908,0.18967890739440918,0.8117501139640808,0.18824996054172516,0.46598076820373535,0.9868628978729248,0.8638378381729126
222,303,dprf_no_rel_loss,electrical_drift_100rms,1.0,0.0,1.0,0.6862345933914185,0.31376540660858154,0.6862539649009705,0.3137460947036743,0.9412096738815308,0.9975035786628723,0.97393399477005
222,303,dprf_no_switch_loss,clean_reextract,1.0,1.0,0.0,0.5615061521530151,0.4384938180446625,0.5350938439369202,0.4649061858654022,0.9999982118606567,0.8869720697402954,0.9990154504776001
222,303,dprf_no_switch_loss,vibration_missing,0.0,1.0,1.0,0.43203020095825195,0.567969799041748,0.0009159418405033648,0.9990841150283813,0.9993577599525452,0.0010169357992708683,0.9999027252197266
222,303,dprf_no_switch_loss,electrical_missing,1.0,0.0,1.0,0.5035718679428101,0.49642813205718994,0.9978857040405273,0.0021142689511179924,0.9999779462814331,0.9996025562286377,0.0018762339605018497
222,303,dprf_no_switch_loss,vibration_gain_075,0.75,1.0,0.25,0.5659619569778442,0.4340380132198334,0.5120066404342651,0.48799338936805725,0.9999990463256836,0.7883362174034119,0.9994164109230042
222,303,dprf_no_switch_loss,vibration_gain_050,0.5,1.0,0.5,0.5722706317901611,0.42772936820983887,0.4355500340461731,0.5644499659538269,0.9999996423721313,0.5522306561470032,0.9996080994606018
222,303,dprf_no_switch_loss,vibration_gain_025,0.25,1.0,0.75,0.572510302066803,0.4274897277355194,0.34644249081611633,0.653557538986206,0.9999999403953552,0.3709195554256439,0.9996664524078369
222,303,dprf_no_switch_loss,electrical_gain_075,1.0,0.75,0.25,0.5300332903862,0.4699667692184448,0.6534351110458374,0.3465648591518402,0.9999992251396179,0.9865391850471497,0.569378674030304
222,303,dprf_no_switch_loss,electrical_gain_050,1.0,0.5,0.5,0.5242795348167419,0.47572049498558044,0.6724966168403625,0.3275033235549927,1.0,0.9995354413986206,0.5096754431724548
222,303,dprf_no_switch_loss,electrical_gain_025,1.0,0.25,0.75,0.5208064913749695,0.47919344902038574,0.6713606715202332,0.32863932847976685,1.0,0.9999809861183167,0.5017000436782837
222,303,dprf_no_switch_loss,vibration_drift_025rms,0.75,1.0,0.25,0.5614051222801208,0.43859484791755676,0.5346041321754456,0.46539586782455444,0.9999982118606567,0.8852667808532715,0.9990589022636414
222,303,dprf_no_switch_loss,vibration_drift_050rms,0.5,1.0,0.5,0.5615907907485962,0.4384092092514038,0.5337039828300476,0.46629607677459717,0.9999982118606567,0.8805763721466064,0.9990749359130859
222,303,dprf_no_switch_loss,vibration_drift_100rms,0.0,1.0,1.0,0.562419056892395,0.4375809133052826,0.5310543775558472,0.46894562244415283,0.9999982118606567,0.8654592633247375,0.9989868402481079
222,303,dprf_no_switch_loss,electrical_drift_025rms,1.0,0.75,0.25,0.554982602596283,0.44501742720603943,0.5304495096206665,0.4695504307746887,0.9999979138374329,0.8913965821266174,0.995057225227356
222,303,dprf_no_switch_loss,electrical_drift_050rms,1.0,0.5,0.5,0.4981444776058197,0.5018554925918579,0.6418173313140869,0.3581826686859131,0.9999991655349731,0.9948919415473938,0.49673721194267273
222,303,dprf_no_switch_loss,electrical_drift_100rms,1.0,0.0,1.0,0.35501357913017273,0.6449864506721497,0.5961472988128662,0.403852641582489,1.0,1.0,0.2878221869468689
222,303,dprf_no_semantic,clean_reextract,1.0,1.0,0.0,0.5,0.5,0.47042715549468994,0.5295727849006653,0.11527232825756073,0.8884626626968384,0.9990642666816711
222,303,dprf_no_semantic,vibration_missing,0.0,1.0,1.0,0.5,0.5,0.0012874016538262367,0.9987126588821411,0.9981089234352112,0.0012949982192367315,0.9998841881752014
222,303,dprf_no_semantic,electrical_missing,1.0,0.0,1.0,0.5,0.5,0.9986827373504639,0.0013172116596251726,0.9990615248680115,0.9994674921035767,0.0013199193635955453
222,303,dprf_no_semantic,vibration_gain_075,0.75,1.0,0.25,0.5,0.5,0.43688303232192993,0.5631169676780701,0.2204742431640625,0.7779428362846375,0.9991814494132996
222,303,dprf_no_semantic,vibration_gain_050,0.5,1.0,0.5,0.5,0.5,0.35073402523994446,0.6492659449577332,0.4484005868434906,0.5458314418792725,0.9994422197341919
222,303,dprf_no_semantic,vibration_gain_025,0.25,1.0,0.75,0.5,0.5,0.2692473530769348,0.7307526469230652,0.6543328166007996,0.37569424510002136,0.9995467066764832
222,303,dprf_no_semantic,electrical_gain_075,1.0,0.75,0.25,0.5,0.5,0.6450424790382385,0.3549574911594391,0.39380162954330444,0.9906065464019775,0.5471071004867554
222,303,dprf_no_semantic,electrical_gain_050,1.0,0.5,0.5,0.5,0.5,0.6653755903244019,0.334624320268631,0.5084882378578186,0.9999433755874634,0.5030633807182312
222,303,dprf_no_semantic,electrical_gain_025,1.0,0.25,0.75,0.5,0.5,0.6767133474349976,0.32328665256500244,0.5115712285041809,0.9999995231628418,0.4779951572418213
222,303,dprf_no_semantic,vibration_drift_025rms,0.75,1.0,0.25,0.5,0.5,0.4700464904308319,0.5299534797668457,0.11615657806396484,0.8870958089828491,0.9990647435188293
222,303,dprf_no_semantic,vibration_drift_050rms,0.5,1.0,0.5,0.5,0.5,0.4690629541873932,0.530937135219574,0.11887811124324799,0.8836069107055664,0.999055027961731
222,303,dprf_no_semantic,vibration_drift_100rms,0.0,1.0,1.0,0.5,0.5,0.46626725792884827,0.5337327718734741,0.12951865792274475,0.8736372590065002,0.9989140629768372
222,303,dprf_no_semantic,electrical_drift_025rms,1.0,0.75,0.25,0.5,0.5,0.47048962116241455,0.5295103788375854,0.14051145315170288,0.8862773776054382,0.9961333870887756
222,303,dprf_no_semantic,electrical_drift_050rms,1.0,0.5,0.5,0.5,0.5,0.6690384745597839,0.33096155524253845,0.5158268809318542,0.9945786595344543,0.49245694279670715
222,303,dprf_no_semantic,electrical_drift_100rms,1.0,0.0,1.0,0.5,0.5,0.7466083765029907,0.25339165329933167,0.9523699879646301,1.0,0.3434332609176636
222,303,dprf_full,clean_reextract,1.0,1.0,0.0,0.7239439487457275,0.2760561406612396,0.7109556794166565,0.28904426097869873,0.12829042971134186,0.8909562826156616,0.9987584948539734
222,303,dprf_full,vibration_missing,0.0,1.0,1.0,0.7215281128883362,0.2784719169139862,0.018338793888688087,0.9816611409187317,0.9984236359596252,0.005384153686463833,0.9998560547828674
222,303,dprf_full,electrical_missing,1.0,0.0,1.0,0.77373206615448,0.2262679636478424,0.9998341798782349,0.00016595069610048085,0.9986786246299744,0.9998096227645874,0.0004239327390678227
222,303,dprf_full,vibration_gain_075,0.75,1.0,0.25,0.6822805404663086,0.31771939992904663,0.6535012722015381,0.3464987874031067,0.23470944166183472,0.7858279347419739,0.999291718006134
222,303,dprf_full,vibration_gain_050,0.5,1.0,0.5,0.6570294499397278,0.3429706394672394,0.5901890397071838,0.40981096029281616,0.4480406939983368,0.5681203603744507,0.9996343851089478
222,303,dprf_full,vibration_gain_025,0.25,1.0,0.75,0.6397343277931213,0.36026567220687866,0.5198616981506348,0.48013827204704285,0.5847246050834656,0.4189130961894989,0.9997866749763489
222,303,dprf_full,electrical_gain_075,1.0,0.75,0.25,0.8503108024597168,0.14968916773796082,0.8958932757377625,0.10410670936107635,0.3916745185852051,0.9873247146606445,0.5785148739814758
222,303,dprf_full,electrical_gain_050,1.0,0.5,0.5,0.9412556886672974,0.0587443970143795,0.9691048860549927,0.030895117670297623,0.5110601782798767,0.9998552203178406,0.4993329346179962
222,303,dprf_full,electrical_gain_025,1.0,0.25,0.75,0.9776611328125,0.02233893983066082,0.9891831874847412,0.010816755704581738,0.5099897980690002,0.999997615814209,0.47680890560150146
222,303,dprf_full,vibration_drift_025rms,0.75,1.0,0.25,0.7244879007339478,0.27551212906837463,0.7113717794418335,0.2886282205581665,0.1310882717370987,0.8890689015388489,0.998780369758606
222,303,dprf_full,vibration_drift_050rms,0.5,1.0,0.5,0.7267768383026123,0.27322325110435486,0.7131642699241638,0.2868357300758362,0.13694116473197937,0.883815348148346,0.998786985874176
222,303,dprf_full,vibration_drift_100rms,0.0,1.0,1.0,0.7355374693870544,0.26446253061294556,0.7205172181129456,0.27948278188705444,0.14848658442497253,0.8730093240737915,0.9987345933914185
222,303,dprf_full,electrical_drift_025rms,1.0,0.75,0.25,0.7252299785614014,0.274770051240921,0.7132887244224548,0.28671133518218994,0.15726660192012787,0.8918908834457397,0.9947556257247925
222,303,dprf_full,electrical_drift_050rms,1.0,0.5,0.5,0.707943856716156,0.29205623269081116,0.7601562142372131,0.23984381556510925,0.5005380511283875,0.9944558143615723,0.48532235622406006
222,303,dprf_full,electrical_drift_100rms,1.0,0.0,1.0,0.6919546127319336,0.308045357465744,0.7664644718170166,0.23353557288646698,0.922113299369812,1.0,0.27763742208480835
222,304,gate_da,clean_reextract,1.0,1.0,0.0,0.5900189280509949,0.4099810719490051,,,,,
222,304,gate_da,vibration_missing,0.0,1.0,1.0,0.1404467672109604,0.8595531582832336,,,,,
222,304,gate_da,electrical_missing,1.0,0.0,1.0,0.8927102088928223,0.10728982836008072,,,,,
222,304,gate_da,vibration_gain_075,0.75,1.0,0.25,0.531534731388092,0.46846523880958557,,,,,
222,304,gate_da,vibration_gain_050,0.5,1.0,0.5,0.49542778730392456,0.5045722126960754,,,,,
222,304,gate_da,vibration_gain_025,0.25,1.0,0.75,0.4909283518791199,0.5090716481208801,,,,,
222,304,gate_da,electrical_gain_075,1.0,0.75,0.25,0.9999992847442627,7.604064080624084e-07,,,,,
222,304,gate_da,electrical_gain_050,1.0,0.5,0.5,1.0,3.538670984265768e-16,,,,,
222,304,gate_da,electrical_gain_025,1.0,0.25,0.75,1.0,5.199889069443293e-24,,,,,
222,304,gate_da,vibration_drift_025rms,0.75,1.0,0.25,0.5897976756095886,0.4102022051811218,,,,,
222,304,gate_da,vibration_drift_050rms,0.5,1.0,0.5,0.5887240171432495,0.4112760126590729,,,,,
222,304,gate_da,vibration_drift_100rms,0.0,1.0,1.0,0.5828984379768372,0.41710153222084045,,,,,
222,304,gate_da,electrical_drift_025rms,1.0,0.75,0.25,0.5945064425468445,0.4054936170578003,,,,,
222,304,gate_da,electrical_drift_050rms,1.0,0.5,0.5,0.632977306842804,0.36702269315719604,,,,,
222,304,gate_da,electrical_drift_100rms,1.0,0.0,1.0,0.6954516768455505,0.3045482933521271,,,,,
222,304,rcarf_hard,clean_reextract,1.0,1.0,0.0,,,0.001599835348315537,0.9984002113342285,0.23256948590278625,,
222,304,rcarf_hard,vibration_missing,0.0,1.0,1.0,,,0.0005117274704389274,0.9994882345199585,0.9979172348976135,,
222,304,rcarf_hard,electrical_missing,1.0,0.0,1.0,,,0.9995090961456299,0.000490974576678127,0.9942011833190918,,
222,304,rcarf_hard,vibration_gain_075,0.75,1.0,0.25,,,0.0006381950806826353,0.9993618130683899,0.4602177143096924,,
222,304,rcarf_hard,vibration_gain_050,0.5,1.0,0.5,,,0.0006567745585925877,0.9993433356285095,0.8197056651115417,,
222,304,rcarf_hard,vibration_gain_025,0.25,1.0,0.75,,,0.0016743310261517763,0.9983257055282593,0.9316025376319885,,
222,304,rcarf_hard,electrical_gain_075,1.0,0.75,0.25,,,1.0,1.4423853778033902e-10,0.9982854127883911,,
222,304,rcarf_hard,electrical_gain_050,1.0,0.5,0.5,,,1.0,1.9601193812518944e-34,1.0,,
222,304,rcarf_hard,electrical_gain_025,1.0,0.25,0.75,,,1.0,0.0,1.0,,
222,304,rcarf_hard,vibration_drift_025rms,0.75,1.0,0.25,,,0.001559751108288765,0.9984402656555176,0.23435235023498535,,
222,304,rcarf_hard,vibration_drift_050rms,0.5,1.0,0.5,,,0.0014466580469161272,0.9985533356666565,0.24105127155780792,,
222,304,rcarf_hard,vibration_drift_100rms,0.0,1.0,1.0,,,0.0011145791504532099,0.9988855123519897,0.27584800124168396,,
222,304,rcarf_hard,electrical_drift_025rms,1.0,0.75,0.25,,,0.02224394679069519,0.9777560830116272,0.2827855944633484,,
222,304,rcarf_hard,electrical_drift_050rms,1.0,0.5,0.5,,,0.9990459680557251,0.0009540679166093469,0.9896895289421082,,
222,304,rcarf_hard,electrical_drift_100rms,1.0,0.0,1.0,,,1.0,2.589768453289415e-35,1.0,,
222,304,dprf_no_rel_loss,clean_reextract,1.0,1.0,0.0,0.8407416939735413,0.15925832092761993,0.9027356505393982,0.09726443141698837,0.14003810286521912,0.9328808784484863,0.2346569448709488
222,304,dprf_no_rel_loss,vibration_missing,0.0,1.0,1.0,0.0030065742321312428,0.9969934225082397,0.000542151858098805,0.999457836151123,0.9986383318901062,0.09158845245838165,0.8515771627426147
222,304,dprf_no_rel_loss,electrical_missing,1.0,0.0,1.0,0.9010786414146423,0.09892137348651886,0.9968314170837402,0.0031686474103480577,0.9993562698364258,0.976133406162262,0.11858689039945602
222,304,dprf_no_rel_loss,vibration_gain_075,0.75,1.0,0.25,0.7647872567176819,0.2352127730846405,0.8324444890022278,0.1675555258989334,0.24359165132045746,0.894398033618927,0.29844191670417786
222,304,dprf_no_rel_loss,vibration_gain_050,0.5,1.0,0.5,0.7353739142417908,0.2646261155605316,0.8031948208808899,0.1968052089214325,0.4475851356983185,0.8703656196594238,0.31265580654144287
222,304,dprf_no_rel_loss,vibration_gain_025,0.25,1.0,0.75,0.7343769073486328,0.2656230926513672,0.7949163317680359,0.20508360862731934,0.5952328443527222,0.8940566778182983,0.3102453947067261
222,304,dprf_no_rel_loss,electrical_gain_075,1.0,0.75,0.25,0.9031708240509033,0.09682924300432205,0.9623075723648071,0.03769248351454735,0.39603328704833984,0.9817919731140137,0.2544715702533722
222,304,dprf_no_rel_loss,electrical_gain_050,1.0,0.5,0.5,0.9089342951774597,0.0910656750202179,0.9469164609909058,0.05308358371257782,0.49495893716812134,0.9933085441589355,0.34551307559013367
222,304,dprf_no_rel_loss,electrical_gain_025,1.0,0.25,0.75,0.8953817486763,0.10461825877428055,0.9095109105110168,0.09048912674188614,0.49510520696640015,0.9966478943824768,0.46930810809135437
222,304,dprf_no_rel_loss,vibration_drift_025rms,0.75,1.0,0.25,0.8399057984352112,0.1600942462682724,0.9028017520904541,0.0971982479095459,0.1414278745651245,0.9322964549064636,0.23478437960147858
222,304,dprf_no_rel_loss,vibration_drift_050rms,0.5,1.0,0.5,0.8376779556274414,0.16232211887836456,0.9035668969154358,0.09643305838108063,0.14493823051452637,0.9306561350822449,0.2351858913898468
222,304,dprf_no_rel_loss,vibration_drift_100rms,0.0,1.0,1.0,0.812567949295044,0.18743214011192322,0.8897028565406799,0.11029712855815887,0.15177379548549652,0.9212044477462769,0.24416540563106537
222,304,dprf_no_rel_loss,electrical_drift_025rms,1.0,0.75,0.25,0.8519147038459778,0.14808528125286102,0.9098005890846252,0.09019944071769714,0.17078083753585815,0.9332498908042908,0.22445367276668549
222,304,dprf_no_rel_loss,electrical_drift_050rms,1.0,0.5,0.5,0.7403675317764282,0.259632408618927,0.8333390355110168,0.16666094958782196,0.512384295463562,0.950404703617096,0.25292348861694336
222,304,dprf_no_rel_loss,electrical_drift_100rms,1.0,0.0,1.0,0.5507329106330872,0.44926705956459045,0.5545504689216614,0.445449560880661,0.7880033254623413,0.9482142329216003,0.45877182483673096
222,304,dprf_no_switch_loss,clean_reextract,1.0,1.0,0.0,0.5448852181434631,0.45511487126350403,0.515299379825592,0.48470067977905273,0.999999463558197,0.88078773021698,0.9997609257698059
222,304,dprf_no_switch_loss,vibration_missing,0.0,1.0,1.0,0.4812065660953522,0.5187934637069702,0.00018070838996209204,0.9998192191123962,0.9997447729110718,0.00019755601533688605,0.9999910593032837
222,304,dprf_no_switch_loss,electrical_missing,1.0,0.0,1.0,0.6359429359436035,0.3640570640563965,0.9967517256736755,0.003248249413445592,0.9999524354934692,0.9994825720787048,0.003811982460319996
222,304,dprf_no_switch_loss,vibration_gain_075,0.75,1.0,0.25,0.548660159111023,0.45133981108665466,0.4895869195461273,0.5104130506515503,0.9999997019767761,0.7791386842727661,0.9998576045036316
222,304,dprf_no_switch_loss,vibration_gain_050,0.5,1.0,0.5,0.5658601522445679,0.4341399073600769,0.42022889852523804,0.5797711610794067,0.9999999403953552,0.53818279504776,0.9998873472213745
222,304,dprf_no_switch_loss,vibration_gain_025,0.25,1.0,0.75,0.5920288562774658,0.4079711139202118,0.3284609913825989,0.6715390086174011,1.0,0.31531059741973877,0.9998758435249329
222,304,dprf_no_switch_loss,electrical_gain_075,1.0,0.75,0.25,0.987245500087738,0.012754546478390694,0.9920473694801331,0.007952590472996235,1.0,0.9875478744506836,0.5949384570121765
222,304,dprf_no_switch_loss,electrical_gain_050,1.0,0.5,0.5,0.9999603629112244,3.9603044569958e-05,0.9999794960021973,2.0408451746334322e-05,1.0,0.9997345209121704,0.513636589050293
222,304,dprf_no_switch_loss,electrical_gain_025,1.0,0.25,0.75,0.9999997615814209,2.5400561298738467e-07,0.9999998211860657,1.3521065511667985e-07,1.0,0.999993622303009,0.5170451402664185
222,304,dprf_no_switch_loss,vibration_drift_025rms,0.75,1.0,0.25,0.5437366366386414,0.45626339316368103,0.513970673084259,0.4860292673110962,0.999999463558197,0.8797285556793213,0.9997526407241821
222,304,dprf_no_switch_loss,vibration_drift_050rms,0.5,1.0,0.5,0.5410947203636169,0.45890527963638306,0.5106585621833801,0.4893414378166199,0.999999463558197,0.8768957853317261,0.9997118711471558
222,304,dprf_no_switch_loss,vibration_drift_100rms,0.0,1.0,1.0,0.5351160764694214,0.4648838937282562,0.5020875334739685,0.49791252613067627,0.9999994039535522,0.8666099905967712,0.9995158314704895
222,304,dprf_no_switch_loss,electrical_drift_025rms,1.0,0.75,0.25,0.5419228076934814,0.45807722210884094,0.5128802061080933,0.4871198236942291,0.9999992251396179,0.8802276849746704,0.9983232021331787
222,304,dprf_no_switch_loss,electrical_drift_050rms,1.0,0.5,0.5,0.5562154650688171,0.44378456473350525,0.6868340969085693,0.3131658434867859,0.9999991655349731,0.994385838508606,0.509088397026062
222,304,dprf_no_switch_loss,electrical_drift_100rms,1.0,0.0,1.0,0.5863801836967468,0.4136198163032532,0.8614799976348877,0.13851995766162872,1.0,1.0,0.18910560011863708
222,304,dprf_no_semantic,clean_reextract,1.0,1.0,0.0,0.5,0.5,0.4720707833766937,0.5279291868209839,0.11881088465452194,0.8942388892173767,0.9990814924240112
222,304,dprf_no_semantic,vibration_missing,0.0,1.0,1.0,0.5,0.5,0.0006015182007104158,0.9993985891342163,0.9997003078460693,0.0006028658244758844,0.9999500513076782
222,304,dprf_no_semantic,electrical_missing,1.0,0.0,1.0,0.5,0.5,0.9991557002067566,0.0008442907128483057,0.9991869926452637,0.999563455581665,0.0008465193095616996
222,304,dprf_no_semantic,vibration_gain_075,0.75,1.0,0.25,0.5,0.5,0.4439145624637604,0.5560854077339172,0.21455144882202148,0.8007523417472839,0.999387264251709
222,304,dprf_no_semantic,vibration_gain_050,0.5,1.0,0.5,0.5,0.5,0.3587804436683655,0.6412195563316345,0.4498303234577179,0.5684030652046204,0.9996390342712402
222,304,dprf_no_semantic,vibration_gain_025,0.25,1.0,0.75,0.5,0.5,0.23852011561393738,0.761479914188385,0.6651543378829956,0.32776498794555664,0.9997971057891846
222,304,dprf_no_semantic,electrical_gain_075,1.0,0.75,0.25,0.5,0.5,0.6503746509552002,0.3496253192424774,0.45191019773483276,0.9914587140083313,0.5337477922439575
222,304,dprf_no_semantic,electrical_gain_050,1.0,0.5,0.5,0.5,0.5,0.6529922485351562,0.34700778126716614,0.5011964440345764,0.9999029636383057,0.5314648747444153
222,304,dprf_no_semantic,electrical_gain_025,1.0,0.25,0.75,0.5,0.5,0.6506260633468628,0.3493739366531372,0.5011417269706726,0.9999984502792358,0.5371125936508179
222,304,dprf_no_semantic,vibration_drift_025rms,0.75,1.0,0.25,0.5,0.5,0.47181466221809387,0.5281853675842285,0.12008309364318848,0.8931782841682434,0.9989599585533142
222,304,dprf_no_semantic,vibration_drift_050rms,0.5,1.0,0.5,0.5,0.5,0.4710657596588135,0.5289342999458313,0.12327854335308075,0.8902740478515625,0.9987484812736511
222,304,dprf_no_semantic,vibration_drift_100rms,0.0,1.0,1.0,0.5,0.5,0.46899229288101196,0.5310076475143433,0.13250382244586945,0.8821085691452026,0.9980261325836182
222,304,dprf_no_semantic,electrical_drift_025rms,1.0,0.75,0.25,0.5,0.5,0.4731859266757965,0.5268139839172363,0.14772571623325348,0.8953220248222351,0.9959724545478821
222,304,dprf_no_semantic,electrical_drift_050rms,1.0,0.5,0.5,0.5,0.5,0.6663877964019775,0.33361226320266724,0.5084550380706787,0.9955967664718628,0.4989294111728668
222,304,dprf_no_semantic,electrical_drift_100rms,1.0,0.0,1.0,0.5,0.5,0.6887323260307312,0.3112676739692688,0.6657693386077881,1.0,0.4601660370826721
222,304,dprf_full,clean_reextract,1.0,1.0,0.0,0.7227120399475098,0.27728796005249023,0.7077962756156921,0.29220378398895264,0.11928693950176239,0.887025773525238,0.9992417693138123
222,304,dprf_full,vibration_missing,0.0,1.0,1.0,0.5206149816513062,0.47938501834869385,0.0005970071069896221,0.9994029998779297,0.999020516872406,0.0004893437144346535,0.9999460577964783
222,304,dprf_full,electrical_missing,1.0,0.0,1.0,0.7225505709648132,0.27744942903518677,0.9969275593757629,0.003072393126785755,0.999234676361084,0.9997373819351196,0.0018842128338292241
222,304,dprf_full,vibration_gain_075,0.75,1.0,0.25,0.62652188539505,0.37347811460494995,0.5938611030578613,0.4061388671398163,0.23717911541461945,0.7835617065429688,0.9996171593666077
222,304,dprf_full,vibration_gain_050,0.5,1.0,0.5,0.5500473380088806,0.449952632188797,0.4799632728099823,0.5200368165969849,0.4649326801300049,0.5489434003829956,0.999757707118988
222,304,dprf_full,vibration_gain_025,0.25,1.0,0.75,0.513387143611908,0.4866129159927368,0.3716217875480652,0.6283782124519348,0.6399731636047363,0.30373477935791016,0.9997513890266418
222,304,dprf_full,electrical_gain_075,1.0,0.75,0.25,0.8340027928352356,0.16599725186824799,0.8907099962234497,0.1092899888753891,0.36967897415161133,0.9877277612686157,0.5201311111450195
222,304,dprf_full,electrical_gain_050,1.0,0.5,0.5,0.9054504036903381,0.09454958140850067,0.9431298971176147,0.05687013640999794,0.47590070962905884,0.9997993111610413,0.49783769249916077
222,304,dprf_full,electrical_gain_025,1.0,0.25,0.75,0.9423449039459229,0.05765517055988312,0.9675906896591187,0.03240925446152687,0.4905441999435425,0.9999949932098389,0.4895508885383606
222,304,dprf_full,vibration_drift_025rms,0.75,1.0,0.25,0.7224933505058289,0.27750658988952637,0.7075153589248657,0.2924846410751343,0.12122462689876556,0.8856770396232605,0.9992067217826843
222,304,dprf_full,vibration_drift_050rms,0.5,1.0,0.5,0.7238332033157349,0.2761668264865875,0.7085357308387756,0.291464239358902,0.12570087611675262,0.8824405670166016,0.9990923404693604
222,304,dprf_full,vibration_drift_100rms,0.0,1.0,1.0,0.7236460447311401,0.2763539254665375,0.706840455532074,0.293159544467926,0.13453881442546844,0.873479962348938,0.9984840750694275
222,304,dprf_full,electrical_drift_025rms,1.0,0.75,0.25,0.735499382019043,0.2645006775856018,0.7216458320617676,0.27835407853126526,0.14358581602573395,0.8899180293083191,0.9952520728111267
222,304,dprf_full,electrical_drift_050rms,1.0,0.5,0.5,0.7612967491149902,0.23870331048965454,0.8287380337715149,0.17126193642616272,0.47962936758995056,0.9978210926055908,0.49514123797416687
222,304,dprf_full,electrical_drift_100rms,1.0,0.0,1.0,0.8601928353309631,0.13980716466903687,0.8898980617523193,0.11010196059942245,0.8249204754829407,1.0,0.3648320138454437
222,305,gate_da,clean_reextract,1.0,1.0,0.0,0.7253960371017456,0.2746039628982544,,,,,
222,305,gate_da,vibration_missing,0.0,1.0,1.0,0.03905918076634407,0.9609408378601074,,,,,
222,305,gate_da,electrical_missing,1.0,0.0,1.0,0.9463041424751282,0.05369581654667854,,,,,
222,305,gate_da,vibration_gain_075,0.75,1.0,0.25,0.6680536866188049,0.3319462835788727,,,,,
222,305,gate_da,vibration_gain_050,0.5,1.0,0.5,0.6387210488319397,0.3612790107727051,,,,,
222,305,gate_da,vibration_gain_025,0.25,1.0,0.75,0.6630833148956299,0.33691665530204773,,,,,
222,305,gate_da,electrical_gain_075,1.0,0.75,0.25,1.0,1.2575746666243504e-08,,,,,
222,305,gate_da,electrical_gain_050,1.0,0.5,0.5,1.0,4.2596778201342044e-18,,,,,
222,305,gate_da,electrical_gain_025,1.0,0.25,0.75,1.0,1.700003262619849e-26,,,,,
222,305,gate_da,vibration_drift_025rms,0.75,1.0,0.25,0.723885178565979,0.2761147916316986,,,,,
222,305,gate_da,vibration_drift_050rms,0.5,1.0,0.5,0.7201348543167114,0.2798651456832886,,,,,
222,305,gate_da,vibration_drift_100rms,0.0,1.0,1.0,0.7038469910621643,0.29615306854248047,,,,,
222,305,gate_da,electrical_drift_025rms,1.0,0.75,0.25,0.7296056747436523,0.2703942656517029,,,,,
222,305,gate_da,electrical_drift_050rms,1.0,0.5,0.5,0.7959127426147461,0.20408722758293152,,,,,
222,305,gate_da,electrical_drift_100rms,1.0,0.0,1.0,0.80474454164505,0.19525551795959473,,,,,
222,305,rcarf_hard,clean_reextract,1.0,1.0,0.0,,,0.0015777538064867258,0.9984222054481506,0.2518669664859772,,
222,305,rcarf_hard,vibration_missing,0.0,1.0,1.0,,,0.0004166755243204534,0.9995833039283752,0.9987419843673706,,
222,305,rcarf_hard,electrical_missing,1.0,0.0,1.0,,,0.9996547698974609,0.0003452042874414474,0.9985272288322449,,
222,305,rcarf_hard,vibration_gain_075,0.75,1.0,0.25,,,0.00041138308006338775,0.9995886087417603,0.48643848299980164,,
222,305,rcarf_hard,vibration_gain_050,0.5,1.0,0.5,,,0.00010128001304110512,0.9998987317085266,0.8329533934593201,,
222,305,rcarf_hard,vibration_gain_025,0.25,1.0,0.75,,,6.598463369300589e-05,0.9999340176582336,0.9423165321350098,,
222,305,rcarf_hard,electrical_gain_075,1.0,0.75,0.25,,,1.0,8.33582924908427e-10,0.9998515844345093,,
222,305,rcarf_hard,electrical_gain_050,1.0,0.5,0.5,,,1.0,1.7821717925833672e-27,1.0,,
222,305,rcarf_hard,electrical_gain_025,1.0,0.25,0.75,,,1.0,9.949219096706201e-44,1.0,,
222,305,rcarf_hard,vibration_drift_025rms,0.75,1.0,0.25,,,0.001457727630622685,0.9985422492027283,0.2545147240161896,,
222,305,rcarf_hard,vibration_drift_050rms,0.5,1.0,0.5,,,0.0013124903198331594,0.9986875653266907,0.2594767212867737,,
222,305,rcarf_hard,vibration_drift_100rms,0.0,1.0,1.0,,,0.001279943622648716,0.998720109462738,0.27890780568122864,,
222,305,rcarf_hard,electrical_drift_025rms,1.0,0.75,0.25,,,0.03267193213105202,0.9673280715942383,0.3086467683315277,,
222,305,rcarf_hard,electrical_drift_050rms,1.0,0.5,0.5,,,0.999979555606842,2.0401825167937204e-05,0.9982671141624451,,
222,305,rcarf_hard,electrical_drift_100rms,1.0,0.0,1.0,,,1.0,1.3907962034070325e-30,1.0,,
222,305,dprf_no_rel_loss,clean_reextract,1.0,1.0,0.0,0.9770982265472412,0.0229017473757267,0.9779430627822876,0.022057007998228073,0.1419678032398224,0.9750316143035889,0.05999322980642319
222,305,dprf_no_rel_loss,vibration_missing,0.0,1.0,1.0,0.0067668757401406765,0.9932330846786499,0.001261818571947515,0.998738169670105,0.9970483779907227,0.07049433141946793,0.8663858771324158
222,305,dprf_no_rel_loss,electrical_missing,1.0,0.0,1.0,0.9999765753746033,2.342907464480959e-05,0.9999983310699463,1.7022006204570062e-06,0.9984069466590881,0.9821422100067139,0.05728601664304733
222,305,dprf_no_rel_loss,vibration_gain_075,0.75,1.0,0.25,0.9119476675987244,0.08805226534605026,0.9116765856742859,0.08832333981990814,0.23384572565555573,0.9466425776481628,0.11403850466012955
222,305,dprf_no_rel_loss,vibration_gain_050,0.5,1.0,0.5,0.8709119558334351,0.12908808887004852,0.8706839084625244,0.1293160766363144,0.3956134021282196,0.9270529747009277,0.1311527043581009
222,305,dprf_no_rel_loss,vibration_gain_025,0.25,1.0,0.75,0.8763214945793152,0.12367857992649078,0.876671552658081,0.12332843244075775,0.46166685223579407,0.9531259536743164,0.12481129914522171
222,305,dprf_no_rel_loss,electrical_gain_075,1.0,0.75,0.25,0.9947941303253174,0.00520586920902133,0.9958945512771606,0.004105528816580772,0.366239458322525,0.9970665574073792,0.015698876231908798
222,305,dprf_no_rel_loss,electrical_gain_050,1.0,0.5,0.5,0.9996684789657593,0.000331543677020818,0.9999247789382935,7.520808139815927e-05,0.49118852615356445,0.9990999102592468,0.003228110494092107
222,305,dprf_no_rel_loss,electrical_gain_025,1.0,0.25,0.75,0.9999966025352478,3.477382051642053e-06,1.0,6.401308638714909e-08,0.5563316345214844,0.9997681975364685,0.00027838305686600506
222,305,dprf_no_rel_loss,vibration_drift_025rms,0.75,1.0,0.25,0.9772164821624756,0.022783540189266205,0.97805255651474,0.021947508677840233,0.14279772341251373,0.9749488234519958,0.05941326916217804
222,305,dprf_no_rel_loss,vibration_drift_050rms,0.5,1.0,0.5,0.9777488112449646,0.022251123562455177,0.9785687923431396,0.02143126353621483,0.14556708931922913,0.9745996594429016,0.057759132236242294
222,305,dprf_no_rel_loss,vibration_drift_100rms,0.0,1.0,1.0,0.9799928665161133,0.020007144659757614,0.9810619950294495,0.01893804781138897,0.15548352897167206,0.9673591256141663,0.05526326969265938
222,305,dprf_no_rel_loss,electrical_drift_025rms,1.0,0.75,0.25,0.9778686761856079,0.022131355479359627,0.978543758392334,0.02145630680024624,0.16818441450595856,0.9735859036445618,0.0594792403280735
222,305,dprf_no_rel_loss,electrical_drift_050rms,1.0,0.5,0.5,0.9791470766067505,0.02085297927260399,0.9802350997924805,0.019764987751841545,0.4890090525150299,0.9690051078796387,0.08991316705942154
222,305,dprf_no_rel_loss,electrical_drift_100rms,1.0,0.0,1.0,0.7777955532073975,0.22220447659492493,0.7529486417770386,0.24705135822296143,0.8811109662055969,0.7117897868156433,0.4277745187282562
222,305,dprf_no_switch_loss,clean_reextract,1.0,1.0,0.0,0.6270925998687744,0.3729074001312256,0.5931521058082581,0.40684789419174194,0.9999992251396179,0.8620812296867371,0.9995636343955994
222,305,dprf_no_switch_loss,vibration_missing,0.0,1.0,1.0,0.42574965953826904,0.574250340461731,0.0008742014761082828,0.9991257786750793,0.999613881111145,0.0010787860956043005,0.9997879266738892
222,305,dprf_no_switch_loss,electrical_missing,1.0,0.0,1.0,0.5899012684822083,0.41009873151779175,0.9992524981498718,0.0007474494632333517,0.9999446868896484,0.9996125102043152,0.0009140633628703654
222,305,dprf_no_switch_loss,vibration_gain_075,0.75,1.0,0.25,0.6159048080444336,0.384095162153244,0.5457424521446228,0.4542575478553772,0.9999996423721313,0.7472021579742432,0.9996697902679443
222,305,dprf_no_switch_loss,vibration_gain_050,0.5,1.0,0.5,0.610663652420044,0.38933631777763367,0.45631253719329834,0.5436874628067017,0.9999999403953552,0.5320134162902832,0.9997342824935913
222,305,dprf_no_switch_loss,vibration_gain_025,0.25,1.0,0.75,0.6096214056015015,0.3903786242008209,0.3355068564414978,0.6644931435585022,1.0,0.32535451650619507,0.9997766017913818
222,305,dprf_no_switch_loss,electrical_gain_075,1.0,0.75,0.25,0.9990533590316772,0.0009465815383009613,0.9994947910308838,0.0005052502383477986,1.0,0.9964284896850586,0.5172260403633118
222,305,dprf_no_switch_loss,electrical_gain_050,1.0,0.5,0.5,0.9999995231628418,5.121174808664364e-07,0.9999997615814209,2.512224455131218e-07,1.0,0.9999913573265076,0.49299192428588867
222,305,dprf_no_switch_loss,electrical_gain_025,1.0,0.25,0.75,1.0,6.604463087533929e-10,1.0,3.1998301230906634e-10,1.0,1.0,0.48874616622924805
222,305,dprf_no_switch_loss,vibration_drift_025rms,0.75,1.0,0.25,0.626226007938385,0.3737740218639374,0.5920587182044983,0.4079412519931793,0.9999992251396179,0.8611081838607788,0.9995522499084473
222,305,dprf_no_switch_loss,vibration_drift_050rms,0.5,1.0,0.5,0.6232864856719971,0.3767135441303253,0.5882201790809631,0.41177985072135925,0.9999992251396179,0.8578310012817383,0.9995188117027283
222,305,dprf_no_switch_loss,vibration_drift_100rms,0.0,1.0,1.0,0.6104212999343872,0.3895787000656128,0.5714572668075562,0.42854273319244385,0.9999991655349731,0.8429349064826965,0.9992865920066833
222,305,dprf_no_switch_loss,electrical_drift_025rms,1.0,0.75,0.25,0.622600257396698,0.3773997128009796,0.589726448059082,0.41027355194091797,0.9999988675117493,0.8655187487602234,0.9977226853370667
222,305,dprf_no_switch_loss,electrical_drift_050rms,1.0,0.5,0.5,0.6162484884262085,0.3837515413761139,0.7585412859916687,0.24145865440368652,0.999999463558197,0.9881141781806946,0.48990508913993835
222,305,dprf_no_switch_loss,electrical_drift_100rms,1.0,0.0,1.0,0.535858690738678,0.464141309261322,0.8230416178703308,0.17695839703083038,1.0,0.9999964833259583,0.24065838754177094
222,305,dprf_no_semantic,clean_reextract,1.0,1.0,0.0,0.5,0.5,0.4601866602897644,0.5398133397102356,0.14307241141796112,0.8534470200538635,0.9995082020759583
222,305,dprf_no_semantic,vibration_missing,0.0,1.0,1.0,0.5,0.5,0.0004197941452730447,0.9995803236961365,0.9994836449623108,0.00042027109884656966,0.9999583959579468
222,305,dprf_no_semantic,electrical_missing,1.0,0.0,1.0,0.5,0.5,0.9975881576538086,0.002411819063127041,0.9991191029548645,0.9991127848625183,0.002441962016746402
222,305,dprf_no_semantic,vibration_gain_075,0.75,1.0,0.25,0.5,0.5,0.4187779426574707,0.5812221169471741,0.2556091845035553,0.7247743010520935,0.9997159242630005
222,305,dprf_no_semantic,vibration_gain_050,0.5,1.0,0.5,0.5,0.5,0.33809229731559753,0.6619076728820801,0.4606190621852875,0.5167266130447388,0.999846875667572
222,305,dprf_no_semantic,vibration_gain_025,0.25,1.0,0.75,0.5,0.5,0.2678183615207672,0.7321816086769104,0.611574649810791,0.37151968479156494,0.9998777508735657
222,305,dprf_no_semantic,electrical_gain_075,1.0,0.75,0.25,0.5,0.5,0.6534038782119751,0.3465961515903473,0.44879087805747986,0.9828768372535706,0.5226002335548401
222,305,dprf_no_semantic,electrical_gain_050,1.0,0.5,0.5,0.5,0.5,0.668820858001709,0.331179141998291,0.5092801451683044,0.9997676014900208,0.49531063437461853
222,305,dprf_no_semantic,electrical_gain_025,1.0,0.25,0.75,0.5,0.5,0.6730366945266724,0.32696327567100525,0.5530147552490234,0.9999963045120239,0.4861745834350586
222,305,dprf_no_semantic,vibration_drift_025rms,0.75,1.0,0.25,0.5,0.5,0.4598478078842163,0.5401521921157837,0.14375662803649902,0.8522431254386902,0.9994938969612122
222,305,dprf_no_semantic,vibration_drift_050rms,0.5,1.0,0.5,0.5,0.5,0.4585305452346802,0.5414694547653198,0.14603310823440552,0.8477193713188171,0.9994558691978455
222,305,dprf_no_semantic,vibration_drift_100rms,0.0,1.0,1.0,0.5,0.5,0.45201900601387024,0.5479810237884521,0.15437522530555725,0.8266436457633972,0.9991339445114136
222,305,dprf_no_semantic,electrical_drift_025rms,1.0,0.75,0.25,0.5,0.5,0.4630805253982544,0.5369195938110352,0.1736387461423874,0.8608022332191467,0.9964119791984558
222,305,dprf_no_semantic,electrical_drift_050rms,1.0,0.5,0.5,0.5,0.5,0.6607844829559326,0.33921554684638977,0.5174926519393921,0.9881473183631897,0.5078080892562866
222,305,dprf_no_semantic,electrical_drift_100rms,1.0,0.0,1.0,0.5,0.5,0.714230477809906,0.2857694625854492,0.8958886861801147,0.9999992847442627,0.4120912551879883
222,305,dprf_full,clean_reextract,1.0,1.0,0.0,0.7977718710899353,0.20222808420658112,0.7775441408157349,0.22245584428310394,0.13868103921413422,0.8566781878471375,0.9993416666984558
222,305,dprf_full,vibration_missing,0.0,1.0,1.0,0.6826784014701843,0.3173215985298157,0.0013558188220486045,0.9986441135406494,0.9993831515312195,0.000555564824026078,0.9999553561210632
222,305,dprf_full,electrical_missing,1.0,0.0,1.0,0.7315264344215393,0.2684735059738159,0.9990779757499695,0.0009220431675203145,0.9990155100822449,0.9993982315063477,0.0009090277017094195
222,305,dprf_full,vibration_gain_075,0.75,1.0,0.25,0.7006362676620483,0.2993636727333069,0.6515290141105652,0.3484710454940796,0.2566576600074768,0.7381850481033325,0.9995654821395874
222,305,dprf_full,vibration_gain_050,0.5,1.0,0.5,0.5859867334365845,0.4140132665634155,0.48902538418769836,0.5109745860099792,0.44930723309516907,0.5394762754440308,0.9996976256370544
222,305,dprf_full,vibration_gain_025,0.25,1.0,0.75,0.48947054147720337,0.5105293989181519,0.3557226061820984,0.6442773938179016,0.565025269985199,0.4033665657043457,0.9997745156288147
222,305,dprf_full,electrical_gain_075,1.0,0.75,0.25,0.9767513275146484,0.023248670622706413,0.9869543313980103,0.013045692816376686,0.4744164049625397,0.9752476811408997,0.5273996591567993
222,305,dprf_full,electrical_gain_050,1.0,0.5,0.5,0.9987813234329224,0.0012187474640086293,0.9993898272514343,0.0006102181505411863,0.5111578106880188,0.9995735287666321,0.5045987367630005
222,305,dprf_full,electrical_gain_025,1.0,0.25,0.75,0.9999218583106995,7.809930684743449e-05,0.9999620318412781,3.7977293686708435e-05,0.5266544222831726,0.9999926090240479,0.4948152005672455
222,305,dprf_full,vibration_drift_025rms,0.75,1.0,0.25,0.7983548045158386,0.20164521038532257,0.7780625820159912,0.22193743288516998,0.13953036069869995,0.8555381298065186,0.9992938041687012
222,305,dprf_full,vibration_drift_050rms,0.5,1.0,0.5,0.8001193404197693,0.1998806893825531,0.7793947458267212,0.22060532867908478,0.14151594042778015,0.8522146344184875,0.999214231967926
222,305,dprf_full,vibration_drift_100rms,0.0,1.0,1.0,0.8057512044906616,0.1942487359046936,0.7828668355941772,0.21713323891162872,0.14900031685829163,0.8399416208267212,0.9988381862640381
222,305,dprf_full,electrical_drift_025rms,1.0,0.75,0.25,0.8113582134246826,0.18864183127880096,0.7922373414039612,0.2077626734972,0.1725376546382904,0.8586031198501587,0.9949930906295776
222,305,dprf_full,electrical_drift_050rms,1.0,0.5,0.5,0.8104214668273926,0.18957850337028503,0.8745564222335815,0.12544357776641846,0.5119407773017883,0.9936950206756592,0.5052986741065979
222,305,dprf_full,electrical_drift_100rms,1.0,0.0,1.0,0.8296071887016296,0.17039281129837036,0.877047598361969,0.1229524314403534,0.7695341110229492,1.0,0.3488119840621948
333,301,gate_da,clean_reextract,1.0,1.0,0.0,0.5530264973640442,0.4469734728336334,,,,,
333,301,gate_da,vibration_missing,0.0,1.0,1.0,0.010737424716353416,0.989262580871582,,,,,
333,301,gate_da,electrical_missing,1.0,0.0,1.0,0.8939914107322693,0.10600859671831131,,,,,
333,301,gate_da,vibration_gain_075,0.75,1.0,0.25,0.48547008633613586,0.5145298838615417,,,,,
333,301,gate_da,vibration_gain_050,0.5,1.0,0.5,0.4533063471317291,0.5466936826705933,,,,,
333,301,gate_da,vibration_gain_025,0.25,1.0,0.75,0.44963690638542175,0.5503630638122559,,,,,
333,301,gate_da,electrical_gain_075,1.0,0.75,0.25,0.9497078061103821,0.050292208790779114,,,,,
333,301,gate_da,electrical_gain_050,1.0,0.5,0.5,0.9965080618858337,0.0034918859601020813,,,,,
333,301,gate_da,electrical_gain_025,1.0,0.25,0.75,0.9997650980949402,0.000234818973694928,,,,,
333,301,gate_da,vibration_drift_025rms,0.75,1.0,0.25,0.5534902811050415,0.4465096592903137,,,,,
333,301,gate_da,vibration_drift_050rms,0.5,1.0,0.5,0.5556848049163818,0.44431519508361816,,,,,
333,301,gate_da,vibration_drift_100rms,0.0,1.0,1.0,0.5699912309646606,0.43000876903533936,,,,,
333,301,gate_da,electrical_drift_025rms,1.0,0.75,0.25,0.5604626536369324,0.43953731656074524,,,,,
333,301,gate_da,electrical_drift_050rms,1.0,0.5,0.5,0.6255066990852356,0.374493271112442,,,,,
333,301,gate_da,electrical_drift_100rms,1.0,0.0,1.0,0.49505773186683655,0.5049422979354858,,,,,
333,301,rcarf_hard,clean_reextract,1.0,1.0,0.0,,,0.00035113171907141805,0.9996488690376282,0.2144542634487152,,
333,301,rcarf_hard,vibration_missing,0.0,1.0,1.0,,,0.00011348575935699046,0.9998865127563477,0.9974092245101929,,
333,301,rcarf_hard,electrical_missing,1.0,0.0,1.0,,,0.9984921813011169,0.00150782847777009,0.9972910284996033,,
333,301,rcarf_hard,vibration_gain_075,0.75,1.0,0.25,,,8.995706593850628e-05,0.9999099969863892,0.3661932051181793,,
333,301,rcarf_hard,vibration_gain_050,0.5,1.0,0.5,,,7.589154120068997e-05,0.9999240040779114,0.7644714713096619,,
333,301,rcarf_hard,vibration_gain_025,0.25,1.0,0.75,,,0.0004026183160021901,0.999597430229187,0.8854701519012451,,
333,301,rcarf_hard,electrical_gain_075,1.0,0.75,0.25,,,0.9995859265327454,0.00041405140655115247,0.9999825358390808,,
333,301,rcarf_hard,electrical_gain_050,1.0,0.5,0.5,,,1.0,2.1621615427431552e-14,1.0,,
333,301,rcarf_hard,electrical_gain_025,1.0,0.25,0.75,,,1.0,6.994947975730495e-24,1.0,,
333,301,rcarf_hard,vibration_drift_025rms,0.75,1.0,0.25,,,0.00035560186370275915,0.9996443390846252,0.21502810716629028,,
333,301,rcarf_hard,vibration_drift_050rms,0.5,1.0,0.5,,,0.00033778365468606353,0.9996622800827026,0.21723206341266632,,
333,301,rcarf_hard,vibration_drift_100rms,0.0,1.0,1.0,,,0.0003586791572161019,0.9996413588523865,0.2257658988237381,,
333,301,rcarf_hard,electrical_drift_025rms,1.0,0.75,0.25,,,0.0032368567772209644,0.9967632293701172,0.24218054115772247,,
333,301,rcarf_hard,electrical_drift_050rms,1.0,0.5,0.5,,,0.9994691610336304,0.0005308667896315455,0.9956657290458679,,
333,301,rcarf_hard,electrical_drift_100rms,1.0,0.0,1.0,,,1.0,1.402773428488892e-35,1.0,,
333,301,dprf_no_rel_loss,clean_reextract,1.0,1.0,0.0,0.7699234485626221,0.23007656633853912,0.7695518136024475,0.2304481565952301,0.1157357469201088,0.9845791459083557,0.9952539205551147
333,301,dprf_no_rel_loss,vibration_missing,0.0,1.0,1.0,0.19347339868545532,0.8065265417098999,0.011173375882208347,0.9888266324996948,0.9957895278930664,0.047852735966444016,0.9986804723739624
333,301,dprf_no_rel_loss,electrical_missing,1.0,0.0,1.0,0.9511702060699463,0.048829834908246994,0.9523345232009888,0.047665566205978394,0.9983536005020142,0.9999954700469971,0.9147606492042542
333,301,dprf_no_rel_loss,vibration_gain_075,0.75,1.0,0.25,0.7089383006095886,0.2910616397857666,0.7081937193870544,0.29180628061294556,0.20865409076213837,0.957926869392395,0.9969109296798706
333,301,dprf_no_rel_loss,vibration_gain_050,0.5,1.0,0.5,0.6907896399497986,0.30921030044555664,0.6902605891227722,0.30973944067955017,0.3815542161464691,0.9508185982704163,0.9982500672340393
333,301,dprf_no_rel_loss,vibration_gain_025,0.25,1.0,0.75,0.7009143233299255,0.29908570647239685,0.7007057070732117,0.2992943227291107,0.5185932517051697,0.9608998894691467,0.9991523027420044
333,301,dprf_no_rel_loss,electrical_gain_075,1.0,0.75,0.25,0.9765619039535522,0.02343805320560932,0.9765745401382446,0.023425515741109848,0.4187144339084625,0.999997615814209,0.9885706305503845
333,301,dprf_no_rel_loss,electrical_gain_050,1.0,0.5,0.5,0.997597336769104,0.00240267813205719,0.997597336769104,0.0024026171304285526,0.5014808773994446,0.9999999403953552,0.9991386532783508
333,301,dprf_no_rel_loss,electrical_gain_025,1.0,0.25,0.75,0.9995257258415222,0.00047420713235624135,0.9995258450508118,0.0004742070159409195,0.5121904611587524,1.0,0.9999585151672363
333,301,dprf_no_rel_loss,vibration_drift_025rms,0.75,1.0,0.25,0.7713311910629272,0.22866874933242798,0.7709765434265137,0.2290235012769699,0.11623840779066086,0.985535204410553,0.9952711462974548
333,301,dprf_no_rel_loss,vibration_drift_050rms,0.5,1.0,0.5,0.7757958173751831,0.22420421242713928,0.7754671573638916,0.224532812833786,0.11815110594034195,0.9884637594223022,0.9953166842460632
333,301,dprf_no_rel_loss,vibration_drift_100rms,0.0,1.0,1.0,0.8015445470809937,0.19845542311668396,0.8013611435890198,0.198638916015625,0.12586453557014465,0.9960809350013733,0.9952592849731445
333,301,dprf_no_rel_loss,electrical_drift_025rms,1.0,0.75,0.25,0.7752287983894348,0.22477123141288757,0.7749018669128418,0.225098118185997,0.1335698515176773,0.9876474142074585,0.9955132007598877
333,301,dprf_no_rel_loss,electrical_drift_050rms,1.0,0.5,0.5,0.734991192817688,0.2650087773799896,0.7347418069839478,0.26525816321372986,0.43948084115982056,0.9846929907798767,0.9982688426971436
333,301,dprf_no_rel_loss,electrical_drift_100rms,1.0,0.0,1.0,0.5218490958213806,0.478150874376297,0.5217781662940979,0.4782218635082245,0.9473471641540527,0.992918848991394,0.9999994039535522
333,301,dprf_no_switch_loss,clean_reextract,1.0,1.0,0.0,0.6709091663360596,0.3290908932685852,0.6467093229293823,0.35329073667526245,1.0,0.8919304013252258,0.9997034072875977
333,301,dprf_no_switch_loss,vibration_missing,0.0,1.0,1.0,0.5719836950302124,0.4280162751674652,0.0007297772099263966,0.9992702007293701,0.9999428391456604,0.0005415442865341902,0.999814510345459
333,301,dprf_no_switch_loss,electrical_missing,1.0,0.0,1.0,0.6934472918510437,0.3065527379512787,0.9995195865631104,0.00048047018935903907,0.9999952912330627,0.9997187256813049,0.0011921986006200314
333,301,dprf_no_switch_loss,vibration_gain_075,0.75,1.0,0.25,0.6684215664863586,0.33157840371131897,0.618458092212677,0.3815418481826782,1.0,0.7983549237251282,0.9997519850730896
333,301,dprf_no_switch_loss,vibration_gain_050,0.5,1.0,0.5,0.6814139485359192,0.31858599185943604,0.5604824423789978,0.4395175576210022,1.0,0.5883564352989197,0.9998438954353333
333,301,dprf_no_switch_loss,vibration_gain_025,0.25,1.0,0.75,0.6969282627105713,0.3030717372894287,0.5095177292823792,0.49048230051994324,1.0,0.4456007480621338,0.9998866319656372
333,301,dprf_no_switch_loss,electrical_gain_075,1.0,0.75,0.25,0.8319144248962402,0.16808561980724335,0.8838061690330505,0.11619379371404648,1.0,0.9825006127357483,0.5836877226829529
333,301,dprf_no_switch_loss,electrical_gain_050,1.0,0.5,0.5,0.9098134636878967,0.09018653631210327,0.9512777328491211,0.048722200095653534,1.0,0.9998215436935425,0.4987432360649109
333,301,dprf_no_switch_loss,electrical_gain_025,1.0,0.25,0.75,0.952913224697113,0.04708683118224144,0.9752316474914551,0.02476838417351246,1.0,0.9999979138374329,0.5051360726356506
333,301,dprf_no_switch_loss,vibration_drift_025rms,0.75,1.0,0.25,0.670848548412323,0.3291514217853546,0.6464875936508179,0.35351237654685974,1.0,0.8911539912223816,0.999699592590332
333,301,dprf_no_switch_loss,vibration_drift_050rms,0.5,1.0,0.5,0.6719675064086914,0.3280324935913086,0.6469172239303589,0.35308271646499634,1.0,0.8883219957351685,0.9996879696846008
333,301,dprf_no_switch_loss,vibration_drift_100rms,0.0,1.0,1.0,0.6718615889549255,0.3281383812427521,0.6431105732917786,0.35688942670822144,1.0,0.8744086623191833,0.9996299147605896
333,301,dprf_no_switch_loss,electrical_drift_025rms,1.0,0.75,0.25,0.6719582080841064,0.3280417025089264,0.6476449966430664,0.35235506296157837,1.0,0.8906247019767761,0.9987629652023315
333,301,dprf_no_switch_loss,electrical_drift_050rms,1.0,0.5,0.5,0.6501586437225342,0.34984132647514343,0.7795080542564392,0.2204919308423996,1.0,0.996634840965271,0.4903792440891266
333,301,dprf_no_switch_loss,electrical_drift_100rms,1.0,0.0,1.0,0.5702312588691711,0.42976871132850647,0.7680880427360535,0.23191194236278534,1.0,1.0,0.3366062343120575
333,301,dprf_no_semantic,clean_reextract,1.0,1.0,0.0,0.5,0.5,0.4717198312282562,0.5282801389694214,0.11857236921787262,0.8930971622467041,0.999187171459198
333,301,dprf_no_semantic,vibration_missing,0.0,1.0,1.0,0.5,0.5,0.0010546348057687283,0.9989452958106995,0.9994519352912903,0.001056945649906993,0.9998576641082764
333,301,dprf_no_semantic,electrical_missing,1.0,0.0,1.0,0.5,0.5,0.9995565414428711,0.0004434048605617136,0.9989153742790222,0.9998756051063538,0.0004437041934579611
333,301,dprf_no_semantic,vibration_gain_075,0.75,1.0,0.25,0.5,0.5,0.44388091564178467,0.5561190843582153,0.19846239686012268,0.8000101447105408,0.999380350112915
333,301,dprf_no_semantic,vibration_gain_050,0.5,1.0,0.5,0.5,0.5,0.3721686899662018,0.6278313398361206,0.3816673457622528,0.5975835919380188,0.9996945261955261
333,301,dprf_no_semantic,vibration_gain_025,0.25,1.0,0.75,0.5,0.5,0.31590092182159424,0.6840990781784058,0.5709685683250427,0.4655783772468567,0.999853789806366
333,301,dprf_no_semantic,electrical_gain_075,1.0,0.75,0.25,0.5,0.5,0.6514845490455627,0.34851548075675964,0.4236915409564972,0.9935833215713501,0.5358507633209229
333,301,dprf_no_semantic,electrical_gain_050,1.0,0.5,0.5,0.5,0.5,0.6715028285980225,0.32849714159965515,0.4927729666233063,0.999967634677887,0.4896034896373749
333,301,dprf_no_semantic,electrical_gain_025,1.0,0.25,0.75,0.5,0.5,0.6811361312866211,0.31886380910873413,0.4980238378047943,0.9999998211860657,0.4684252440929413
333,301,dprf_no_semantic,vibration_drift_025rms,0.75,1.0,0.25,0.5,0.5,0.47135818004608154,0.5286418199539185,0.11933110654354095,0.8918465375900269,0.9991900324821472
333,301,dprf_no_semantic,vibration_drift_050rms,0.5,1.0,0.5,0.5,0.5,0.47024497389793396,0.5297549962997437,0.12190908193588257,0.8878113627433777,0.9991888403892517
333,301,dprf_no_semantic,vibration_drift_100rms,0.0,1.0,1.0,0.5,0.5,0.46517521142959595,0.534824788570404,0.13123078644275665,0.8702000379562378,0.9992257952690125
333,301,dprf_no_semantic,electrical_drift_025rms,1.0,0.75,0.25,0.5,0.5,0.4723682999610901,0.5276317000389099,0.13991768658161163,0.8924406170845032,0.995969831943512
333,301,dprf_no_semantic,electrical_drift_050rms,1.0,0.5,0.5,0.5,0.5,0.6685490608215332,0.331450879573822,0.44570794701576233,0.9982354044914246,0.4957320988178253
333,301,dprf_no_semantic,electrical_drift_100rms,1.0,0.0,1.0,0.5,0.5,0.735650897026062,0.26434916257858276,0.9590153694152832,1.0,0.3624058663845062
333,301,dprf_full,clean_reextract,1.0,1.0,0.0,0.7407429814338684,0.259257048368454,0.7247477769851685,0.27525222301483154,0.12712164223194122,0.8915261030197144,0.9993741512298584
333,301,dprf_full,vibration_missing,0.0,1.0,1.0,0.46704670786857605,0.5329532623291016,0.0011698169400915504,0.9988301396369934,0.9990500807762146,0.0013607064029201865,0.9998751282691956
333,301,dprf_full,electrical_missing,1.0,0.0,1.0,0.7663965821266174,0.23360338807106018,0.9999158978462219,8.407807763433084e-05,0.9988656044006348,0.999847412109375,0.00033840644755400717
333,301,dprf_full,vibration_gain_075,0.75,1.0,0.25,0.6974385380744934,0.3025614321231842,0.6645005345344543,0.33549943566322327,0.21542471647262573,0.8039495348930359,0.9994969367980957
333,301,dprf_full,vibration_gain_050,0.5,1.0,0.5,0.6725835800170898,0.32741639018058777,0.589625895023346,0.41037410497665405,0.40143370628356934,0.5950035452842712,0.9996698498725891
333,301,dprf_full,vibration_gain_025,0.25,1.0,0.75,0.6709344387054443,0.32906556129455566,0.5354557037353516,0.46454426646232605,0.5665999054908752,0.4586188495159149,0.9997857809066772
333,301,dprf_full,electrical_gain_075,1.0,0.75,0.25,0.8494116067886353,0.15058831870555878,0.8983728289604187,0.1016271784901619,0.4014994204044342,0.9916008114814758,0.5322871208190918
333,301,dprf_full,electrical_gain_050,1.0,0.5,0.5,0.9298337697982788,0.07016610354185104,0.9630184173583984,0.036981578916311264,0.48411059379577637,0.9999313950538635,0.4852951169013977
333,301,dprf_full,electrical_gain_025,1.0,0.25,0.75,0.9714145660400391,0.02858537808060646,0.9866816997528076,0.013318350538611412,0.4989921450614929,0.9999995231628418,0.46356427669525146
333,301,dprf_full,vibration_drift_025rms,0.75,1.0,0.25,0.7413961887359619,0.25860387086868286,0.7252692580223083,0.27473071217536926,0.12805500626564026,0.890284538269043,0.9993749856948853
333,301,dprf_full,vibration_drift_050rms,0.5,1.0,0.5,0.7441368699073792,0.2558631896972656,0.7274133563041687,0.2725865840911865,0.13150712847709656,0.8867629170417786,0.9993688464164734
333,301,dprf_full,vibration_drift_100rms,0.0,1.0,1.0,0.7554641962051392,0.24453583359718323,0.7353439927101135,0.26465603709220886,0.14254312217235565,0.8714621067047119,0.9994230270385742
333,301,dprf_full,electrical_drift_025rms,1.0,0.75,0.25,0.7492087483406067,0.2507912218570709,0.7334110140800476,0.2665890157222748,0.15152251720428467,0.8883534669876099,0.9948506355285645
333,301,dprf_full,electrical_drift_050rms,1.0,0.5,0.5,0.7799088954925537,0.22009114921092987,0.8526858687400818,0.14731411635875702,0.47835657000541687,0.9968714118003845,0.49231311678886414
333,301,dprf_full,electrical_drift_100rms,1.0,0.0,1.0,0.7972546815872192,0.20274530351161957,0.8850271701812744,0.11497291177511215,0.9209495186805725,1.0,0.36098089814186096
333,302,gate_da,clean_reextract,1.0,1.0,0.0,0.635250985622406,0.3647489845752716,,,,,
333,302,gate_da,vibration_missing,0.0,1.0,1.0,0.0657574012875557,0.9342426061630249,,,,,
333,302,gate_da,electrical_missing,1.0,0.0,1.0,0.9768860936164856,0.02311398833990097,,,,,
333,302,gate_da,vibration_gain_075,0.75,1.0,0.25,0.5604017972946167,0.43959811329841614,,,,,
333,302,gate_da,vibration_gain_050,0.5,1.0,0.5,0.5406320095062256,0.4593679904937744,,,,,
333,302,gate_da,vibration_gain_025,0.25,1.0,0.75,0.5684801340103149,0.43151983618736267,,,,,
333,302,gate_da,electrical_gain_075,1.0,0.75,0.25,1.0,6.3395697580403976e-09,,,,,
333,302,gate_da,electrical_gain_050,1.0,0.5,0.5,1.0,2.532232905441034e-25,,,,,
333,302,gate_da,electrical_gain_025,1.0,0.25,0.75,1.0,2.355274432867866e-39,,,,,
333,302,gate_da,vibration_drift_025rms,0.75,1.0,0.25,0.6354379653930664,0.3645620346069336,,,,,
333,302,gate_da,vibration_drift_050rms,0.5,1.0,0.5,0.636116087436676,0.3638838827610016,,,,,
333,302,gate_da,vibration_drift_100rms,0.0,1.0,1.0,0.6385200023651123,0.3614800274372101,,,,,
333,302,gate_da,electrical_drift_025rms,1.0,0.75,0.25,0.6447818279266357,0.35521817207336426,,,,,
333,302,gate_da,electrical_drift_050rms,1.0,0.5,0.5,0.6774118542671204,0.32258811593055725,,,,,
333,302,gate_da,electrical_drift_100rms,1.0,0.0,1.0,0.631582498550415,0.36841753125190735,,,,,
333,302,rcarf_hard,clean_reextract,1.0,1.0,0.0,,,0.0006846925243735313,0.9993152618408203,0.23402650654315948,,
333,302,rcarf_hard,vibration_missing,0.0,1.0,1.0,,,0.0007720338762737811,0.9992280602455139,0.9986376762390137,,
333,302,rcarf_hard,electrical_missing,1.0,0.0,1.0,,,0.9996627569198608,0.00033720233477652073,0.9974309802055359,,
333,302,rcarf_hard,vibration_gain_075,0.75,1.0,0.25,,,0.0002670972316991538,0.9997329115867615,0.45151659846305847,,
333,302,rcarf_hard,vibration_gain_050,0.5,1.0,0.5,,,0.00028250133618712425,0.9997174739837646,0.8319436311721802,,
333,302,rcarf_hard,vibration_gain_025,0.25,1.0,0.75,,,0.0005333478329703212,0.9994666576385498,0.9346778988838196,,
333,302,rcarf_hard,electrical_gain_075,1.0,0.75,0.25,,,1.0,1.741765585927535e-12,0.9951987862586975,,
333,302,rcarf_hard,electrical_gain_050,1.0,0.5,0.5,,,1.0,6.238444322603472e-32,0.9999994039535522,,
333,302,rcarf_hard,electrical_gain_025,1.0,0.25,0.75,,,1.0,0.0,1.0,,
333,302,rcarf_hard,vibration_drift_025rms,0.75,1.0,0.25,,,0.0006886037881486118,0.9993114471435547,0.23430290818214417,,
333,302,rcarf_hard,vibration_drift_050rms,0.5,1.0,0.5,,,0.000926764914765954,0.999073326587677,0.23619487881660461,,
333,302,rcarf_hard,vibration_drift_100rms,0.0,1.0,1.0,,,0.001045312499627471,0.998954713344574,0.24979566037654877,,
333,302,rcarf_hard,electrical_drift_025rms,1.0,0.75,0.25,,,0.010734550654888153,0.9892653822898865,0.28089985251426697,,
333,302,rcarf_hard,electrical_drift_050rms,1.0,0.5,0.5,,,0.9998452067375183,0.00015492427337449044,0.994442880153656,,
333,302,rcarf_hard,electrical_drift_100rms,1.0,0.0,1.0,,,1.0,5.145473793743926e-37,1.0,,
333,302,dprf_no_rel_loss,clean_reextract,1.0,1.0,0.0,0.9996689558029175,0.00033107539638876915,0.9999552965164185,4.477810216485523e-05,0.1455322653055191,0.9890225529670715,0.008844785392284393
333,302,dprf_no_rel_loss,vibration_missing,0.0,1.0,1.0,0.03888602927327156,0.9611139893531799,0.022920940071344376,0.9770789742469788,0.9973956942558289,0.35077327489852905,0.7681387066841125
333,302,dprf_no_rel_loss,electrical_missing,1.0,0.0,1.0,0.9999908804893494,9.066769052878954e-06,1.0,1.0681211470853214e-08,0.9993225932121277,0.9974988102912903,0.0012747710570693016
333,302,dprf_no_rel_loss,vibration_gain_075,0.75,1.0,0.25,0.9594805836677551,0.04051944613456726,0.9680349826812744,0.03196502849459648,0.23998653888702393,0.9745731353759766,0.06822992861270905
333,302,dprf_no_rel_loss,vibration_gain_050,0.5,1.0,0.5,0.8653454780578613,0.13465452194213867,0.8736140727996826,0.126385897397995,0.4547070562839508,0.9676042795181274,0.1156943067908287
333,302,dprf_no_rel_loss,vibration_gain_025,0.25,1.0,0.75,0.8822786211967468,0.11772146075963974,0.9051855206489563,0.09481450915336609,0.6386542916297913,0.9835515022277832,0.06431526690721512
333,302,dprf_no_rel_loss,electrical_gain_075,1.0,0.75,0.25,0.9999964833259583,3.5055522857874166e-06,1.0,1.665102222769832e-10,0.4199201166629791,0.9985165596008301,2.0168630726402625e-05
333,302,dprf_no_rel_loss,electrical_gain_050,1.0,0.5,0.5,1.0,2.1098467417601796e-09,1.0,2.1118439316763398e-15,0.5150551795959473,0.999778687953949,1.040455899214976e-07
333,302,dprf_no_rel_loss,electrical_gain_025,1.0,0.25,0.75,1.0,1.5661599621352718e-12,1.0,1.566354791399548e-18,0.5655269622802734,0.9999709725379944,7.369000409873649e-10
333,302,dprf_no_rel_loss,vibration_drift_025rms,0.75,1.0,0.25,0.9996814131736755,0.0003185734967701137,0.9999586939811707,4.134100890951231e-05,0.14598965644836426,0.9888065457344055,0.008755945600569248
333,302,dprf_no_rel_loss,vibration_drift_050rms,0.5,1.0,0.5,0.999717652797699,0.0002824183611664921,0.9999674558639526,3.259715231251903e-05,0.14803020656108856,0.9881083965301514,0.008485938422381878
333,302,dprf_no_rel_loss,vibration_drift_100rms,0.0,1.0,1.0,0.999782919883728,0.00021708523854613304,0.9999776482582092,2.234954990854021e-05,0.15933869779109955,0.9850971102714539,0.008303857408463955
333,302,dprf_no_rel_loss,electrical_drift_025rms,1.0,0.75,0.25,0.9996659755706787,0.00033398575033061206,0.9999481439590454,5.2020808652741835e-05,0.1684858351945877,0.9885994791984558,0.008951140567660332
333,302,dprf_no_rel_loss,electrical_drift_050rms,1.0,0.5,0.5,0.999262809753418,0.0007371982792392373,0.9998355507850647,0.0001644057920202613,0.49493563175201416,0.9868424534797668,0.02541731297969818
333,302,dprf_no_rel_loss,electrical_drift_100rms,1.0,0.0,1.0,0.9351584911346436,0.06484154611825943,0.9696149826049805,0.030384907498955727,0.9752278923988342,0.9928507208824158,0.11607896536588669
333,302,dprf_no_switch_loss,clean_reextract,1.0,1.0,0.0,0.6760320067405701,0.32396799325942993,0.6477121114730835,0.35228782892227173,0.9999976754188538,0.8760905265808105,0.999366044998169
333,302,dprf_no_switch_loss,vibration_missing,0.0,1.0,1.0,0.5810880661010742,0.4189119338989258,0.003558170283213258,0.9964417815208435,0.998199999332428,0.002278345637023449,0.9997995495796204
333,302,dprf_no_switch_loss,electrical_missing,1.0,0.0,1.0,0.6246480941772461,0.3753518760204315,0.998747706413269,0.0012522273464128375,0.9999045729637146,0.9997061491012573,0.00189715507440269
333,302,dprf_no_switch_loss,vibration_gain_075,0.75,1.0,0.25,0.6675036549568176,0.3324962854385376,0.6150577664375305,0.38494229316711426,0.9999978542327881,0.7894383668899536,0.9994998574256897
333,302,dprf_no_switch_loss,vibration_gain_050,0.5,1.0,0.5,0.6635991930961609,0.3364008069038391,0.525391161441803,0.474608838558197,0.9999992847442627,0.5451355576515198,0.9997040629386902
333,302,dprf_no_switch_loss,vibration_gain_025,0.25,1.0,0.75,0.6595814824104309,0.3404184579849243,0.4337345361709595,0.5662654638290405,1.0,0.36874595284461975,0.9997871518135071
333,302,dprf_no_switch_loss,electrical_gain_075,1.0,0.75,0.25,0.997247576713562,0.0027524949982762337,0.9983232021331787,0.0016768246423453093,1.0,0.9913272857666016,0.6126976609230042
333,302,dprf_no_switch_loss,electrical_gain_050,1.0,0.5,0.5,0.99998939037323,1.0622375157254282e-05,0.9999949932098389,5.077522928331746e-06,1.0,0.9998013377189636,0.47868040204048157
333,302,dprf_no_switch_loss,electrical_gain_025,1.0,0.25,0.75,1.0,6.506382987936377e-08,1.0,2.897544426616605e-08,1.0,0.9999955296516418,0.42372962832450867
333,302,dprf_no_switch_loss,vibration_drift_025rms,0.75,1.0,0.25,0.6751603484153748,0.32483971118927,0.6465921998023987,0.3534078001976013,0.9999976754188538,0.8752626180648804,0.999367892742157
333,302,dprf_no_switch_loss,vibration_drift_050rms,0.5,1.0,0.5,0.6738668084144592,0.32613319158554077,0.6443898677825928,0.3556101620197296,0.9999974370002747,0.8721042275428772,0.9993703961372375
333,302,dprf_no_switch_loss,vibration_drift_100rms,0.0,1.0,1.0,0.6647688746452332,0.33523109555244446,0.6309966444969177,0.36900338530540466,0.9999967813491821,0.8577041029930115,0.9993183016777039
333,302,dprf_no_switch_loss,electrical_drift_025rms,1.0,0.75,0.25,0.678197979927063,0.3218019902706146,0.6512268781661987,0.34877312183380127,0.9999966621398926,0.8796799778938293,0.9977568984031677
333,302,dprf_no_switch_loss,electrical_drift_050rms,1.0,0.5,0.5,0.6487203240394592,0.35127973556518555,0.7725796699523926,0.2274203598499298,0.9999938607215881,0.9913829565048218,0.5160622000694275
333,302,dprf_no_switch_loss,electrical_drift_100rms,1.0,0.0,1.0,0.6873371601104736,0.31266286969184875,0.9350420236587524,0.06495792418718338,1.0,0.9999994039535522,0.1652660220861435
333,302,dprf_no_semantic,clean_reextract,1.0,1.0,0.0,0.5,0.5,0.470578134059906,0.529421865940094,0.13266363739967346,0.8888911008834839,0.9991873502731323
333,302,dprf_no_semantic,vibration_missing,0.0,1.0,1.0,0.5,0.5,0.0015220402274280787,0.9984779953956604,0.9992730021476746,0.0015236993785947561,0.999656081199646
333,302,dprf_no_semantic,electrical_missing,1.0,0.0,1.0,0.5,0.5,0.9969354271888733,0.0030646095983684063,0.9993774890899658,0.9994139075279236,0.0030787347350269556
333,302,dprf_no_semantic,vibration_gain_075,0.75,1.0,0.25,0.5,0.5,0.44423508644104004,0.5557648539543152,0.2288144826889038,0.8008828163146973,0.9992351531982422
333,302,dprf_no_semantic,vibration_gain_050,0.5,1.0,0.5,0.5,0.5,0.36162856221199036,0.638371467590332,0.4410141408443451,0.572879433631897,0.999509871006012
333,302,dprf_no_semantic,vibration_gain_025,0.25,1.0,0.75,0.5,0.5,0.2540757656097412,0.7459242343902588,0.5966773629188538,0.35201647877693176,0.9995565414428711
333,302,dprf_no_semantic,electrical_gain_075,1.0,0.75,0.25,0.5,0.5,0.6346243023872375,0.36537569761276245,0.4204132854938507,0.9780193567276001,0.5686607956886292
333,302,dprf_no_semantic,electrical_gain_050,1.0,0.5,0.5,0.5,0.5,0.6664551496505737,0.3335447907447815,0.4923897087574005,0.9989703297615051,0.5000656843185425
333,302,dprf_no_semantic,electrical_gain_025,1.0,0.25,0.75,0.5,0.5,0.6736502647399902,0.32634976506233215,0.5012564063072205,0.9999555945396423,0.48464980721473694
333,302,dprf_no_semantic,vibration_drift_025rms,0.75,1.0,0.25,0.5,0.5,0.4704533517360687,0.5295466184616089,0.13304060697555542,0.8884474635124207,0.9991912245750427
333,302,dprf_no_semantic,vibration_drift_050rms,0.5,1.0,0.5,0.5,0.5,0.46997448801994324,0.5300255417823792,0.1346408873796463,0.8867018222808838,0.9991390109062195
333,302,dprf_no_semantic,vibration_drift_100rms,0.0,1.0,1.0,0.5,0.5,0.46749746799468994,0.5325024724006653,0.14236600697040558,0.8781664967536926,0.9990962147712708
333,302,dprf_no_semantic,electrical_drift_025rms,1.0,0.75,0.25,0.5,0.5,0.4702650010585785,0.5297349691390991,0.15713633596897125,0.8865169882774353,0.9977028369903564
333,302,dprf_no_semantic,electrical_drift_050rms,1.0,0.5,0.5,0.5,0.5,0.6747105717658997,0.32528939843177795,0.4924984574317932,0.9930452108383179,0.4821314811706543
333,302,dprf_no_semantic,electrical_drift_100rms,1.0,0.0,1.0,0.5,0.5,0.7965402603149414,0.20345978438854218,0.9094846248626709,0.9999994039535522,0.2611922323703766
333,302,dprf_full,clean_reextract,1.0,1.0,0.0,0.6935561299324036,0.3064438998699188,0.6789829730987549,0.32101699709892273,0.13434280455112457,0.8798427581787109,0.9997543096542358
333,302,dprf_full,vibration_missing,0.0,1.0,1.0,0.5715473294258118,0.428452730178833,0.0008157282718457282,0.999184250831604,0.9980831146240234,0.0004387602093629539,0.999949038028717
333,302,dprf_full,electrical_missing,1.0,0.0,1.0,0.7212796211242676,0.27872028946876526,0.999453604221344,0.0005463003762997687,0.99884432554245,0.9997318387031555,0.0011553533840924501
333,302,dprf_full,vibration_gain_075,0.75,1.0,0.25,0.6386330127716064,0.36136701703071594,0.6090847253799438,0.39091530442237854,0.2392134815454483,0.7828671932220459,0.999794065952301
333,302,dprf_full,vibration_gain_050,0.5,1.0,0.5,0.6050408482551575,0.39495915174484253,0.5290913581848145,0.4709087014198303,0.46233826875686646,0.5428602695465088,0.9998814463615417
333,302,dprf_full,vibration_gain_025,0.25,1.0,0.75,0.6205675601959229,0.3794325292110443,0.4617379605770111,0.5382620096206665,0.6075618267059326,0.34258610010147095,0.9998995065689087
333,302,dprf_full,electrical_gain_075,1.0,0.75,0.25,0.921074628829956,0.07892538607120514,0.9474347233772278,0.05256534367799759,0.4039108157157898,0.9900967478752136,0.5895788073539734
333,302,dprf_full,electrical_gain_050,1.0,0.5,0.5,0.9951242804527283,0.00487570371478796,0.9975914359092712,0.002408631844446063,0.4885074198246002,0.999993085861206,0.4939557611942291
333,302,dprf_full,electrical_gain_025,1.0,0.25,0.75,0.9995884895324707,0.0004114706825930625,0.9998044371604919,0.00019555391918402165,0.49098679423332214,1.0,0.4772412180900574
333,302,dprf_full,vibration_drift_025rms,0.75,1.0,0.25,0.6948657631874084,0.30513423681259155,0.680209219455719,0.319790780544281,0.13475589454174042,0.8790782690048218,0.9997566342353821
333,302,dprf_full,vibration_drift_050rms,0.5,1.0,0.5,0.700313150882721,0.29968684911727905,0.685294508934021,0.314705491065979,0.13670429587364197,0.8768188953399658,0.9996985197067261
333,302,dprf_full,vibration_drift_100rms,0.0,1.0,1.0,0.7192810773849487,0.28071895241737366,0.7024004459381104,0.2975994944572449,0.14669600129127502,0.8668590784072876,0.9996177554130554
333,302,dprf_full,electrical_drift_025rms,1.0,0.75,0.25,0.709601104259491,0.29039886593818665,0.6957147121429443,0.3042852282524109,0.15832042694091797,0.8798169493675232,0.9990414977073669
333,302,dprf_full,electrical_drift_050rms,1.0,0.5,0.5,0.764678418636322,0.23532162606716156,0.8207640051841736,0.17923593521118164,0.5224037766456604,0.9979237914085388,0.5013033747673035
333,302,dprf_full,electrical_drift_100rms,1.0,0.0,1.0,0.8695290088653564,0.1304708570241928,0.9035207629203796,0.09647925943136215,0.8534680008888245,1.0,0.4666992425918579
333,303,gate_da,clean_reextract,1.0,1.0,0.0,0.7428799867630005,0.25711992383003235,,,,,
333,303,gate_da,vibration_missing,0.0,1.0,1.0,0.0325627326965332,0.9674372673034668,,,,,
333,303,gate_da,electrical_missing,1.0,0.0,1.0,0.9611151814460754,0.03888474032282829,,,,,
333,303,gate_da,vibration_gain_075,0.75,1.0,0.25,0.6838048100471497,0.31619516015052795,,,,,
333,303,gate_da,vibration_gain_050,0.5,1.0,0.5,0.6655962467193604,0.3344038128852844,,,,,
333,303,gate_da,vibration_gain_025,0.25,1.0,0.75,0.6843468546867371,0.3156532049179077,,,,,
333,303,gate_da,electrical_gain_075,1.0,0.75,0.25,0.9999983310699463,1.8082481574310805e-06,,,,,
333,303,gate_da,electrical_gain_050,1.0,0.5,0.5,1.0,7.051087144716028e-12,,,,,
333,303,gate_da,electrical_gain_025,1.0,0.25,0.75,1.0,8.610634774641746e-12,,,,,
333,303,gate_da,vibration_drift_025rms,0.75,1.0,0.25,0.7431448101997375,0.2568551301956177,,,,,
333,303,gate_da,vibration_drift_050rms,0.5,1.0,0.5,0.7456062436103821,0.25439372658729553,,,,,
333,303,gate_da,vibration_drift_100rms,0.0,1.0,1.0,0.7569897770881653,0.24301017820835114,,,,,
333,303,gate_da,electrical_drift_025rms,1.0,0.75,0.25,0.7665315866470337,0.23346839845180511,,,,,
333,303,gate_da,electrical_drift_050rms,1.0,0.5,0.5,0.8546839356422424,0.14531604945659637,,,,,
333,303,gate_da,electrical_drift_100rms,1.0,0.0,1.0,0.9142292141914368,0.08577083051204681,,,,,
333,303,rcarf_hard,clean_reextract,1.0,1.0,0.0,,,0.002530028810724616,0.997469961643219,0.2244480550289154,,
333,303,rcarf_hard,vibration_missing,0.0,1.0,1.0,,,0.0003854542737826705,0.9996145367622375,0.9986306428909302,,
333,303,rcarf_hard,electrical_missing,1.0,0.0,1.0,,,0.9999510645866394,4.889907722827047e-05,0.9989303946495056,,
333,303,rcarf_hard,vibration_gain_075,0.75,1.0,0.25,,,0.00041582269477657974,0.9995841383934021,0.4250238537788391,,
333,303,rcarf_hard,vibration_gain_050,0.5,1.0,0.5,,,0.00018944373005069792,0.9998105764389038,0.7809908986091614,,
333,303,rcarf_hard,vibration_gain_025,0.25,1.0,0.75,,,0.00021991955873090774,0.9997801184654236,0.9106602668762207,,
333,303,rcarf_hard,electrical_gain_075,1.0,0.75,0.25,,,0.9954608082771301,0.004539145156741142,0.9910081028938293,,
333,303,rcarf_hard,electrical_gain_050,1.0,0.5,0.5,,,1.0,8.363772727778412e-17,0.9999942779541016,,
333,303,rcarf_hard,electrical_gain_025,1.0,0.25,0.75,,,1.0,1.8781912871506877e-25,1.0,,
333,303,rcarf_hard,vibration_drift_025rms,0.75,1.0,0.25,,,0.002600623294711113,0.9973993897438049,0.22583284974098206,,
333,303,rcarf_hard,vibration_drift_050rms,0.5,1.0,0.5,,,0.002968614688143134,0.9970313906669617,0.23113664984703064,,
333,303,rcarf_hard,vibration_drift_100rms,0.0,1.0,1.0,,,0.0037773402873426676,0.9962226152420044,0.25719016790390015,,
333,303,rcarf_hard,electrical_drift_025rms,1.0,0.75,0.25,,,0.030067725107073784,0.9699321985244751,0.2803388833999634,,
333,303,rcarf_hard,electrical_drift_050rms,1.0,0.5,0.5,,,0.9999816417694092,1.8403548892820254e-05,0.9991334676742554,,
333,303,rcarf_hard,electrical_drift_100rms,1.0,0.0,1.0,,,1.0,1.6258924729739098e-34,1.0,,
333,303,dprf_no_rel_loss,clean_reextract,1.0,1.0,0.0,0.8894765973091125,0.11052349954843521,0.8995490670204163,0.10045090317726135,0.13853971660137177,0.9893127083778381,0.22893179953098297
333,303,dprf_no_rel_loss,vibration_missing,0.0,1.0,1.0,0.08431920409202576,0.9156807661056519,0.04558078199625015,0.9544193148612976,0.9976433515548706,0.3651951849460602,0.737548291683197
333,303,dprf_no_rel_loss,electrical_missing,1.0,0.0,1.0,0.9969834089279175,0.0030166313517838717,0.9990308284759521,0.0009691388695500791,0.9988034963607788,0.9971192479133606,0.10269699990749359
333,303,dprf_no_rel_loss,vibration_gain_075,0.75,1.0,0.25,0.7832446098327637,0.21675539016723633,0.7944455146789551,0.20555441081523895,0.2344551980495453,0.9840608835220337,0.29611527919769287
333,303,dprf_no_rel_loss,vibration_gain_050,0.5,1.0,0.5,0.7306857109069824,0.26931431889533997,0.7344066500663757,0.2655933201313019,0.4265816807746887,0.9879269003868103,0.3188877999782562
333,303,dprf_no_rel_loss,vibration_gain_025,0.25,1.0,0.75,0.7321227788925171,0.26787716150283813,0.7344276309013367,0.26557236909866333,0.5932399034500122,0.9952394366264343,0.3132396936416626
333,303,dprf_no_rel_loss,electrical_gain_075,1.0,0.75,0.25,0.9952706098556519,0.0047293431125581264,0.9989522099494934,0.0010477411560714245,0.3412991166114807,0.9975228309631348,0.05447128042578697
333,303,dprf_no_rel_loss,electrical_gain_050,1.0,0.5,0.5,0.999611496925354,0.000388498418033123,0.9999915957450867,8.334546691912692e-06,0.5117701292037964,0.9988806843757629,0.010204513557255268
333,303,dprf_no_rel_loss,electrical_gain_025,1.0,0.25,0.75,0.9999700784683228,2.986927211168222e-05,0.9999999403953552,1.1102023478315459e-07,0.5198212265968323,0.9997246265411377,0.001738309976644814
333,303,dprf_no_rel_loss,vibration_drift_025rms,0.75,1.0,0.25,0.88982754945755,0.11017241328954697,0.8999072909355164,0.10009276866912842,0.13871946930885315,0.9892635345458984,0.22731392085552216
333,303,dprf_no_rel_loss,vibration_drift_050rms,0.5,1.0,0.5,0.8904138207435608,0.10958609730005264,0.9004443883895874,0.09955558180809021,0.1398465931415558,0.9888428449630737,0.2226041704416275
333,303,dprf_no_rel_loss,vibration_drift_100rms,0.0,1.0,1.0,0.8948332071304321,0.10516680032014847,0.9054984450340271,0.09450145065784454,0.14401957392692566,0.9863397479057312,0.20201079547405243
333,303,dprf_no_rel_loss,electrical_drift_025rms,1.0,0.75,0.25,0.8805413842201233,0.11945857107639313,0.8901237845420837,0.10987627506256104,0.1664946973323822,0.9890201687812805,0.23404529690742493
333,303,dprf_no_rel_loss,electrical_drift_050rms,1.0,0.5,0.5,0.8318653106689453,0.1681346446275711,0.8476353883743286,0.15236464142799377,0.487429678440094,0.9975168108940125,0.27402231097221375
333,303,dprf_no_rel_loss,electrical_drift_100rms,1.0,0.0,1.0,0.5442972779273987,0.45570266246795654,0.5775648951530457,0.42243510484695435,0.9836150407791138,0.9999915361404419,0.44172024726867676
333,303,dprf_no_switch_loss,clean_reextract,1.0,1.0,0.0,0.6248159408569336,0.3751840591430664,0.5997551679611206,0.4002448320388794,0.9999999403953552,0.8868532180786133,0.9992326498031616
333,303,dprf_no_switch_loss,vibration_missing,0.0,1.0,1.0,0.5207881927490234,0.47921183705329895,0.0005580742727033794,0.999441921710968,0.9997817277908325,0.0004904689267277718,0.9999122023582458
333,303,dprf_no_switch_loss,electrical_missing,1.0,0.0,1.0,0.5934184789657593,0.4065815210342407,0.9991931319236755,0.0008068531169556081,0.9999924302101135,0.9996169209480286,0.0012161425547674298
333,303,dprf_no_switch_loss,vibration_gain_075,0.75,1.0,0.25,0.6085581183433533,0.3914419114589691,0.5587118864059448,0.4412881135940552,0.9999999403953552,0.7940515279769897,0.999474048614502
333,303,dprf_no_switch_loss,vibration_gain_050,0.5,1.0,0.5,0.60118567943573,0.3988143503665924,0.46810150146484375,0.5318984985351562,1.0,0.5440130233764648,0.9996728897094727
333,303,dprf_no_switch_loss,vibration_gain_025,0.25,1.0,0.75,0.6009213328361511,0.3990786373615265,0.393260657787323,0.606739342212677,1.0,0.38705936074256897,0.9997351765632629
333,303,dprf_no_switch_loss,electrical_gain_075,1.0,0.75,0.25,0.6734656691551208,0.32653430104255676,0.7517978549003601,0.24820220470428467,1.0,0.9779213666915894,0.6005316376686096
333,303,dprf_no_switch_loss,electrical_gain_050,1.0,0.5,0.5,0.7114183306694031,0.2885816991329193,0.8137966394424438,0.18620334565639496,1.0,0.9987378120422363,0.49848344922065735
333,303,dprf_no_switch_loss,electrical_gain_025,1.0,0.25,0.75,0.7415593266487122,0.25844064354896545,0.8389660120010376,0.1610340029001236,1.0,0.9999217987060547,0.48546090722084045
333,303,dprf_no_switch_loss,vibration_drift_025rms,0.75,1.0,0.25,0.625217080116272,0.374782919883728,0.6000201106071472,0.3999798595905304,0.9999999403953552,0.8861728310585022,0.9992275834083557
333,303,dprf_no_switch_loss,vibration_drift_050rms,0.5,1.0,0.5,0.6266295909881592,0.37337034940719604,0.6008923053741455,0.3991076648235321,0.9999998211860657,0.8835868239402771,0.9991788864135742
333,303,dprf_no_switch_loss,vibration_drift_100rms,0.0,1.0,1.0,0.6305779218673706,0.36942213773727417,0.6025413870811462,0.39745861291885376,0.9999998211860657,0.8729643225669861,0.9990057945251465
333,303,dprf_no_switch_loss,electrical_drift_025rms,1.0,0.75,0.25,0.6215713024139404,0.3784286379814148,0.5954260230064392,0.4045740067958832,0.9999998211860657,0.8811866044998169,0.9968780279159546
333,303,dprf_no_switch_loss,electrical_drift_050rms,1.0,0.5,0.5,0.5934337973594666,0.40656614303588867,0.7212476134300232,0.2787524163722992,0.9999999403953552,0.9954696893692017,0.5028204917907715
333,303,dprf_no_switch_loss,electrical_drift_100rms,1.0,0.0,1.0,0.5394995808601379,0.46050041913986206,0.7749304175376892,0.22506965696811676,1.0,1.0,0.30770155787467957
333,303,dprf_no_semantic,clean_reextract,1.0,1.0,0.0,0.5,0.5,0.4710555672645569,0.5289444327354431,0.115731380879879,0.8907580375671387,0.9991362690925598
333,303,dprf_no_semantic,vibration_missing,0.0,1.0,1.0,0.5,0.5,0.0010479564080014825,0.9989520907402039,0.9989627599716187,0.001050820224918425,0.9999023079872131
333,303,dprf_no_semantic,electrical_missing,1.0,0.0,1.0,0.5,0.5,0.9993077516555786,0.0006922853644937277,0.9989417195320129,0.999763548374176,0.0006930505041964352
333,303,dprf_no_semantic,vibration_gain_075,0.75,1.0,0.25,0.5,0.5,0.43953174352645874,0.560468316078186,0.21447019279003143,0.7858241200447083,0.9991770386695862
333,303,dprf_no_semantic,vibration_gain_050,0.5,1.0,0.5,0.5,0.5,0.3526573181152344,0.6473426222801208,0.43671560287475586,0.5510229468345642,0.9993239045143127
333,303,dprf_no_semantic,vibration_gain_025,0.25,1.0,0.75,0.5,0.5,0.2756718397140503,0.7243281006813049,0.6426532864570618,0.38734742999076843,0.999333918094635
333,303,dprf_no_semantic,electrical_gain_075,1.0,0.75,0.25,0.5,0.5,0.6314187049865723,0.36858129501342773,0.36915189027786255,0.9791005253791809,0.581474781036377
333,303,dprf_no_semantic,electrical_gain_050,1.0,0.5,0.5,0.5,0.5,0.6783797144889832,0.3216201961040497,0.5065904259681702,0.9996285438537598,0.47497496008872986
333,303,dprf_no_semantic,electrical_gain_025,1.0,0.25,0.75,0.5,0.5,0.6975923776626587,0.3024076223373413,0.5095570683479309,0.9999933242797852,0.43466901779174805
333,303,dprf_no_semantic,vibration_drift_025rms,0.75,1.0,0.25,0.5,0.5,0.4709213674068451,0.5290786027908325,0.11618958413600922,0.8902556300163269,0.9991381168365479
333,303,dprf_no_semantic,vibration_drift_050rms,0.5,1.0,0.5,0.5,0.5,0.47043463587760925,0.5295653939247131,0.11798323690891266,0.8884166479110718,0.999092161655426
333,303,dprf_no_semantic,vibration_drift_100rms,0.0,1.0,1.0,0.5,0.5,0.4689190089702606,0.5310810208320618,0.12402498722076416,0.8827961087226868,0.998943030834198
333,303,dprf_no_semantic,electrical_drift_025rms,1.0,0.75,0.25,0.5,0.5,0.46931326389312744,0.5306866765022278,0.14057199656963348,0.883150577545166,0.9970147013664246
333,303,dprf_no_semantic,electrical_drift_050rms,1.0,0.5,0.5,0.5,0.5,0.6678448915481567,0.3321550786495209,0.5034268498420715,0.9942135214805603,0.4954794943332672
333,303,dprf_no_semantic,electrical_drift_100rms,1.0,0.0,1.0,0.5,0.5,0.8198243975639343,0.18017560243606567,0.9435482621192932,1.0,0.22418448328971863
333,303,dprf_full,clean_reextract,1.0,1.0,0.0,0.6917787790298462,0.30822116136550903,0.6758942008018494,0.32410576939582825,0.1253959685564041,0.8871761560440063,0.9989283680915833
333,303,dprf_full,vibration_missing,0.0,1.0,1.0,0.48177066445350647,0.5182293057441711,0.0014149931957945228,0.9985849261283875,0.9989457726478577,0.0012842443538829684,0.999873161315918
333,303,dprf_full,electrical_missing,1.0,0.0,1.0,0.7757576107978821,0.22424231469631195,0.9997090697288513,0.000290929019683972,0.9993322491645813,0.9998006820678711,0.0007346545462496579
333,303,dprf_full,vibration_gain_075,0.75,1.0,0.25,0.6267825961112976,0.3732173442840576,0.5930770039558411,0.40692296624183655,0.22434276342391968,0.7921000719070435,0.9989357590675354
333,303,dprf_full,vibration_gain_050,0.5,1.0,0.5,0.5813745856285095,0.41862544417381287,0.4965512156486511,0.5034488439559937,0.46048253774642944,0.5646522045135498,0.9991973638534546
333,303,dprf_full,vibration_gain_025,0.25,1.0,0.75,0.5586056709289551,0.4413943886756897,0.4069916605949402,0.5930083394050598,0.6362653970718384,0.38493824005126953,0.9992614984512329
333,303,dprf_full,electrical_gain_075,1.0,0.75,0.25,0.9091125726699829,0.09088736027479172,0.9336287379264832,0.06637123227119446,0.387525737285614,0.9924052953720093,0.5604681968688965
333,303,dprf_full,electrical_gain_050,1.0,0.5,0.5,0.9889538884162903,0.011046205647289753,0.9944878220558167,0.005512232892215252,0.5045708417892456,0.9999236464500427,0.4926444888114929
333,303,dprf_full,electrical_gain_025,1.0,0.25,0.75,0.9988842010498047,0.0011158222332596779,0.9994952082633972,0.000504680851008743,0.5066673159599304,0.9999989867210388,0.4676450192928314
333,303,dprf_full,vibration_drift_025rms,0.75,1.0,0.25,0.6930041313171387,0.3069958984851837,0.6771059036254883,0.3228940963745117,0.1260424107313156,0.8864886164665222,0.9989227652549744
333,303,dprf_full,vibration_drift_050rms,0.5,1.0,0.5,0.696992814540863,0.30300718545913696,0.6809701919555664,0.319029837846756,0.12826789915561676,0.8842388391494751,0.9988630414009094
333,303,dprf_full,vibration_drift_100rms,0.0,1.0,1.0,0.7107838988304138,0.2892160713672638,0.6945539712905884,0.305446058511734,0.1372876912355423,0.8766379356384277,0.9986611008644104
333,303,dprf_full,electrical_drift_025rms,1.0,0.75,0.25,0.6970717310905457,0.30292823910713196,0.6812502145767212,0.3187498450279236,0.15051531791687012,0.881987452507019,0.9957275390625
333,303,dprf_full,electrical_drift_050rms,1.0,0.5,0.5,0.7064207196235657,0.29357925057411194,0.7621638774871826,0.23783613741397858,0.495525985956192,0.9947928786277771,0.49155569076538086
333,303,dprf_full,electrical_drift_100rms,1.0,0.0,1.0,0.6615805625915527,0.3384194076061249,0.7339819073677063,0.2660180926322937,0.957247257232666,1.0,0.38269251585006714
333,304,gate_da,clean_reextract,1.0,1.0,0.0,0.6568872332572937,0.3431128263473511,,,,,
333,304,gate_da,vibration_missing,0.0,1.0,1.0,0.03932662308216095,0.9606733322143555,,,,,
333,304,gate_da,electrical_missing,1.0,0.0,1.0,0.9609066247940063,0.03909343481063843,,,,,
333,304,gate_da,vibration_gain_075,0.75,1.0,0.25,0.5818486213684082,0.4181513786315918,,,,,
333,304,gate_da,vibration_gain_050,0.5,1.0,0.5,0.5518935322761536,0.44810640811920166,,,,,
333,304,gate_da,vibration_gain_025,0.25,1.0,0.75,0.5518032312393188,0.44819676876068115,,,,,
333,304,gate_da,electrical_gain_075,1.0,0.75,0.25,0.999994695186615,5.313670953910332e-06,,,,,
333,304,gate_da,electrical_gain_050,1.0,0.5,0.5,1.0,1.4058967748656337e-12,,,,,
333,304,gate_da,electrical_gain_025,1.0,0.25,0.75,1.0,7.704335409900523e-19,,,,,
333,304,gate_da,vibration_drift_025rms,0.75,1.0,0.25,0.6553938388824463,0.3446061909198761,,,,,
333,304,gate_da,vibration_drift_050rms,0.5,1.0,0.5,0.6541668772697449,0.34583309292793274,,,,,
333,304,gate_da,vibration_drift_100rms,0.0,1.0,1.0,0.6475707292556763,0.35242924094200134,,,,,
333,304,gate_da,electrical_drift_025rms,1.0,0.75,0.25,0.6761699914932251,0.32383012771606445,,,,,
333,304,gate_da,electrical_drift_050rms,1.0,0.5,0.5,0.73135906457901,0.26864093542099,,,,,
333,304,gate_da,electrical_drift_100rms,1.0,0.0,1.0,0.47537872195243835,0.524621307849884,,,,,
333,304,rcarf_hard,clean_reextract,1.0,1.0,0.0,,,0.00024366474826820195,0.9997563362121582,0.21864745020866394,,
333,304,rcarf_hard,vibration_missing,0.0,1.0,1.0,,,0.0001219713085447438,0.9998779892921448,0.99885094165802,,
333,304,rcarf_hard,electrical_missing,1.0,0.0,1.0,,,0.9983720779418945,0.0016279491828754544,0.9983110427856445,,
333,304,rcarf_hard,vibration_gain_075,0.75,1.0,0.25,,,2.8166583433630876e-05,0.9999718070030212,0.39412811398506165,,
333,304,rcarf_hard,vibration_gain_050,0.5,1.0,0.5,,,7.785809430060908e-06,0.9999921917915344,0.7954583764076233,,
333,304,rcarf_hard,vibration_gain_025,0.25,1.0,0.75,,,6.1935097619425505e-06,0.9999939203262329,0.930146336555481,,
333,304,rcarf_hard,electrical_gain_075,1.0,0.75,0.25,,,0.9956514835357666,0.004348578862845898,0.9996659755706787,,
333,304,rcarf_hard,electrical_gain_050,1.0,0.5,0.5,,,1.0,2.9572395113040383e-16,1.0,,
333,304,rcarf_hard,electrical_gain_025,1.0,0.25,0.75,,,1.0,1.517293062134952e-27,1.0,,
333,304,rcarf_hard,vibration_drift_025rms,0.75,1.0,0.25,,,0.0002481688279658556,0.9997518658638,0.2198682278394699,,
333,304,rcarf_hard,vibration_drift_050rms,0.5,1.0,0.5,,,0.000277477694908157,0.9997225403785706,0.22485949099063873,,
333,304,rcarf_hard,vibration_drift_100rms,0.0,1.0,1.0,,,0.0004017264291178435,0.9995982646942139,0.24336616694927216,,
333,304,rcarf_hard,electrical_drift_025rms,1.0,0.75,0.25,,,0.003601234406232834,0.9963987469673157,0.25312379002571106,,
333,304,rcarf_hard,electrical_drift_050rms,1.0,0.5,0.5,,,0.9995196461677551,0.00048038025852292776,0.9977290034294128,,
333,304,rcarf_hard,electrical_drift_100rms,1.0,0.0,1.0,,,1.0,1.2261610725687181e-30,1.0,,
333,304,dprf_no_rel_loss,clean_reextract,1.0,1.0,0.0,0.9813529849052429,0.018647024407982826,0.9897573590278625,0.010242682881653309,0.136670783162117,0.94785475730896,0.048271916806697845
333,304,dprf_no_rel_loss,vibration_missing,0.0,1.0,1.0,0.004282949026674032,0.9957170486450195,0.0015470635844394565,0.9984528422355652,0.9989089965820312,0.16178780794143677,0.7497619390487671
333,304,dprf_no_rel_loss,electrical_missing,1.0,0.0,1.0,0.9999188780784607,8.122944564092904e-05,0.999999463558197,5.479424203258532e-07,0.999137818813324,0.975557804107666,0.006243900395929813
333,304,dprf_no_rel_loss,vibration_gain_075,0.75,1.0,0.25,0.8842939138412476,0.11570613831281662,0.9016318321228027,0.09836820513010025,0.24064181745052338,0.9199003577232361,0.13240300118923187
333,304,dprf_no_rel_loss,vibration_gain_050,0.5,1.0,0.5,0.8126854300498962,0.18731461465358734,0.8166840076446533,0.18331599235534668,0.445295125246048,0.890813946723938,0.22245387732982635
333,304,dprf_no_rel_loss,vibration_gain_025,0.25,1.0,0.75,0.8069878816604614,0.1930120885372162,0.8084446787834167,0.19155526161193848,0.6037823557853699,0.8921356797218323,0.24020208418369293
333,304,dprf_no_rel_loss,electrical_gain_075,1.0,0.75,0.25,0.9999839067459106,1.6068936020019464e-05,1.0,5.714460016292833e-08,0.42113208770751953,0.9815168976783752,0.0032455120235681534
333,304,dprf_no_rel_loss,electrical_gain_050,1.0,0.5,0.5,0.9999986886978149,1.3323392522579525e-06,1.0,9.072338991167328e-10,0.49659428000450134,0.9876143336296082,0.0004614699864760041
333,304,dprf_no_rel_loss,electrical_gain_025,1.0,0.25,0.75,0.9999996423721313,3.798314196501451e-07,1.0,1.1510660480329449e-10,0.5283479690551758,0.9851450324058533,7.069798448355868e-05
333,304,dprf_no_rel_loss,vibration_drift_025rms,0.75,1.0,0.25,0.981139063835144,0.01886090449988842,0.989677906036377,0.0103220846503973,0.1373462975025177,0.9474031329154968,0.048197995871305466
333,304,dprf_no_rel_loss,vibration_drift_050rms,0.5,1.0,0.5,0.9803035855293274,0.019696412608027458,0.9892864227294922,0.010713648051023483,0.13939565420150757,0.9460178017616272,0.04735131561756134
333,304,dprf_no_rel_loss,vibration_drift_100rms,0.0,1.0,1.0,0.9696912169456482,0.030308816581964493,0.9828720092773438,0.01712801493704319,0.1463615447282791,0.9384467601776123,0.045636195689439774
333,304,dprf_no_rel_loss,electrical_drift_025rms,1.0,0.75,0.25,0.9808728098869324,0.019127190113067627,0.9898568391799927,0.0101430993527174,0.1594068557024002,0.9464855194091797,0.04700937494635582
333,304,dprf_no_rel_loss,electrical_drift_050rms,1.0,0.5,0.5,0.9774525165557861,0.022547489032149315,0.9858198165893555,0.01418021135032177,0.4914582073688507,0.9498159289360046,0.07287707179784775
333,304,dprf_no_rel_loss,electrical_drift_100rms,1.0,0.0,1.0,0.8510741591453552,0.14892596006393433,0.8804458379745483,0.11955419927835464,0.9008910655975342,0.8969507813453674,0.18674138188362122
333,304,dprf_no_switch_loss,clean_reextract,1.0,1.0,0.0,0.5841924548149109,0.4158075153827667,0.5547946691513062,0.44520533084869385,1.0,0.8838921189308167,0.9991652965545654
333,304,dprf_no_switch_loss,vibration_missing,0.0,1.0,1.0,0.5100888013839722,0.48991119861602783,0.00012963094923179597,0.9998703002929688,0.9999362826347351,0.00012636935571208596,0.9998754858970642
333,304,dprf_no_switch_loss,electrical_missing,1.0,0.0,1.0,0.5824695229530334,0.41753047704696655,0.9994666576385498,0.0005333399749360979,0.9999961256980896,0.9994505047798157,0.0007156555075198412
333,304,dprf_no_switch_loss,vibration_gain_075,0.75,1.0,0.25,0.5747730731964111,0.42522692680358887,0.5102188587188721,0.4897811710834503,1.0,0.7665862441062927,0.9995051026344299
333,304,dprf_no_switch_loss,vibration_gain_050,0.5,1.0,0.5,0.5684981942176819,0.4315018057823181,0.41225457191467285,0.5877453684806824,1.0,0.5199883580207825,0.9996708035469055
333,304,dprf_no_switch_loss,vibration_gain_025,0.25,1.0,0.75,0.5677305459976196,0.432269424200058,0.3214224576950073,0.6785775423049927,1.0,0.35338011384010315,0.9996916055679321
333,304,dprf_no_switch_loss,electrical_gain_075,1.0,0.75,0.25,0.8128817677497864,0.18711818754673004,0.8859218955039978,0.11407818645238876,1.0,0.9839677810668945,0.5490081310272217
333,304,dprf_no_switch_loss,electrical_gain_050,1.0,0.5,0.5,0.9251934289932251,0.07480660080909729,0.9598641395568848,0.04013592004776001,1.0,0.9994733333587646,0.5025350451469421
333,304,dprf_no_switch_loss,electrical_gain_025,1.0,0.25,0.75,0.972878634929657,0.027121352031826973,0.9859916567802429,0.014008371159434319,1.0,0.9999861121177673,0.5028389692306519
333,304,dprf_no_switch_loss,vibration_drift_025rms,0.75,1.0,0.25,0.5843184590339661,0.41568151116371155,0.5548363327980042,0.445163756608963,1.0,0.8833460211753845,0.9991060495376587
333,304,dprf_no_switch_loss,vibration_drift_050rms,0.5,1.0,0.5,0.5851631760597229,0.4148367941379547,0.5552721619606018,0.4447278380393982,1.0,0.8815876245498657,0.9989871978759766
333,304,dprf_no_switch_loss,vibration_drift_100rms,0.0,1.0,1.0,0.5856084227561951,0.41439157724380493,0.5534680485725403,0.44653192162513733,1.0,0.8729390501976013,0.9984625577926636
333,304,dprf_no_switch_loss,electrical_drift_025rms,1.0,0.75,0.25,0.581699550151825,0.41830047965049744,0.5531666874885559,0.4468333423137665,1.0,0.8847978115081787,0.9965350031852722
333,304,dprf_no_switch_loss,electrical_drift_050rms,1.0,0.5,0.5,0.5586263537406921,0.44137367606163025,0.7043725848197937,0.2956274151802063,1.0,0.9942366480827332,0.502081573009491
333,304,dprf_no_switch_loss,electrical_drift_100rms,1.0,0.0,1.0,0.4994659125804901,0.5005341172218323,0.7854279279708862,0.21457213163375854,1.0,1.0,0.23562587797641754
333,304,dprf_no_semantic,clean_reextract,1.0,1.0,0.0,0.5,0.5,0.4693783223628998,0.5306217074394226,0.12617869675159454,0.8853994607925415,0.9996317625045776
333,304,dprf_no_semantic,vibration_missing,0.0,1.0,1.0,0.5,0.5,0.00024698529159650207,0.999752938747406,0.9997469782829285,0.0002470553736202419,0.9999357461929321
333,304,dprf_no_semantic,electrical_missing,1.0,0.0,1.0,0.5,0.5,0.999448835849762,0.0005512199713848531,0.9986510872840881,0.9998339414596558,0.0005519145051948726
333,304,dprf_no_semantic,vibration_gain_075,0.75,1.0,0.25,0.5,0.5,0.43737491965293884,0.5626250505447388,0.21800482273101807,0.7802323698997498,0.9998013973236084
333,304,dprf_no_semantic,vibration_gain_050,0.5,1.0,0.5,0.5,0.5,0.3505122661590576,0.6494877338409424,0.47923800349235535,0.5451130867004395,0.9998775720596313
333,304,dprf_no_semantic,vibration_gain_025,0.25,1.0,0.75,0.5,0.5,0.261775404214859,0.7382245063781738,0.6616653203964233,0.36255908012390137,0.9999273419380188
333,304,dprf_no_semantic,electrical_gain_075,1.0,0.75,0.25,0.5,0.5,0.6360904574394226,0.363909512758255,0.38552045822143555,0.9764648079872131,0.5620978474617004
333,304,dprf_no_semantic,electrical_gain_050,1.0,0.5,0.5,0.5,0.5,0.6480414867401123,0.35195857286453247,0.49762162566185,0.9989867806434631,0.5426958799362183
333,304,dprf_no_semantic,electrical_gain_025,1.0,0.25,0.75,0.5,0.5,0.6437225937843323,0.35627737641334534,0.499005526304245,0.9999547004699707,0.5535885095596313
333,304,dprf_no_semantic,vibration_drift_025rms,0.75,1.0,0.25,0.5,0.5,0.4692437946796417,0.5307561755180359,0.12696774303913116,0.8849063515663147,0.9995813369750977
333,304,dprf_no_semantic,vibration_drift_050rms,0.5,1.0,0.5,0.5,0.5,0.4688240587711334,0.5311759114265442,0.12951236963272095,0.8833554983139038,0.9994938969612122
333,304,dprf_no_semantic,vibration_drift_100rms,0.0,1.0,1.0,0.5,0.5,0.4671420753002167,0.5328578948974609,0.140374556183815,0.8770488500595093,0.9992092251777649
333,304,dprf_no_semantic,electrical_drift_025rms,1.0,0.75,0.25,0.5,0.5,0.47092315554618835,0.529076874256134,0.15115270018577576,0.8901599049568176,0.9986783266067505
333,304,dprf_no_semantic,electrical_drift_050rms,1.0,0.5,0.5,0.5,0.5,0.659360408782959,0.3406396210193634,0.4908061921596527,0.9935573935508728,0.5139405727386475
333,304,dprf_no_semantic,electrical_drift_100rms,1.0,0.0,1.0,0.5,0.5,0.7220072150230408,0.27799275517463684,0.770314633846283,0.9999955296516418,0.39168432354927063
333,304,dprf_full,clean_reextract,1.0,1.0,0.0,0.6499830484390259,0.3500170111656189,0.6295851469039917,0.3704148232936859,0.13613580167293549,0.8760318756103516,0.9981487393379211
333,304,dprf_full,vibration_missing,0.0,1.0,1.0,0.5015377402305603,0.4984622895717621,0.0006386869354173541,0.9993612766265869,0.9992004632949829,0.00036705427919514477,0.9999508261680603
333,304,dprf_full,electrical_missing,1.0,0.0,1.0,0.8005158305168152,0.19948415458202362,0.9998536705970764,0.00014642660971730947,0.9995280504226685,0.9998397827148438,0.0002490004408173263
333,304,dprf_full,vibration_gain_075,0.75,1.0,0.25,0.5765827298164368,0.4234172999858856,0.5315156579017639,0.46848437190055847,0.2500993311405182,0.7655689716339111,0.9992681741714478
333,304,dprf_full,vibration_gain_050,0.5,1.0,0.5,0.5001850128173828,0.4998150169849396,0.40175357460975647,0.5982463955879211,0.46767398715019226,0.5308461785316467,0.9996848702430725
333,304,dprf_full,vibration_gain_025,0.25,1.0,0.75,0.4551596939563751,0.5448402762413025,0.3181740939617157,0.6818258762359619,0.5829083323478699,0.4062846899032593,0.9998487234115601
333,304,dprf_full,electrical_gain_075,1.0,0.75,0.25,0.8911190629005432,0.1088809072971344,0.9326327443122864,0.06736715137958527,0.44144365191459656,0.9851452112197876,0.5339391827583313
333,304,dprf_full,electrical_gain_050,1.0,0.5,0.5,0.9616953730583191,0.03830467164516449,0.9784811735153198,0.02151874080300331,0.49874064326286316,0.9998210072517395,0.5265385508537292
333,304,dprf_full,electrical_gain_025,1.0,0.25,0.75,0.9866706132888794,0.013329412788152695,0.9926986694335938,0.007301308214664459,0.49827882647514343,0.9999973773956299,0.5325071811676025
333,304,dprf_full,vibration_drift_025rms,0.75,1.0,0.25,0.6514061093330383,0.34859392046928406,0.631018877029419,0.36898115277290344,0.1366315484046936,0.8758686184883118,0.9979129433631897
333,304,dprf_full,vibration_drift_050rms,0.5,1.0,0.5,0.6563650369644165,0.3436349332332611,0.6358107924461365,0.36418914794921875,0.13862107694149017,0.8743425011634827,0.9976010322570801
333,304,dprf_full,vibration_drift_100rms,0.0,1.0,1.0,0.6730989217758179,0.32690098881721497,0.6505339741706848,0.3494659662246704,0.1466393768787384,0.8651309609413147,0.9965909719467163
333,304,dprf_full,electrical_drift_025rms,1.0,0.75,0.25,0.6586331725120544,0.34136685729026794,0.6383690237998962,0.36163094639778137,0.16285187005996704,0.8738614320755005,0.9947348833084106
333,304,dprf_full,electrical_drift_050rms,1.0,0.5,0.5,0.6561146974563599,0.34388527274131775,0.7329950928688049,0.2670048773288727,0.5046941041946411,0.9946101307868958,0.5108155608177185
333,304,dprf_full,electrical_drift_100rms,1.0,0.0,1.0,0.5853378772735596,0.41466206312179565,0.6663700342178345,0.33362990617752075,0.6404521465301514,1.0,0.4595189690589905
333,305,gate_da,clean_reextract,1.0,1.0,0.0,0.8283358216285706,0.17166419327259064,,,,,
333,305,gate_da,vibration_missing,0.0,1.0,1.0,0.10837268829345703,0.891627311706543,,,,,
333,305,gate_da,electrical_missing,1.0,0.0,1.0,0.9831075668334961,0.016892336308956146,,,,,
333,305,gate_da,vibration_gain_075,0.75,1.0,0.25,0.7563815116882324,0.24361854791641235,,,,,
333,305,gate_da,vibration_gain_050,0.5,1.0,0.5,0.7146317362785339,0.2853682339191437,,,,,
333,305,gate_da,vibration_gain_025,0.25,1.0,0.75,0.7250611782073975,0.2749388515949249,,,,,
333,305,gate_da,electrical_gain_075,1.0,0.75,0.25,1.0,2.6165283273371642e-09,,,,,
333,305,gate_da,electrical_gain_050,1.0,0.5,0.5,1.0,2.8817760721750094e-18,,,,,
333,305,gate_da,electrical_gain_025,1.0,0.25,0.75,1.0,9.885162847658034e-27,,,,,
333,305,gate_da,vibration_drift_025rms,0.75,1.0,0.25,0.827729344367981,0.17227068543434143,,,,,
333,305,gate_da,vibration_drift_050rms,0.5,1.0,0.5,0.8268499374389648,0.1731499880552292,,,,,
333,305,gate_da,vibration_drift_100rms,0.0,1.0,1.0,0.8204113245010376,0.17958864569664001,,,,,
333,305,gate_da,electrical_drift_025rms,1.0,0.75,0.25,0.84051913022995,0.1594809591770172,,,,,
333,305,gate_da,electrical_drift_050rms,1.0,0.5,0.5,0.909369707107544,0.09063030034303665,,,,,
333,305,gate_da,electrical_drift_100rms,1.0,0.0,1.0,0.8777691721916199,0.12223085016012192,,,,,
333,305,rcarf_hard,clean_reextract,1.0,1.0,0.0,,,0.0008474743226543069,0.9991525411605835,0.2469736486673355,,
333,305,rcarf_hard,vibration_missing,0.0,1.0,1.0,,,0.00014871243911329657,0.9998512864112854,0.9995490312576294,,
333,305,rcarf_hard,electrical_missing,1.0,0.0,1.0,,,0.9999041557312012,9.585705265635625e-05,0.9965699315071106,,
333,305,rcarf_hard,vibration_gain_075,0.75,1.0,0.25,,,0.00020111579215154052,0.9997988343238831,0.4689388573169708,,
333,305,rcarf_hard,vibration_gain_050,0.5,1.0,0.5,,,2.385430343565531e-05,0.9999761581420898,0.8483116030693054,,
333,305,rcarf_hard,vibration_gain_025,0.25,1.0,0.75,,,1.8980595996254124e-05,0.9999810457229614,0.9321435689926147,,
333,305,rcarf_hard,electrical_gain_075,1.0,0.75,0.25,,,0.9876359701156616,0.01236397959291935,0.9992002844810486,,
333,305,rcarf_hard,electrical_gain_050,1.0,0.5,0.5,,,1.0,1.6831699337256645e-13,1.0,,
333,305,rcarf_hard,electrical_gain_025,1.0,0.25,0.75,,,1.0,1.5391167758183748e-26,1.0,,
333,305,rcarf_hard,vibration_drift_025rms,0.75,1.0,0.25,,,0.0008557155379094183,0.9991442561149597,0.24861577153205872,,
333,305,rcarf_hard,vibration_drift_050rms,0.5,1.0,0.5,,,0.0008755637682043016,0.9991244077682495,0.2541181147098541,,
333,305,rcarf_hard,vibration_drift_100rms,0.0,1.0,1.0,,,0.0011629281798377633,0.9988369941711426,0.27755334973335266,,
333,305,rcarf_hard,electrical_drift_025rms,1.0,0.75,0.25,,,0.024711040779948235,0.975288987159729,0.28868231177330017,,
333,305,rcarf_hard,electrical_drift_050rms,1.0,0.5,0.5,,,0.999969482421875,3.0535647965734825e-05,0.9971607327461243,,
333,305,rcarf_hard,electrical_drift_100rms,1.0,0.0,1.0,,,1.0,9.853112667395435e-33,1.0,,
333,305,dprf_no_rel_loss,clean_reextract,1.0,1.0,0.0,0.8488585948944092,0.15114140510559082,0.8508198857307434,0.14918000996112823,0.1351044476032257,0.9979992508888245,0.32565703988075256
333,305,dprf_no_rel_loss,vibration_missing,0.0,1.0,1.0,0.0045128921046853065,0.9954870939254761,0.001286785234697163,0.9987132549285889,0.9953963160514832,0.1382361501455307,0.9391894936561584
333,305,dprf_no_rel_loss,electrical_missing,1.0,0.0,1.0,0.999289870262146,0.0007101765368133783,0.9998410940170288,0.0001589525636518374,0.9981319308280945,0.9990160465240479,0.09384190291166306
333,305,dprf_no_rel_loss,vibration_gain_075,0.75,1.0,0.25,0.7562158703804016,0.243784099817276,0.7578712105751038,0.24212877452373505,0.22924382984638214,0.9943027496337891,0.38237684965133667
333,305,dprf_no_rel_loss,vibration_gain_050,0.5,1.0,0.5,0.7041325569152832,0.2958674430847168,0.7044879794120789,0.29551205039024353,0.35454726219177246,0.991767168045044,0.39614152908325195
333,305,dprf_no_rel_loss,vibration_gain_025,0.25,1.0,0.75,0.7159489989280701,0.2840510606765747,0.7162120938301086,0.28378787636756897,0.43128031492233276,0.997381329536438,0.39049383997917175
333,305,dprf_no_rel_loss,electrical_gain_075,1.0,0.75,0.25,1.0,1.3602435622317444e-08,1.0,3.501073597700355e-10,0.3214382529258728,0.9998791813850403,0.01834103837609291
333,305,dprf_no_rel_loss,electrical_gain_050,1.0,0.5,0.5,1.0,1.5682101884434418e-12,1.0,3.216776176754709e-15,0.48565447330474854,0.9999878406524658,0.002037593862041831
333,305,dprf_no_rel_loss,electrical_gain_025,1.0,0.25,0.75,1.0,7.323693030910977e-16,1.0,4.1803803058081732e-19,0.6201354265213013,0.9999987483024597,0.0002736363385338336
333,305,dprf_no_rel_loss,vibration_drift_025rms,0.75,1.0,0.25,0.8502217531204224,0.14977824687957764,0.8521683812141418,0.14783157408237457,0.1357080638408661,0.9979645609855652,0.32435372471809387
333,305,dprf_no_rel_loss,vibration_drift_050rms,0.5,1.0,0.5,0.8544241189956665,0.14557583630084991,0.8564231395721436,0.14357686042785645,0.13752169907093048,0.9978587627410889,0.32069122791290283
333,305,dprf_no_rel_loss,vibration_drift_100rms,0.0,1.0,1.0,0.8815844058990479,0.11841553449630737,0.8835285902023315,0.11647147685289383,0.14807775616645813,0.9978845119476318,0.299102783203125
333,305,dprf_no_rel_loss,electrical_drift_025rms,1.0,0.75,0.25,0.8347288370132446,0.16527122259140015,0.8362846970558167,0.16371536254882812,0.16336271166801453,0.9979938268661499,0.3330839276313782
333,305,dprf_no_rel_loss,electrical_drift_050rms,1.0,0.5,0.5,0.8041637539863586,0.19583621621131897,0.804688572883606,0.1953115314245224,0.48354053497314453,0.9991425275802612,0.38353431224823
333,305,dprf_no_rel_loss,electrical_drift_100rms,1.0,0.0,1.0,0.7717603445053101,0.22823971509933472,0.7717877626419067,0.22821234166622162,0.8943538665771484,0.9998708367347717,0.5974230766296387
333,305,dprf_no_switch_loss,clean_reextract,1.0,1.0,0.0,0.6115074753761292,0.38849255442619324,0.5755701661109924,0.42442992329597473,0.9999983906745911,0.8590028285980225,0.9993525147438049
333,305,dprf_no_switch_loss,vibration_missing,0.0,1.0,1.0,0.5662201046943665,0.43377986550331116,0.0013287581969052553,0.9986712336540222,0.9992751479148865,0.0010752332163974643,0.9998958110809326
333,305,dprf_no_switch_loss,electrical_missing,1.0,0.0,1.0,0.6087542176246643,0.3912457525730133,0.9993147253990173,0.0006852095830254257,0.9999428391456604,0.9995918869972229,0.001001419615931809
333,305,dprf_no_switch_loss,vibration_gain_075,0.75,1.0,0.25,0.5987187623977661,0.4012812674045563,0.5245637893676758,0.4754362106323242,0.999998927116394,0.7381417155265808,0.9995591044425964
333,305,dprf_no_switch_loss,vibration_gain_050,0.5,1.0,0.5,0.589314341545105,0.4106856882572174,0.42947712540626526,0.5705229043960571,0.999999463558197,0.5208510756492615,0.9996944665908813
333,305,dprf_no_switch_loss,vibration_gain_025,0.25,1.0,0.75,0.5855327844619751,0.41446733474731445,0.3492547273635864,0.6507452726364136,0.9999999403953552,0.36948347091674805,0.9997118711471558
333,305,dprf_no_switch_loss,electrical_gain_075,1.0,0.75,0.25,0.9997700452804565,0.00022988815908320248,0.9998608231544495,0.00013922859216108918,1.0,0.9927670359611511,0.5150594115257263
333,305,dprf_no_switch_loss,electrical_gain_050,1.0,0.5,0.5,1.0,8.641277693399729e-10,1.0,4.2865158644822543e-10,1.0,0.999979555606842,0.4833509624004364
333,305,dprf_no_switch_loss,electrical_gain_025,1.0,0.25,0.75,1.0,8.525482328837573e-15,1.0,4.07499038242924e-15,1.0,1.0,0.4722084701061249
333,305,dprf_no_switch_loss,vibration_drift_025rms,0.75,1.0,0.25,0.6111750602722168,0.3888249397277832,0.5750730633735657,0.4249269962310791,0.9999983906745911,0.8584112524986267,0.9993364810943604
333,305,dprf_no_switch_loss,vibration_drift_050rms,0.5,1.0,0.5,0.6100493669509888,0.38995060324668884,0.5732621550559998,0.426737904548645,0.9999983310699463,0.8560303449630737,0.9992768168449402
333,305,dprf_no_switch_loss,vibration_drift_100rms,0.0,1.0,1.0,0.6055071353912354,0.39449286460876465,0.5653198957443237,0.43468010425567627,0.9999979734420776,0.8446422815322876,0.999080240726471
333,305,dprf_no_switch_loss,electrical_drift_025rms,1.0,0.75,0.25,0.6148056983947754,0.3851943016052246,0.5803626179695129,0.4196373522281647,0.999997615814209,0.8625904321670532,0.9972725510597229
333,305,dprf_no_switch_loss,electrical_drift_050rms,1.0,0.5,0.5,0.6183992028236389,0.38160082697868347,0.7398018836975098,0.26019811630249023,0.9999990463256836,0.9870286583900452,0.5523303151130676
333,305,dprf_no_switch_loss,electrical_drift_100rms,1.0,0.0,1.0,0.572662889957428,0.427337110042572,0.7679046988487244,0.23209533095359802,1.0,0.9999976754188538,0.4059281051158905
333,305,dprf_no_semantic,clean_reextract,1.0,1.0,0.0,0.5,0.5,0.462295800447464,0.5377041697502136,0.14135977625846863,0.8592377305030823,0.9982316493988037
333,305,dprf_no_semantic,vibration_missing,0.0,1.0,1.0,0.5,0.5,0.00044884427916258574,0.9995511174201965,0.9992733001708984,0.00044903752859681845,0.9998823404312134
333,305,dprf_no_semantic,electrical_missing,1.0,0.0,1.0,0.5,0.5,0.9996772408485413,0.0003227518463972956,0.9988754987716675,0.9997650980949402,0.00032279116567224264
333,305,dprf_no_semantic,vibration_gain_075,0.75,1.0,0.25,0.5,0.5,0.42559221386909485,0.5744078159332275,0.25850310921669006,0.7431257367134094,0.9987040162086487
333,305,dprf_no_semantic,vibration_gain_050,0.5,1.0,0.5,0.5,0.5,0.350388765335083,0.6496112942695618,0.4812411963939667,0.5430667996406555,0.9992879033088684
333,305,dprf_no_semantic,vibration_gain_025,0.25,1.0,0.75,0.5,0.5,0.2841647267341614,0.7158353328704834,0.6672798991203308,0.40075260400772095,0.9995428323745728
333,305,dprf_no_semantic,electrical_gain_075,1.0,0.75,0.25,0.5,0.5,0.6523434519767761,0.3476565480232239,0.42968595027923584,0.9800825715065002,0.5246276259422302
333,305,dprf_no_semantic,electrical_gain_050,1.0,0.5,0.5,0.5,0.5,0.6730249524116516,0.326975017786026,0.5056692361831665,0.9994648098945618,0.4856456518173218
333,305,dprf_no_semantic,electrical_gain_025,1.0,0.25,0.75,0.5,0.5,0.6808852553367615,0.3191147744655609,0.5401871204376221,0.9999841451644897,0.4687666594982147
333,305,dprf_no_semantic,vibration_drift_025rms,0.75,1.0,0.25,0.5,0.5,0.46206429600715637,0.5379356741905212,0.1419195979833603,0.8584320545196533,0.9982200264930725
333,305,dprf_no_semantic,vibration_drift_050rms,0.5,1.0,0.5,0.5,0.5,0.461185097694397,0.538814902305603,0.1442660689353943,0.855292022228241,0.9980615377426147
333,305,dprf_no_semantic,vibration_drift_100rms,0.0,1.0,1.0,0.5,0.5,0.4566481113433838,0.5433518290519714,0.15540055930614471,0.8403401970863342,0.9977446794509888
333,305,dprf_no_semantic,electrical_drift_025rms,1.0,0.75,0.25,0.5,0.5,0.46420618891716003,0.5357937812805176,0.1665986329317093,0.8600147366523743,0.9922088980674744
333,305,dprf_no_semantic,electrical_drift_050rms,1.0,0.5,0.5,0.5,0.5,0.6679668426513672,0.3320331871509552,0.49623945355415344,0.9940143823623657,0.494570255279541
333,305,dprf_no_semantic,electrical_drift_100rms,1.0,0.0,1.0,0.5,0.5,0.7025375366210938,0.2974623739719391,0.776725172996521,1.0,0.43071886897087097
333,305,dprf_full,clean_reextract,1.0,1.0,0.0,0.8223539590835571,0.1776459962129593,0.802638828754425,0.19736118614673615,0.14038163423538208,0.8649681210517883,0.9982541799545288
333,305,dprf_full,vibration_missing,0.0,1.0,1.0,0.6337727308273315,0.3662273585796356,0.0004737238341476768,0.9995263814926147,0.9992080330848694,0.00027689168928191066,0.9999123215675354
333,305,dprf_full,electrical_missing,1.0,0.0,1.0,0.7507599592208862,0.24924007058143616,0.9998881220817566,0.00011193238606210798,0.9937513470649719,0.9998085498809814,0.00025566734257154167
333,305,dprf_full,vibration_gain_075,0.75,1.0,0.25,0.7650163173675537,0.2349836230278015,0.7163966298103333,0.2836034297943115,0.26064765453338623,0.7546505928039551,0.9987589716911316
333,305,dprf_full,vibration_gain_050,0.5,1.0,0.5,0.7124944925308228,0.28750550746917725,0.5901481509208679,0.4098518490791321,0.43810024857521057,0.5367386341094971,0.9991886019706726
333,305,dprf_full,vibration_gain_025,0.25,1.0,0.75,0.6893334984779358,0.3106664717197418,0.4977770447731018,0.5022229552268982,0.5398563146591187,0.38979533314704895,0.9993453621864319
333,305,dprf_full,electrical_gain_075,1.0,0.75,0.25,0.9796424508094788,0.020357536152005196,0.9892885088920593,0.010711424052715302,0.46670401096343994,0.9877793788909912,0.5083038806915283
333,305,dprf_full,electrical_gain_050,1.0,0.5,0.5,0.9984298348426819,0.0015701665543019772,0.9992000460624695,0.0007999439258128405,0.5080042481422424,0.9999115467071533,0.5124629735946655
333,305,dprf_full,electrical_gain_025,1.0,0.25,0.75,0.999822199344635,0.00017780522466637194,0.999909520149231,9.042106103152037e-05,0.5274202823638916,0.9999984502792358,0.5097785592079163
333,305,dprf_full,vibration_drift_025rms,0.75,1.0,0.25,0.8227025270462036,0.17729750275611877,0.802882194519043,0.197117879986763,0.14117075502872467,0.8640600442886353,0.9982169270515442
333,305,dprf_full,vibration_drift_050rms,0.5,1.0,0.5,0.8240160942077637,0.1759839653968811,0.8037111163139343,0.19628886878490448,0.14406979084014893,0.8608356714248657,0.9981352090835571
333,305,dprf_full,vibration_drift_100rms,0.0,1.0,1.0,0.8286210894584656,0.1713789403438568,0.805012583732605,0.19498750567436218,0.15860611200332642,0.8440420031547546,0.9976451992988586
333,305,dprf_full,electrical_drift_025rms,1.0,0.75,0.25,0.8369883298873901,0.16301162540912628,0.8184747695922852,0.1815253049135208,0.169842928647995,0.8626353144645691,0.9922164082527161
333,305,dprf_full,electrical_drift_050rms,1.0,0.5,0.5,0.8887919187545776,0.11120796948671341,0.9381500482559204,0.06184990331530571,0.5022942423820496,0.9954913854598999,0.49260014295578003
333,305,dprf_full,electrical_drift_100rms,1.0,0.0,1.0,0.9644590616226196,0.03554088622331619,0.9856428503990173,0.01435713842511177,0.7928466200828552,1.0,0.392154723405838
444,301,gate_da,clean_reextract,1.0,1.0,0.0,0.6758444905281067,0.32415544986724854,,,,,
444,301,gate_da,vibration_missing,0.0,1.0,1.0,0.020608454942703247,0.9793916344642639,,,,,
444,301,gate_da,electrical_missing,1.0,0.0,1.0,0.8948231935501099,0.10517685115337372,,,,,
444,301,gate_da,vibration_gain_075,0.75,1.0,0.25,0.6367857456207275,0.3632141947746277,,,,,
444,301,gate_da,vibration_gain_050,0.5,1.0,0.5,0.6300891637802124,0.3699108958244324,,,,,
444,301,gate_da,vibration_gain_025,0.25,1.0,0.75,0.6765291094779968,0.32347092032432556,,,,,
444,301,gate_da,electrical_gain_075,1.0,0.75,0.25,0.9448434710502625,0.05515654757618904,,,,,
444,301,gate_da,electrical_gain_050,1.0,0.5,0.5,0.9944927096366882,0.005507245194166899,,,,,
444,301,gate_da,electrical_gain_025,1.0,0.25,0.75,0.9993005394935608,0.0006994555587880313,,,,,
444,301,gate_da,vibration_drift_025rms,0.75,1.0,0.25,0.6743577122688293,0.32564228773117065,,,,,
444,301,gate_da,vibration_drift_050rms,0.5,1.0,0.5,0.6720175743103027,0.32798251509666443,,,,,
444,301,gate_da,vibration_drift_100rms,0.0,1.0,1.0,0.6659247875213623,0.33407527208328247,,,,,
444,301,gate_da,electrical_drift_025rms,1.0,0.75,0.25,0.6961022615432739,0.30389776825904846,,,,,
444,301,gate_da,electrical_drift_050rms,1.0,0.5,0.5,0.7536513805389404,0.24634860455989838,,,,,
444,301,gate_da,electrical_drift_100rms,1.0,0.0,1.0,0.8403978943824768,0.15960204601287842,,,,,
444,301,rcarf_hard,clean_reextract,1.0,1.0,0.0,,,4.5757711632177234e-05,0.9999542832374573,0.1943189799785614,,
444,301,rcarf_hard,vibration_missing,0.0,1.0,1.0,,,8.978850019047968e-06,0.9999910593032837,0.9987685084342957,,
444,301,rcarf_hard,electrical_missing,1.0,0.0,1.0,,,0.9981560111045837,0.0018439365085214376,0.9956172108650208,,
444,301,rcarf_hard,vibration_gain_075,0.75,1.0,0.25,,,1.122490175475832e-05,0.9999887347221375,0.2916722893714905,,
444,301,rcarf_hard,vibration_gain_050,0.5,1.0,0.5,,,2.150872205675114e-06,0.9999979138374329,0.6553837656974792,,
444,301,rcarf_hard,vibration_gain_025,0.25,1.0,0.75,,,1.5077022226250847e-06,0.9999985098838806,0.8249191045761108,,
444,301,rcarf_hard,electrical_gain_075,1.0,0.75,0.25,,,0.9999936819076538,6.372340521920705e-06,0.9886606931686401,,
444,301,rcarf_hard,electrical_gain_050,1.0,0.5,0.5,,,1.0,1.678235240859727e-20,1.0,,
444,301,rcarf_hard,electrical_gain_025,1.0,0.25,0.75,,,1.0,1.7944932190443926e-32,1.0,,
444,301,rcarf_hard,vibration_drift_025rms,0.75,1.0,0.25,,,4.361622268334031e-05,0.9999563694000244,0.19542883336544037,,
444,301,rcarf_hard,vibration_drift_050rms,0.5,1.0,0.5,,,4.7982062824303284e-05,0.9999520778656006,0.19907313585281372,,
444,301,rcarf_hard,vibration_drift_100rms,0.0,1.0,1.0,,,6.54531322652474e-05,0.9999345541000366,0.2137167602777481,,
444,301,rcarf_hard,electrical_drift_025rms,1.0,0.75,0.25,,,0.001699170796200633,0.9983007907867432,0.20948922634124756,,
444,301,rcarf_hard,electrical_drift_050rms,1.0,0.5,0.5,,,0.9982817769050598,0.0017181605799123645,0.9871070981025696,,
444,301,rcarf_hard,electrical_drift_100rms,1.0,0.0,1.0,,,1.0,6.067704208956916e-33,1.0,,
444,301,dprf_no_rel_loss,clean_reextract,1.0,1.0,0.0,0.6245775818824768,0.3754223883152008,0.638393759727478,0.3616061806678772,0.11018897593021393,0.9903762340545654,0.8844811320304871
444,301,dprf_no_rel_loss,vibration_missing,0.0,1.0,1.0,0.049527108669281006,0.950472891330719,0.007307525724172592,0.9926925301551819,0.999082624912262,0.07769094407558441,0.991860032081604
444,301,dprf_no_rel_loss,electrical_missing,1.0,0.0,1.0,0.9491709470748901,0.05082906037569046,0.9816129803657532,0.018386954441666603,0.9986077547073364,0.9991941452026367,0.48365241289138794
444,301,dprf_no_rel_loss,vibration_gain_075,0.75,1.0,0.25,0.5525335073471069,0.44746649265289307,0.5556479692459106,0.4443521201610565,0.18229497969150543,0.9730595946311951,0.954653799533844
444,301,dprf_no_rel_loss,vibration_gain_050,0.5,1.0,0.5,0.5369082093238831,0.46309176087379456,0.5363937020301819,0.4636063277721405,0.3336794674396515,0.9774141311645508,0.9904000163078308
444,301,dprf_no_rel_loss,vibration_gain_025,0.25,1.0,0.75,0.6102373600006104,0.38976263999938965,0.6097767949104309,0.3902231454849243,0.4585072696208954,0.9951008558273315,0.9987708926200867
444,301,dprf_no_rel_loss,electrical_gain_075,1.0,0.75,0.25,0.8967468738555908,0.10325319319963455,0.9010742902755737,0.09892569482326508,0.3652825355529785,0.9985641241073608,0.818362295627594
444,301,dprf_no_rel_loss,electrical_gain_050,1.0,0.5,0.5,0.9738931655883789,0.026106907054781914,0.9742478728294373,0.025752147659659386,0.48200172185897827,0.9997097253799438,0.8844632506370544
444,301,dprf_no_rel_loss,electrical_gain_025,1.0,0.25,0.75,0.9958017468452454,0.004198269918560982,0.9958124160766602,0.00418766587972641,0.5018712878227234,0.9998923540115356,0.9298422932624817
444,301,dprf_no_rel_loss,vibration_drift_025rms,0.75,1.0,0.25,0.6244765520095825,0.37552350759506226,0.6382025480270386,0.3617974519729614,0.11122814565896988,0.9903141260147095,0.8867068886756897
444,301,dprf_no_rel_loss,vibration_drift_050rms,0.5,1.0,0.5,0.622634768486023,0.3773651421070099,0.6354584097862244,0.36454156041145325,0.11477239429950714,0.9900283217430115,0.8958908915519714
444,301,dprf_no_rel_loss,vibration_drift_100rms,0.0,1.0,1.0,0.6113420128822327,0.38865795731544495,0.622011661529541,0.37798839807510376,0.12473049759864807,0.9876761436462402,0.9126390218734741
444,301,dprf_no_rel_loss,electrical_drift_025rms,1.0,0.75,0.25,0.6551612019538879,0.34483879804611206,0.6685920357704163,0.33140796422958374,0.1258924901485443,0.9912283420562744,0.8875376582145691
444,301,dprf_no_rel_loss,electrical_drift_050rms,1.0,0.5,0.5,0.6692712903022766,0.33072876930236816,0.6779043674468994,0.3220956325531006,0.4083932042121887,0.9890845417976379,0.9017417430877686
444,301,dprf_no_rel_loss,electrical_drift_100rms,1.0,0.0,1.0,0.5732059478759766,0.4267939627170563,0.5737978219985962,0.4262021481990814,0.9825878143310547,0.9809802770614624,0.9883735179901123
444,301,dprf_no_switch_loss,clean_reextract,1.0,1.0,0.0,0.6248432993888855,0.3751566708087921,0.6039198040962219,0.3960801661014557,1.0,0.903601884841919,0.9995430111885071
444,301,dprf_no_switch_loss,vibration_missing,0.0,1.0,1.0,0.4209115505218506,0.5790885090827942,3.900442970916629e-05,0.9999610185623169,0.9999729990959167,4.780156086781062e-05,0.9999804496765137
444,301,dprf_no_switch_loss,electrical_missing,1.0,0.0,1.0,0.6389138698577881,0.3610861301422119,0.9990458488464355,0.0009541311301290989,0.9999921917915344,0.999672532081604,0.001480857958085835
444,301,dprf_no_switch_loss,vibration_gain_075,0.75,1.0,0.25,0.6009292602539062,0.39907070994377136,0.5568373203277588,0.4431627094745636,1.0,0.8167977333068848,0.9996500015258789
444,301,dprf_no_switch_loss,vibration_gain_050,0.5,1.0,0.5,0.5870767831802368,0.4129231870174408,0.47744083404541016,0.5225591659545898,1.0,0.6135479807853699,0.9998108744621277
444,301,dprf_no_switch_loss,vibration_gain_025,0.25,1.0,0.75,0.587406575679779,0.41259345412254333,0.42334169149398804,0.576658308506012,1.0,0.48642057180404663,0.9999160170555115
444,301,dprf_no_switch_loss,electrical_gain_075,1.0,0.75,0.25,0.743228554725647,0.25677141547203064,0.8346782922744751,0.1653217375278473,1.0,0.9943563938140869,0.5013172030448914
444,301,dprf_no_switch_loss,electrical_gain_050,1.0,0.5,0.5,0.8143109679222107,0.1856890171766281,0.8897848129272461,0.11021512001752853,1.0,0.9999523162841797,0.49662283062934875
444,301,dprf_no_switch_loss,electrical_gain_025,1.0,0.25,0.75,0.8628519177436829,0.13714805245399475,0.9239998459815979,0.07600021362304688,1.0,0.9999994039535522,0.48433399200439453
444,301,dprf_no_switch_loss,vibration_drift_025rms,0.75,1.0,0.25,0.624691367149353,0.3753086030483246,0.6035441160202026,0.396455854177475,1.0,0.9020863771438599,0.9995437860488892
444,301,dprf_no_switch_loss,vibration_drift_050rms,0.5,1.0,0.5,0.6244034767150879,0.3755964934825897,0.6024256348609924,0.3975743353366852,1.0,0.8964543342590332,0.999543309211731
444,301,dprf_no_switch_loss,vibration_drift_100rms,0.0,1.0,1.0,0.6227635741233826,0.3772364556789398,0.5976147055625916,0.40238529443740845,1.0,0.8796976208686829,0.999504029750824
444,301,dprf_no_switch_loss,electrical_drift_025rms,1.0,0.75,0.25,0.6200478076934814,0.37995225191116333,0.5991718173027039,0.40082815289497375,1.0,0.9037737846374512,0.9973639845848083
444,301,dprf_no_switch_loss,electrical_drift_050rms,1.0,0.5,0.5,0.6069528460502625,0.39304718375205994,0.7336490750312805,0.2663508951663971,1.0,0.9961498379707336,0.49263209104537964
444,301,dprf_no_switch_loss,electrical_drift_100rms,1.0,0.0,1.0,0.6197989583015442,0.3802010416984558,0.7881174087524414,0.21188274025917053,1.0,1.0,0.3140254616737366
444,301,dprf_no_semantic,clean_reextract,1.0,1.0,0.0,0.5,0.5,0.47344085574150085,0.5265591740608215,0.10458841174840927,0.8992268443107605,0.9994608759880066
444,301,dprf_no_semantic,vibration_missing,0.0,1.0,1.0,0.5,0.5,0.00038825784577056766,0.9996117353439331,0.9993744492530823,0.0003885557525791228,0.9999602437019348
444,301,dprf_no_semantic,electrical_missing,1.0,0.0,1.0,0.5,0.5,0.9994903206825256,0.0005096871173009276,0.9987119436264038,0.9998680949211121,0.0005101174465380609
444,301,dprf_no_semantic,vibration_gain_075,0.75,1.0,0.25,0.5,0.5,0.4460461139678955,0.5539539456367493,0.17873086035251617,0.8077977299690247,0.999550998210907
444,301,dprf_no_semantic,vibration_gain_050,0.5,1.0,0.5,0.5,0.5,0.3774181008338928,0.6225818991661072,0.3471139967441559,0.6133258938789368,0.9997466802597046
444,301,dprf_no_semantic,vibration_gain_025,0.25,1.0,0.75,0.5,0.5,0.329441636800766,0.6705582737922668,0.5299617052078247,0.4953160583972931,0.9998879432678223
444,301,dprf_no_semantic,electrical_gain_075,1.0,0.75,0.25,0.5,0.5,0.6505873203277588,0.3494126796722412,0.4180435538291931,0.9903592467308044,0.5371812582015991
444,301,dprf_no_semantic,electrical_gain_050,1.0,0.5,0.5,0.5,0.5,0.6711280941963196,0.3288719356060028,0.5024606585502625,0.9999551773071289,0.49017125368118286
444,301,dprf_no_semantic,electrical_gain_025,1.0,0.25,0.75,0.5,0.5,0.6794122457504272,0.32058778405189514,0.507194459438324,0.9999999403953552,0.4721032679080963
444,301,dprf_no_semantic,vibration_drift_025rms,0.75,1.0,0.25,0.5,0.5,0.472974956035614,0.527025043964386,0.10559472441673279,0.8975479602813721,0.9994570016860962
444,301,dprf_no_semantic,vibration_drift_050rms,0.5,1.0,0.5,0.5,0.5,0.47111934423446655,0.5288806557655334,0.10906916111707687,0.8910214304924011,0.9994435906410217
444,301,dprf_no_semantic,vibration_drift_100rms,0.0,1.0,1.0,0.5,0.5,0.4658637046813965,0.5341362953186035,0.11783891916275024,0.8734042048454285,0.9993769526481628
444,301,dprf_no_semantic,electrical_drift_025rms,1.0,0.75,0.25,0.5,0.5,0.4743298590183258,0.5256701111793518,0.12683051824569702,0.8995077013969421,0.996296763420105
444,301,dprf_no_semantic,electrical_drift_050rms,1.0,0.5,0.5,0.5,0.5,0.669361412525177,0.3306386172771454,0.4546181261539459,0.9964759945869446,0.493230402469635
444,301,dprf_no_semantic,electrical_drift_100rms,1.0,0.0,1.0,0.5,0.5,0.7403988242149353,0.2596011459827423,0.9524315595626831,1.0,0.35409101843833923
444,301,dprf_full,clean_reextract,1.0,1.0,0.0,0.8128334879875183,0.18716654181480408,0.800163984298706,0.1998361200094223,0.12669390439987183,0.8976519107818604,0.9997320175170898
444,301,dprf_full,vibration_missing,0.0,1.0,1.0,0.4961000680923462,0.5038999319076538,0.0007111511658877134,0.9992888569831848,0.9988366365432739,0.0006657785852439702,0.9998964071273804
444,301,dprf_full,electrical_missing,1.0,0.0,1.0,0.791256844997406,0.20874319970607758,0.9994261860847473,0.0005737761966884136,0.999186635017395,0.9997888207435608,0.001591733656823635
444,301,dprf_full,vibration_gain_075,0.75,1.0,0.25,0.7680460810661316,0.23195399343967438,0.7424356341362,0.25756436586380005,0.2218693494796753,0.804129958152771,0.9998182654380798
444,301,dprf_full,vibration_gain_050,0.5,1.0,0.5,0.7252751588821411,0.27472490072250366,0.6570308208465576,0.34296914935112,0.40645870566368103,0.6026986837387085,0.9999066591262817
444,301,dprf_full,vibration_gain_025,0.25,1.0,0.75,0.7126668095588684,0.2873331606388092,0.5920588970184326,0.40794113278388977,0.550452470779419,0.47468119859695435,0.9999517798423767
444,301,dprf_full,electrical_gain_075,1.0,0.75,0.25,0.8774398565292358,0.12256016582250595,0.9182104468345642,0.08178965002298355,0.4165349006652832,0.9915486574172974,0.5541970133781433
444,301,dprf_full,electrical_gain_050,1.0,0.5,0.5,0.9671254754066467,0.03287460282444954,0.9827868342399597,0.01721321791410446,0.5090993046760559,0.9999651908874512,0.496969074010849
444,301,dprf_full,electrical_gain_025,1.0,0.25,0.75,0.9912904500961304,0.00870952382683754,0.9955397248268127,0.004460260272026062,0.5303658843040466,0.9999997019767761,0.48903995752334595
444,301,dprf_full,vibration_drift_025rms,0.75,1.0,0.25,0.8123944997787476,0.18760550022125244,0.7993835806846619,0.20061635971069336,0.1282687932252884,0.89576256275177,0.9997314810752869
444,301,dprf_full,vibration_drift_050rms,0.5,1.0,0.5,0.8122348785400391,0.18776516616344452,0.7980417609214783,0.20195820927619934,0.13334152102470398,0.8889946937561035,0.9997345805168152
444,301,dprf_full,vibration_drift_100rms,0.0,1.0,1.0,0.8119625449180603,0.1880374699831009,0.7925696969032288,0.20743034780025482,0.1488015204668045,0.8661943078041077,0.9997201561927795
444,301,dprf_full,electrical_drift_025rms,1.0,0.75,0.25,0.8340848684310913,0.1659151315689087,0.8231402039527893,0.1768598109483719,0.1488349437713623,0.9015723466873169,0.9969584345817566
444,301,dprf_full,electrical_drift_050rms,1.0,0.5,0.5,0.8788670897483826,0.12113282084465027,0.9231043457984924,0.07689564675092697,0.48536092042922974,0.9978216886520386,0.5010675191879272
444,301,dprf_full,electrical_drift_100rms,1.0,0.0,1.0,0.9828454256057739,0.01715461164712906,0.9933369755744934,0.006663041189312935,0.9642979502677917,1.0,0.39565667510032654
444,302,gate_da,clean_reextract,1.0,1.0,0.0,0.5727901458740234,0.4272098243236542,,,,,
444,302,gate_da,vibration_missing,0.0,1.0,1.0,0.02433536946773529,0.9756646752357483,,,,,
444,302,gate_da,electrical_missing,1.0,0.0,1.0,0.9329210519790649,0.06707892566919327,,,,,
444,302,gate_da,vibration_gain_075,0.75,1.0,0.25,0.5292892456054688,0.47071075439453125,,,,,
444,302,gate_da,vibration_gain_050,0.5,1.0,0.5,0.5055074095726013,0.4944925904273987,,,,,
444,302,gate_da,vibration_gain_025,0.25,1.0,0.75,0.5047702193260193,0.4952297806739807,,,,,
444,302,gate_da,electrical_gain_075,1.0,0.75,0.25,0.9993742108345032,0.000625802727881819,,,,,
444,302,gate_da,electrical_gain_050,1.0,0.5,0.5,1.0,2.803266646589364e-11,,,,,
444,302,gate_da,electrical_gain_025,1.0,0.25,0.75,1.0,2.2780117318346954e-16,,,,,
444,302,gate_da,vibration_drift_025rms,0.75,1.0,0.25,0.5729584693908691,0.42704150080680847,,,,,
444,302,gate_da,vibration_drift_050rms,0.5,1.0,0.5,0.5737036466598511,0.4262963533401489,,,,,
444,302,gate_da,vibration_drift_100rms,0.0,1.0,1.0,0.5778568983078003,0.4221431314945221,,,,,
444,302,gate_da,electrical_drift_025rms,1.0,0.75,0.25,0.577197253704071,0.42280274629592896,,,,,
444,302,gate_da,electrical_drift_050rms,1.0,0.5,0.5,0.6210153102874756,0.3789846897125244,,,,,
444,302,gate_da,electrical_drift_100rms,1.0,0.0,1.0,0.6330894827842712,0.36691051721572876,,,,,
444,302,rcarf_hard,clean_reextract,1.0,1.0,0.0,,,2.7009344194084406e-05,0.9999729990959167,0.18330231308937073,,
444,302,rcarf_hard,vibration_missing,0.0,1.0,1.0,,,2.6427058401168324e-05,0.9999736547470093,0.9989220499992371,,
444,302,rcarf_hard,electrical_missing,1.0,0.0,1.0,,,0.9993082880973816,0.0006917286082170904,0.9953572154045105,,
444,302,rcarf_hard,vibration_gain_075,0.75,1.0,0.25,,,2.9917531719547696e-05,0.9999700784683228,0.302938312292099,,
444,302,rcarf_hard,vibration_gain_050,0.5,1.0,0.5,,,9.053339454112574e-06,0.9999909996986389,0.6542284488677979,,
444,302,rcarf_hard,vibration_gain_025,0.25,1.0,0.75,,,5.070124188932823e-06,0.9999949932098389,0.8190661072731018,,
444,302,rcarf_hard,electrical_gain_075,1.0,0.75,0.25,,,0.9999998211860657,8.865995226869927e-08,0.9974026679992676,,
444,302,rcarf_hard,electrical_gain_050,1.0,0.5,0.5,,,1.0,2.0028841871590458e-34,1.0,,
444,302,rcarf_hard,electrical_gain_025,1.0,0.25,0.75,,,1.0,0.0,1.0,,
444,302,rcarf_hard,vibration_drift_025rms,0.75,1.0,0.25,,,2.6811878342414275e-05,0.9999731779098511,0.1848948448896408,,
444,302,rcarf_hard,vibration_drift_050rms,0.5,1.0,0.5,,,2.6231438823742792e-05,0.9999737739562988,0.19083884358406067,,
444,302,rcarf_hard,vibration_drift_100rms,0.0,1.0,1.0,,,3.3521486329846084e-05,0.9999665021896362,0.21222332119941711,,
444,302,rcarf_hard,electrical_drift_025rms,1.0,0.75,0.25,,,0.0017991781933233142,0.9982008337974548,0.20895417034626007,,
444,302,rcarf_hard,electrical_drift_050rms,1.0,0.5,0.5,,,0.9998131990432739,0.00018690181605052203,0.9965484142303467,,
444,302,rcarf_hard,electrical_drift_100rms,1.0,0.0,1.0,,,1.0,5.363418259578199e-36,1.0,,
444,302,dprf_no_rel_loss,clean_reextract,1.0,1.0,0.0,0.7328577637672424,0.26714229583740234,0.8214935660362244,0.17850646376609802,0.14565150439739227,0.8684051036834717,0.0990278422832489
444,302,dprf_no_rel_loss,vibration_missing,0.0,1.0,1.0,0.021326104179024696,0.9786739349365234,0.011886931024491787,0.9881130456924438,0.9987116456031799,0.2638486325740814,0.6989399194717407
444,302,dprf_no_rel_loss,electrical_missing,1.0,0.0,1.0,0.9835699200630188,0.016430091112852097,0.9997400641441345,0.0002600179868750274,0.9994134902954102,0.9644917845726013,0.006878291256725788
444,302,dprf_no_rel_loss,vibration_gain_075,0.75,1.0,0.25,0.6751824021339417,0.3248175382614136,0.7397632598876953,0.2602367401123047,0.21701346337795258,0.850130558013916,0.13366428017616272
444,302,dprf_no_rel_loss,vibration_gain_050,0.5,1.0,0.5,0.675332248210907,0.3246677815914154,0.7188020944595337,0.2811979353427887,0.3682452142238617,0.8634806871414185,0.1257469654083252
444,302,dprf_no_rel_loss,vibration_gain_025,0.25,1.0,0.75,0.7025120258331299,0.2974879741668701,0.7840781211853027,0.21592192351818085,0.5165008306503296,0.9164045453071594,0.07437607645988464
444,302,dprf_no_rel_loss,electrical_gain_075,1.0,0.75,0.25,0.9634724855422974,0.03652750328183174,0.9999182820320129,8.182977035176009e-05,0.40369635820388794,0.9810680747032166,0.00042794834007509053
444,302,dprf_no_rel_loss,electrical_gain_050,1.0,0.5,0.5,0.9843842387199402,0.015615707263350487,0.9999996423721313,4.146548064909439e-07,0.5281559824943542,0.9945234656333923,4.0410436668025795e-06
444,302,dprf_no_rel_loss,electrical_gain_025,1.0,0.25,0.75,0.9897924065589905,0.010207516141235828,1.0,1.53574450934002e-08,0.5656192898750305,0.9984527230262756,5.3518618869929924e-08
444,302,dprf_no_rel_loss,vibration_drift_025rms,0.75,1.0,0.25,0.7326860427856445,0.2673138976097107,0.8214432597160339,0.1785566508769989,0.14668525755405426,0.8676613569259644,0.09961216896772385
444,302,dprf_no_rel_loss,vibration_drift_050rms,0.5,1.0,0.5,0.7323914170265198,0.2676086127758026,0.8213138580322266,0.17868606746196747,0.1499757170677185,0.8659754395484924,0.10138124227523804
444,302,dprf_no_rel_loss,vibration_drift_100rms,0.0,1.0,1.0,0.7287111878395081,0.27128881216049194,0.8196915984153748,0.18030835688114166,0.16183939576148987,0.8600538372993469,0.10782235860824585
444,302,dprf_no_rel_loss,electrical_drift_025rms,1.0,0.75,0.25,0.7223273515701294,0.2776726484298706,0.8101693987846375,0.18983066082000732,0.16574104130268097,0.8638724684715271,0.10426521301269531
444,302,dprf_no_rel_loss,electrical_drift_050rms,1.0,0.5,0.5,0.6812149286270142,0.31878507137298584,0.7778624892234802,0.2221374660730362,0.4792621433734894,0.8579787611961365,0.12861648201942444
444,302,dprf_no_rel_loss,electrical_drift_100rms,1.0,0.0,1.0,0.2589404284954071,0.7410596013069153,0.5276713371276855,0.47232872247695923,0.9493223428726196,0.7947708964347839,0.24697594344615936
444,302,dprf_no_switch_loss,clean_reextract,1.0,1.0,0.0,0.650914192199707,0.34908586740493774,0.6222385168075562,0.3777613639831543,0.9999649524688721,0.8780136108398438,0.9998272061347961
444,302,dprf_no_switch_loss,vibration_missing,0.0,1.0,1.0,0.5126435160636902,0.4873564839363098,0.00032926854328252375,0.999670684337616,0.9953229427337646,0.0002497613022569567,0.9999843835830688
444,302,dprf_no_switch_loss,electrical_missing,1.0,0.0,1.0,0.5887026786804199,0.41129735112190247,0.9972318410873413,0.0027682215441018343,0.9994024634361267,0.9997648000717163,0.0033654680009931326
444,302,dprf_no_switch_loss,vibration_gain_075,0.75,1.0,0.25,0.6357881426811218,0.36421194672584534,0.5810883045196533,0.4189116656780243,0.999973714351654,0.7869470119476318,0.9998781681060791
444,302,dprf_no_switch_loss,vibration_gain_050,0.5,1.0,0.5,0.6318069100379944,0.368193119764328,0.5002002716064453,0.4997996985912323,0.9999849200248718,0.5645323395729065,0.9999281764030457
444,302,dprf_no_switch_loss,vibration_gain_025,0.25,1.0,0.75,0.6480777859687805,0.35192224383354187,0.4158518314361572,0.584148108959198,0.9999938607215881,0.36131343245506287,0.9999436140060425
444,302,dprf_no_switch_loss,electrical_gain_075,1.0,0.75,0.25,0.9636723399162292,0.0363275408744812,0.9774307012557983,0.022569362074136734,0.9999999403953552,0.9912216663360596,0.5657461285591125
444,302,dprf_no_switch_loss,electrical_gain_050,1.0,0.5,0.5,0.999245822429657,0.0007542389794252813,0.9996230602264404,0.00037697391235269606,1.0,0.9999678134918213,0.4943021833896637
444,302,dprf_no_switch_loss,electrical_gain_025,1.0,0.25,0.75,0.9999894499778748,1.0572827704891097e-05,0.9999949336051941,5.024814527132548e-06,1.0,0.9999997019767761,0.4746447801589966
444,302,dprf_no_switch_loss,vibration_drift_025rms,0.75,1.0,0.25,0.6503438949584961,0.3496561050415039,0.6213613748550415,0.3786385655403137,0.9999644756317139,0.8767774105072021,0.9998268485069275
444,302,dprf_no_switch_loss,vibration_drift_050rms,0.5,1.0,0.5,0.64883953332901,0.35116046667099,0.6187922358512878,0.38120779395103455,0.9999631643295288,0.8727378249168396,0.9998241662979126
444,302,dprf_no_switch_loss,vibration_drift_100rms,0.0,1.0,1.0,0.6432005167007446,0.356799453496933,0.609566867351532,0.3904331624507904,0.9999555349349976,0.8595567345619202,0.9997765421867371
444,302,dprf_no_switch_loss,electrical_drift_025rms,1.0,0.75,0.25,0.6482776403427124,0.35172224044799805,0.620502769947052,0.3794972598552704,0.9999576807022095,0.8812157511711121,0.9991134405136108
444,302,dprf_no_switch_loss,electrical_drift_050rms,1.0,0.5,0.5,0.6254954934120178,0.3745044767856598,0.7507555484771729,0.24924442172050476,0.9999572038650513,0.9934582710266113,0.5269883871078491
444,302,dprf_no_switch_loss,electrical_drift_100rms,1.0,0.0,1.0,0.629116952419281,0.3708830177783966,0.8036817312240601,0.19631826877593994,0.9999994039535522,1.0,0.39340245723724365
444,302,dprf_no_semantic,clean_reextract,1.0,1.0,0.0,0.5,0.5,0.4714753031730652,0.5285246968269348,0.1224014014005661,0.8927664756774902,0.9997571110725403
444,302,dprf_no_semantic,vibration_missing,0.0,1.0,1.0,0.5,0.5,0.0003479748556856066,0.9996519684791565,0.9998155236244202,0.00034822584711946547,0.9999788999557495
444,302,dprf_no_semantic,electrical_missing,1.0,0.0,1.0,0.5,0.5,0.9982017874717712,0.0017981211422011256,0.9990068674087524,0.9997299909591675,0.001803486025892198
444,302,dprf_no_semantic,vibration_gain_075,0.75,1.0,0.25,0.5,0.5,0.44641005992889404,0.553589940071106,0.22798095643520355,0.8092485666275024,0.9998040795326233
444,302,dprf_no_semantic,vibration_gain_050,0.5,1.0,0.5,0.5,0.5,0.3720014691352844,0.6279985308647156,0.4405481219291687,0.6033533811569214,0.9998831152915955
444,302,dprf_no_semantic,vibration_gain_025,0.25,1.0,0.75,0.5,0.5,0.26930734515190125,0.7306926846504211,0.6034067869186401,0.3867438733577728,0.9999215602874756
444,302,dprf_no_semantic,electrical_gain_075,1.0,0.75,0.25,0.5,0.5,0.6460316777229309,0.3539682924747467,0.3932097554206848,0.980776309967041,0.5407053828239441
444,302,dprf_no_semantic,electrical_gain_050,1.0,0.5,0.5,0.5,0.5,0.6705269813537598,0.32947301864624023,0.49768683314323425,0.9991838335990906,0.4911174476146698
444,302,dprf_no_semantic,electrical_gain_025,1.0,0.25,0.75,0.5,0.5,0.6843062043190002,0.31569379568099976,0.5008364319801331,0.9999629259109497,0.46154099702835083
444,302,dprf_no_semantic,vibration_drift_025rms,0.75,1.0,0.25,0.5,0.5,0.471232146024704,0.5287678837776184,0.12327675521373749,0.8918930292129517,0.9997561573982239
444,302,dprf_no_semantic,vibration_drift_050rms,0.5,1.0,0.5,0.5,0.5,0.4704536199569702,0.5295464396476746,0.1262606531381607,0.889127790927887,0.9997509121894836
444,302,dprf_no_semantic,vibration_drift_100rms,0.0,1.0,1.0,0.5,0.5,0.4679678976535797,0.5320320725440979,0.13531439006328583,0.8803973197937012,0.9996667504310608
444,302,dprf_no_semantic,electrical_drift_025rms,1.0,0.75,0.25,0.5,0.5,0.47209176421165466,0.5279082655906677,0.1463138610124588,0.8944420218467712,0.9991900324821472
444,302,dprf_no_semantic,electrical_drift_050rms,1.0,0.5,0.5,0.5,0.5,0.6670405268669128,0.33295950293540955,0.4936255216598511,0.989052414894104,0.4951728284358978
444,302,dprf_no_semantic,electrical_drift_100rms,1.0,0.0,1.0,0.5,0.5,0.8107172846794128,0.18928273022174835,0.7866458892822266,0.999998927116394,0.23758475482463837
444,302,dprf_full,clean_reextract,1.0,1.0,0.0,0.8420866131782532,0.15791334211826324,0.8271116018295288,0.17288853228092194,0.1217397078871727,0.8842805624008179,0.9997556805610657
444,302,dprf_full,vibration_missing,0.0,1.0,1.0,0.6692739129066467,0.3307260572910309,0.0007005959050729871,0.9992993474006653,0.9993533492088318,0.0002356594050070271,0.9999955296516418
444,302,dprf_full,electrical_missing,1.0,0.0,1.0,0.7284537553787231,0.27154621481895447,0.9958662390708923,0.004133804235607386,0.9989116191864014,0.9998392462730408,0.0028844077605754137
444,302,dprf_full,vibration_gain_075,0.75,1.0,0.25,0.7448704242706299,0.2551296055316925,0.7066889405250549,0.29331108927726746,0.22582612931728363,0.7921234965324402,0.9997600317001343
444,302,dprf_full,vibration_gain_050,0.5,1.0,0.5,0.6378486156463623,0.3621514141559601,0.5467255711555481,0.4532744288444519,0.44560864567756653,0.5656909942626953,0.9997634291648865
444,302,dprf_full,vibration_gain_025,0.25,1.0,0.75,0.6044315695762634,0.3955684304237366,0.4643109142780304,0.5356890559196472,0.5820621252059937,0.37457066774368286,0.9996567368507385
444,302,dprf_full,electrical_gain_075,1.0,0.75,0.25,0.9585645198822021,0.04143558815121651,0.9743037223815918,0.025696225464344025,0.38344866037368774,0.9884243011474609,0.5789549946784973
444,302,dprf_full,electrical_gain_050,1.0,0.5,0.5,0.9958741664886475,0.004125803709030151,0.9979748129844666,0.0020252708345651627,0.4998958110809326,0.999910295009613,0.48629599809646606
444,302,dprf_full,electrical_gain_025,1.0,0.25,0.75,0.9996421337127686,0.0003578544710762799,0.9998416304588318,0.00015843857545405626,0.5018446445465088,0.9999992847442627,0.4431084096431732
444,302,dprf_full,vibration_drift_025rms,0.75,1.0,0.25,0.8419463038444519,0.1580537110567093,0.826823890209198,0.17317607998847961,0.1224638819694519,0.8832494616508484,0.999756932258606
444,302,dprf_full,vibration_drift_050rms,0.5,1.0,0.5,0.8402124047279358,0.1597875952720642,0.8244833946228027,0.17551666498184204,0.12503615021705627,0.8800653219223022,0.9997576475143433
444,302,dprf_full,vibration_drift_100rms,0.0,1.0,1.0,0.8316758871078491,0.1683240681886673,0.8131438493728638,0.18685609102249146,0.13542290031909943,0.8691940903663635,0.9996395707130432
444,302,dprf_full,electrical_drift_025rms,1.0,0.75,0.25,0.8510792851448059,0.1489206701517105,0.8366086483001709,0.1633913516998291,0.14165253937244415,0.883080005645752,0.9977916479110718
444,302,dprf_full,electrical_drift_050rms,1.0,0.5,0.5,0.8462047576904297,0.15379521250724792,0.9051921963691711,0.09480779618024826,0.49607545137405396,0.9950555562973022,0.515416145324707
444,302,dprf_full,electrical_drift_100rms,1.0,0.0,1.0,0.8976899981498718,0.10231006145477295,0.9551534652709961,0.04484648257493973,0.971993088722229,1.0,0.3369848132133484
444,303,gate_da,clean_reextract,1.0,1.0,0.0,0.6355015635490417,0.3644983768463135,,,,,
444,303,gate_da,vibration_missing,0.0,1.0,1.0,0.026176149025559425,0.9738237857818604,,,,,
444,303,gate_da,electrical_missing,1.0,0.0,1.0,0.9438236355781555,0.05617636814713478,,,,,
444,303,gate_da,vibration_gain_075,0.75,1.0,0.25,0.5320605039596558,0.46793946623802185,,,,,
444,303,gate_da,vibration_gain_050,0.5,1.0,0.5,0.4677985608577728,0.5322014689445496,,,,,
444,303,gate_da,vibration_gain_025,0.25,1.0,0.75,0.4696279466152191,0.5303720235824585,,,,,
444,303,gate_da,electrical_gain_075,1.0,0.75,0.25,1.0,5.289433084158045e-21,,,,,
444,303,gate_da,electrical_gain_050,1.0,0.5,0.5,1.0,0.0,,,,,
444,303,gate_da,electrical_gain_025,1.0,0.25,0.75,1.0,0.0,,,,,
444,303,gate_da,vibration_drift_025rms,0.75,1.0,0.25,0.635982096195221,0.36401787400245667,,,,,
444,303,gate_da,vibration_drift_050rms,0.5,1.0,0.5,0.6386972665786743,0.3613027036190033,,,,,
444,303,gate_da,vibration_drift_100rms,0.0,1.0,1.0,0.6530662178993225,0.3469337821006775,,,,,
444,303,gate_da,electrical_drift_025rms,1.0,0.75,0.25,0.6379642486572266,0.3620358407497406,,,,,
444,303,gate_da,electrical_drift_050rms,1.0,0.5,0.5,0.6920304894447327,0.30796942114830017,,,,,
444,303,gate_da,electrical_drift_100rms,1.0,0.0,1.0,0.6267133951187134,0.373286634683609,,,,,
444,303,rcarf_hard,clean_reextract,1.0,1.0,0.0,,,9.068797953659669e-05,0.9999094009399414,0.20540723204612732,,
444,303,rcarf_hard,vibration_missing,0.0,1.0,1.0,,,4.162023833487183e-05,0.9999583959579468,0.9983008503913879,,
444,303,rcarf_hard,electrical_missing,1.0,0.0,1.0,,,0.9994107484817505,0.0005892656045034528,0.9971697926521301,,
444,303,rcarf_hard,vibration_gain_075,0.75,1.0,0.25,,,5.333140506991185e-05,0.999946653842926,0.36322641372680664,,
444,303,rcarf_hard,vibration_gain_050,0.5,1.0,0.5,,,2.370164293097332e-05,0.999976396560669,0.7049179673194885,,
444,303,rcarf_hard,vibration_gain_025,0.25,1.0,0.75,,,1.736128979246132e-05,0.9999826550483704,0.843319296836853,,
444,303,rcarf_hard,electrical_gain_075,1.0,0.75,0.25,,,1.0,1.596342502629966e-09,0.9895061254501343,,
444,303,rcarf_hard,electrical_gain_050,1.0,0.5,0.5,,,1.0,2.698942449133083e-26,0.9999811053276062,,
444,303,rcarf_hard,electrical_gain_025,1.0,0.25,0.75,,,1.0,9.350864652439504e-42,1.0,,
444,303,rcarf_hard,vibration_drift_025rms,0.75,1.0,0.25,,,8.97507561603561e-05,0.999910295009613,0.20767389237880707,,
444,303,rcarf_hard,vibration_drift_050rms,0.5,1.0,0.5,,,8.74842080520466e-05,0.9999125599861145,0.21432144939899445,,
444,303,rcarf_hard,vibration_drift_100rms,0.0,1.0,1.0,,,8.239600720116869e-05,0.9999176859855652,0.23891480267047882,,
444,303,rcarf_hard,electrical_drift_025rms,1.0,0.75,0.25,,,0.0038818162865936756,0.9961181879043579,0.23593652248382568,,
444,303,rcarf_hard,electrical_drift_050rms,1.0,0.5,0.5,,,0.9989892840385437,0.0010107281850650907,0.992245614528656,,
444,303,rcarf_hard,electrical_drift_100rms,1.0,0.0,1.0,,,1.0,2.2029824302510602e-23,1.0,,
444,303,dprf_no_rel_loss,clean_reextract,1.0,1.0,0.0,0.7346112728118896,0.26538872718811035,0.7549585700035095,0.2450414001941681,0.12419654428958893,0.9689039587974548,0.6019787192344666
444,303,dprf_no_rel_loss,vibration_missing,0.0,1.0,1.0,0.20004644989967346,0.7999535799026489,0.07503876835107803,0.924961268901825,0.9979699850082397,0.38519784808158875,0.7820053100585938
444,303,dprf_no_rel_loss,electrical_missing,1.0,0.0,1.0,0.9675133228302002,0.032486654818058014,0.9790900349617004,0.020909978076815605,0.9989343285560608,0.9901437759399414,0.4457164406776428
444,303,dprf_no_rel_loss,vibration_gain_075,0.75,1.0,0.25,0.6798830628395081,0.3201168477535248,0.6966543197631836,0.30334562063217163,0.20969508588314056,0.9680802822113037,0.6473255157470703
444,303,dprf_no_rel_loss,vibration_gain_050,0.5,1.0,0.5,0.6987635493278503,0.30123642086982727,0.7125043272972107,0.2874956429004669,0.38295653462409973,0.9830620288848877,0.6970784068107605
444,303,dprf_no_rel_loss,vibration_gain_025,0.25,1.0,0.75,0.778053879737854,0.2219461351633072,0.787404477596283,0.21259552240371704,0.5132604241371155,0.9954992532730103,0.7360095381736755
444,303,dprf_no_rel_loss,electrical_gain_075,1.0,0.75,0.25,0.9047894477844238,0.09521057456731796,0.9133858680725098,0.08661418408155441,0.35949814319610596,0.9959080219268799,0.6177055239677429
444,303,dprf_no_rel_loss,electrical_gain_050,1.0,0.5,0.5,0.965823769569397,0.03417632728815079,0.968686044216156,0.031314000487327576,0.49171096086502075,0.9987456798553467,0.6103590130805969
444,303,dprf_no_rel_loss,electrical_gain_025,1.0,0.25,0.75,0.9863199591636658,0.013680096715688705,0.9871795177459717,0.012820549309253693,0.4989489018917084,0.9996071457862854,0.6032947301864624
444,303,dprf_no_rel_loss,vibration_drift_025rms,0.75,1.0,0.25,0.7356935739517212,0.2643064856529236,0.7561064958572388,0.24389347434043884,0.12500585615634918,0.9681436419487,0.6015971302986145
444,303,dprf_no_rel_loss,vibration_drift_050rms,0.5,1.0,0.5,0.738559901714325,0.26144012808799744,0.7590925693511963,0.2409074306488037,0.12802138924598694,0.9653428196907043,0.6006560921669006
444,303,dprf_no_rel_loss,vibration_drift_100rms,0.0,1.0,1.0,0.7447167038917542,0.25528329610824585,0.7640494704246521,0.2359505295753479,0.1386585235595703,0.9518376588821411,0.5978453159332275
444,303,dprf_no_rel_loss,electrical_drift_025rms,1.0,0.75,0.25,0.7438538670539856,0.2561461329460144,0.7623274326324463,0.2376726120710373,0.1420668065547943,0.9668903350830078,0.5794860124588013
444,303,dprf_no_rel_loss,electrical_drift_050rms,1.0,0.5,0.5,0.7246713638305664,0.27532869577407837,0.734250545501709,0.26574942469596863,0.4622524082660675,0.9901964664459229,0.6492569446563721
444,303,dprf_no_rel_loss,electrical_drift_100rms,1.0,0.0,1.0,0.6708740592002869,0.3291260004043579,0.6716288328170776,0.3283711373806,0.9855678081512451,0.9999521374702454,0.8799372315406799
444,303,dprf_no_switch_loss,clean_reextract,1.0,1.0,0.0,0.5934008359909058,0.4065991938114166,0.567304790019989,0.4326952397823334,0.9999997019767761,0.8932154774665833,0.9999123811721802
444,303,dprf_no_switch_loss,vibration_missing,0.0,1.0,1.0,0.5009732842445374,0.49902668595314026,0.00017773585568647832,0.9998223185539246,0.9997611045837402,0.0001725691108731553,0.9999969005584717
444,303,dprf_no_switch_loss,electrical_missing,1.0,0.0,1.0,0.5463211536407471,0.45367881655693054,0.998737633228302,0.0012624328956007957,0.9999816417694092,0.9996901750564575,0.0015645690727978945
444,303,dprf_no_switch_loss,vibration_gain_075,0.75,1.0,0.25,0.5882878303527832,0.4117121696472168,0.5299621820449829,0.47003787755966187,0.9999995231628418,0.7835292816162109,0.9999255537986755
444,303,dprf_no_switch_loss,vibration_gain_050,0.5,1.0,0.5,0.5865747332572937,0.4134252667427063,0.44364631175994873,0.5563536882400513,0.9999999403953552,0.5486829876899719,0.9999436140060425
444,303,dprf_no_switch_loss,vibration_gain_025,0.25,1.0,0.75,0.5842611789703369,0.4157387316226959,0.38270336389541626,0.6172966361045837,1.0,0.42347827553749084,0.9999471306800842
444,303,dprf_no_switch_loss,electrical_gain_075,1.0,0.75,0.25,0.6436946392059326,0.3563053607940674,0.7343252301216125,0.2656747102737427,0.9999994039535522,0.9806517958641052,0.5993214845657349
444,303,dprf_no_switch_loss,electrical_gain_050,1.0,0.5,0.5,0.6504566073417664,0.34954342246055603,0.7909824252128601,0.2090175747871399,1.0,0.9995241165161133,0.4638440012931824
444,303,dprf_no_switch_loss,electrical_gain_025,1.0,0.25,0.75,0.6591562032699585,0.3408437669277191,0.8070946335792542,0.19290530681610107,1.0,0.9999876022338867,0.425654798746109
444,303,dprf_no_switch_loss,vibration_drift_025rms,0.75,1.0,0.25,0.5925768613815308,0.4074231684207916,0.5661646127700806,0.43383538722991943,0.9999997019767761,0.8919642567634583,0.9999118447303772
444,303,dprf_no_switch_loss,vibration_drift_050rms,0.5,1.0,0.5,0.5907942652702332,0.40920573472976685,0.5632784962654114,0.43672144412994385,0.9999997019767761,0.8877010345458984,0.9999098181724548
444,303,dprf_no_switch_loss,vibration_drift_100rms,0.0,1.0,1.0,0.5866807103157043,0.41331928968429565,0.555857241153717,0.4441426992416382,0.9999996423721313,0.8749057650566101,0.9999017715454102
444,303,dprf_no_switch_loss,electrical_drift_025rms,1.0,0.75,0.25,0.5842787623405457,0.41572123765945435,0.5585923790931702,0.4414076507091522,0.9999997019767761,0.8947312831878662,0.9995291829109192
444,303,dprf_no_switch_loss,electrical_drift_050rms,1.0,0.5,0.5,0.526607096195221,0.47339290380477905,0.6771863102912903,0.32281365990638733,0.9999996423721313,0.9933564066886902,0.496234655380249
444,303,dprf_no_switch_loss,electrical_drift_100rms,1.0,0.0,1.0,0.46082085371017456,0.5391791462898254,0.7228413820266724,0.27715864777565,1.0,1.0,0.2770055830478668
444,303,dprf_no_semantic,clean_reextract,1.0,1.0,0.0,0.5,0.5,0.4731552302837372,0.5268447399139404,0.10352117568254471,0.8980245590209961,0.9994663000106812
444,303,dprf_no_semantic,vibration_missing,0.0,1.0,1.0,0.5,0.5,0.0010277105029672384,0.9989723563194275,0.999544620513916,0.001030081883072853,0.9999366402626038
444,303,dprf_no_semantic,electrical_missing,1.0,0.0,1.0,0.5,0.5,0.9980084896087646,0.0019914843142032623,0.9988958239555359,0.9997298717498779,0.0019977695774286985
444,303,dprf_no_semantic,vibration_gain_075,0.75,1.0,0.25,0.5,0.5,0.4433867335319519,0.5566132664680481,0.1937502920627594,0.7984226942062378,0.9995605945587158
444,303,dprf_no_semantic,vibration_gain_050,0.5,1.0,0.5,0.5,0.5,0.35294634103775024,0.6470536589622498,0.40494945645332336,0.5533964037895203,0.9997337460517883
444,303,dprf_no_semantic,vibration_gain_025,0.25,1.0,0.75,0.5,0.5,0.2854461967945099,0.7145538330078125,0.5956366062164307,0.4081149697303772,0.9997379779815674
444,303,dprf_no_semantic,electrical_gain_075,1.0,0.75,0.25,0.5,0.5,0.616945743560791,0.383054256439209,0.3497498631477356,0.9865800738334656,0.6240028738975525
444,303,dprf_no_semantic,electrical_gain_050,1.0,0.5,0.5,0.5,0.5,0.6669136881828308,0.3330862522125244,0.5076040625572205,0.9998316168785095,0.49978888034820557
444,303,dprf_no_semantic,electrical_gain_025,1.0,0.25,0.75,0.5,0.5,0.6819818019866943,0.31801819801330566,0.511631190776825,0.9999958872795105,0.4669623374938965
444,303,dprf_no_semantic,vibration_drift_025rms,0.75,1.0,0.25,0.5,0.5,0.4729127287864685,0.5270872712135315,0.10438366234302521,0.8971408009529114,0.9994605183601379
444,303,dprf_no_semantic,vibration_drift_050rms,0.5,1.0,0.5,0.5,0.5,0.47215735912323,0.5278425812721252,0.10722097754478455,0.8943963646888733,0.9994317293167114
444,303,dprf_no_semantic,vibration_drift_100rms,0.0,1.0,1.0,0.5,0.5,0.4697238504886627,0.5302761197090149,0.11530376970767975,0.8857457041740417,0.9993798732757568
444,303,dprf_no_semantic,electrical_drift_025rms,1.0,0.75,0.25,0.5,0.5,0.4739221930503845,0.5260777473449707,0.12066666036844254,0.8993240594863892,0.9978632926940918
444,303,dprf_no_semantic,electrical_drift_050rms,1.0,0.5,0.5,0.5,0.5,0.6634658575057983,0.33653414249420166,0.4336429238319397,0.993043065071106,0.5050980448722839
444,303,dprf_no_semantic,electrical_drift_100rms,1.0,0.0,1.0,0.5,0.5,0.8204251527786255,0.1795749068260193,0.9664586186408997,0.9999996423721313,0.23907609283924103
444,303,dprf_full,clean_reextract,1.0,1.0,0.0,0.753819465637207,0.24618051946163177,0.7434029579162598,0.25659701228141785,0.1051698848605156,0.8998097777366638,0.9998970627784729
444,303,dprf_full,vibration_missing,0.0,1.0,1.0,0.7040584683418274,0.29594144225120544,0.002294529927894473,0.9977054595947266,0.9992793202400208,0.0008709669928066432,0.9999853372573853
444,303,dprf_full,electrical_missing,1.0,0.0,1.0,0.772376298904419,0.22762365639209747,0.9995409846305847,0.0004590369062498212,0.9993671178817749,0.9997913241386414,0.0009910225635394454
444,303,dprf_full,vibration_gain_075,0.75,1.0,0.25,0.705159068107605,0.2948409914970398,0.6794264912605286,0.3205735683441162,0.1906038522720337,0.8012501001358032,0.9999260306358337
444,303,dprf_full,vibration_gain_050,0.5,1.0,0.5,0.6634843349456787,0.3365156352519989,0.5920409560203552,0.40795907378196716,0.40071022510528564,0.5664213299751282,0.9999637603759766
444,303,dprf_full,vibration_gain_025,0.25,1.0,0.75,0.6447900533676147,0.35520991683006287,0.5151134729385376,0.4848865866661072,0.5984429717063904,0.39144742488861084,0.9999839663505554
444,303,dprf_full,electrical_gain_075,1.0,0.75,0.25,0.8652701377868652,0.1347297728061676,0.9030354022979736,0.09696456789970398,0.38333743810653687,0.9840789437294006,0.578251838684082
444,303,dprf_full,electrical_gain_050,1.0,0.5,0.5,0.9338269233703613,0.0661730095744133,0.9644407033920288,0.03555929288268089,0.50423663854599,0.999820351600647,0.4973795711994171
444,303,dprf_full,electrical_gain_025,1.0,0.25,0.75,0.9657285213470459,0.03427144140005112,0.9831894636154175,0.01681056059896946,0.506905198097229,0.9999971985816956,0.47503647208213806
444,303,dprf_full,vibration_drift_025rms,0.75,1.0,0.25,0.754458487033844,0.2455414980649948,0.7439432144165039,0.2560567855834961,0.10606851428747177,0.8985819220542908,0.9998953342437744
444,303,dprf_full,vibration_drift_050rms,0.5,1.0,0.5,0.756169855594635,0.24383017420768738,0.7453444600105286,0.2546555995941162,0.10889583826065063,0.8945712447166443,0.9998894929885864
444,303,dprf_full,vibration_drift_100rms,0.0,1.0,1.0,0.7599359154701233,0.24006406962871552,0.7478854060173035,0.25211456418037415,0.1182539165019989,0.8827645778656006,0.9998708367347717
444,303,dprf_full,electrical_drift_025rms,1.0,0.75,0.25,0.7519452571868896,0.24805474281311035,0.7414478063583374,0.2585521936416626,0.1210114061832428,0.8977677226066589,0.9994964003562927
444,303,dprf_full,electrical_drift_050rms,1.0,0.5,0.5,0.745306134223938,0.2546939253807068,0.7951940894126892,0.20480597019195557,0.47796830534935,0.9938272833824158,0.5100541114807129
444,303,dprf_full,electrical_drift_100rms,1.0,0.0,1.0,0.7611920833587646,0.2388078272342682,0.8125163912773132,0.187483549118042,0.9906392097473145,0.9999998211860657,0.3809932470321655
444,304,gate_da,clean_reextract,1.0,1.0,0.0,0.5909975171089172,0.4090024530887604,,,,,
444,304,gate_da,vibration_missing,0.0,1.0,1.0,0.04473843798041344,0.9552615284919739,,,,,
444,304,gate_da,electrical_missing,1.0,0.0,1.0,0.9299695491790771,0.07003041356801987,,,,,
444,304,gate_da,vibration_gain_075,0.75,1.0,0.25,0.5282884836196899,0.47171148657798767,,,,,
444,304,gate_da,vibration_gain_050,0.5,1.0,0.5,0.504496157169342,0.49550381302833557,,,,,
444,304,gate_da,vibration_gain_025,0.25,1.0,0.75,0.5232488512992859,0.4767511487007141,,,,,
444,304,gate_da,electrical_gain_075,1.0,0.75,0.25,0.9951292872428894,0.004870768636465073,,,,,
444,304,gate_da,electrical_gain_050,1.0,0.5,0.5,0.9999997019767761,2.6818679543794133e-07,,,,,
444,304,gate_da,electrical_gain_025,1.0,0.25,0.75,1.0,7.0869759713487746e-12,,,,,
444,304,gate_da,vibration_drift_025rms,0.75,1.0,0.25,0.5910761952400208,0.40892383456230164,,,,,
444,304,gate_da,vibration_drift_050rms,0.5,1.0,0.5,0.5912188291549683,0.40878114104270935,,,,,
444,304,gate_da,vibration_drift_100rms,0.0,1.0,1.0,0.5875799059867859,0.4124201238155365,,,,,
444,304,gate_da,electrical_drift_025rms,1.0,0.75,0.25,0.6046315431594849,0.3953684866428375,,,,,
444,304,gate_da,electrical_drift_050rms,1.0,0.5,0.5,0.6579002737998962,0.342099666595459,,,,,
444,304,gate_da,electrical_drift_100rms,1.0,0.0,1.0,0.6498774290084839,0.3501225411891937,,,,,
444,304,rcarf_hard,clean_reextract,1.0,1.0,0.0,,,0.0002213025582022965,0.999778687953949,0.20977729558944702,,
444,304,rcarf_hard,vibration_missing,0.0,1.0,1.0,,,7.023348734946921e-05,0.9999297857284546,0.9965192079544067,,
444,304,rcarf_hard,electrical_missing,1.0,0.0,1.0,,,0.9996774792671204,0.00032247824128717184,0.9957070350646973,,
444,304,rcarf_hard,vibration_gain_075,0.75,1.0,0.25,,,0.00014206265041138977,0.9998579025268555,0.3415295481681824,,
444,304,rcarf_hard,vibration_gain_050,0.5,1.0,0.5,,,2.6816520403372124e-05,0.9999731779098511,0.7304473519325256,,
444,304,rcarf_hard,vibration_gain_025,0.25,1.0,0.75,,,2.0656067135860212e-05,0.9999793171882629,0.8926486968994141,,
444,304,rcarf_hard,electrical_gain_075,1.0,0.75,0.25,,,1.0,1.0041278789355013e-13,0.9980921745300293,,
444,304,rcarf_hard,electrical_gain_050,1.0,0.5,0.5,,,1.0,0.0,1.0,,
444,304,rcarf_hard,electrical_gain_025,1.0,0.25,0.75,,,1.0,0.0,1.0,,
444,304,rcarf_hard,vibration_drift_025rms,0.75,1.0,0.25,,,0.00021143558842595667,0.9997885227203369,0.21201379597187042,,
444,304,rcarf_hard,vibration_drift_050rms,0.5,1.0,0.5,,,0.00020129921904299408,0.9997987151145935,0.21903860569000244,,
444,304,rcarf_hard,vibration_drift_100rms,0.0,1.0,1.0,,,0.00035377824679017067,0.9996462464332581,0.24128983914852142,,
444,304,rcarf_hard,electrical_drift_025rms,1.0,0.75,0.25,,,0.004965953063219786,0.9950340986251831,0.2387891411781311,,
444,304,rcarf_hard,electrical_drift_050rms,1.0,0.5,0.5,,,0.9995243549346924,0.000475647539133206,0.9927662014961243,,
444,304,rcarf_hard,electrical_drift_100rms,1.0,0.0,1.0,,,1.0,1.632338122677556e-31,1.0,,
444,304,dprf_no_rel_loss,clean_reextract,1.0,1.0,0.0,0.8154799342155457,0.18452008068561554,0.7985726594924927,0.2014274001121521,0.11941462755203247,0.673014760017395,0.3116666376590729
444,304,dprf_no_rel_loss,vibration_missing,0.0,1.0,1.0,0.08741164952516556,0.9125884175300598,0.011008009314537048,0.9889920353889465,0.9996532797813416,0.04910770431160927,0.7855278849601746
444,304,dprf_no_rel_loss,electrical_missing,1.0,0.0,1.0,0.9106760621070862,0.08932396024465561,0.9344866275787354,0.06551334261894226,0.9989979863166809,0.9150543212890625,0.2749433219432831
444,304,dprf_no_rel_loss,vibration_gain_075,0.75,1.0,0.25,0.7512418031692505,0.24875818192958832,0.7230825424194336,0.2769174575805664,0.21387045085430145,0.6765719056129456,0.4382561147212982
444,304,dprf_no_rel_loss,vibration_gain_050,0.5,1.0,0.5,0.7267324924468994,0.2732675075531006,0.6970651149749756,0.3029348850250244,0.42895257472991943,0.6841019988059998,0.5363492369651794
444,304,dprf_no_rel_loss,vibration_gain_025,0.25,1.0,0.75,0.7545426487922668,0.24545735120773315,0.6984758377075195,0.3015241026878357,0.6236403584480286,0.6942623257637024,0.6114944815635681
444,304,dprf_no_rel_loss,electrical_gain_075,1.0,0.75,0.25,0.9065960049629211,0.09340398013591766,0.9492495656013489,0.050750404596328735,0.34726837277412415,0.800783097743988,0.24424518644809723
444,304,dprf_no_rel_loss,electrical_gain_050,1.0,0.5,0.5,0.9578162431716919,0.04218382388353348,0.9788727164268494,0.021127209067344666,0.5057042241096497,0.9402279853820801,0.2317039966583252
444,304,dprf_no_rel_loss,electrical_gain_025,1.0,0.25,0.75,0.9821017384529114,0.01789828948676586,0.9904907941818237,0.009509165771305561,0.5640327334403992,0.9823318719863892,0.22799932956695557
444,304,dprf_no_rel_loss,vibration_drift_025rms,0.75,1.0,0.25,0.8144751787185669,0.1855248361825943,0.7979847192764282,0.20201529562473297,0.1203288733959198,0.6724610924720764,0.3124222755432129
444,304,dprf_no_rel_loss,vibration_drift_050rms,0.5,1.0,0.5,0.811251699924469,0.1887483298778534,0.7927324771881104,0.20726750791072845,0.12300772964954376,0.6702964305877686,0.3163970112800598
444,304,dprf_no_rel_loss,vibration_drift_100rms,0.0,1.0,1.0,0.7883450388908386,0.211654931306839,0.772484302520752,0.22751572728157043,0.13312624394893646,0.6633042097091675,0.3323366940021515
444,304,dprf_no_rel_loss,electrical_drift_025rms,1.0,0.75,0.25,0.8289867639541626,0.1710132509469986,0.8070493936538696,0.19295066595077515,0.14394690096378326,0.6740149259567261,0.29980942606925964
444,304,dprf_no_rel_loss,electrical_drift_050rms,1.0,0.5,0.5,0.8480534553527832,0.1519465148448944,0.7617911100387573,0.23820888996124268,0.49800702929496765,0.6457018852233887,0.29578718543052673
444,304,dprf_no_rel_loss,electrical_drift_100rms,1.0,0.0,1.0,0.8326203227043152,0.1673797219991684,0.6554551720619202,0.344544917345047,0.9001064300537109,0.40621131658554077,0.32082027196884155
444,304,dprf_no_switch_loss,clean_reextract,1.0,1.0,0.0,0.638776421546936,0.36122363805770874,0.6141543984413147,0.3858456015586853,0.9999942779541016,0.8894164562225342,0.9991717338562012
444,304,dprf_no_switch_loss,vibration_missing,0.0,1.0,1.0,0.5107061266899109,0.4892938733100891,0.0003038574941456318,0.9996961951255798,0.9995675086975098,0.00030296051409095526,0.999961793422699
444,304,dprf_no_switch_loss,electrical_missing,1.0,0.0,1.0,0.5868251919746399,0.4131747782230377,0.9935356974601746,0.006464329548180103,0.9996450543403625,0.9997214674949646,0.0048525515012443066
444,304,dprf_no_switch_loss,vibration_gain_075,0.75,1.0,0.25,0.6214879155158997,0.37851211428642273,0.571454644203186,0.42854541540145874,0.9999963045120239,0.7943738698959351,0.9994972348213196
444,304,dprf_no_switch_loss,vibration_gain_050,0.5,1.0,0.5,0.6201108694076538,0.3798891305923462,0.49110397696495056,0.5088960528373718,0.9999976754188538,0.5582113265991211,0.9995755553245544
444,304,dprf_no_switch_loss,vibration_gain_025,0.25,1.0,0.75,0.6448254585266113,0.3551745116710663,0.4050496816635132,0.5949503183364868,0.9999988675117493,0.3433060050010681,0.9994882941246033
444,304,dprf_no_switch_loss,electrical_gain_075,1.0,0.75,0.25,0.8489838242530823,0.15101616084575653,0.9012607336044312,0.09873920679092407,0.9999999403953552,0.9818422198295593,0.5587899088859558
444,304,dprf_no_switch_loss,electrical_gain_050,1.0,0.5,0.5,0.9507282376289368,0.04927174374461174,0.9745556116104126,0.02544434927403927,1.0,0.9996203780174255,0.48678356409072876
444,304,dprf_no_switch_loss,electrical_gain_025,1.0,0.25,0.75,0.9847769737243652,0.015223035588860512,0.9927209615707397,0.007279061246663332,1.0,0.9999905824661255,0.4685065448284149
444,304,dprf_no_switch_loss,vibration_drift_025rms,0.75,1.0,0.25,0.6387402415275574,0.3612597584724426,0.6138902902603149,0.38610970973968506,0.9999942183494568,0.8883136510848999,0.9991670846939087
444,304,dprf_no_switch_loss,vibration_drift_050rms,0.5,1.0,0.5,0.6387926936149597,0.36120733618736267,0.6132235527038574,0.38677647709846497,0.9999940395355225,0.8849064111709595,0.9991424083709717
444,304,dprf_no_switch_loss,vibration_drift_100rms,0.0,1.0,1.0,0.6359816789627075,0.3640182614326477,0.6074864864349365,0.3925134539604187,0.9999937415122986,0.8737696409225464,0.9989529848098755
444,304,dprf_no_switch_loss,electrical_drift_025rms,1.0,0.75,0.25,0.6347427368164062,0.36525726318359375,0.6105788350105286,0.38942116498947144,0.9999925494194031,0.8879642486572266,0.9959071278572083
444,304,dprf_no_switch_loss,electrical_drift_050rms,1.0,0.5,0.5,0.6240346431732178,0.3759653568267822,0.7545052170753479,0.2454947680234909,0.9999925494194031,0.9929062724113464,0.48256632685661316
444,304,dprf_no_switch_loss,electrical_drift_100rms,1.0,0.0,1.0,0.5723912119865417,0.427608847618103,0.8304653763771057,0.1695346236228943,1.0,1.0,0.22512049973011017
444,304,dprf_no_semantic,clean_reextract,1.0,1.0,0.0,0.5,0.5,0.47376933693885803,0.5262306928634644,0.10654988884925842,0.9006829857826233,0.9998134970664978
444,304,dprf_no_semantic,vibration_missing,0.0,1.0,1.0,0.5,0.5,0.00033931739744730294,0.9996606707572937,0.9994856119155884,0.0003396098909433931,0.9999662637710571
444,304,dprf_no_semantic,electrical_missing,1.0,0.0,1.0,0.5,0.5,0.9995435476303101,0.00045648153172805905,0.9991546869277954,0.9998813271522522,0.0004569280135910958
444,304,dprf_no_semantic,vibration_gain_075,0.75,1.0,0.25,0.5,0.5,0.4471663534641266,0.552833616733551,0.17284847795963287,0.8109652400016785,0.9998686909675598
444,304,dprf_no_semantic,vibration_gain_050,0.5,1.0,0.5,0.5,0.5,0.3720080554485321,0.6279919743537903,0.3973959684371948,0.5997619032859802,0.9998937249183655
444,304,dprf_no_semantic,vibration_gain_025,0.25,1.0,0.75,0.5,0.5,0.2957608699798584,0.7042391300201416,0.614779531955719,0.4266873002052307,0.9998911619186401
444,304,dprf_no_semantic,electrical_gain_075,1.0,0.75,0.25,0.5,0.5,0.6485403180122375,0.35145965218544006,0.36791113018989563,0.9722835421562195,0.5316100716590881
444,304,dprf_no_semantic,electrical_gain_050,1.0,0.5,0.5,0.5,0.5,0.6707950234413147,0.3292049765586853,0.5052194595336914,0.9993537068367004,0.49050137400627136
444,304,dprf_no_semantic,electrical_gain_025,1.0,0.25,0.75,0.5,0.5,0.67256760597229,0.32743242383003235,0.5439066886901855,0.9999868273735046,0.4869396388530731
444,304,dprf_no_semantic,vibration_drift_025rms,0.75,1.0,0.25,0.5,0.5,0.4735056459903717,0.5264943242073059,0.10767025500535965,0.8997212648391724,0.9998109340667725
444,304,dprf_no_semantic,vibration_drift_050rms,0.5,1.0,0.5,0.5,0.5,0.4725417196750641,0.5274582505226135,0.11139227449893951,0.8962351679801941,0.9998043179512024
444,304,dprf_no_semantic,vibration_drift_100rms,0.0,1.0,1.0,0.5,0.5,0.46970340609550476,0.5302965641021729,0.1235547885298729,0.8861733078956604,0.9997523427009583
444,304,dprf_no_semantic,electrical_drift_025rms,1.0,0.75,0.25,0.5,0.5,0.4747033417224884,0.5252965688705444,0.1259540468454361,0.9034103155136108,0.9990567564964294
444,304,dprf_no_semantic,electrical_drift_050rms,1.0,0.5,0.5,0.5,0.5,0.6669867038726807,0.33301323652267456,0.4694068133831024,0.9937047958374023,0.4973210096359253
444,304,dprf_no_semantic,electrical_drift_100rms,1.0,0.0,1.0,0.5,0.5,0.7398511171340942,0.26014888286590576,0.9015018939971924,0.9999992251396179,0.35698288679122925
444,304,dprf_full,clean_reextract,1.0,1.0,0.0,0.604160487651825,0.3958395719528198,0.5872169137001038,0.41278308629989624,0.1115453913807869,0.9023771286010742,0.9997334480285645
444,304,dprf_full,vibration_missing,0.0,1.0,1.0,0.47391360998153687,0.5260863900184631,0.0005671055987477303,0.9994329810142517,0.9996447563171387,0.00048589150537736714,0.9999673962593079
444,304,dprf_full,electrical_missing,1.0,0.0,1.0,0.6618408560752869,0.33815905451774597,0.9997034668922424,0.00029653930687345564,0.9985309839248657,0.9999278783798218,0.0003467549104243517
444,304,dprf_full,vibration_gain_075,0.75,1.0,0.25,0.5253608226776123,0.4746392071247101,0.4908551275730133,0.5091448426246643,0.20458504557609558,0.8313072919845581,0.9997664093971252
444,304,dprf_full,vibration_gain_050,0.5,1.0,0.5,0.46915870904922485,0.5308413505554199,0.37801188230514526,0.6219881176948547,0.43856626749038696,0.6027861833572388,0.9998293519020081
444,304,dprf_full,vibration_gain_025,0.25,1.0,0.75,0.4418424069881439,0.5581576228141785,0.26653093099594116,0.7334691286087036,0.6084426045417786,0.35861000418663025,0.9998647570610046
444,304,dprf_full,electrical_gain_075,1.0,0.75,0.25,0.86264967918396,0.13735027611255646,0.9131494164466858,0.08685055375099182,0.4203062355518341,0.9889144897460938,0.5253693461418152
444,304,dprf_full,electrical_gain_050,1.0,0.5,0.5,0.9743487238883972,0.025651272386312485,0.9867897629737854,0.013210231438279152,0.49847033619880676,0.9999518990516663,0.49023425579071045
444,304,dprf_full,electrical_gain_025,1.0,0.25,0.75,0.9960909485816956,0.003909068647772074,0.9981179237365723,0.001882068463601172,0.5011374354362488,0.9999998211860657,0.47940102219581604
444,304,dprf_full,vibration_drift_025rms,0.75,1.0,0.25,0.6051284074783325,0.3948715031147003,0.5880271792411804,0.4119728207588196,0.11265544593334198,0.900916576385498,0.999731719493866
444,304,dprf_full,vibration_drift_050rms,0.5,1.0,0.5,0.6082738041877747,0.39172616600990295,0.5906811356544495,0.4093189537525177,0.11601517349481583,0.896095335483551,0.999725341796875
444,304,dprf_full,vibration_drift_100rms,0.0,1.0,1.0,0.6146209239959717,0.38537904620170593,0.5947586894035339,0.40524131059646606,0.12711197137832642,0.880452036857605,0.9996774196624756
444,304,dprf_full,electrical_drift_025rms,1.0,0.75,0.25,0.6178550124168396,0.382144957780838,0.602230429649353,0.3977695107460022,0.13772161304950714,0.9073678851127625,0.9980376362800598
444,304,dprf_full,electrical_drift_050rms,1.0,0.5,0.5,0.6815637946128845,0.3184362053871155,0.75631183385849,0.24368816614151,0.4879656732082367,0.99737948179245,0.4961150884628296
444,304,dprf_full,electrical_drift_100rms,1.0,0.0,1.0,0.7270013689994812,0.2729986608028412,0.7759001851081848,0.22409974038600922,0.6329962611198425,1.0,0.37498578429222107
444,305,gate_da,clean_reextract,1.0,1.0,0.0,0.6901661157608032,0.309833824634552,,,,,
444,305,gate_da,vibration_missing,0.0,1.0,1.0,0.0451740026473999,0.9548260569572449,,,,,
444,305,gate_da,electrical_missing,1.0,0.0,1.0,0.9678007364273071,0.032199278473854065,,,,,
444,305,gate_da,vibration_gain_075,0.75,1.0,0.25,0.6299827098846436,0.37001731991767883,,,,,
444,305,gate_da,vibration_gain_050,0.5,1.0,0.5,0.596533477306366,0.40346649289131165,,,,,
444,305,gate_da,vibration_gain_025,0.25,1.0,0.75,0.5934193134307861,0.40658068656921387,,,,,
444,305,gate_da,electrical_gain_075,1.0,0.75,0.25,1.0,4.484840498975018e-09,,,,,
444,305,gate_da,electrical_gain_050,1.0,0.5,0.5,1.0,5.938079912370771e-19,,,,,
444,305,gate_da,electrical_gain_025,1.0,0.25,0.75,1.0,3.005496011721404e-28,,,,,
444,305,gate_da,vibration_drift_025rms,0.75,1.0,0.25,0.6891660094261169,0.31083402037620544,,,,,
444,305,gate_da,vibration_drift_050rms,0.5,1.0,0.5,0.6867297887802124,0.3132701814174652,,,,,
444,305,gate_da,vibration_drift_100rms,0.0,1.0,1.0,0.6769819259643555,0.32301807403564453,,,,,
444,305,gate_da,electrical_drift_025rms,1.0,0.75,0.25,0.6992553472518921,0.3007446527481079,,,,,
444,305,gate_da,electrical_drift_050rms,1.0,0.5,0.5,0.7808238863945007,0.21917608380317688,,,,,
444,305,gate_da,electrical_drift_100rms,1.0,0.0,1.0,0.8268266916275024,0.1731732338666916,,,,,
444,305,rcarf_hard,clean_reextract,1.0,1.0,0.0,,,0.00017194508109241724,0.999828040599823,0.21666288375854492,,
444,305,rcarf_hard,vibration_missing,0.0,1.0,1.0,,,2.1648099846061086e-06,0.9999979138374329,0.9995296597480774,,
444,305,rcarf_hard,electrical_missing,1.0,0.0,1.0,,,0.9991194009780884,0.0008806188125163317,0.996910035610199,,
444,305,rcarf_hard,vibration_gain_075,0.75,1.0,0.25,,,5.0720384024316445e-05,0.9999492764472961,0.3708074688911438,,
444,305,rcarf_hard,vibration_gain_050,0.5,1.0,0.5,,,4.735034963232465e-05,0.9999526739120483,0.7344735860824585,,
444,305,rcarf_hard,vibration_gain_025,0.25,1.0,0.75,,,0.00013871683040633798,0.9998612999916077,0.8816286325454712,,
444,305,rcarf_hard,electrical_gain_075,1.0,0.75,0.25,,,1.0,9.333257858490247e-20,0.9951921701431274,,
444,305,rcarf_hard,electrical_gain_050,1.0,0.5,0.5,,,1.0,0.0,1.0,,
444,305,rcarf_hard,electrical_gain_025,1.0,0.25,0.75,,,1.0,0.0,1.0,,
444,305,rcarf_hard,vibration_drift_025rms,0.75,1.0,0.25,,,0.00016964360838755965,0.9998303651809692,0.2188761681318283,,
444,305,rcarf_hard,vibration_drift_050rms,0.5,1.0,0.5,,,0.0001634734944673255,0.9998366236686707,0.22552885115146637,,
444,305,rcarf_hard,vibration_drift_100rms,0.0,1.0,1.0,,,0.00017653095710556954,0.9998235702514648,0.24554698169231415,,
444,305,rcarf_hard,electrical_drift_025rms,1.0,0.75,0.25,,,0.0038969852030277252,0.9961029887199402,0.25144052505493164,,
444,305,rcarf_hard,electrical_drift_050rms,1.0,0.5,0.5,,,0.9999584555625916,4.153372356086038e-05,0.9962010383605957,,
444,305,rcarf_hard,electrical_drift_100rms,1.0,0.0,1.0,,,1.0,1.682201843661789e-33,1.0,,
444,305,dprf_no_rel_loss,clean_reextract,1.0,1.0,0.0,0.9400453567504883,0.05995464324951172,0.8731552958488464,0.12684468924999237,0.12753792107105255,0.7486436367034912,0.8612294793128967
444,305,dprf_no_rel_loss,vibration_missing,0.0,1.0,1.0,0.20937083661556244,0.7906291484832764,0.002516484586521983,0.9974835515022278,0.9988304972648621,0.00916952546685934,0.9972668290138245
444,305,dprf_no_rel_loss,electrical_missing,1.0,0.0,1.0,0.9806669354438782,0.019333086907863617,0.9816197752952576,0.018380215391516685,0.9974486827850342,0.9763166904449463,0.7009208798408508
444,305,dprf_no_rel_loss,vibration_gain_075,0.75,1.0,0.25,0.9010238647460938,0.09897617250680923,0.788388729095459,0.21161125600337982,0.2232404500246048,0.729436457157135,0.9177338480949402
444,305,dprf_no_rel_loss,vibration_gain_050,0.5,1.0,0.5,0.8692026734352112,0.13079731166362762,0.7869197130203247,0.2130802571773529,0.3769277334213257,0.7623935341835022,0.9776321053504944
444,305,dprf_no_rel_loss,vibration_gain_025,0.25,1.0,0.75,0.8894485235214233,0.11055149883031845,0.8287776708602905,0.17122229933738708,0.44195425510406494,0.8564063906669617,0.9983693361282349
444,305,dprf_no_rel_loss,electrical_gain_075,1.0,0.75,0.25,0.9814451336860657,0.018554944545030594,0.9811108708381653,0.018889103084802628,0.36810436844825745,0.8880189657211304,0.8583667874336243
444,305,dprf_no_rel_loss,electrical_gain_050,1.0,0.5,0.5,0.998025119304657,0.001974773593246937,0.998014509677887,0.0019855163991451263,0.5061080455780029,0.8523994088172913,0.9895875453948975
444,305,dprf_no_rel_loss,electrical_gain_025,1.0,0.25,0.75,0.9998450875282288,0.0001549060398247093,0.9998421669006348,0.00015780389367137104,0.5393621325492859,0.7724862694740295,0.9999231100082397
444,305,dprf_no_rel_loss,vibration_drift_025rms,0.75,1.0,0.25,0.940034031867981,0.05996596813201904,0.8732722401618958,0.12672768533229828,0.1285550594329834,0.7493682503700256,0.8624332547187805
444,305,dprf_no_rel_loss,vibration_drift_050rms,0.5,1.0,0.5,0.9399145245552063,0.06008549779653549,0.8730245232582092,0.12697549164295197,0.13162925839424133,0.7521159052848816,0.866730272769928
444,305,dprf_no_rel_loss,vibration_drift_100rms,0.0,1.0,1.0,0.9370156526565552,0.06298443675041199,0.8671948313713074,0.13280515372753143,0.14470091462135315,0.7627301216125488,0.8855775594711304
444,305,dprf_no_rel_loss,electrical_drift_025rms,1.0,0.75,0.25,0.949581503868103,0.05041849613189697,0.8859366774559021,0.1140633374452591,0.15754467248916626,0.7490695118904114,0.8623760342597961
444,305,dprf_no_rel_loss,electrical_drift_050rms,1.0,0.5,0.5,0.9644816517829895,0.0355183444917202,0.8777255415916443,0.1222744733095169,0.45776620507240295,0.7280354499816895,0.9128263592720032
444,305,dprf_no_rel_loss,electrical_drift_100rms,1.0,0.0,1.0,0.9935780763626099,0.006421895232051611,0.8363817930221558,0.16361814737319946,0.760337769985199,0.6948553323745728,0.9999323487281799
444,305,dprf_no_switch_loss,clean_reextract,1.0,1.0,0.0,0.6567626595497131,0.34323734045028687,0.624294102191925,0.37570586800575256,0.999998927116394,0.8649628758430481,0.9996049404144287
444,305,dprf_no_switch_loss,vibration_missing,0.0,1.0,1.0,0.5638595223426819,0.4361404776573181,0.0007328865467570722,0.9992671012878418,0.9992920160293579,0.00048364789108745754,0.9999750256538391
444,305,dprf_no_switch_loss,electrical_missing,1.0,0.0,1.0,0.656832754611969,0.343167245388031,0.9994586706161499,0.0005412564496509731,0.9999681115150452,0.9996035695075989,0.0010001789778470993
444,305,dprf_no_switch_loss,vibration_gain_075,0.75,1.0,0.25,0.6564578413963318,0.3435421586036682,0.5908275842666626,0.4091723561286926,0.9999992847442627,0.7497434020042419,0.9997239708900452
444,305,dprf_no_switch_loss,vibration_gain_050,0.5,1.0,0.5,0.6766527891159058,0.3233472406864166,0.5329281091690063,0.46707192063331604,0.9999996423721313,0.5373245477676392,0.9998485445976257
444,305,dprf_no_switch_loss,vibration_gain_025,0.25,1.0,0.75,0.7116817831993103,0.2883181571960449,0.48302340507507324,0.5169765949249268,0.9999999403953552,0.3596334457397461,0.999869167804718
444,305,dprf_no_switch_loss,electrical_gain_075,1.0,0.75,0.25,0.9999708533287048,2.916357698268257e-05,0.9999850392341614,1.495511423854623e-05,1.0,0.9923402667045593,0.5129189491271973
444,305,dprf_no_switch_loss,electrical_gain_050,1.0,0.5,0.5,1.0,6.437676086656907e-11,1.0,3.1430098107465554e-11,1.0,0.9999507665634155,0.4910609722137451
444,305,dprf_no_switch_loss,electrical_gain_025,1.0,0.25,0.75,1.0,2.444101128505871e-16,1.0,1.2062920456648612e-16,1.0,0.9999997615814209,0.49547481536865234
444,305,dprf_no_switch_loss,vibration_drift_025rms,0.75,1.0,0.25,0.6565001606941223,0.3434998393058777,0.6237587332725525,0.3762412667274475,0.999998927116394,0.8636479377746582,0.9995971918106079
444,305,dprf_no_switch_loss,vibration_drift_050rms,0.5,1.0,0.5,0.6558056473731995,0.3441944420337677,0.62196946144104,0.37803059816360474,0.999998927116394,0.858803927898407,0.9995742440223694
444,305,dprf_no_switch_loss,vibration_drift_100rms,0.0,1.0,1.0,0.6536878943443298,0.34631213545799255,0.6160838007926941,0.38391613960266113,0.9999988675117493,0.8448669910430908,0.9994696378707886
444,305,dprf_no_switch_loss,electrical_drift_025rms,1.0,0.75,0.25,0.6682097911834717,0.3317902684211731,0.6388539671897888,0.3611460328102112,0.9999987483024597,0.8722626566886902,0.9972130656242371
444,305,dprf_no_switch_loss,electrical_drift_050rms,1.0,0.5,0.5,0.6915091872215271,0.3084908425807953,0.7928246259689331,0.2071753740310669,0.9999996423721313,0.9910931587219238,0.5304833054542542
444,305,dprf_no_switch_loss,electrical_drift_100rms,1.0,0.0,1.0,0.6779953837394714,0.3220045566558838,0.8519344329833984,0.1480655074119568,1.0,0.9999994039535522,0.36489933729171753
444,305,dprf_no_semantic,clean_reextract,1.0,1.0,0.0,0.5,0.5,0.46219637989997864,0.5378036499023438,0.12948647141456604,0.8601487278938293,0.9995967745780945
444,305,dprf_no_semantic,vibration_missing,0.0,1.0,1.0,0.5,0.5,0.00026662900927476585,0.9997333288192749,0.9994698166847229,0.00026678372523747385,0.9999352693557739
444,305,dprf_no_semantic,electrical_missing,1.0,0.0,1.0,0.5,0.5,0.9996221661567688,0.0003777690581046045,0.9943110346794128,0.9995989799499512,0.00037785168387927115
444,305,dprf_no_semantic,vibration_gain_075,0.75,1.0,0.25,0.5,0.5,0.42216506600379944,0.5778349041938782,0.24249380826950073,0.7336162328720093,0.9995403289794922
444,305,dprf_no_semantic,vibration_gain_050,0.5,1.0,0.5,0.5,0.5,0.34074610471725464,0.6592538952827454,0.466660737991333,0.522193968296051,0.9995948076248169
444,305,dprf_no_semantic,vibration_gain_025,0.25,1.0,0.75,0.5,0.5,0.2727392315864563,0.7272607088088989,0.6631144285202026,0.3781103193759918,0.9996687769889832
444,305,dprf_no_semantic,electrical_gain_075,1.0,0.75,0.25,0.5,0.5,0.6663699746131897,0.3336300253868103,0.4472494423389435,0.9788671135902405,0.4930668771266937
444,305,dprf_no_semantic,electrical_gain_050,1.0,0.5,0.5,0.5,0.5,0.6918611526489258,0.3081388473510742,0.49444058537483215,0.9997187852859497,0.44535693526268005
444,305,dprf_no_semantic,electrical_gain_025,1.0,0.25,0.75,0.5,0.5,0.7040908336639404,0.29590919613838196,0.5142272114753723,0.999995231628418,0.42038118839263916
444,305,dprf_no_semantic,vibration_drift_025rms,0.75,1.0,0.25,0.5,0.5,0.4618527889251709,0.5381472110748291,0.13030996918678284,0.8589702844619751,0.9995867013931274
444,305,dprf_no_semantic,vibration_drift_050rms,0.5,1.0,0.5,0.5,0.5,0.4606136083602905,0.5393863916397095,0.13309599459171295,0.8548212647438049,0.9995735287666321
444,305,dprf_no_semantic,vibration_drift_100rms,0.0,1.0,1.0,0.5,0.5,0.4561960697174072,0.5438039898872375,0.14271172881126404,0.8405217528343201,0.9994540810585022
444,305,dprf_no_semantic,electrical_drift_025rms,1.0,0.75,0.25,0.5,0.5,0.4633922874927521,0.5366076827049255,0.14988908171653748,0.8623688817024231,0.9976180195808411
444,305,dprf_no_semantic,electrical_drift_050rms,1.0,0.5,0.5,0.5,0.5,0.6807329654693604,0.31926703453063965,0.4864824414253235,0.9910953640937805,0.4651133120059967
444,305,dprf_no_semantic,electrical_drift_100rms,1.0,0.0,1.0,0.5,0.5,0.7870849370956421,0.2129150927066803,0.87827068567276,0.9999998211860657,0.27283695340156555
444,305,dprf_full,clean_reextract,1.0,1.0,0.0,0.8368749022483826,0.16312508285045624,0.8206220865249634,0.1793779581785202,0.1260956972837448,0.8623578548431396,0.9997441172599792
444,305,dprf_full,vibration_missing,0.0,1.0,1.0,0.6159839034080505,0.38401609659194946,0.00017534286598674953,0.999824583530426,0.9992120265960693,0.0001270141074201092,0.9999735951423645
444,305,dprf_full,electrical_missing,1.0,0.0,1.0,0.7426952719688416,0.25730475783348083,0.9968340396881104,0.003166013862937689,0.9978449940681458,0.9997697472572327,0.0021717988420277834
444,305,dprf_full,vibration_gain_075,0.75,1.0,0.25,0.7709553837776184,0.2290446013212204,0.7299644351005554,0.2700355350971222,0.2359798699617386,0.756501317024231,0.9997547268867493
444,305,dprf_full,vibration_gain_050,0.5,1.0,0.5,0.702583372592926,0.297416627407074,0.5978817939758301,0.40211817622184753,0.43228620290756226,0.5425505638122559,0.9997239708900452
444,305,dprf_full,vibration_gain_025,0.25,1.0,0.75,0.6897575259208679,0.31024250388145447,0.521450936794281,0.478549063205719,0.5562801361083984,0.3832134008407593,0.9995446801185608
444,305,dprf_full,electrical_gain_075,1.0,0.75,0.25,0.9708847403526306,0.029115239158272743,0.9816012382507324,0.01839868165552616,0.44164904952049255,0.9715520739555359,0.5701668858528137
444,305,dprf_full,electrical_gain_050,1.0,0.5,0.5,0.9981613755226135,0.0018386660376563668,0.9990746378898621,0.0009254275937564671,0.5097813606262207,0.9995420575141907,0.5099707841873169
444,305,dprf_full,electrical_gain_025,1.0,0.25,0.75,0.9998790621757507,0.00012093828263459727,0.9999415278434753,5.8502522733761e-05,0.5354661345481873,0.999995231628418,0.49446579813957214
444,305,dprf_full,vibration_drift_025rms,0.75,1.0,0.25,0.8371634483337402,0.16283658146858215,0.8208418488502502,0.17915809154510498,0.12723354995250702,0.8612955212593079,0.9997299909591675
444,305,dprf_full,vibration_drift_050rms,0.5,1.0,0.5,0.8372582197189331,0.1627417355775833,0.8206658959388733,0.17933404445648193,0.13106761872768402,0.8577508926391602,0.9996880292892456
444,305,dprf_full,vibration_drift_100rms,0.0,1.0,1.0,0.8359509706497192,0.16404901444911957,0.8178513050079346,0.18214868009090424,0.14342553913593292,0.8469523191452026,0.9994516372680664
444,305,dprf_full,electrical_drift_025rms,1.0,0.75,0.25,0.8512365221977234,0.1487634778022766,0.836097002029419,0.16390299797058105,0.1482810378074646,0.8628789782524109,0.997869610786438
444,305,dprf_full,electrical_drift_050rms,1.0,0.5,0.5,0.9046957492828369,0.09530419856309891,0.9400644302368164,0.05993569642305374,0.4993422031402588,0.9929220676422119,0.4973769783973694
444,305,dprf_full,electrical_drift_100rms,1.0,0.0,1.0,0.9820185303688049,0.017981477081775665,0.9921253323554993,0.00787472352385521,0.7828960418701172,0.9999999403953552,0.38106584548950195
555,301,gate_da,clean_reextract,1.0,1.0,0.0,0.5526101589202881,0.44738978147506714,,,,,
555,301,gate_da,vibration_missing,0.0,1.0,1.0,0.0007989891455508769,0.9992009997367859,,,,,
555,301,gate_da,electrical_missing,1.0,0.0,1.0,0.8601450324058533,0.13985492289066315,,,,,
555,301,gate_da,vibration_gain_075,0.75,1.0,0.25,0.4757576882839203,0.5242423415184021,,,,,
555,301,gate_da,vibration_gain_050,0.5,1.0,0.5,0.44202491641044617,0.5579751133918762,,,,,
555,301,gate_da,vibration_gain_025,0.25,1.0,0.75,0.4368125796318054,0.5631873607635498,,,,,
555,301,gate_da,electrical_gain_075,1.0,0.75,0.25,0.8368411660194397,0.16315880417823792,,,,,
555,301,gate_da,electrical_gain_050,1.0,0.5,0.5,0.9053249955177307,0.09467508643865585,,,,,
555,301,gate_da,electrical_gain_025,1.0,0.25,0.75,0.9328246712684631,0.06717541068792343,,,,,
555,301,gate_da,vibration_drift_025rms,0.75,1.0,0.25,0.5537539124488831,0.44624608755111694,,,,,
555,301,gate_da,vibration_drift_050rms,0.5,1.0,0.5,0.5571097135543823,0.4428902864456177,,,,,
555,301,gate_da,vibration_drift_100rms,0.0,1.0,1.0,0.5720667839050293,0.4279332160949707,,,,,
555,301,gate_da,electrical_drift_025rms,1.0,0.75,0.25,0.5682567954063416,0.43174320459365845,,,,,
555,301,gate_da,electrical_drift_050rms,1.0,0.5,0.5,0.6464579701423645,0.3535419702529907,,,,,
555,301,gate_da,electrical_drift_100rms,1.0,0.0,1.0,0.7863516211509705,0.21364839375019073,,,,,
555,301,rcarf_hard,clean_reextract,1.0,1.0,0.0,,,0.0031418357975780964,0.9968580603599548,0.2354055494070053,,
555,301,rcarf_hard,vibration_missing,0.0,1.0,1.0,,,5.494555807672441e-06,0.9999945759773254,0.9997131824493408,,
555,301,rcarf_hard,electrical_missing,1.0,0.0,1.0,,,0.9996708035469055,0.00032911048037931323,0.997376024723053,,
555,301,rcarf_hard,vibration_gain_075,0.75,1.0,0.25,,,0.001925791148096323,0.9980741739273071,0.42343294620513916,,
555,301,rcarf_hard,vibration_gain_050,0.5,1.0,0.5,,,0.00017255025159101933,0.9998274445533752,0.8223633170127869,,
555,301,rcarf_hard,vibration_gain_025,0.25,1.0,0.75,,,0.00011851421004394069,0.9998814463615417,0.9397706985473633,,
555,301,rcarf_hard,electrical_gain_075,1.0,0.75,0.25,,,0.9964306950569153,0.003569351276382804,0.9995580315589905,,
555,301,rcarf_hard,electrical_gain_050,1.0,0.5,0.5,,,0.9987373948097229,0.0012626262614503503,0.9999992251396179,,
555,301,rcarf_hard,electrical_gain_025,1.0,0.25,0.75,,,0.9987373948097229,0.0012626262614503503,1.0,,
555,301,rcarf_hard,vibration_drift_025rms,0.75,1.0,0.25,,,0.0026645739562809467,0.9973354339599609,0.23752276599407196,,
555,301,rcarf_hard,vibration_drift_050rms,0.5,1.0,0.5,,,0.001829206245020032,0.998170793056488,0.2442605048418045,,
555,301,rcarf_hard,vibration_drift_100rms,0.0,1.0,1.0,,,0.00039075364475138485,0.9996092319488525,0.26632949709892273,,
555,301,rcarf_hard,electrical_drift_025rms,1.0,0.75,0.25,,,0.008299257606267929,0.9917008280754089,0.2693406939506531,,
555,301,rcarf_hard,electrical_drift_050rms,1.0,0.5,0.5,,,0.9991821646690369,0.0008178014541044831,0.994820773601532,,
555,301,rcarf_hard,electrical_drift_100rms,1.0,0.0,1.0,,,1.0,8.286761198104554e-38,1.0,,
555,301,dprf_no_rel_loss,clean_reextract,1.0,1.0,0.0,0.8170557618141174,0.18294420838356018,0.8171129822731018,0.1828869879245758,0.13886454701423645,0.9999368786811829,0.9978398680686951
555,301,dprf_no_rel_loss,vibration_missing,0.0,1.0,1.0,0.204576775431633,0.7954232692718506,0.00021182057389523834,0.9997881650924683,0.9998800754547119,0.0007815351709723473,0.9995682835578918
555,301,dprf_no_rel_loss,electrical_missing,1.0,0.0,1.0,0.9747074246406555,0.025292634963989258,0.9753268957138062,0.02467302419245243,0.997340202331543,0.9999983310699463,0.7330813407897949
555,301,dprf_no_rel_loss,vibration_gain_075,0.75,1.0,0.25,0.6971738338470459,0.3028261661529541,0.6971414089202881,0.30285853147506714,0.23537525534629822,0.9997243285179138,0.9992846250534058
555,301,dprf_no_rel_loss,vibration_gain_050,0.5,1.0,0.5,0.6485313773155212,0.3514687120914459,0.6485324501991272,0.3514675199985504,0.3873302638530731,0.9999775886535645,0.9999405145645142
555,301,dprf_no_rel_loss,vibration_gain_025,0.25,1.0,0.75,0.6971108317375183,0.3028891980648041,0.6971114873886108,0.30288851261138916,0.5004256367683411,1.0,0.9999957084655762
555,301,dprf_no_rel_loss,electrical_gain_075,1.0,0.75,0.25,0.9622467756271362,0.03775324672460556,0.9622637033462524,0.03773638606071472,0.3666076362133026,0.9999902844429016,0.9818575382232666
555,301,dprf_no_rel_loss,electrical_gain_050,1.0,0.5,0.5,0.9962253570556641,0.003774581477046013,0.9962255954742432,0.0037744701839983463,0.5065305829048157,0.9999987483024597,0.9735159873962402
555,301,dprf_no_rel_loss,electrical_gain_025,1.0,0.25,0.75,0.9995513558387756,0.0004487146798055619,0.9995513558387756,0.00044871438876725733,0.5306414365768433,0.9999998211860657,0.9823434948921204
555,301,dprf_no_rel_loss,vibration_drift_025rms,0.75,1.0,0.25,0.814877450466156,0.1851225346326828,0.8149343729019165,0.18506555259227753,0.14019908010959625,0.999934196472168,0.9982455372810364
555,301,dprf_no_rel_loss,vibration_drift_050rms,0.5,1.0,0.5,0.8090125322341919,0.19098740816116333,0.8090684413909912,0.1909315139055252,0.14437365531921387,0.9999244809150696,0.9988839030265808
555,301,dprf_no_rel_loss,vibration_drift_100rms,0.0,1.0,1.0,0.7921507358551025,0.20784926414489746,0.7921887636184692,0.207811176776886,0.15959270298480988,0.9998183846473694,0.9992805123329163
555,301,dprf_no_rel_loss,electrical_drift_025rms,1.0,0.75,0.25,0.830787181854248,0.16921280324459076,0.8308315277099609,0.16916851699352264,0.1682429015636444,0.9999391436576843,0.9980481266975403
555,301,dprf_no_rel_loss,electrical_drift_050rms,1.0,0.5,0.5,0.8675677180290222,0.1324322670698166,0.8675885200500488,0.13241149485111237,0.46114596724510193,0.9999502897262573,0.998169481754303
555,301,dprf_no_rel_loss,electrical_drift_100rms,1.0,0.0,1.0,0.8632968068122864,0.1367032527923584,0.8632514476776123,0.1367485076189041,0.9732434153556824,0.9997661113739014,0.9988192319869995
555,301,dprf_no_switch_loss,clean_reextract,1.0,1.0,0.0,0.597893476486206,0.40210655331611633,0.5719900131225586,0.428009957075119,1.0,0.8887498378753662,0.9960309267044067
555,301,dprf_no_switch_loss,vibration_missing,0.0,1.0,1.0,0.43311840295791626,0.566881537437439,0.00016969630087260157,0.9998303055763245,0.9999903440475464,0.00017295336874667555,0.9999213218688965
555,301,dprf_no_switch_loss,electrical_missing,1.0,0.0,1.0,0.6110769510269165,0.3889230191707611,0.9988324642181396,0.0011674638371914625,0.9999905824661255,0.9996178150177002,0.0019874046556651592
555,301,dprf_no_switch_loss,vibration_gain_075,0.75,1.0,0.25,0.5877183079719543,0.41228172183036804,0.5329464077949524,0.4670535624027252,1.0,0.7925992012023926,0.9971731305122375
555,301,dprf_no_switch_loss,vibration_gain_050,0.5,1.0,0.5,0.5957641005516052,0.4042358696460724,0.46026352047920227,0.5397365093231201,1.0,0.5745553970336914,0.998472273349762
555,301,dprf_no_switch_loss,vibration_gain_025,0.25,1.0,0.75,0.5864943265914917,0.4135056734085083,0.37684234976768494,0.6231576800346375,1.0,0.4280286133289337,0.99936842918396
555,301,dprf_no_switch_loss,electrical_gain_075,1.0,0.75,0.25,0.6900655031204224,0.30993449687957764,0.797749936580658,0.20225006341934204,1.0,0.9920879602432251,0.5102171301841736
555,301,dprf_no_switch_loss,electrical_gain_050,1.0,0.5,0.5,0.7233290076255798,0.27667102217674255,0.8276836276054382,0.17231632769107819,1.0,0.999908447265625,0.502032458782196
555,301,dprf_no_switch_loss,electrical_gain_025,1.0,0.25,0.75,0.7503101825714111,0.24968987703323364,0.8458279967308044,0.15417197346687317,1.0,0.9999987483024597,0.5060393810272217
555,301,dprf_no_switch_loss,vibration_drift_025rms,0.75,1.0,0.25,0.5984356999397278,0.4015643298625946,0.572101891040802,0.4278981387615204,1.0,0.8872053623199463,0.9958183169364929
555,301,dprf_no_switch_loss,vibration_drift_050rms,0.5,1.0,0.5,0.5996352434158325,0.4003647267818451,0.5720682144165039,0.4279317855834961,1.0,0.8823883533477783,0.9954521059989929
555,301,dprf_no_switch_loss,vibration_drift_100rms,0.0,1.0,1.0,0.6052964329719543,0.39470356702804565,0.5738080739974976,0.4261920154094696,1.0,0.8678843975067139,0.9952211976051331
555,301,dprf_no_switch_loss,electrical_drift_025rms,1.0,0.75,0.25,0.5956093668937683,0.4043906629085541,0.5728031396865845,0.4271968901157379,1.0,0.8933671712875366,0.9873065948486328
555,301,dprf_no_switch_loss,electrical_drift_050rms,1.0,0.5,0.5,0.592566728591919,0.40743330121040344,0.7196024656295776,0.2803974449634552,1.0,0.9973027110099792,0.5239496827125549
555,301,dprf_no_switch_loss,electrical_drift_100rms,1.0,0.0,1.0,0.6381007432937622,0.3618992567062378,0.7600062489509583,0.23999381065368652,1.0,1.0,0.46899813413619995
555,301,dprf_no_semantic,clean_reextract,1.0,1.0,0.0,0.5,0.5,0.46944135427474976,0.5305585861206055,0.14245568215847015,0.8809255957603455,0.9946375489234924
555,301,dprf_no_semantic,vibration_missing,0.0,1.0,1.0,0.5,0.5,0.0007986801210790873,0.999201238155365,0.9997804164886475,0.0007992147584445775,0.9995675086975098
555,301,dprf_no_semantic,electrical_missing,1.0,0.0,1.0,0.5,0.5,0.9990559816360474,0.0009440564317628741,0.9989621639251709,0.9998022317886353,0.0009453598177060485
555,301,dprf_no_semantic,vibration_gain_075,0.75,1.0,0.25,0.5,0.5,0.44350865483283997,0.5564913749694824,0.21942071616649628,0.7960652709007263,0.9949346780776978
555,301,dprf_no_semantic,vibration_gain_050,0.5,1.0,0.5,0.5,0.5,0.36463719606399536,0.6353628039360046,0.42810705304145813,0.580801784992218,0.9972785115242004
555,301,dprf_no_semantic,vibration_gain_025,0.25,1.0,0.75,0.5,0.5,0.3068676292896271,0.6931324005126953,0.5727006793022156,0.4501817226409912,0.9984859228134155
555,301,dprf_no_semantic,electrical_gain_075,1.0,0.75,0.25,0.5,0.5,0.6522756814956665,0.3477242588996887,0.42658719420433044,0.9871018528938293,0.5312585830688477
555,301,dprf_no_semantic,electrical_gain_050,1.0,0.5,0.5,0.5,0.5,0.6804840564727783,0.31951606273651123,0.4982551038265228,0.9999769330024719,0.4699108898639679
555,301,dprf_no_semantic,electrical_gain_025,1.0,0.25,0.75,0.5,0.5,0.6902192234992981,0.3097807466983795,0.5024097561836243,1.0,0.44921597838401794
555,301,dprf_no_semantic,vibration_drift_025rms,0.75,1.0,0.25,0.5,0.5,0.46900638937950134,0.5309935808181763,0.1439027041196823,0.879404604434967,0.9945893883705139
555,301,dprf_no_semantic,vibration_drift_050rms,0.5,1.0,0.5,0.5,0.5,0.46760323643684387,0.5323967337608337,0.1484314352273941,0.8745845556259155,0.9944186210632324
555,301,dprf_no_semantic,vibration_drift_100rms,0.0,1.0,1.0,0.5,0.5,0.46380624175071716,0.5361937880516052,0.16175340116024017,0.8618091344833374,0.9936473965644836
555,301,dprf_no_semantic,electrical_drift_025rms,1.0,0.75,0.25,0.5,0.5,0.4779902696609497,0.5220096707344055,0.16731007397174835,0.8935720920562744,0.97663414478302
555,301,dprf_no_semantic,electrical_drift_050rms,1.0,0.5,0.5,0.5,0.5,0.6633681654930115,0.3366318941116333,0.4985150694847107,0.99875408411026,0.5075729489326477
555,301,dprf_no_semantic,electrical_drift_100rms,1.0,0.0,1.0,0.5,0.5,0.7119572758674622,0.28804269433021545,0.9663298726081848,1.0,0.40700963139533997
555,301,dprf_full,clean_reextract,1.0,1.0,0.0,0.8398403525352478,0.16015958786010742,0.8262414932250977,0.17375853657722473,0.13338445127010345,0.8919227719306946,0.9993336796760559
555,301,dprf_full,vibration_missing,0.0,1.0,1.0,0.588406503200531,0.4115934669971466,2.012004188145511e-05,0.9999799132347107,0.9998250603675842,1.2926010640512686e-05,0.9999938607215881
555,301,dprf_full,electrical_missing,1.0,0.0,1.0,0.8054012060165405,0.19459876418113708,0.9990420937538147,0.0009580033365637064,0.9983674883842468,0.9997437000274658,0.002025710651651025
555,301,dprf_full,vibration_gain_075,0.75,1.0,0.25,0.7783984541893005,0.22160154581069946,0.7473299503326416,0.2526700794696808,0.22544698417186737,0.7933439016342163,0.9994938373565674
555,301,dprf_full,vibration_gain_050,0.5,1.0,0.5,0.7222379446029663,0.2777620255947113,0.6359777450561523,0.36402222514152527,0.4011688232421875,0.5995332598686218,0.9997836947441101
555,301,dprf_full,vibration_gain_025,0.25,1.0,0.75,0.6992201209068298,0.3007798194885254,0.551278293132782,0.44872167706489563,0.5255945920944214,0.4654565751552582,0.999886691570282
555,301,dprf_full,electrical_gain_075,1.0,0.75,0.25,0.9057884812355042,0.09421148896217346,0.9338672757148743,0.06613274663686752,0.4028016924858093,0.9876636266708374,0.5756666660308838
555,301,dprf_full,electrical_gain_050,1.0,0.5,0.5,0.9845755696296692,0.015424415469169617,0.9922786951065063,0.007721349596977234,0.5106204748153687,0.9999377131462097,0.48588162660598755
555,301,dprf_full,electrical_gain_025,1.0,0.25,0.75,0.9976340532302856,0.0023660208098590374,0.9988964200019836,0.0011035616043955088,0.5125268697738647,0.9999999403953552,0.4653528332710266
555,301,dprf_full,vibration_drift_025rms,0.75,1.0,0.25,0.8391973972320557,0.16080258786678314,0.825345516204834,0.1746545284986496,0.13521036505699158,0.8907009959220886,0.9994183778762817
555,301,dprf_full,vibration_drift_050rms,0.5,1.0,0.5,0.8383897542953491,0.16161026060581207,0.8237671256065369,0.17623288929462433,0.1406286358833313,0.8865638375282288,0.9994149208068848
555,301,dprf_full,vibration_drift_100rms,0.0,1.0,1.0,0.8380643129348755,0.1619356870651245,0.820428729057312,0.17957128584384918,0.1586456596851349,0.872608482837677,0.9992126822471619
555,301,dprf_full,electrical_drift_025rms,1.0,0.75,0.25,0.8540359735488892,0.14596416056156158,0.8426976799964905,0.15730230510234833,0.15853330492973328,0.8937892913818359,0.9950703382492065
555,301,dprf_full,electrical_drift_050rms,1.0,0.5,0.5,0.880714476108551,0.1192854568362236,0.9282025694847107,0.07179741561412811,0.4630480706691742,0.9945843815803528,0.5003954768180847
555,301,dprf_full,electrical_drift_100rms,1.0,0.0,1.0,0.9163652658462524,0.08363474160432816,0.9571060538291931,0.04289388284087181,0.9655956625938416,1.0,0.4467678964138031
555,302,gate_da,clean_reextract,1.0,1.0,0.0,0.6407381296157837,0.3592618703842163,,,,,
555,302,gate_da,vibration_missing,0.0,1.0,1.0,0.03574632108211517,0.9642536640167236,,,,,
555,302,gate_da,electrical_missing,1.0,0.0,1.0,0.9084856510162354,0.09151439368724823,,,,,
555,302,gate_da,vibration_gain_075,0.75,1.0,0.25,0.5784642100334167,0.42153576016426086,,,,,
555,302,gate_da,vibration_gain_050,0.5,1.0,0.5,0.5243746638298035,0.47562530636787415,,,,,
555,302,gate_da,vibration_gain_025,0.25,1.0,0.75,0.5252671241760254,0.4747328758239746,,,,,
555,302,gate_da,electrical_gain_075,1.0,0.75,0.25,1.0,6.310918584592762e-13,,,,,
555,302,gate_da,electrical_gain_050,1.0,0.5,0.5,1.0,2.1456787391209156e-30,,,,,
555,302,gate_da,electrical_gain_025,1.0,0.25,0.75,1.0,0.0,,,,,
555,302,gate_da,vibration_drift_025rms,0.75,1.0,0.25,0.6413791179656982,0.35862088203430176,,,,,
555,302,gate_da,vibration_drift_050rms,0.5,1.0,0.5,0.6437444090843201,0.3562556207180023,,,,,
555,302,gate_da,vibration_drift_100rms,0.0,1.0,1.0,0.6554152965545654,0.34458473324775696,,,,,
555,302,gate_da,electrical_drift_025rms,1.0,0.75,0.25,0.6503415107727051,0.34965845942497253,,,,,
555,302,gate_da,electrical_drift_050rms,1.0,0.5,0.5,0.724577784538269,0.27542224526405334,,,,,
555,302,gate_da,electrical_drift_100rms,1.0,0.0,1.0,0.6667098999023438,0.33329007029533386,,,,,
555,302,rcarf_hard,clean_reextract,1.0,1.0,0.0,,,0.00019984765094704926,0.9998002648353577,0.21251678466796875,,
555,302,rcarf_hard,vibration_missing,0.0,1.0,1.0,,,3.2718355214456096e-05,0.9999672770500183,0.9989673495292664,,
555,302,rcarf_hard,electrical_missing,1.0,0.0,1.0,,,0.9994860291481018,0.0005138813867233694,0.9953784346580505,,
555,302,rcarf_hard,vibration_gain_075,0.75,1.0,0.25,,,0.00014085444854572415,0.9998592734336853,0.3397814929485321,,
555,302,rcarf_hard,vibration_gain_050,0.5,1.0,0.5,,,9.316022624261677e-05,0.9999068379402161,0.7173038125038147,,
555,302,rcarf_hard,vibration_gain_025,0.25,1.0,0.75,,,7.089850987540558e-05,0.9999291300773621,0.8588191866874695,,
555,302,rcarf_hard,electrical_gain_075,1.0,0.75,0.25,,,1.0,5.86701958127378e-08,0.9894440770149231,,
555,302,rcarf_hard,electrical_gain_050,1.0,0.5,0.5,,,1.0,4.219210803401921e-28,0.9972749948501587,,
555,302,rcarf_hard,electrical_gain_025,1.0,0.25,0.75,,,1.0,1.961817850054744e-44,0.9981011152267456,,
555,302,rcarf_hard,vibration_drift_025rms,0.75,1.0,0.25,,,0.00020250515080988407,0.999797523021698,0.21485678851604462,,
555,302,rcarf_hard,vibration_drift_050rms,0.5,1.0,0.5,,,0.00021038998966105282,0.9997895956039429,0.22133497893810272,,
555,302,rcarf_hard,vibration_drift_100rms,0.0,1.0,1.0,,,0.00024379417300224304,0.9997562170028687,0.24246110022068024,,
555,302,rcarf_hard,electrical_drift_025rms,1.0,0.75,0.25,,,0.0005678287125192583,0.9994322061538696,0.2275841385126114,,
555,302,rcarf_hard,electrical_drift_050rms,1.0,0.5,0.5,,,0.9638084769248962,0.03619154170155525,0.9477533102035522,,
555,302,rcarf_hard,electrical_drift_100rms,1.0,0.0,1.0,,,1.0,1.69249279065292e-29,1.0,,
555,302,dprf_no_rel_loss,clean_reextract,1.0,1.0,0.0,0.8809735774993896,0.119026318192482,0.8814458250999451,0.11855411529541016,0.1353062093257904,0.9374759793281555,0.8930517435073853
555,302,dprf_no_rel_loss,vibration_missing,0.0,1.0,1.0,0.04466037452220917,0.9553396105766296,0.0066480557434260845,0.993351936340332,0.9994893670082092,0.21355484426021576,0.9727970957756042
555,302,dprf_no_rel_loss,electrical_missing,1.0,0.0,1.0,0.9987279772758484,0.0012720513623207808,0.999170184135437,0.0008298747125081718,0.9985125660896301,0.9990865588188171,0.5777117609977722
555,302,dprf_no_rel_loss,vibration_gain_075,0.75,1.0,0.25,0.7971149682998657,0.20288494229316711,0.7968307137489319,0.20316927134990692,0.22012171149253845,0.9624643921852112,0.9250374436378479
555,302,dprf_no_rel_loss,vibration_gain_050,0.5,1.0,0.5,0.7794825434684753,0.22051747143268585,0.7803642153739929,0.21963587403297424,0.36293888092041016,0.9932359457015991,0.9469547271728516
555,302,dprf_no_rel_loss,vibration_gain_025,0.25,1.0,0.75,0.8274199962615967,0.17257997393608093,0.8278082013130188,0.1721918135881424,0.49811580777168274,0.9993470907211304,0.961650013923645
555,302,dprf_no_rel_loss,electrical_gain_075,1.0,0.75,0.25,0.9948365092277527,0.005163475871086121,0.9954136610031128,0.004586328286677599,0.3636797368526459,0.9854848980903625,0.5872199535369873
555,302,dprf_no_rel_loss,electrical_gain_050,1.0,0.5,0.5,0.9999430775642395,5.697536107618362e-05,0.9999542832374573,4.570313103613444e-05,0.5008777976036072,0.9937873482704163,0.4187512695789337
555,302,dprf_no_rel_loss,electrical_gain_025,1.0,0.25,0.75,0.9999992251396179,7.761474307699245e-07,0.9999994039535522,6.683932838313922e-07,0.5507302284240723,0.9978204369544983,0.3312770128250122
555,302,dprf_no_rel_loss,vibration_drift_025rms,0.75,1.0,0.25,0.8806631565093994,0.11933673173189163,0.8811140060424805,0.11888603866100311,0.1366439163684845,0.936647891998291,0.8925576210021973
555,302,dprf_no_rel_loss,vibration_drift_050rms,0.5,1.0,0.5,0.8806911706924438,0.11930885910987854,0.8810612559318542,0.11893872171640396,0.1412920504808426,0.9340651631355286,0.892848551273346
555,302,dprf_no_rel_loss,vibration_drift_100rms,0.0,1.0,1.0,0.8749557137489319,0.12504425644874573,0.8744086027145386,0.1255914866924286,0.15655720233917236,0.923797607421875,0.8919945955276489
555,302,dprf_no_rel_loss,electrical_drift_025rms,1.0,0.75,0.25,0.8841315507888794,0.11586852371692657,0.884271502494812,0.11572857946157455,0.15169000625610352,0.9392393231391907,0.8988192081451416
555,302,dprf_no_rel_loss,electrical_drift_050rms,1.0,0.5,0.5,0.7786355018615723,0.2213645726442337,0.7795930504798889,0.2204069346189499,0.4341476261615753,0.9941609501838684,0.9222207069396973
555,302,dprf_no_rel_loss,electrical_drift_100rms,1.0,0.0,1.0,0.44148963689804077,0.5585103631019592,0.4417336583137512,0.5582663416862488,0.9769904613494873,0.9993583559989929,0.9902728199958801
555,302,dprf_no_switch_loss,clean_reextract,1.0,1.0,0.0,0.6117129921913147,0.3882870078086853,0.5822786092758179,0.41772136092185974,0.9999998211860657,0.8825080394744873,0.9999421834945679
555,302,dprf_no_switch_loss,vibration_missing,0.0,1.0,1.0,0.4631110727787018,0.5368888974189758,3.211987859685905e-05,0.9999679327011108,0.999904453754425,3.5095567000098526e-05,0.9999987483024597
555,302,dprf_no_switch_loss,electrical_missing,1.0,0.0,1.0,0.5743632316589355,0.42563676834106445,0.9886395931243896,0.011360391974449158,0.9999552965164185,0.9993323087692261,0.008725984953343868
555,302,dprf_no_switch_loss,vibration_gain_075,0.75,1.0,0.25,0.5955518484115601,0.40444818139076233,0.5380740165710449,0.4619259834289551,0.9999999403953552,0.7871594429016113,0.9999373555183411
555,302,dprf_no_switch_loss,vibration_gain_050,0.5,1.0,0.5,0.6052504777908325,0.3947494924068451,0.47480127215385437,0.525198757648468,1.0,0.5778024196624756,0.9999610185623169
555,302,dprf_no_switch_loss,vibration_gain_025,0.25,1.0,0.75,0.639792799949646,0.3602072596549988,0.4357210397720337,0.5642790198326111,1.0,0.41177064180374146,0.9999710321426392
555,302,dprf_no_switch_loss,electrical_gain_075,1.0,0.75,0.25,0.9204638004302979,0.0795363187789917,0.9547163844108582,0.04528365656733513,1.0,0.9853092432022095,0.536626398563385
555,302,dprf_no_switch_loss,electrical_gain_050,1.0,0.5,0.5,0.9898149371147156,0.010185092687606812,0.9948176145553589,0.005182365421205759,1.0,0.9996805191040039,0.4990553855895996
555,302,dprf_no_switch_loss,electrical_gain_025,1.0,0.25,0.75,0.9984844326972961,0.0015155876753851771,0.9992414712905884,0.000758559734094888,1.0,0.9999921917915344,0.5003852248191833
555,302,dprf_no_switch_loss,vibration_drift_025rms,0.75,1.0,0.25,0.6115279793739319,0.3884720504283905,0.5816752910614014,0.41832461953163147,0.9999998211860657,0.8810663223266602,0.9999415874481201
555,302,dprf_no_switch_loss,vibration_drift_050rms,0.5,1.0,0.5,0.611258327960968,0.3887416422367096,0.5801799893379211,0.4198199212551117,0.9999998211860657,0.8769263625144958,0.9999411702156067
555,302,dprf_no_switch_loss,vibration_drift_100rms,0.0,1.0,1.0,0.6132652163505554,0.3867347836494446,0.5774677991867065,0.42253223061561584,0.9999998211860657,0.8613389134407043,0.999930202960968
555,302,dprf_no_switch_loss,electrical_drift_025rms,1.0,0.75,0.25,0.6173785328865051,0.3826214671134949,0.5870136618614197,0.41298627853393555,0.9999998211860657,0.8784348964691162,0.9997860789299011
555,302,dprf_no_switch_loss,electrical_drift_050rms,1.0,0.5,0.5,0.6536706686019897,0.3463292717933655,0.7257424592971802,0.2742575407028198,0.9999996423721313,0.9656174182891846,0.6777623295783997
555,302,dprf_no_switch_loss,electrical_drift_100rms,1.0,0.0,1.0,0.7364020943641663,0.26359787583351135,0.9167895317077637,0.08321048319339752,1.0,0.9999986290931702,0.22709552943706512
555,302,dprf_no_semantic,clean_reextract,1.0,1.0,0.0,0.5,0.5,0.46751973032951355,0.5324802398681641,0.1378137469291687,0.8777866363525391,0.9987435936927795
555,302,dprf_no_semantic,vibration_missing,0.0,1.0,1.0,0.5,0.5,0.00022238238307181746,0.9997774958610535,0.9996991157531738,0.0002224467898486182,0.9998981356620789
555,302,dprf_no_semantic,electrical_missing,1.0,0.0,1.0,0.5,0.5,0.9975205063819885,0.002479545772075653,0.998932957649231,0.9995632171630859,0.002488671336323023
555,302,dprf_no_semantic,vibration_gain_075,0.75,1.0,0.25,0.5,0.5,0.4374058246612549,0.5625942349433899,0.22621674835681915,0.7795612215995789,0.9987245798110962
555,302,dprf_no_semantic,vibration_gain_050,0.5,1.0,0.5,0.5,0.5,0.3525327444076538,0.6474672555923462,0.4326472282409668,0.5516881346702576,0.9994347095489502
555,302,dprf_no_semantic,vibration_gain_025,0.25,1.0,0.75,0.5,0.5,0.2638598382472992,0.736140251159668,0.6160741448402405,0.3665564954280853,0.9996940493583679
555,302,dprf_no_semantic,electrical_gain_075,1.0,0.75,0.25,0.5,0.5,0.6412059664726257,0.3587940037250519,0.4395953118801117,0.9775854349136353,0.5511269569396973
555,302,dprf_no_semantic,electrical_gain_050,1.0,0.5,0.5,0.5,0.5,0.6698640584945679,0.33013591170310974,0.5087867379188538,0.9993429183959961,0.49272167682647705
555,302,dprf_no_semantic,electrical_gain_025,1.0,0.25,0.75,0.5,0.5,0.6828763484954834,0.3171235918998718,0.5350843071937561,0.9999840259552002,0.4647800028324127
555,302,dprf_no_semantic,vibration_drift_025rms,0.75,1.0,0.25,0.5,0.5,0.4672063887119293,0.5327936410903931,0.13910427689552307,0.8766676187515259,0.9987192749977112
555,302,dprf_no_semantic,vibration_drift_050rms,0.5,1.0,0.5,0.5,0.5,0.4661911725997925,0.5338088274002075,0.14320264756679535,0.8731771111488342,0.9987093806266785
555,302,dprf_no_semantic,vibration_drift_100rms,0.0,1.0,1.0,0.5,0.5,0.46294426918029785,0.5370557904243469,0.15955498814582825,0.8618932962417603,0.9983948469161987
555,302,dprf_no_semantic,electrical_drift_025rms,1.0,0.75,0.25,0.5,0.5,0.46788257360458374,0.5321174263954163,0.1623205542564392,0.8764389753341675,0.995758056640625
555,302,dprf_no_semantic,electrical_drift_050rms,1.0,0.5,0.5,0.5,0.5,0.6568350791931152,0.34316492080688477,0.5116625428199768,0.9921014904975891,0.519572913646698
555,302,dprf_no_semantic,electrical_drift_100rms,1.0,0.0,1.0,0.5,0.5,0.7662797570228577,0.23372025787830353,0.9468836784362793,1.0,0.30814993381500244
555,302,dprf_full,clean_reextract,1.0,1.0,0.0,0.758417546749115,0.2415824681520462,0.7412416934967041,0.2587583065032959,0.11885320395231247,0.8839296102523804,0.9998969435691833
555,302,dprf_full,vibration_missing,0.0,1.0,1.0,0.4897603392601013,0.5102396011352539,3.450428994256072e-05,0.9999655485153198,0.9996480941772461,2.3023954781820066e-05,0.9999980926513672
555,302,dprf_full,electrical_missing,1.0,0.0,1.0,0.7578479647636414,0.24215203523635864,0.9992629289627075,0.0007370104431174695,0.9971839785575867,0.9995239973068237,0.0017471658065915108
555,302,dprf_full,vibration_gain_075,0.75,1.0,0.25,0.659113883972168,0.34088611602783203,0.6256224513053894,0.3743775486946106,0.21103978157043457,0.7852551341056824,0.9999237060546875
555,302,dprf_full,vibration_gain_050,0.5,1.0,0.5,0.6140928864479065,0.3859071433544159,0.5440003871917725,0.45599955320358276,0.4118894040584564,0.5770677328109741,0.9999728202819824
555,302,dprf_full,vibration_gain_025,0.25,1.0,0.75,0.6129179000854492,0.3870820999145508,0.5002904534339905,0.4997095465660095,0.5584414601325989,0.4213748574256897,0.9999887347221375
555,302,dprf_full,electrical_gain_075,1.0,0.75,0.25,0.9816632270812988,0.018336845561861992,0.9888392686843872,0.011160735040903091,0.4584168791770935,0.9869697690010071,0.5694597959518433
555,302,dprf_full,electrical_gain_050,1.0,0.5,0.5,0.9996337294578552,0.00036631408147513866,0.9998076558113098,0.00019242307462263852,0.49565476179122925,0.999807596206665,0.5141286253929138
555,302,dprf_full,electrical_gain_025,1.0,0.25,0.75,0.9999912977218628,8.674491255078465e-06,0.999995768070221,4.24643485530396e-06,0.4965587556362152,0.9999973773956299,0.47230657935142517
555,302,dprf_full,vibration_drift_025rms,0.75,1.0,0.25,0.7571862936019897,0.24281366169452667,0.7396359443664551,0.26036402583122253,0.12024779617786407,0.8823148012161255,0.9998989701271057
555,302,dprf_full,vibration_drift_050rms,0.5,1.0,0.5,0.7540801167488098,0.245919868350029,0.7349622845649719,0.26503777503967285,0.12483824044466019,0.8763067126274109,0.9998989701271057
555,302,dprf_full,vibration_drift_100rms,0.0,1.0,1.0,0.7433109283447266,0.2566891014575958,0.7194815874099731,0.28051841259002686,0.14214587211608887,0.8571974635124207,0.9998374581336975
555,302,dprf_full,electrical_drift_025rms,1.0,0.75,0.25,0.7697636485099792,0.2302362471818924,0.7523327469825745,0.24766725301742554,0.13541698455810547,0.879706621170044,0.9996621608734131
555,302,dprf_full,electrical_drift_050rms,1.0,0.5,0.5,0.7303648591041565,0.2696351408958435,0.7857643961906433,0.21423554420471191,0.48153913021087646,0.9886053800582886,0.5640397667884827
555,302,dprf_full,electrical_drift_100rms,1.0,0.0,1.0,0.7140080332756042,0.285991907119751,0.7982893586158752,0.20171061158180237,0.9551841020584106,0.9999971389770508,0.41516509652137756
555,303,gate_da,clean_reextract,1.0,1.0,0.0,0.5614801049232483,0.4385199248790741,,,,,
555,303,gate_da,vibration_missing,0.0,1.0,1.0,0.02710157446563244,0.9728983640670776,,,,,
555,303,gate_da,electrical_missing,1.0,0.0,1.0,0.9665886759757996,0.03341135010123253,,,,,
555,303,gate_da,vibration_gain_075,0.75,1.0,0.25,0.45889022946357727,0.5411098003387451,,,,,
555,303,gate_da,vibration_gain_050,0.5,1.0,0.5,0.4593600928783417,0.5406398773193359,,,,,
555,303,gate_da,vibration_gain_025,0.25,1.0,0.75,0.5339779257774353,0.4660220742225647,,,,,
555,303,gate_da,electrical_gain_075,1.0,0.75,0.25,0.9999749064445496,2.5141689548036084e-05,,,,,
555,303,gate_da,electrical_gain_050,1.0,0.5,0.5,1.0,1.6784137014252964e-12,,,,,
555,303,gate_da,electrical_gain_025,1.0,0.25,0.75,1.0,5.17071221292357e-19,,,,,
555,303,gate_da,vibration_drift_025rms,0.75,1.0,0.25,0.5600054860115051,0.4399945139884949,,,,,
555,303,gate_da,vibration_drift_050rms,0.5,1.0,0.5,0.5570149421691895,0.4429851174354553,,,,,
555,303,gate_da,vibration_drift_100rms,0.0,1.0,1.0,0.5538913011550903,0.44610869884490967,,,,,
555,303,gate_da,electrical_drift_025rms,1.0,0.75,0.25,0.576316237449646,0.4236837327480316,,,,,
555,303,gate_da,electrical_drift_050rms,1.0,0.5,0.5,0.6790392398834229,0.3209607005119324,,,,,
555,303,gate_da,electrical_drift_100rms,1.0,0.0,1.0,0.7389004826545715,0.26109960675239563,,,,,
555,303,rcarf_hard,clean_reextract,1.0,1.0,0.0,,,8.300448826048523e-05,0.9999170303344727,0.21033868193626404,,
555,303,rcarf_hard,vibration_missing,0.0,1.0,1.0,,,1.1183265087311156e-05,0.999988853931427,0.9986413717269897,,
555,303,rcarf_hard,electrical_missing,1.0,0.0,1.0,,,0.9997603297233582,0.00023966481967363507,0.9976028203964233,,
555,303,rcarf_hard,vibration_gain_075,0.75,1.0,0.25,,,4.5202883484307677e-05,0.9999547600746155,0.4083437919616699,,
555,303,rcarf_hard,vibration_gain_050,0.5,1.0,0.5,,,2.0201621737214737e-05,0.9999797940254211,0.745737612247467,,
555,303,rcarf_hard,vibration_gain_025,0.25,1.0,0.75,,,2.104822124238126e-05,0.9999789595603943,0.8567613363265991,,
555,303,rcarf_hard,electrical_gain_075,1.0,0.75,0.25,,,1.0,4.015658519682802e-14,0.9963760375976562,,
555,303,rcarf_hard,electrical_gain_050,1.0,0.5,0.5,,,1.0,1.1548351757185624e-37,1.0,,
555,303,rcarf_hard,electrical_gain_025,1.0,0.25,0.75,,,1.0,0.0,1.0,,
555,303,rcarf_hard,vibration_drift_025rms,0.75,1.0,0.25,,,8.059739047894254e-05,0.9999194145202637,0.2120799869298935,,
555,303,rcarf_hard,vibration_drift_050rms,0.5,1.0,0.5,,,7.451356941601261e-05,0.9999255537986755,0.21762524545192719,,
555,303,rcarf_hard,vibration_drift_100rms,0.0,1.0,1.0,,,6.231217412278056e-05,0.9999376535415649,0.23628906905651093,,
555,303,rcarf_hard,electrical_drift_025rms,1.0,0.75,0.25,,,0.0008190183434635401,0.9991809725761414,0.233465313911438,,
555,303,rcarf_hard,electrical_drift_050rms,1.0,0.5,0.5,,,0.9853544235229492,0.014645548537373543,0.9759203195571899,,
555,303,rcarf_hard,electrical_drift_100rms,1.0,0.0,1.0,,,1.0,2.946634850981407e-25,1.0,,
555,303,dprf_no_rel_loss,clean_reextract,1.0,1.0,0.0,0.8273347616195679,0.17266525328159332,0.8543798327445984,0.1456201821565628,0.11539989709854126,0.9863870739936829,0.31459230184555054
555,303,dprf_no_rel_loss,vibration_missing,0.0,1.0,1.0,0.07409705221652985,0.9259028434753418,0.059523001313209534,0.9404770135879517,0.9993982911109924,0.43975844979286194,0.6488409042358398
555,303,dprf_no_rel_loss,electrical_missing,1.0,0.0,1.0,0.9882286787033081,0.011771316640079021,0.9923266768455505,0.007673286367207766,0.9977630972862244,0.9941264390945435,0.21595798432826996
555,303,dprf_no_rel_loss,vibration_gain_075,0.75,1.0,0.25,0.6838352680206299,0.3161647617816925,0.7342347502708435,0.26576533913612366,0.21535412967205048,0.9814379811286926,0.32182416319847107
555,303,dprf_no_rel_loss,vibration_gain_050,0.5,1.0,0.5,0.6716461777687073,0.32835379242897034,0.7088783979415894,0.29112160205841064,0.39117440581321716,0.9904946088790894,0.3070882260799408
555,303,dprf_no_rel_loss,vibration_gain_025,0.25,1.0,0.75,0.7242631912231445,0.2757367789745331,0.7402311563491821,0.25976887345314026,0.5103404521942139,0.9984880089759827,0.270331472158432
555,303,dprf_no_rel_loss,electrical_gain_075,1.0,0.75,0.25,0.9644627571105957,0.035537343472242355,0.9726806879043579,0.02731926552951336,0.3045211434364319,0.9970171451568604,0.2552407383918762
555,303,dprf_no_rel_loss,electrical_gain_050,1.0,0.5,0.5,0.9867714047431946,0.01322859711945057,0.99270099401474,0.007299019955098629,0.49798014760017395,0.997772216796875,0.16048161685466766
555,303,dprf_no_rel_loss,electrical_gain_025,1.0,0.25,0.75,0.9953063726425171,0.004693677183240652,0.9987198710441589,0.0012801280245184898,0.5152484178543091,0.9960198998451233,0.06509695202112198
555,303,dprf_no_rel_loss,vibration_drift_025rms,0.75,1.0,0.25,0.8277698159217834,0.17223021388053894,0.8550031185150146,0.14499688148498535,0.1163349524140358,0.9863117337226868,0.3139243721961975
555,303,dprf_no_rel_loss,vibration_drift_050rms,0.5,1.0,0.5,0.8284875154495239,0.1715124249458313,0.8563081622123718,0.14369189739227295,0.11923448741436005,0.9860679507255554,0.311884343624115
555,303,dprf_no_rel_loss,vibration_drift_100rms,0.0,1.0,1.0,0.8301874995231628,0.16981248557567596,0.8597007393836975,0.14029930531978607,0.12990006804466248,0.9848666787147522,0.3024250268936157
555,303,dprf_no_rel_loss,electrical_drift_025rms,1.0,0.75,0.25,0.8164569735527039,0.18354308605194092,0.8460422158241272,0.1539577692747116,0.13348256051540375,0.9874173402786255,0.312775582075119
555,303,dprf_no_rel_loss,electrical_drift_050rms,1.0,0.5,0.5,0.7798453569412231,0.22015471756458282,0.8074350953102112,0.1925649344921112,0.42153510451316833,0.9940430521965027,0.32968148589134216
555,303,dprf_no_rel_loss,electrical_drift_100rms,1.0,0.0,1.0,0.5507318377494812,0.4492681622505188,0.6094300746917725,0.3905699849128723,0.9866215586662292,0.999822735786438,0.48302823305130005
555,303,dprf_no_switch_loss,clean_reextract,1.0,1.0,0.0,0.58489990234375,0.4151001274585724,0.5583893060684204,0.4416106939315796,1.0,0.8883221745491028,0.9999074935913086
555,303,dprf_no_switch_loss,vibration_missing,0.0,1.0,1.0,0.516913115978241,0.48308685421943665,0.0004067945119459182,0.9995932579040527,0.9999324083328247,0.00035686962655745447,0.9999861121177673
555,303,dprf_no_switch_loss,electrical_missing,1.0,0.0,1.0,0.5607829093933105,0.4392170310020447,0.9941614270210266,0.00583851570263505,0.9999881386756897,0.9993109703063965,0.007040495052933693
555,303,dprf_no_switch_loss,vibration_gain_075,0.75,1.0,0.25,0.5701000094413757,0.4298999607563019,0.519128143787384,0.4808718264102936,1.0,0.8013498187065125,0.9999436140060425
555,303,dprf_no_switch_loss,vibration_gain_050,0.5,1.0,0.5,0.5656517744064331,0.4343482255935669,0.4335552155971527,0.5664447546005249,1.0,0.5668121576309204,0.999967098236084
555,303,dprf_no_switch_loss,vibration_gain_025,0.25,1.0,0.75,0.5701101422309875,0.42988982796669006,0.3670581579208374,0.6329418420791626,1.0,0.42039307951927185,0.999971330165863
555,303,dprf_no_switch_loss,electrical_gain_075,1.0,0.75,0.25,0.6587231755256653,0.3412768542766571,0.7631903886795044,0.23680974543094635,0.9999999403953552,0.990846574306488,0.5727433562278748
555,303,dprf_no_switch_loss,electrical_gain_050,1.0,0.5,0.5,0.6963661909103394,0.30363380908966064,0.8183186650276184,0.18168139457702637,1.0,0.9997402429580688,0.49132850766181946
555,303,dprf_no_switch_loss,electrical_gain_025,1.0,0.25,0.75,0.7286760807037354,0.2713239789009094,0.8450438976287842,0.1549561321735382,1.0,0.9999884963035583,0.4715970754623413
555,303,dprf_no_switch_loss,vibration_drift_025rms,0.75,1.0,0.25,0.5848417282104492,0.4151582419872284,0.5579072833061218,0.4420926570892334,1.0,0.8865373134613037,0.9999062418937683
555,303,dprf_no_switch_loss,vibration_drift_050rms,0.5,1.0,0.5,0.5853142142295837,0.41468578577041626,0.5556336045265198,0.4443664252758026,1.0,0.8787221312522888,0.9999026656150818
555,303,dprf_no_switch_loss,vibration_drift_100rms,0.0,1.0,1.0,0.5894631147384644,0.41053688526153564,0.5531335473060608,0.4468664228916168,1.0,0.8617690801620483,0.9998685121536255
555,303,dprf_no_switch_loss,electrical_drift_025rms,1.0,0.75,0.25,0.5798540115356445,0.42014598846435547,0.552308201789856,0.44769176840782166,1.0,0.8840894103050232,0.9996484518051147
555,303,dprf_no_switch_loss,electrical_drift_050rms,1.0,0.5,0.5,0.5313810706138611,0.4686189591884613,0.6576411128044128,0.34235894680023193,1.0,0.9871797561645508,0.5520477890968323
555,303,dprf_no_switch_loss,electrical_drift_100rms,1.0,0.0,1.0,0.39039865136146545,0.6096013188362122,0.7230745553970337,0.2769254744052887,1.0,1.0,0.22811666131019592
555,303,dprf_no_semantic,clean_reextract,1.0,1.0,0.0,0.5,0.5,0.4742259085178375,0.5257741212844849,0.09473327547311783,0.9018487930297852,0.9993048906326294
555,303,dprf_no_semantic,vibration_missing,0.0,1.0,1.0,0.5,0.5,4.7374272980960086e-05,0.9999526143074036,0.9997552633285522,4.731428998638876e-05,0.9999984502792358
555,303,dprf_no_semantic,electrical_missing,1.0,0.0,1.0,0.5,0.5,0.9963276386260986,0.0036723781377077103,0.9975873231887817,0.9992130994796753,0.003686596406623721
555,303,dprf_no_semantic,vibration_gain_075,0.75,1.0,0.25,0.5,0.5,0.4461752474308014,0.553824782371521,0.17915168404579163,0.8074962496757507,0.9994357824325562
555,303,dprf_no_semantic,vibration_gain_050,0.5,1.0,0.5,0.5,0.5,0.3560890853404999,0.6439109444618225,0.400334894657135,0.5601006746292114,0.9999250769615173
555,303,dprf_no_semantic,vibration_gain_025,0.25,1.0,0.75,0.5,0.5,0.28584814071655273,0.714151918888092,0.5565431714057922,0.412280410528183,0.999963641166687
555,303,dprf_no_semantic,electrical_gain_075,1.0,0.75,0.25,0.5,0.5,0.6276721954345703,0.3723277747631073,0.39188769459724426,0.9907604455947876,0.6020426750183105
555,303,dprf_no_semantic,electrical_gain_050,1.0,0.5,0.5,0.5,0.5,0.6989752054214478,0.30102482438087463,0.5228674411773682,0.999936044216156,0.4309563636779785
555,303,dprf_no_semantic,electrical_gain_025,1.0,0.25,0.75,0.5,0.5,0.7267787456512451,0.27322128415107727,0.5626897811889648,0.9999994039535522,0.37630173563957214
555,303,dprf_no_semantic,vibration_drift_025rms,0.75,1.0,0.25,0.5,0.5,0.47380372881889343,0.5261962413787842,0.09572817385196686,0.9004582166671753,0.9993541836738586
555,303,dprf_no_semantic,vibration_drift_050rms,0.5,1.0,0.5,0.5,0.5,0.47246941924095154,0.5275306105613708,0.09912373125553131,0.8960424661636353,0.9994057416915894
555,303,dprf_no_semantic,vibration_drift_100rms,0.0,1.0,1.0,0.5,0.5,0.4687051773071289,0.5312948226928711,0.11200197041034698,0.8831678628921509,0.9992988705635071
555,303,dprf_no_semantic,electrical_drift_025rms,1.0,0.75,0.25,0.5,0.5,0.4739072024822235,0.5260928273200989,0.11290790885686874,0.8996782898902893,0.9981600046157837
555,303,dprf_no_semantic,electrical_drift_050rms,1.0,0.5,0.5,0.5,0.5,0.6607158780097961,0.3392840623855591,0.4511680603027344,0.9898108839988708,0.5138810873031616
555,303,dprf_no_semantic,electrical_drift_100rms,1.0,0.0,1.0,0.5,0.5,0.7960181832313538,0.20398187637329102,0.8953419923782349,0.9999995231628418,0.26052889227867126
555,303,dprf_full,clean_reextract,1.0,1.0,0.0,0.7830847501754761,0.21691524982452393,0.7718401551246643,0.2281598299741745,0.10887668281793594,0.8955609798431396,0.997890055179596
555,303,dprf_full,vibration_missing,0.0,1.0,1.0,0.6969972252845764,0.3030027151107788,0.0011847205460071564,0.9988152980804443,0.9994451403617859,0.000390549044823274,0.9999910593032837
555,303,dprf_full,electrical_missing,1.0,0.0,1.0,0.8221303820610046,0.17786967754364014,0.9995251893997192,0.0004747337952721864,0.9977103471755981,0.9996815919876099,0.001315578119829297
555,303,dprf_full,vibration_gain_075,0.75,1.0,0.25,0.6965442299842834,0.30345577001571655,0.66499924659729,0.33500081300735474,0.20485541224479675,0.8003984093666077,0.9986908435821533
555,303,dprf_full,vibration_gain_050,0.5,1.0,0.5,0.6263274550437927,0.37367257475852966,0.5358474254608154,0.46415260434150696,0.4082462787628174,0.5782210230827332,0.9992250204086304
555,303,dprf_full,vibration_gain_025,0.25,1.0,0.75,0.6109591126441956,0.38904085755348206,0.45465990900993347,0.5453401207923889,0.5763857960700989,0.42953622341156006,0.9998347759246826
555,303,dprf_full,electrical_gain_075,1.0,0.75,0.25,0.9486011266708374,0.051398865878582,0.9679112434387207,0.03208876773715019,0.3723406195640564,0.9846956133842468,0.5548231601715088
555,303,dprf_full,electrical_gain_050,1.0,0.5,0.5,0.9917448163032532,0.00825517624616623,0.9957043528556824,0.004295692313462496,0.5177647471427917,0.999845027923584,0.5195518136024475
555,303,dprf_full,electrical_gain_025,1.0,0.25,0.75,0.9986670613288879,0.0013330172514542937,0.9993262887001038,0.0006737526855431497,0.5469850301742554,0.9999984502792358,0.5005767941474915
555,303,dprf_full,vibration_drift_025rms,0.75,1.0,0.25,0.7837203741073608,0.21627967059612274,0.7723667621612549,0.2276332974433899,0.10994356125593185,0.8941421508789062,0.9978751540184021
555,303,dprf_full,vibration_drift_050rms,0.5,1.0,0.5,0.7860895991325378,0.21391035616397858,0.774384617805481,0.22561535239219666,0.1135433092713356,0.8893364667892456,0.9980534911155701
555,303,dprf_full,vibration_drift_100rms,0.0,1.0,1.0,0.7984167337417603,0.20158328115940094,0.7850397229194641,0.21496017277240753,0.12518024444580078,0.8756834268569946,0.9976436495780945
555,303,dprf_full,electrical_drift_025rms,1.0,0.75,0.25,0.7864142656326294,0.21358570456504822,0.7751495838165283,0.2248503714799881,0.12521347403526306,0.8933066129684448,0.9949541091918945
555,303,dprf_full,electrical_drift_050rms,1.0,0.5,0.5,0.81581711769104,0.18418291211128235,0.8589935898780823,0.14100639522075653,0.4689598083496094,0.9922223091125488,0.5424283146858215
555,303,dprf_full,electrical_drift_100rms,1.0,0.0,1.0,0.8426988124847412,0.1573011577129364,0.9294936060905457,0.07050640136003494,0.9916294813156128,1.0,0.23662810027599335
555,304,gate_da,clean_reextract,1.0,1.0,0.0,0.5621526837348938,0.4378472864627838,,,,,
555,304,gate_da,vibration_missing,0.0,1.0,1.0,0.012746346183121204,0.9872536659240723,,,,,
555,304,gate_da,electrical_missing,1.0,0.0,1.0,0.9366075396537781,0.06339241564273834,,,,,
555,304,gate_da,vibration_gain_075,0.75,1.0,0.25,0.4912608861923218,0.508739173412323,,,,,
555,304,gate_da,vibration_gain_050,0.5,1.0,0.5,0.4824155569076538,0.5175844430923462,,,,,
555,304,gate_da,vibration_gain_025,0.25,1.0,0.75,0.5160081386566162,0.483991801738739,,,,,
555,304,gate_da,electrical_gain_075,1.0,0.75,0.25,0.9912258386611938,0.008774075657129288,,,,,
555,304,gate_da,electrical_gain_050,1.0,0.5,0.5,0.9999997615814209,2.871381923341687e-07,,,,,
555,304,gate_da,electrical_gain_025,1.0,0.25,0.75,1.0,1.480600191061665e-11,,,,,
555,304,gate_da,vibration_drift_025rms,0.75,1.0,0.25,0.5621063709259033,0.4378935694694519,,,,,
555,304,gate_da,vibration_drift_050rms,0.5,1.0,0.5,0.563791036605835,0.43620896339416504,,,,,
555,304,gate_da,vibration_drift_100rms,0.0,1.0,1.0,0.5767782330513,0.42322176694869995,,,,,
555,304,gate_da,electrical_drift_025rms,1.0,0.75,0.25,0.5639836192131042,0.43601635098457336,,,,,
555,304,gate_da,electrical_drift_050rms,1.0,0.5,0.5,0.6146396398544312,0.38536033034324646,,,,,
555,304,gate_da,electrical_drift_100rms,1.0,0.0,1.0,0.5851843357086182,0.41481566429138184,,,,,
555,304,rcarf_hard,clean_reextract,1.0,1.0,0.0,,,0.0018634401494637132,0.998136579990387,0.2125512957572937,,
555,304,rcarf_hard,vibration_missing,0.0,1.0,1.0,,,4.853492555412231e-06,0.9999951720237732,0.9987325668334961,,
555,304,rcarf_hard,electrical_missing,1.0,0.0,1.0,,,0.9998974800109863,0.00010246117744827643,0.9933838248252869,,
555,304,rcarf_hard,vibration_gain_075,0.75,1.0,0.25,,,0.0009688801364973187,0.999031126499176,0.3178006112575531,,
555,304,rcarf_hard,vibration_gain_050,0.5,1.0,0.5,,,5.059495379100554e-05,0.9999494552612305,0.7146480679512024,,
555,304,rcarf_hard,vibration_gain_025,0.25,1.0,0.75,,,8.976225217338651e-05,0.999910295009613,0.8874388337135315,,
555,304,rcarf_hard,electrical_gain_075,1.0,0.75,0.25,,,1.0,9.502071850580395e-20,0.9997382164001465,,
555,304,rcarf_hard,electrical_gain_050,1.0,0.5,0.5,,,1.0,0.0,0.9999564290046692,,
555,304,rcarf_hard,electrical_gain_025,1.0,0.25,0.75,,,1.0,0.0,0.9999998211860657,,
555,304,rcarf_hard,vibration_drift_025rms,0.75,1.0,0.25,,,0.0012979127932339907,0.9987021684646606,0.21420292556285858,,
555,304,rcarf_hard,vibration_drift_050rms,0.5,1.0,0.5,,,0.0012828144244849682,0.998717188835144,0.22011254727840424,,
555,304,rcarf_hard,vibration_drift_100rms,0.0,1.0,1.0,,,0.001284414203837514,0.9987156391143799,0.23993763327598572,,
555,304,rcarf_hard,electrical_drift_025rms,1.0,0.75,0.25,,,0.0034004829358309507,0.9965994954109192,0.23530282080173492,,
555,304,rcarf_hard,electrical_drift_050rms,1.0,0.5,0.5,,,0.9674158692359924,0.03258407860994339,0.9309036731719971,,
555,304,rcarf_hard,electrical_drift_100rms,1.0,0.0,1.0,,,1.0,2.9650432055282514e-31,1.0,,
555,304,dprf_no_rel_loss,clean_reextract,1.0,1.0,0.0,0.9966920018196106,0.0033080417197197676,0.9989603161811829,0.0010396485449746251,0.11517717689275742,0.8831335306167603,0.30838021636009216
555,304,dprf_no_rel_loss,vibration_missing,0.0,1.0,1.0,0.0009923450415953994,0.9990075826644897,6.370426854118705e-05,0.9999362826347351,0.9994586706161499,0.029378501698374748,0.9174051880836487
555,304,dprf_no_rel_loss,electrical_missing,1.0,0.0,1.0,0.9999822974205017,1.764988155628089e-05,0.9999963045120239,3.7771199004055234e-06,0.9985078573226929,0.9940632581710815,0.1370481550693512
555,304,dprf_no_rel_loss,vibration_gain_075,0.75,1.0,0.25,0.9264591932296753,0.07354091852903366,0.9671363234519958,0.03286366164684296,0.20308400690555573,0.8990209698677063,0.34271761775016785
555,304,dprf_no_rel_loss,vibration_gain_050,0.5,1.0,0.5,0.8580766320228577,0.14192332327365875,0.85813307762146,0.14186693727970123,0.3613435626029968,0.910459041595459,0.4620247781276703
555,304,dprf_no_rel_loss,vibration_gain_025,0.25,1.0,0.75,0.8681925535202026,0.13180750608444214,0.8651923537254333,0.13480757176876068,0.5216361284255981,0.9507507681846619,0.495488703250885
555,304,dprf_no_rel_loss,electrical_gain_075,1.0,0.75,0.25,0.9999684691429138,3.152002318529412e-05,0.9999886155128479,1.1438109140726738e-05,0.3931697905063629,0.9963870048522949,0.06401466578245163
555,304,dprf_no_rel_loss,electrical_gain_050,1.0,0.5,0.5,0.9999995231628418,4.507399182784866e-07,0.9999999403953552,1.192513963133024e-07,0.5009336471557617,0.9992691278457642,0.02806921675801277
555,304,dprf_no_rel_loss,electrical_gain_025,1.0,0.25,0.75,1.0,1.2022471906902865e-08,1.0,2.68359645616556e-09,0.5054289102554321,0.9998623728752136,0.01767355017364025
555,304,dprf_no_rel_loss,vibration_drift_025rms,0.75,1.0,0.25,0.9967176914215088,0.003282417543232441,0.9989316463470459,0.0010684124426916242,0.116217702627182,0.8819909691810608,0.30858156085014343
555,304,dprf_no_rel_loss,vibration_drift_050rms,0.5,1.0,0.5,0.9967324137687683,0.0032675741240382195,0.9988159537315369,0.0011840056395158172,0.1192503571510315,0.8781998753547668,0.3092329204082489
555,304,dprf_no_rel_loss,vibration_drift_100rms,0.0,1.0,1.0,0.9962737560272217,0.0037262295372784138,0.9976730942726135,0.002326908288523555,0.12602874636650085,0.8647226095199585,0.310855507850647
555,304,dprf_no_rel_loss,electrical_drift_025rms,1.0,0.75,0.25,0.9969555139541626,0.0030445680022239685,0.9990836381912231,0.000916369550395757,0.12941890954971313,0.8749632239341736,0.3126239478588104
555,304,dprf_no_rel_loss,electrical_drift_050rms,1.0,0.5,0.5,0.9957205057144165,0.0042795343324542046,0.999428391456604,0.0005715195438824594,0.38485679030418396,0.9596186876296997,0.24139219522476196
555,304,dprf_no_rel_loss,electrical_drift_100rms,1.0,0.0,1.0,0.9295328259468079,0.07046713680028915,0.9596981406211853,0.040301788598299026,0.9496543407440186,0.9727947115898132,0.2347586303949356
555,304,dprf_no_switch_loss,clean_reextract,1.0,1.0,0.0,0.5822378396987915,0.4177621304988861,0.5536085963249207,0.44639140367507935,1.0,0.8808291554450989,0.9998638033866882
555,304,dprf_no_switch_loss,vibration_missing,0.0,1.0,1.0,0.38223183155059814,0.6177681684494019,3.4703385608736426e-05,0.9999653100967407,0.9999741315841675,4.4195847294759005e-05,0.9999982118606567
555,304,dprf_no_switch_loss,electrical_missing,1.0,0.0,1.0,0.621187686920166,0.378812313079834,0.9987314939498901,0.0012684566900134087,0.9999955892562866,0.999796450138092,0.002116292715072632
555,304,dprf_no_switch_loss,vibration_gain_075,0.75,1.0,0.25,0.57572340965271,0.42427659034729004,0.5179423689842224,0.4820576310157776,1.0,0.7775429487228394,0.9998936653137207
555,304,dprf_no_switch_loss,vibration_gain_050,0.5,1.0,0.5,0.5999910235404968,0.4000089764595032,0.46287113428115845,0.5371288061141968,1.0,0.5520839095115662,0.9999226927757263
555,304,dprf_no_switch_loss,vibration_gain_025,0.25,1.0,0.75,0.6474832892417908,0.35251668095588684,0.3757949471473694,0.6242050528526306,1.0,0.3156992793083191,0.9999390244483948
555,304,dprf_no_switch_loss,electrical_gain_075,1.0,0.75,0.25,0.7244423031806946,0.27555766701698303,0.826054573059082,0.17394551634788513,1.0,0.9926669001579285,0.5223386287689209
555,304,dprf_no_switch_loss,electrical_gain_050,1.0,0.5,0.5,0.826377272605896,0.1736227422952652,0.9000183343887329,0.09998170286417007,1.0,0.9999376535415649,0.4969635009765625
555,304,dprf_no_switch_loss,electrical_gain_025,1.0,0.25,0.75,0.8913259506225586,0.10867395251989365,0.9407487511634827,0.05925123021006584,1.0,0.9999994039535522,0.48847663402557373
555,304,dprf_no_switch_loss,vibration_drift_025rms,0.75,1.0,0.25,0.582525372505188,0.41747456789016724,0.5536854863166809,0.4463145434856415,1.0,0.8796097040176392,0.9998617172241211
555,304,dprf_no_switch_loss,vibration_drift_050rms,0.5,1.0,0.5,0.5838214159011841,0.4161785840988159,0.5540555119514465,0.44594454765319824,1.0,0.8734709024429321,0.9998529553413391
555,304,dprf_no_switch_loss,vibration_drift_100rms,0.0,1.0,1.0,0.5895498394966125,0.41045016050338745,0.5558746457099915,0.44412535429000854,1.0,0.8575778603553772,0.9998056292533875
555,304,dprf_no_switch_loss,electrical_drift_025rms,1.0,0.75,0.25,0.5817203521728516,0.4182796776294708,0.5531336665153503,0.44686630368232727,1.0,0.8805067539215088,0.999541163444519
555,304,dprf_no_switch_loss,electrical_drift_050rms,1.0,0.5,0.5,0.5622429251670837,0.43775707483291626,0.66437828540802,0.3356216847896576,1.0,0.9791716933250427,0.6043056845664978
555,304,dprf_no_switch_loss,electrical_drift_100rms,1.0,0.0,1.0,0.5045225620269775,0.49547746777534485,0.7854220271110535,0.21457797288894653,1.0,1.0,0.2590232193470001
555,304,dprf_no_semantic,clean_reextract,1.0,1.0,0.0,0.5,0.5,0.4679420292377472,0.5320580005645752,0.11486978083848953,0.8797968029975891,0.9998114705085754
555,304,dprf_no_semantic,vibration_missing,0.0,1.0,1.0,0.5,0.5,3.737413862836547e-05,0.9999626278877258,0.9998927116394043,3.731705146492459e-05,0.9999980926513672
555,304,dprf_no_semantic,electrical_missing,1.0,0.0,1.0,0.5,0.5,0.9995489120483398,0.00045102235162630677,0.9993865489959717,0.9997869729995728,0.0004513072781264782
555,304,dprf_no_semantic,vibration_gain_075,0.75,1.0,0.25,0.5,0.5,0.4441297650337219,0.5558702349662781,0.20379133522510529,0.8007649183273315,0.9998686909675598
555,304,dprf_no_semantic,vibration_gain_050,0.5,1.0,0.5,0.5,0.5,0.36191120743751526,0.6380888223648071,0.44111526012420654,0.5732376575469971,0.9999150037765503
555,304,dprf_no_semantic,vibration_gain_025,0.25,1.0,0.75,0.5,0.5,0.24637973308563232,0.7536203265190125,0.6276775002479553,0.33806106448173523,0.9999299645423889
555,304,dprf_no_semantic,electrical_gain_075,1.0,0.75,0.25,0.5,0.5,0.6262605786323547,0.37373942136764526,0.346629798412323,0.9740412831306458,0.592171311378479
555,304,dprf_no_semantic,electrical_gain_050,1.0,0.5,0.5,0.5,0.5,0.6641255617141724,0.33587446808815,0.4999355375766754,0.9997758269309998,0.5065128803253174
555,304,dprf_no_semantic,electrical_gain_025,1.0,0.25,0.75,0.5,0.5,0.6653610467910767,0.33463889360427856,0.515390157699585,0.9999979138374329,0.5034785270690918
555,304,dprf_no_semantic,vibration_drift_025rms,0.75,1.0,0.25,0.5,0.5,0.4675333499908447,0.5324667096138,0.1160556748509407,0.8783553838729858,0.9998105764389038
555,304,dprf_no_semantic,vibration_drift_050rms,0.5,1.0,0.5,0.5,0.5,0.4661094844341278,0.5338904857635498,0.12002049386501312,0.8734659552574158,0.9998090863227844
555,304,dprf_no_semantic,vibration_drift_100rms,0.0,1.0,1.0,0.5,0.5,0.46195289492607117,0.5380470752716064,0.13329514861106873,0.8595308065414429,0.9997880458831787
555,304,dprf_no_semantic,electrical_drift_025rms,1.0,0.75,0.25,0.5,0.5,0.4687291085720062,0.5312709212303162,0.12627172470092773,0.8820714354515076,0.9992163181304932
555,304,dprf_no_semantic,electrical_drift_050rms,1.0,0.5,0.5,0.5,0.5,0.6587164402008057,0.3412835896015167,0.4427480101585388,0.9932337403297424,0.5186914205551147
555,304,dprf_no_semantic,electrical_drift_100rms,1.0,0.0,1.0,0.5,0.5,0.6966075897216797,0.3033923804759979,0.9363834857940674,1.0,0.43818995356559753
555,304,dprf_full,clean_reextract,1.0,1.0,0.0,0.853492259979248,0.14650771021842957,0.8393223285675049,0.16067765653133392,0.10912966728210449,0.8815602660179138,0.9998642802238464
555,304,dprf_full,vibration_missing,0.0,1.0,1.0,0.5317069292068481,0.46829307079315186,0.00045088387560099363,0.9995490312576294,0.9995936155319214,0.00025277468375861645,0.999997615814209
555,304,dprf_full,electrical_missing,1.0,0.0,1.0,0.8602434396743774,0.13975657522678375,0.9999374151229858,6.261081580305472e-05,0.9988867044448853,0.9997856020927429,0.0002778807538561523
555,304,dprf_full,vibration_gain_075,0.75,1.0,0.25,0.7511436939239502,0.24885626137256622,0.7225168943405151,0.2774830460548401,0.18456695973873138,0.7989807724952698,0.9998998641967773
555,304,dprf_full,vibration_gain_050,0.5,1.0,0.5,0.7150410413742065,0.28495898842811584,0.6383364796638489,0.36166343092918396,0.41359952092170715,0.5569801926612854,0.9999391436576843
555,304,dprf_full,vibration_gain_025,0.25,1.0,0.75,0.730159342288971,0.26984065771102905,0.5642852187156677,0.4357147514820099,0.6176162958145142,0.33137911558151245,0.9999555945396423
555,304,dprf_full,electrical_gain_075,1.0,0.75,0.25,0.9724246859550476,0.027575263753533363,0.985771119594574,0.014228877611458302,0.4043201804161072,0.9871349334716797,0.5129961967468262
555,304,dprf_full,electrical_gain_050,1.0,0.5,0.5,0.9977449178695679,0.002255079336464405,0.9988595843315125,0.0011403466342017055,0.5011206865310669,0.9998919367790222,0.5067077279090881
555,304,dprf_full,electrical_gain_025,1.0,0.25,0.75,0.9997919201850891,0.00020809058332815766,0.9998949766159058,0.00010508279228815809,0.5050444602966309,0.9999990463256836,0.5089402198791504
555,304,dprf_full,vibration_drift_025rms,0.75,1.0,0.25,0.8539673089981079,0.14603270590305328,0.8396317362785339,0.1603682041168213,0.10962345451116562,0.8802032470703125,0.9998623728752136
555,304,dprf_full,vibration_drift_050rms,0.5,1.0,0.5,0.8550276160240173,0.1449723094701767,0.8401750326156616,0.15982495248317719,0.11307263374328613,0.8751479387283325,0.9998542070388794
555,304,dprf_full,vibration_drift_100rms,0.0,1.0,1.0,0.852912187576294,0.14708776772022247,0.835193932056427,0.16480611264705658,0.12330415844917297,0.8592795729637146,0.9998292922973633
555,304,dprf_full,electrical_drift_025rms,1.0,0.75,0.25,0.8672773838043213,0.1327226608991623,0.853977382183075,0.14602264761924744,0.12421814352273941,0.8798222541809082,0.9995317459106445
555,304,dprf_full,electrical_drift_050rms,1.0,0.5,0.5,0.886652410030365,0.11334754526615143,0.9254773259162903,0.07452276349067688,0.4110795855522156,0.9882615208625793,0.5514878630638123
555,304,dprf_full,electrical_drift_100rms,1.0,0.0,1.0,0.7654566168785095,0.23454339802265167,0.8487586379051208,0.15124134719371796,0.6492921710014343,1.0,0.43047165870666504
555,305,gate_da,clean_reextract,1.0,1.0,0.0,0.60373854637146,0.39626142382621765,,,,,
555,305,gate_da,vibration_missing,0.0,1.0,1.0,0.066941037774086,0.9330589175224304,,,,,
555,305,gate_da,electrical_missing,1.0,0.0,1.0,0.9530760645866394,0.0469239167869091,,,,,
555,305,gate_da,vibration_gain_075,0.75,1.0,0.25,0.5471154451370239,0.4528845548629761,,,,,
555,305,gate_da,vibration_gain_050,0.5,1.0,0.5,0.5212459564208984,0.47875407338142395,,,,,
555,305,gate_da,vibration_gain_025,0.25,1.0,0.75,0.5442365407943726,0.45576348900794983,,,,,
555,305,gate_da,electrical_gain_075,1.0,0.75,0.25,0.9997835755348206,0.0002164098696084693,,,,,
555,305,gate_da,electrical_gain_050,1.0,0.5,0.5,0.9998462796211243,0.00015375233488157392,,,,,
555,305,gate_da,electrical_gain_025,1.0,0.25,0.75,0.9987373948097229,0.0012626262614503503,,,,,
555,305,gate_da,vibration_drift_025rms,0.75,1.0,0.25,0.6038311123847961,0.39616891741752625,,,,,
555,305,gate_da,vibration_drift_050rms,0.5,1.0,0.5,0.6036931276321411,0.3963068425655365,,,,,
555,305,gate_da,vibration_drift_100rms,0.0,1.0,1.0,0.605720043182373,0.39427995681762695,,,,,
555,305,gate_da,electrical_drift_025rms,1.0,0.75,0.25,0.6231940984725952,0.3768059313297272,,,,,
555,305,gate_da,electrical_drift_050rms,1.0,0.5,0.5,0.7144944071769714,0.28550559282302856,,,,,
555,305,gate_da,electrical_drift_100rms,1.0,0.0,1.0,0.6954109072685242,0.3045891523361206,,,,,
555,305,rcarf_hard,clean_reextract,1.0,1.0,0.0,,,7.98172113718465e-05,0.9999202489852905,0.24884827435016632,,
555,305,rcarf_hard,vibration_missing,0.0,1.0,1.0,,,3.2845335226738825e-05,0.999967098236084,0.9995244145393372,,
555,305,rcarf_hard,electrical_missing,1.0,0.0,1.0,,,0.999204695224762,0.0007952864398248494,0.9983747601509094,,
555,305,rcarf_hard,vibration_gain_075,0.75,1.0,0.25,,,3.8748486986150965e-05,0.999961256980896,0.4483511447906494,,
555,305,rcarf_hard,vibration_gain_050,0.5,1.0,0.5,,,1.404462818754837e-05,0.9999859929084778,0.8234571814537048,,
555,305,rcarf_hard,vibration_gain_025,0.25,1.0,0.75,,,1.1150556929351296e-05,0.999988853931427,0.918588399887085,,
555,305,rcarf_hard,electrical_gain_075,1.0,0.75,0.25,,,1.0,4.030329125992438e-10,0.9983736276626587,,
555,305,rcarf_hard,electrical_gain_050,1.0,0.5,0.5,,,1.0,7.321484830505037e-34,1.0,,
555,305,rcarf_hard,electrical_gain_025,1.0,0.25,0.75,,,1.0,0.0,1.0,,
555,305,rcarf_hard,vibration_drift_025rms,0.75,1.0,0.25,,,7.900477794464678e-05,0.9999209046363831,0.251497358083725,,
555,305,rcarf_hard,vibration_drift_050rms,0.5,1.0,0.5,,,7.766867929603904e-05,0.9999223351478577,0.261812299489975,,
555,305,rcarf_hard,vibration_drift_100rms,0.0,1.0,1.0,,,7.790259405737743e-05,0.9999220967292786,0.2935747504234314,,
555,305,rcarf_hard,electrical_drift_025rms,1.0,0.75,0.25,,,0.004330533090978861,0.995669424533844,0.27741992473602295,,
555,305,rcarf_hard,electrical_drift_050rms,1.0,0.5,0.5,,,0.998683512210846,0.001316578360274434,0.9958724975585938,,
555,305,rcarf_hard,electrical_drift_100rms,1.0,0.0,1.0,,,1.0,4.0356460795368347e-32,1.0,,
555,305,dprf_no_rel_loss,clean_reextract,1.0,1.0,0.0,0.8314230442047119,0.16857695579528809,0.8862988948822021,0.11370107531547546,0.14996296167373657,0.9924495220184326,0.6145761013031006
555,305,dprf_no_rel_loss,vibration_missing,0.0,1.0,1.0,0.07802645862102509,0.921973466873169,0.0015101751778274775,0.9984898567199707,0.9997345805168152,0.017108775675296783,0.9895980358123779
555,305,dprf_no_rel_loss,electrical_missing,1.0,0.0,1.0,0.945070743560791,0.054929234087467194,0.9811689853668213,0.018831031396985054,0.9976377487182617,0.9936012625694275,0.383373498916626
555,305,dprf_no_rel_loss,vibration_gain_075,0.75,1.0,0.25,0.733021080493927,0.2669789791107178,0.7567591667175293,0.24324087798595428,0.2591182291507721,0.9929293990135193,0.8344053626060486
555,305,dprf_no_rel_loss,vibration_gain_050,0.5,1.0,0.5,0.7084421515464783,0.29155784845352173,0.7164304852485657,0.28356948494911194,0.38389214873313904,0.996708869934082,0.9245160818099976
555,305,dprf_no_rel_loss,vibration_gain_025,0.25,1.0,0.75,0.8343417048454285,0.16565831005573273,0.8361877799034119,0.16381224989891052,0.42907097935676575,0.9994052052497864,0.9687178134918213
555,305,dprf_no_rel_loss,electrical_gain_075,1.0,0.75,0.25,0.9987143874168396,0.001285577192902565,0.9998560547828674,0.00014396481856238097,0.41053110361099243,0.9981781244277954,0.13988976180553436
555,305,dprf_no_rel_loss,electrical_gain_050,1.0,0.5,0.5,0.9999983310699463,1.7175852917716838e-06,1.0,1.965781848412007e-08,0.5128971934318542,0.9998039603233337,0.0049019972793757915
555,305,dprf_no_rel_loss,electrical_gain_025,1.0,0.25,0.75,1.0,3.8539451630015265e-09,1.0,2.8826379217666842e-12,0.5664122104644775,0.9999813437461853,0.00016212444461416453
555,305,dprf_no_rel_loss,vibration_drift_025rms,0.75,1.0,0.25,0.832021951675415,0.16797803342342377,0.8866374492645264,0.11336256563663483,0.15099692344665527,0.9923369884490967,0.6132926344871521
555,305,dprf_no_rel_loss,vibration_drift_050rms,0.5,1.0,0.5,0.8342030644416809,0.16579698026180267,0.8878531455993652,0.11214681714773178,0.1546490639448166,0.992030143737793,0.6091136932373047
555,305,dprf_no_rel_loss,vibration_drift_100rms,0.0,1.0,1.0,0.843751072883606,0.15624892711639404,0.8925321698188782,0.10746774822473526,0.16951756179332733,0.9913996458053589,0.595772385597229
555,305,dprf_no_rel_loss,electrical_drift_025rms,1.0,0.75,0.25,0.8496534824371338,0.15034666657447815,0.8932379484176636,0.10676207393407822,0.18601980805397034,0.99289870262146,0.6273137927055359
555,305,dprf_no_rel_loss,electrical_drift_050rms,1.0,0.5,0.5,0.8905605673789978,0.10943944752216339,0.9136078357696533,0.0863921046257019,0.4779146611690521,0.9956178069114685,0.6446554660797119
555,305,dprf_no_rel_loss,electrical_drift_100rms,1.0,0.0,1.0,0.8816069960594177,0.11839300394058228,0.8824833035469055,0.11751674115657806,0.7851395010948181,0.9913653135299683,0.8451225757598877
555,305,dprf_no_switch_loss,clean_reextract,1.0,1.0,0.0,0.623327374458313,0.3766726553440094,0.5845795273780823,0.4154205024242401,0.9999983310699463,0.8482598066329956,0.999852180480957
555,305,dprf_no_switch_loss,vibration_missing,0.0,1.0,1.0,0.49426403641700745,0.5057359933853149,0.0001573802437633276,0.999842643737793,0.9991307258605957,0.0001473246666137129,0.9999763369560242
555,305,dprf_no_switch_loss,electrical_missing,1.0,0.0,1.0,0.6235193014144897,0.37648066878318787,0.9997413158416748,0.00025873619597405195,0.9999414086341858,0.9998056292533875,0.00045737827895209193
555,305,dprf_no_switch_loss,vibration_gain_075,0.75,1.0,0.25,0.6384689807891846,0.3615310490131378,0.5623327493667603,0.4376671612262726,0.999998927116394,0.7247064709663391,0.9998299479484558
555,305,dprf_no_switch_loss,vibration_gain_050,0.5,1.0,0.5,0.6682215929031372,0.3317783772945404,0.5257000923156738,0.4742998778820038,0.9999995231628418,0.5296005606651306,0.99989914894104
555,305,dprf_no_switch_loss,vibration_gain_025,0.25,1.0,0.75,0.7036598324775696,0.29634010791778564,0.5071427822113037,0.4928571879863739,0.9999999403953552,0.38282090425491333,0.999901533126831
555,305,dprf_no_switch_loss,electrical_gain_075,1.0,0.75,0.25,0.9839416146278381,0.016058433800935745,0.9910326600074768,0.008967341855168343,1.0,0.9981144666671753,0.5376679301261902
555,305,dprf_no_switch_loss,electrical_gain_050,1.0,0.5,0.5,0.9999017715454102,9.829585178522393e-05,0.9999514222145081,4.8583657189738005e-05,1.0,0.9999973773956299,0.4982164800167084
555,305,dprf_no_switch_loss,electrical_gain_025,1.0,0.25,0.75,0.9999991655349731,7.557653134426801e-07,0.9999997019767761,3.638628527369292e-07,1.0,1.0,0.48303067684173584
555,305,dprf_no_switch_loss,vibration_drift_025rms,0.75,1.0,0.25,0.6216747164726257,0.3783252537250519,0.5824098587036133,0.4175901412963867,0.9999983310699463,0.8468143343925476,0.9998506307601929
555,305,dprf_no_switch_loss,vibration_drift_050rms,0.5,1.0,0.5,0.6178823709487915,0.38211753964424133,0.5769892334938049,0.42301076650619507,0.9999982118606567,0.8421964049339294,0.9998436570167542
555,305,dprf_no_switch_loss,vibration_drift_100rms,0.0,1.0,1.0,0.6070972084999084,0.39290279150009155,0.561001181602478,0.4389987885951996,0.999998152256012,0.8276513814926147,0.9998071789741516
555,305,dprf_no_switch_loss,electrical_drift_025rms,1.0,0.75,0.25,0.6407843828201294,0.35921570658683777,0.6020849347114563,0.3979150652885437,0.9999979734420776,0.8454933762550354,0.9993415474891663
555,305,dprf_no_switch_loss,electrical_drift_050rms,1.0,0.5,0.5,0.7246716618537903,0.2753284275531769,0.8043438196182251,0.1956562101840973,0.9999986290931702,0.9672560095787048,0.5858471393585205
555,305,dprf_no_switch_loss,electrical_drift_100rms,1.0,0.0,1.0,0.846435010433197,0.15356500446796417,0.955321192741394,0.04467877000570297,1.0,0.9999983906745911,0.2761431336402893
555,305,dprf_no_semantic,clean_reextract,1.0,1.0,0.0,0.5,0.5,0.4601437449455261,0.5398562550544739,0.15232637524604797,0.8513218760490417,0.9971649646759033
555,305,dprf_no_semantic,vibration_missing,0.0,1.0,1.0,0.5,0.5,0.00010902694339165464,0.9998909831047058,0.9996719360351562,0.00010901053610723466,0.9999715089797974
555,305,dprf_no_semantic,electrical_missing,1.0,0.0,1.0,0.5,0.5,0.9992948770523071,0.0007051018765196204,0.9986607432365417,0.9997624754905701,0.0007058485061861575
555,305,dprf_no_semantic,vibration_gain_075,0.75,1.0,0.25,0.5,0.5,0.4256648123264313,0.5743352174758911,0.2525591552257538,0.7429585456848145,0.9955783486366272
555,305,dprf_no_semantic,vibration_gain_050,0.5,1.0,0.5,0.5,0.5,0.338314414024353,0.6616855263710022,0.45751285552978516,0.5188392996788025,0.9978388547897339
555,305,dprf_no_semantic,vibration_gain_025,0.25,1.0,0.75,0.5,0.5,0.2697148323059082,0.7302851676940918,0.6201990842819214,0.37689292430877686,0.9964793920516968
555,305,dprf_no_semantic,electrical_gain_075,1.0,0.75,0.25,0.5,0.5,0.6552678942680359,0.3447320759296417,0.4363778531551361,0.9630445837974548,0.5083367228507996
555,305,dprf_no_semantic,electrical_gain_050,1.0,0.5,0.5,0.5,0.5,0.6695085763931274,0.33049142360687256,0.5134526491165161,0.9993594288825989,0.49439045786857605
555,305,dprf_no_semantic,electrical_gain_025,1.0,0.25,0.75,0.5,0.5,0.6741620302200317,0.3258379399776459,0.5400168895721436,0.9999896883964539,0.48439741134643555
555,305,dprf_no_semantic,vibration_drift_025rms,0.75,1.0,0.25,0.5,0.5,0.4594893753528595,0.5405105352401733,0.15385031700134277,0.8491899967193604,0.9971497058868408
555,305,dprf_no_semantic,vibration_drift_050rms,0.5,1.0,0.5,0.5,0.5,0.45737677812576294,0.5426232814788818,0.15898719429969788,0.8425413370132446,0.9970757365226746
555,305,dprf_no_semantic,vibration_drift_100rms,0.0,1.0,1.0,0.5,0.5,0.45069485902786255,0.5493051409721375,0.17734161019325256,0.8214263916015625,0.9963186383247375
555,305,dprf_no_semantic,electrical_drift_025rms,1.0,0.75,0.25,0.5,0.5,0.46356767416000366,0.5364323258399963,0.1782294362783432,0.8548786044120789,0.9885005950927734
555,305,dprf_no_semantic,electrical_drift_050rms,1.0,0.5,0.5,0.5,0.5,0.6536538004875183,0.34634631872177124,0.500770628452301,0.9863049983978271,0.5231693983078003
555,305,dprf_no_semantic,electrical_drift_100rms,1.0,0.0,1.0,0.5,0.5,0.6621547937393188,0.33784520626068115,0.9507761001586914,0.9999998211860657,0.5255205035209656
555,305,dprf_full,clean_reextract,1.0,1.0,0.0,0.8870825171470642,0.11291754245758057,0.8734775185585022,0.12652240693569183,0.1316886693239212,0.8442662358283997,0.9998171925544739
555,305,dprf_full,vibration_missing,0.0,1.0,1.0,0.5872408747673035,0.41275906562805176,0.00030516815604642034,0.99969482421875,0.9994636178016663,0.00018028619524557143,0.9999869465827942
555,305,dprf_full,electrical_missing,1.0,0.0,1.0,0.802004337310791,0.19799569249153137,0.9983325600624084,0.0016674055950716138,0.9985217452049255,0.9998026490211487,0.002295359503477812
555,305,dprf_full,vibration_gain_075,0.75,1.0,0.25,0.8127891421318054,0.1872108280658722,0.7650222182273865,0.23497772216796875,0.2319384664297104,0.7249923348426819,0.999782383441925
555,305,dprf_full,vibration_gain_050,0.5,1.0,0.5,0.6987278461456299,0.3012722432613373,0.5824053883552551,0.41759467124938965,0.41097965836524963,0.5443726181983948,0.9998447895050049
555,305,dprf_full,vibration_gain_025,0.25,1.0,0.75,0.6631532907485962,0.33684661984443665,0.49805501103401184,0.5019450187683105,0.5829230546951294,0.4150712788105011,0.9998347163200378
555,305,dprf_full,electrical_gain_075,1.0,0.75,0.25,0.9724025726318359,0.02759743295609951,0.9849379658699036,0.015062004327774048,0.47243061661720276,0.9855015873908997,0.5095449686050415
555,305,dprf_full,electrical_gain_050,1.0,0.5,0.5,0.9974179267883301,0.0025820708833634853,0.9987084269523621,0.0012915352126583457,0.5019793510437012,0.9999503493309021,0.5001037120819092
555,305,dprf_full,electrical_gain_025,1.0,0.25,0.75,0.9998211860656738,0.000178825794137083,0.9999118447303772,8.819222421152517e-05,0.5226019620895386,0.9999998211860657,0.49486491084098816
555,305,dprf_full,vibration_drift_025rms,0.75,1.0,0.25,0.8872272968292236,0.11277270317077637,0.8735015392303467,0.12649843096733093,0.1331055909395218,0.8423085808753967,0.999817967414856
555,305,dprf_full,vibration_drift_050rms,0.5,1.0,0.5,0.8877129554748535,0.11228702962398529,0.8735963702201843,0.1264035999774933,0.1380571573972702,0.8357577919960022,0.9998061656951904
555,305,dprf_full,vibration_drift_100rms,0.0,1.0,1.0,0.8883811831474304,0.11161883175373077,0.8720829486846924,0.12791708111763,0.15496055781841278,0.815001904964447,0.999761164188385
555,305,dprf_full,electrical_drift_025rms,1.0,0.75,0.25,0.90245521068573,0.0975448340177536,0.8901214599609375,0.10987856239080429,0.15703731775283813,0.8447844386100769,0.9988858103752136
555,305,dprf_full,electrical_drift_050rms,1.0,0.5,0.5,0.936089038848877,0.06391098350286484,0.9635741114616394,0.03642585873603821,0.4947053790092468,0.9910820722579956,0.5343597531318665
555,305,dprf_full,electrical_drift_100rms,1.0,0.0,1.0,0.9687473773956299,0.03125256299972534,0.9871046543121338,0.012895341031253338,0.9290345907211304,1.0,0.36455434560775757
