accuracy,macro_f1,weighted_f1,test_load,seed,model,condition,n_test,train_time_s,complexity
1.0,1.0,1.0,0,301,mean_da,clean_reextract,792,7.247807100007776,10822
0.9116161616161617,0.9076333307480863,0.9076333307480863,0,301,mean_da,vibration_missing,792,7.247807100007776,10822
0.928030303030303,0.9256757347439392,0.9256757347439392,0,301,mean_da,electrical_missing,792,7.247807100007776,10822
1.0,1.0,1.0,0,301,mean_da,vibration_gain_075,792,7.247807100007776,10822
1.0,1.0,1.0,0,301,mean_da,vibration_gain_050,792,7.247807100007776,10822
0.9974747474747475,0.9974746025368767,0.9974746025368766,0,301,mean_da,vibration_gain_025,792,7.247807100007776,10822
0.9974747474747475,0.9974746025368765,0.9974746025368766,0,301,mean_da,electrical_gain_075,792,7.247807100007776,10822
0.9949494949494949,0.9949483352468427,0.9949483352468428,0,301,mean_da,electrical_gain_050,792,7.247807100007776,10822
0.9936868686868687,0.9936660037758319,0.993666003775832,0,301,mean_da,electrical_gain_025,792,7.247807100007776,10822
1.0,1.0,1.0,0,301,mean_da,vibration_drift_025rms,792,7.247807100007776,10822
1.0,1.0,1.0,0,301,mean_da,vibration_drift_050rms,792,7.247807100007776,10822
1.0,1.0,1.0,0,301,mean_da,vibration_drift_100rms,792,7.247807100007776,10822
0.9987373737373737,0.9987373556209197,0.9987373556209197,0,301,mean_da,electrical_drift_025rms,792,7.247807100007776,10822
0.9987373737373737,0.9987373556209197,0.9987373556209197,0,301,mean_da,electrical_drift_050rms,792,7.247807100007776,10822
0.6452020202020202,0.5330258428886593,0.5330258428886593,0,301,mean_da,electrical_drift_100rms,792,7.247807100007776,10822
0.9974747474747475,0.9974698737337365,0.9974698737337367,0,301,gate_da,clean_reextract,792,8.516345000010915,27400
0.9166666666666666,0.9144448136270982,0.9144448136270982,0,301,gate_da,vibration_missing,792,8.516345000010915,27400
0.9406565656565656,0.940276190739497,0.940276190739497,0,301,gate_da,electrical_missing,792,8.516345000010915,27400
0.9987373737373737,0.9987373556209197,0.9987373556209197,0,301,gate_da,vibration_gain_075,792,8.516345000010915,27400
0.9974747474747475,0.9974747112418395,0.9974747112418395,0,301,gate_da,vibration_gain_050,792,8.516345000010915,27400
0.9924242424242424,0.9923940603953064,0.9923940603953064,0,301,gate_da,vibration_gain_025,792,8.516345000010915,27400
0.9356060606060606,0.9350733885571384,0.9350733885571382,0,301,gate_da,electrical_gain_075,792,8.516345000010915,27400
0.9356060606060606,0.9350733885571384,0.9350733885571382,0,301,gate_da,electrical_gain_050,792,8.516345000010915,27400
0.9356060606060606,0.9350733885571384,0.9350733885571382,0,301,gate_da,electrical_gain_025,792,8.516345000010915,27400
0.9974747474747475,0.9974698737337365,0.9974698737337367,0,301,gate_da,vibration_drift_025rms,792,8.516345000010915,27400
0.9974747474747475,0.9974698737337365,0.9974698737337367,0,301,gate_da,vibration_drift_050rms,792,8.516345000010915,27400
0.9911616161616161,0.991127806464419,0.9911278064644192,0,301,gate_da,vibration_drift_100rms,792,8.516345000010915,27400
0.9987373737373737,0.9987373556209197,0.9987373556209197,0,301,gate_da,electrical_drift_025rms,792,8.516345000010915,27400
0.9962121212121212,0.9962168137823532,0.996216813782353,0,301,gate_da,electrical_drift_050rms,792,8.516345000010915,27400
0.7916666666666666,0.7686637978334226,0.7686637978334228,0,301,gate_da,electrical_drift_100rms,792,8.516345000010915,27400
1.0,1.0,1.0,0,301,rcarf_hard,clean_reextract,792,11.025174799957313,35657
0.9078282828282829,0.9047996946079427,0.9047996946079427,0,301,rcarf_hard,vibration_missing,792,11.025174799957313,35657
0.9583333333333334,0.9579330734021069,0.9579330734021068,0,301,rcarf_hard,electrical_missing,792,11.025174799957313,35657
1.0,1.0,1.0,0,301,rcarf_hard,vibration_gain_075,792,11.025174799957313,35657
0.9936868686868687,0.993684603350031,0.993684603350031,0,301,rcarf_hard,vibration_gain_050,792,11.025174799957313,35657
0.9482323232323232,0.9467984942472943,0.9467984942472945,0,301,rcarf_hard,vibration_gain_025,792,11.025174799957313,35657
0.9583333333333334,0.9579330734021069,0.9579330734021068,0,301,rcarf_hard,electrical_gain_075,792,11.025174799957313,35657
0.9583333333333334,0.9579330734021069,0.9579330734021068,0,301,rcarf_hard,electrical_gain_050,792,11.025174799957313,35657
0.9583333333333334,0.9579330734021069,0.9579330734021068,0,301,rcarf_hard,electrical_gain_025,792,11.025174799957313,35657
1.0,1.0,1.0,0,301,rcarf_hard,vibration_drift_025rms,792,11.025174799957313,35657
1.0,1.0,1.0,0,301,rcarf_hard,vibration_drift_050rms,792,11.025174799957313,35657
1.0,1.0,1.0,0,301,rcarf_hard,vibration_drift_100rms,792,11.025174799957313,35657
0.9987373737373737,0.9987373556209197,0.9987373556209197,0,301,rcarf_hard,electrical_drift_025rms,792,11.025174799957313,35657
0.9583333333333334,0.9579330734021069,0.9579330734021068,0,301,rcarf_hard,electrical_drift_050rms,792,11.025174799957313,35657
0.9583333333333334,0.9579330734021069,0.9579330734021068,0,301,rcarf_hard,electrical_drift_100rms,792,11.025174799957313,35657
1.0,1.0,1.0,0,301,dprf_no_rel_loss,clean_reextract,792,11.823439300002065,52235
0.946969696969697,0.9467716993999065,0.9467716993999064,0,301,dprf_no_rel_loss,vibration_missing,792,11.823439300002065,52235
0.9179292929292929,0.9162811221677843,0.9162811221677845,0,301,dprf_no_rel_loss,electrical_missing,792,11.823439300002065,52235
1.0,1.0,1.0,0,301,dprf_no_rel_loss,vibration_gain_075,792,11.823439300002065,52235
1.0,1.0,1.0,0,301,dprf_no_rel_loss,vibration_gain_050,792,11.823439300002065,52235
1.0,1.0,1.0,0,301,dprf_no_rel_loss,vibration_gain_025,792,11.823439300002065,52235
0.9987373737373737,0.9987373556209196,0.9987373556209198,0,301,dprf_no_rel_loss,electrical_gain_075,792,11.823439300002065,52235
0.98989898989899,0.9898927535562221,0.989892753556222,0,301,dprf_no_rel_loss,electrical_gain_050,792,11.823439300002065,52235
0.9431818181818182,0.9419742744525238,0.9419742744525238,0,301,dprf_no_rel_loss,electrical_gain_025,792,11.823439300002065,52235
1.0,1.0,1.0,0,301,dprf_no_rel_loss,vibration_drift_025rms,792,11.823439300002065,52235
1.0,1.0,1.0,0,301,dprf_no_rel_loss,vibration_drift_050rms,792,11.823439300002065,52235
1.0,1.0,1.0,0,301,dprf_no_rel_loss,vibration_drift_100rms,792,11.823439300002065,52235
0.9987373737373737,0.9987373556209197,0.9987373556209197,0,301,dprf_no_rel_loss,electrical_drift_025rms,792,11.823439300002065,52235
0.9987373737373737,0.9987373556209197,0.9987373556209197,0,301,dprf_no_rel_loss,electrical_drift_050rms,792,11.823439300002065,52235
0.9595959595959596,0.9601940430848347,0.9601940430848347,0,301,dprf_no_rel_loss,electrical_drift_100rms,792,11.823439300002065,52235
0.9949494949494949,0.9949343074422573,0.9949343074422574,0,301,dprf_no_switch_loss,clean_reextract,792,11.987432199995965,52235
0.9318181818181818,0.9319710787899146,0.9319710787899147,0,301,dprf_no_switch_loss,vibration_missing,792,11.987432199995965,52235
0.9431818181818182,0.9423689496526512,0.9423689496526513,0,301,dprf_no_switch_loss,electrical_missing,792,11.987432199995965,52235
0.9987373737373737,0.9987373556209197,0.9987373556209197,0,301,dprf_no_switch_loss,vibration_gain_075,792,11.987432199995965,52235
0.9974747474747475,0.9974747112418393,0.9974747112418395,0,301,dprf_no_switch_loss,vibration_gain_050,792,11.987432199995965,52235
0.9861111111111112,0.9861788882202728,0.9861788882202729,0,301,dprf_no_switch_loss,vibration_gain_025,792,11.987432199995965,52235
0.9431818181818182,0.9423689496526512,0.9423689496526513,0,301,dprf_no_switch_loss,electrical_gain_075,792,11.987432199995965,52235
0.9431818181818182,0.9423689496526512,0.9423689496526513,0,301,dprf_no_switch_loss,electrical_gain_050,792,11.987432199995965,52235
0.9431818181818182,0.9423689496526512,0.9423689496526513,0,301,dprf_no_switch_loss,electrical_gain_025,792,11.987432199995965,52235
0.9949494949494949,0.9949343074422573,0.9949343074422574,0,301,dprf_no_switch_loss,vibration_drift_025rms,792,11.987432199995965,52235
0.9936868686868687,0.9936660037758319,0.993666003775832,0,301,dprf_no_switch_loss,vibration_drift_050rms,792,11.987432199995965,52235
0.9848484848484849,0.9847678945792153,0.9847678945792153,0,301,dprf_no_switch_loss,vibration_drift_100rms,792,11.987432199995965,52235
0.9974747474747475,0.9974698737337365,0.9974698737337367,0,301,dprf_no_switch_loss,electrical_drift_025rms,792,11.987432199995965,52235
0.9785353535353535,0.9783951631545641,0.9783951631545641,0,301,dprf_no_switch_loss,electrical_drift_050rms,792,11.987432199995965,52235
0.9318181818181818,0.9286359567841754,0.9286359567841753,0,301,dprf_no_switch_loss,electrical_drift_100rms,792,11.987432199995965,52235
1.0,1.0,1.0,0,301,dprf_no_semantic,clean_reextract,792,10.833004400017671,52235
0.922979797979798,0.9225243600036431,0.922524360003643,0,301,dprf_no_semantic,vibration_missing,792,10.833004400017671,52235
0.9040404040404041,0.901740248560515,0.901740248560515,0,301,dprf_no_semantic,electrical_missing,792,10.833004400017671,52235
1.0,1.0,1.0,0,301,dprf_no_semantic,vibration_gain_075,792,10.833004400017671,52235
1.0,1.0,1.0,0,301,dprf_no_semantic,vibration_gain_050,792,10.833004400017671,52235
0.9962121212121212,0.9962119581577961,0.9962119581577964,0,301,dprf_no_semantic,vibration_gain_025,792,10.833004400017671,52235
0.9936868686868687,0.993684603350031,0.993684603350031,0,301,dprf_no_semantic,electrical_gain_075,792,10.833004400017671,52235
0.9949494949494949,0.9949396012754229,0.994939601275423,0,301,dprf_no_semantic,electrical_gain_050,792,10.833004400017671,52235
0.976010101010101,0.9759481378507114,0.9759481378507114,0,301,dprf_no_semantic,electrical_gain_025,792,10.833004400017671,52235
1.0,1.0,1.0,0,301,dprf_no_semantic,vibration_drift_025rms,792,10.833004400017671,52235
1.0,1.0,1.0,0,301,dprf_no_semantic,vibration_drift_050rms,792,10.833004400017671,52235
1.0,1.0,1.0,0,301,dprf_no_semantic,vibration_drift_100rms,792,10.833004400017671,52235
0.9987373737373737,0.9987373556209197,0.9987373556209197,0,301,dprf_no_semantic,electrical_drift_025rms,792,10.833004400017671,52235
0.9987373737373737,0.9987373556209197,0.9987373556209197,0,301,dprf_no_semantic,electrical_drift_050rms,792,10.833004400017671,52235
0.9532828282828283,0.9542718935831808,0.9542718935831809,0,301,dprf_no_semantic,electrical_drift_100rms,792,10.833004400017671,52235
0.9987373737373737,0.9987373556209197,0.9987373556209197,0,301,dprf_full,clean_reextract,792,12.062983899959363,52235
0.9608585858585859,0.9609040276965106,0.9609040276965106,0,301,dprf_full,vibration_missing,792,12.062983899959363,52235
0.9116161616161617,0.9096561969724722,0.9096561969724725,0,301,dprf_full,electrical_missing,792,12.062983899959363,52235
1.0,1.0,1.0,0,301,dprf_full,vibration_gain_075,792,12.062983899959363,52235
1.0,1.0,1.0,0,301,dprf_full,vibration_gain_050,792,12.062983899959363,52235
0.9949494949494949,0.9949483352468427,0.9949483352468428,0,301,dprf_full,vibration_gain_025,792,12.062983899959363,52235
0.9987373737373737,0.9987373556209197,0.9987373556209197,0,301,dprf_full,electrical_gain_075,792,12.062983899959363,52235
0.98989898989899,0.9898927535562221,0.989892753556222,0,301,dprf_full,electrical_gain_050,792,12.062983899959363,52235
0.9570707070707071,0.9565135681941924,0.9565135681941923,0,301,dprf_full,electrical_gain_025,792,12.062983899959363,52235
0.9987373737373737,0.9987373556209197,0.9987373556209197,0,301,dprf_full,vibration_drift_025rms,792,12.062983899959363,52235
0.9987373737373737,0.9987373556209197,0.9987373556209197,0,301,dprf_full,vibration_drift_050rms,792,12.062983899959363,52235
1.0,1.0,1.0,0,301,dprf_full,vibration_drift_100rms,792,12.062983899959363,52235
0.9987373737373737,0.9987373556209197,0.9987373556209197,0,301,dprf_full,electrical_drift_025rms,792,12.062983899959363,52235
0.9974747474747475,0.9974698737337365,0.9974698737337367,0,301,dprf_full,electrical_drift_050rms,792,12.062983899959363,52235
0.928030303030303,0.9270863360173266,0.9270863360173266,0,301,dprf_full,electrical_drift_100rms,792,12.062983899959363,52235
1.0,1.0,1.0,0,302,mean_da,clean_reextract,792,6.562572000024375,10822
0.8825757575757576,0.872143591938091,0.872143591938091,0,302,mean_da,vibration_missing,792,6.562572000024375,10822
0.9242424242424242,0.9220463880150985,0.9220463880150985,0,302,mean_da,electrical_missing,792,6.562572000024375,10822
1.0,1.0,1.0,0,302,mean_da,vibration_gain_075,792,6.562572000024375,10822
1.0,1.0,1.0,0,302,mean_da,vibration_gain_050,792,6.562572000024375,10822
0.98989898989899,0.9898628839130367,0.9898628839130369,0,302,mean_da,vibration_gain_025,792,6.562572000024375,10822
0.9949494949494949,0.9949483352468427,0.9949483352468428,0,302,mean_da,electrical_gain_075,792,6.562572000024375,10822
0.9886363636363636,0.9886871612133147,0.9886871612133147,0,302,mean_da,electrical_gain_050,792,6.562572000024375,10822
0.9772727272727273,0.9773491723426845,0.9773491723426847,0,302,mean_da,electrical_gain_025,792,6.562572000024375,10822
1.0,1.0,1.0,0,302,mean_da,vibration_drift_025rms,792,6.562572000024375,10822
1.0,1.0,1.0,0,302,mean_da,vibration_drift_050rms,792,6.562572000024375,10822
1.0,1.0,1.0,0,302,mean_da,vibration_drift_100rms,792,6.562572000024375,10822
0.9987373737373737,0.9987373556209197,0.9987373556209197,0,302,mean_da,electrical_drift_025rms,792,6.562572000024375,10822
0.9974747474747475,0.9974794400449793,0.9974794400449793,0,302,mean_da,electrical_drift_050rms,792,6.562572000024375,10822
0.7878787878787878,0.7659513774496629,0.7659513774496629,0,302,mean_da,electrical_drift_100rms,792,6.562572000024375,10822
1.0,1.0,1.0,0,302,gate_da,clean_reextract,792,8.663444199948572,27400
0.9191919191919192,0.9175567561685796,0.9175567561685797,0,302,gate_da,vibration_missing,792,8.663444199948572,27400
0.9494949494949495,0.9488663021030724,0.9488663021030723,0,302,gate_da,electrical_missing,792,8.663444199948572,27400
0.9987373737373737,0.9987373556209196,0.9987373556209198,0,302,gate_da,vibration_gain_075,792,8.663444199948572,27400
0.9974747474747475,0.9974747112418395,0.9974747112418395,0,302,gate_da,vibration_gain_050,792,8.663444199948572,27400
0.9911616161616161,0.9911824532546967,0.9911824532546966,0,302,gate_da,vibration_gain_025,792,8.663444199948572,27400
0.9419191919191919,0.9408805924413679,0.9408805924413678,0,302,gate_da,electrical_gain_075,792,8.663444199948572,27400
0.9419191919191919,0.9408805924413679,0.9408805924413678,0,302,gate_da,electrical_gain_050,792,8.663444199948572,27400
0.9419191919191919,0.9408805924413679,0.9408805924413678,0,302,gate_da,electrical_gain_025,792,8.663444199948572,27400
1.0,1.0,1.0,0,302,gate_da,vibration_drift_025rms,792,8.663444199948572,27400
1.0,1.0,1.0,0,302,gate_da,vibration_drift_050rms,792,8.663444199948572,27400
1.0,1.0,1.0,0,302,gate_da,vibration_drift_100rms,792,8.663444199948572,27400
0.9974747474747475,0.9974747112418395,0.9974747112418395,0,302,gate_da,electrical_drift_025rms,792,8.663444199948572,27400
0.9974747474747475,0.9974747112418395,0.9974747112418394,0,302,gate_da,electrical_drift_050rms,792,8.663444199948572,27400
0.946969696969697,0.9462401710714231,0.9462401710714231,0,302,gate_da,electrical_drift_100rms,792,8.663444199948572,27400
1.0,1.0,1.0,0,302,rcarf_hard,clean_reextract,792,11.18204159999732,35657
0.88510101010101,0.8745786024675399,0.8745786024675399,0,302,rcarf_hard,vibration_missing,792,11.18204159999732,35657
0.9343434343434344,0.9329130907394809,0.9329130907394808,0,302,rcarf_hard,electrical_missing,792,11.18204159999732,35657
1.0,1.0,1.0,0,302,rcarf_hard,vibration_gain_075,792,11.18204159999732,35657
0.9949494949494949,0.9949483352468427,0.9949483352468428,0,302,rcarf_hard,vibration_gain_050,792,11.18204159999732,35657
0.928030303030303,0.9232387656400814,0.9232387656400814,0,302,rcarf_hard,vibration_gain_025,792,11.18204159999732,35657
0.9343434343434344,0.9327502396719223,0.9327502396719223,0,302,rcarf_hard,electrical_gain_075,792,11.18204159999732,35657
0.9343434343434344,0.932774053858564,0.9327740538585643,0,302,rcarf_hard,electrical_gain_050,792,11.18204159999732,35657
0.9343434343434344,0.932774053858564,0.9327740538585643,0,302,rcarf_hard,electrical_gain_025,792,11.18204159999732,35657
1.0,1.0,1.0,0,302,rcarf_hard,vibration_drift_025rms,792,11.18204159999732,35657
1.0,1.0,1.0,0,302,rcarf_hard,vibration_drift_050rms,792,11.18204159999732,35657
1.0,1.0,1.0,0,302,rcarf_hard,vibration_drift_100rms,792,11.18204159999732,35657
1.0,1.0,1.0,0,302,rcarf_hard,electrical_drift_025rms,792,11.18204159999732,35657
0.9444444444444444,0.9435970088446527,0.9435970088446527,0,302,rcarf_hard,electrical_drift_050rms,792,11.18204159999732,35657
0.9343434343434344,0.932774053858564,0.9327740538585643,0,302,rcarf_hard,electrical_drift_100rms,792,11.18204159999732,35657
1.0,1.0,1.0,0,302,dprf_no_rel_loss,clean_reextract,792,12.165134099952411,52235
0.9141414141414141,0.911671563797312,0.911671563797312,0,302,dprf_no_rel_loss,vibration_missing,792,12.165134099952411,52235
0.9154040404040404,0.9131930308398407,0.9131930308398407,0,302,dprf_no_rel_loss,electrical_missing,792,12.165134099952411,52235
1.0,1.0,1.0,0,302,dprf_no_rel_loss,vibration_gain_075,792,12.165134099952411,52235
0.9987373737373737,0.9987373556209197,0.9987373556209197,0,302,dprf_no_rel_loss,vibration_gain_050,792,12.165134099952411,52235
0.9696969696969697,0.9696232728226263,0.9696232728226265,0,302,dprf_no_rel_loss,vibration_gain_025,792,12.165134099952411,52235
0.9987373737373737,0.9987373556209197,0.9987373556209197,0,302,dprf_no_rel_loss,electrical_gain_075,792,12.165134099952411,52235
0.9962121212121212,0.9962120120985164,0.9962120120985165,0,302,dprf_no_rel_loss,electrical_gain_050,792,12.165134099952411,52235
0.9797979797979798,0.9797565081942841,0.9797565081942841,0,302,dprf_no_rel_loss,electrical_gain_025,792,12.165134099952411,52235
1.0,1.0,1.0,0,302,dprf_no_rel_loss,vibration_drift_025rms,792,12.165134099952411,52235
1.0,1.0,1.0,0,302,dprf_no_rel_loss,vibration_drift_050rms,792,12.165134099952411,52235
1.0,1.0,1.0,0,302,dprf_no_rel_loss,vibration_drift_100rms,792,12.165134099952411,52235
1.0,1.0,1.0,0,302,dprf_no_rel_loss,electrical_drift_025rms,792,12.165134099952411,52235
0.9987373737373737,0.9987373556209197,0.9987373556209197,0,302,dprf_no_rel_loss,electrical_drift_050rms,792,12.165134099952411,52235
0.9053030303030303,0.902116895931444,0.9021168959314441,0,302,dprf_no_rel_loss,electrical_drift_100rms,792,12.165134099952411,52235
1.0,1.0,1.0,0,302,dprf_no_switch_loss,clean_reextract,792,12.039560900011566,52235
0.9255050505050505,0.9256882414458718,0.9256882414458717,0,302,dprf_no_switch_loss,vibration_missing,792,12.039560900011566,52235
0.9255050505050505,0.9230141821897163,0.9230141821897163,0,302,dprf_no_switch_loss,electrical_missing,792,12.039560900011566,52235
0.9987373737373737,0.9987373556209197,0.9987373556209197,0,302,dprf_no_switch_loss,vibration_gain_075,792,12.039560900011566,52235
0.9987373737373737,0.9987373556209197,0.9987373556209197,0,302,dprf_no_switch_loss,vibration_gain_050,792,12.039560900011566,52235
0.9987373737373737,0.9987373556209197,0.9987373556209197,0,302,dprf_no_switch_loss,vibration_gain_025,792,12.039560900011566,52235
0.9255050505050505,0.9230141821897163,0.9230141821897163,0,302,dprf_no_switch_loss,electrical_gain_075,792,12.039560900011566,52235
0.9255050505050505,0.9230141821897163,0.9230141821897163,0,302,dprf_no_switch_loss,electrical_gain_050,792,12.039560900011566,52235
0.9255050505050505,0.9230141821897163,0.9230141821897163,0,302,dprf_no_switch_loss,electrical_gain_025,792,12.039560900011566,52235
1.0,1.0,1.0,0,302,dprf_no_switch_loss,vibration_drift_025rms,792,12.039560900011566,52235
1.0,1.0,1.0,0,302,dprf_no_switch_loss,vibration_drift_050rms,792,12.039560900011566,52235
1.0,1.0,1.0,0,302,dprf_no_switch_loss,vibration_drift_100rms,792,12.039560900011566,52235
0.9987373737373737,0.9987373556209197,0.9987373556209197,0,302,dprf_no_switch_loss,electrical_drift_025rms,792,12.039560900011566,52235
0.9974747474747475,0.9974794400449793,0.9974794400449793,0,302,dprf_no_switch_loss,electrical_drift_050rms,792,12.039560900011566,52235
0.9444444444444444,0.9451153569145138,0.9451153569145138,0,302,dprf_no_switch_loss,electrical_drift_100rms,792,12.039560900011566,52235
1.0,1.0,1.0,0,302,dprf_no_semantic,clean_reextract,792,10.803742700023577,52235
0.9002525252525253,0.8971496897635479,0.897149689763548,0,302,dprf_no_semantic,vibration_missing,792,10.803742700023577,52235
0.9040404040404041,0.8998683790391432,0.8998683790391433,0,302,dprf_no_semantic,electrical_missing,792,10.803742700023577,52235
1.0,1.0,1.0,0,302,dprf_no_semantic,vibration_gain_075,792,10.803742700023577,52235
1.0,1.0,1.0,0,302,dprf_no_semantic,vibration_gain_050,792,10.803742700023577,52235
0.9949494949494949,0.9949489876326291,0.9949489876326293,0,302,dprf_no_semantic,vibration_gain_025,792,10.803742700023577,52235
0.9962121212121212,0.9962116320117095,0.9962116320117095,0,302,dprf_no_semantic,electrical_gain_075,792,10.803742700023577,52235
0.9962121212121212,0.9962022275380492,0.9962022275380492,0,302,dprf_no_semantic,electrical_gain_050,792,10.803742700023577,52235
0.9785353535353535,0.9786165699683184,0.9786165699683184,0,302,dprf_no_semantic,electrical_gain_025,792,10.803742700023577,52235
1.0,1.0,1.0,0,302,dprf_no_semantic,vibration_drift_025rms,792,10.803742700023577,52235
1.0,1.0,1.0,0,302,dprf_no_semantic,vibration_drift_050rms,792,10.803742700023577,52235
1.0,1.0,1.0,0,302,dprf_no_semantic,vibration_drift_100rms,792,10.803742700023577,52235
1.0,1.0,1.0,0,302,dprf_no_semantic,electrical_drift_025rms,792,10.803742700023577,52235
0.9974747474747475,0.9974747112418395,0.9974747112418396,0,302,dprf_no_semantic,electrical_drift_050rms,792,10.803742700023577,52235
0.9696969696969697,0.9695026832698116,0.9695026832698114,0,302,dprf_no_semantic,electrical_drift_100rms,792,10.803742700023577,52235
1.0,1.0,1.0,0,302,dprf_full,clean_reextract,792,12.161518900014926,52235
0.9204545454545454,0.9193605344926713,0.9193605344926714,0,302,dprf_full,vibration_missing,792,12.161518900014926,52235
0.922979797979798,0.920588593590634,0.9205885935906338,0,302,dprf_full,electrical_missing,792,12.161518900014926,52235
1.0,1.0,1.0,0,302,dprf_full,vibration_gain_075,792,12.161518900014926,52235
0.9987373737373737,0.9987373556209197,0.9987373556209197,0,302,dprf_full,vibration_gain_050,792,12.161518900014926,52235
0.9962121212121212,0.9962119581577963,0.9962119581577964,0,302,dprf_full,vibration_gain_025,792,12.161518900014926,52235
1.0,1.0,1.0,0,302,dprf_full,electrical_gain_075,792,12.161518900014926,52235
0.9987373737373737,0.9987373556209197,0.9987373556209197,0,302,dprf_full,electrical_gain_050,792,12.161518900014926,52235
0.9861111111111112,0.9861174976059335,0.9861174976059336,0,302,dprf_full,electrical_gain_025,792,12.161518900014926,52235
1.0,1.0,1.0,0,302,dprf_full,vibration_drift_025rms,792,12.161518900014926,52235
1.0,1.0,1.0,0,302,dprf_full,vibration_drift_050rms,792,12.161518900014926,52235
1.0,1.0,1.0,0,302,dprf_full,vibration_drift_100rms,792,12.161518900014926,52235
0.9987373737373737,0.9987373556209197,0.9987373556209197,0,302,dprf_full,electrical_drift_025rms,792,12.161518900014926,52235
0.9987373737373737,0.9987373556209197,0.9987373556209197,0,302,dprf_full,electrical_drift_050rms,792,12.161518900014926,52235
0.9242424242424242,0.9231684668974397,0.9231684668974397,0,302,dprf_full,electrical_drift_100rms,792,12.161518900014926,52235
1.0,1.0,1.0,0,303,mean_da,clean_reextract,792,6.554308899969328,10822
0.9179292929292929,0.9149397534045067,0.9149397534045067,0,303,mean_da,vibration_missing,792,6.554308899969328,10822
0.9154040404040404,0.9126930822253332,0.9126930822253332,0,303,mean_da,electrical_missing,792,6.554308899969328,10822
1.0,1.0,1.0,0,303,mean_da,vibration_gain_075,792,6.554308899969328,10822
1.0,1.0,1.0,0,303,mean_da,vibration_gain_050,792,6.554308899969328,10822
0.9873737373737373,0.9873697102420311,0.9873697102420311,0,303,mean_da,vibration_gain_025,792,6.554308899969328,10822
1.0,1.0,1.0,0,303,mean_da,electrical_gain_075,792,6.554308899969328,10822
0.9974747474747475,0.9974698737337365,0.9974698737337367,0,303,mean_da,electrical_gain_050,792,6.554308899969328,10822
0.9949494949494949,0.9949343074422573,0.9949343074422574,0,303,mean_da,electrical_gain_025,792,6.554308899969328,10822
1.0,1.0,1.0,0,303,mean_da,vibration_drift_025rms,792,6.554308899969328,10822
1.0,1.0,1.0,0,303,mean_da,vibration_drift_050rms,792,6.554308899969328,10822
1.0,1.0,1.0,0,303,mean_da,vibration_drift_100rms,792,6.554308899969328,10822
1.0,1.0,1.0,0,303,mean_da,electrical_drift_025rms,792,6.554308899969328,10822
0.9962121212121212,0.996212012922039,0.9962120129220389,0,303,mean_da,electrical_drift_050rms,792,6.554308899969328,10822
0.6212121212121212,0.5203396428149955,0.5203396428149955,0,303,mean_da,electrical_drift_100rms,792,6.554308899969328,10822
0.9924242424242424,0.992397206757676,0.9923972067576761,0,303,gate_da,clean_reextract,792,8.647287599975243,27400
0.8787878787878788,0.8670935189607386,0.8670935189607385,0,303,gate_da,vibration_missing,792,8.647287599975243,27400
0.9204545454545454,0.918904345096086,0.9189043450960862,0,303,gate_da,electrical_missing,792,8.647287599975243,27400
0.9987373737373737,0.9987373556209197,0.9987373556209197,0,303,gate_da,vibration_gain_075,792,8.647287599975243,27400
0.9974747474747475,0.9974747112418395,0.9974747112418396,0,303,gate_da,vibration_gain_050,792,8.647287599975243,27400
0.9886363636363636,0.9886542131017569,0.9886542131017569,0,303,gate_da,vibration_gain_025,792,8.647287599975243,27400
0.9204545454545454,0.918904345096086,0.9189043450960862,0,303,gate_da,electrical_gain_075,792,8.647287599975243,27400
0.9204545454545454,0.918904345096086,0.9189043450960862,0,303,gate_da,electrical_gain_050,792,8.647287599975243,27400
0.9204545454545454,0.918904345096086,0.9189043450960862,0,303,gate_da,electrical_gain_025,792,8.647287599975243,27400
0.9924242424242424,0.992397206757676,0.9923972067576761,0,303,gate_da,vibration_drift_025rms,792,8.647287599975243,27400
0.9886363636363636,0.9885867554568998,0.9885867554568998,0,303,gate_da,vibration_drift_050rms,792,8.647287599975243,27400
0.9797979797979798,0.9796578075336444,0.9796578075336444,0,303,gate_da,vibration_drift_100rms,792,8.647287599975243,27400
0.9936868686868687,0.9936660037758319,0.993666003775832,0,303,gate_da,electrical_drift_025rms,792,8.647287599975243,27400
0.9873737373737373,0.9873463014636451,0.9873463014636451,0,303,gate_da,electrical_drift_050rms,792,8.647287599975243,27400
0.8459595959595959,0.8196926262924338,0.8196926262924339,0,303,gate_da,electrical_drift_100rms,792,8.647287599975243,27400
0.9974747474747475,0.9974794400449793,0.9974794400449793,0,303,rcarf_hard,clean_reextract,792,11.057487200014293,35657
0.8522727272727273,0.8350965107442202,0.83509651074422,0,303,rcarf_hard,vibration_missing,792,11.057487200014293,35657
0.9356060606060606,0.9339222381512559,0.9339222381512556,0,303,rcarf_hard,electrical_missing,792,11.057487200014293,35657
0.9936868686868687,0.9937042904419614,0.9937042904419612,0,303,rcarf_hard,vibration_gain_075,792,11.057487200014293,35657
0.928030303030303,0.925592944786604,0.9255929447866039,0,303,rcarf_hard,vibration_gain_050,792,11.057487200014293,35657
0.8813131313131313,0.8671568447923429,0.8671568447923429,0,303,rcarf_hard,vibration_gain_025,792,11.057487200014293,35657
0.9356060606060606,0.9339222381512559,0.9339222381512556,0,303,rcarf_hard,electrical_gain_075,792,11.057487200014293,35657
0.9356060606060606,0.9339222381512559,0.9339222381512556,0,303,rcarf_hard,electrical_gain_050,792,11.057487200014293,35657
0.9356060606060606,0.9339222381512559,0.9339222381512556,0,303,rcarf_hard,electrical_gain_025,792,11.057487200014293,35657
0.9974747474747475,0.9974794400449793,0.9974794400449793,0,303,rcarf_hard,vibration_drift_025rms,792,11.057487200014293,35657
0.9974747474747475,0.9974794400449793,0.9974794400449793,0,303,rcarf_hard,vibration_drift_050rms,792,11.057487200014293,35657
0.9974747474747475,0.9974794400449793,0.9974794400449793,0,303,rcarf_hard,vibration_drift_100rms,792,11.057487200014293,35657
0.9974747474747475,0.9974747112418395,0.9974747112418396,0,303,rcarf_hard,electrical_drift_025rms,792,11.057487200014293,35657
0.9356060606060606,0.9339222381512559,0.9339222381512556,0,303,rcarf_hard,electrical_drift_050rms,792,11.057487200014293,35657
0.9356060606060606,0.9339222381512559,0.9339222381512556,0,303,rcarf_hard,electrical_drift_100rms,792,11.057487200014293,35657
0.9987373737373737,0.9987373556209197,0.9987373556209197,0,303,dprf_no_rel_loss,clean_reextract,792,12.033788400003687,52235
0.8585858585858586,0.8488065015120481,0.8488065015120482,0,303,dprf_no_rel_loss,vibration_missing,792,12.033788400003687,52235
0.9027777777777778,0.899272158946662,0.8992721589466621,0,303,dprf_no_rel_loss,electrical_missing,792,12.033788400003687,52235
0.9987373737373737,0.9987373556209197,0.9987373556209197,0,303,dprf_no_rel_loss,vibration_gain_075,792,12.033788400003687,52235
0.9987373737373737,0.9987373556209197,0.9987373556209197,0,303,dprf_no_rel_loss,vibration_gain_050,792,12.033788400003687,52235
0.9911616161616161,0.9911972847220701,0.9911972847220701,0,303,dprf_no_rel_loss,vibration_gain_025,792,12.033788400003687,52235
0.9962121212121212,0.9962022275380492,0.9962022275380492,0,303,dprf_no_rel_loss,electrical_gain_075,792,12.033788400003687,52235
0.9873737373737373,0.9873455420045186,0.9873455420045186,0,303,dprf_no_rel_loss,electrical_gain_050,792,12.033788400003687,52235
0.9797979797979798,0.979747398680979,0.979747398680979,0,303,dprf_no_rel_loss,electrical_gain_025,792,12.033788400003687,52235
0.9987373737373737,0.9987373556209197,0.9987373556209197,0,303,dprf_no_rel_loss,vibration_drift_025rms,792,12.033788400003687,52235
0.9987373737373737,0.9987373556209197,0.9987373556209197,0,303,dprf_no_rel_loss,vibration_drift_050rms,792,12.033788400003687,52235
0.9987373737373737,0.9987373556209197,0.9987373556209197,0,303,dprf_no_rel_loss,vibration_drift_100rms,792,12.033788400003687,52235
0.9987373737373737,0.9987373556209197,0.9987373556209197,0,303,dprf_no_rel_loss,electrical_drift_025rms,792,12.033788400003687,52235
0.9987373737373737,0.9987373556209197,0.9987373556209197,0,303,dprf_no_rel_loss,electrical_drift_050rms,792,12.033788400003687,52235
0.9204545454545454,0.9193887397554622,0.919388739755462,0,303,dprf_no_rel_loss,electrical_drift_100rms,792,12.033788400003687,52235
1.0,1.0,1.0,0,303,dprf_no_switch_loss,clean_reextract,792,12.087454900029115,52235
0.8838383838383839,0.8806825319035182,0.8806825319035183,0,303,dprf_no_switch_loss,vibration_missing,792,12.087454900029115,52235
0.9090909090909091,0.9069789734988042,0.9069789734988042,0,303,dprf_no_switch_loss,electrical_missing,792,12.087454900029115,52235
1.0,1.0,1.0,0,303,dprf_no_switch_loss,vibration_gain_075,792,12.087454900029115,52235
1.0,1.0,1.0,0,303,dprf_no_switch_loss,vibration_gain_050,792,12.087454900029115,52235
1.0,1.0,1.0,0,303,dprf_no_switch_loss,vibration_gain_025,792,12.087454900029115,52235
0.9873737373737373,0.987350607125863,0.9873506071258631,0,303,dprf_no_switch_loss,electrical_gain_075,792,12.087454900029115,52235
0.9633838383838383,0.9631736988631702,0.9631736988631702,0,303,dprf_no_switch_loss,electrical_gain_050,792,12.087454900029115,52235
0.9179292929292929,0.9157324613295867,0.9157324613295867,0,303,dprf_no_switch_loss,electrical_gain_025,792,12.087454900029115,52235
1.0,1.0,1.0,0,303,dprf_no_switch_loss,vibration_drift_025rms,792,12.087454900029115,52235
1.0,1.0,1.0,0,303,dprf_no_switch_loss,vibration_drift_050rms,792,12.087454900029115,52235
1.0,1.0,1.0,0,303,dprf_no_switch_loss,vibration_drift_100rms,792,12.087454900029115,52235
0.9987373737373737,0.9987373556209197,0.9987373556209197,0,303,dprf_no_switch_loss,electrical_drift_025rms,792,12.087454900029115,52235
0.9987373737373737,0.9987373556209197,0.9987373556209197,0,303,dprf_no_switch_loss,electrical_drift_050rms,792,12.087454900029115,52235
0.9659090909090909,0.9660284363826697,0.9660284363826698,0,303,dprf_no_switch_loss,electrical_drift_100rms,792,12.087454900029115,52235
0.9987373737373737,0.9987373556209197,0.9987373556209197,0,303,dprf_no_semantic,clean_reextract,792,10.790523100004066,52235
0.9090909090909091,0.9067768921678413,0.9067768921678413,0,303,dprf_no_semantic,vibration_missing,792,10.790523100004066,52235
0.9154040404040404,0.9131294199381897,0.9131294199381897,0,303,dprf_no_semantic,electrical_missing,792,10.790523100004066,52235
0.9987373737373737,0.9987373556209197,0.9987373556209197,0,303,dprf_no_semantic,vibration_gain_075,792,10.790523100004066,52235
0.9974747474747475,0.9974747112418393,0.9974747112418395,0,303,dprf_no_semantic,vibration_gain_050,792,10.790523100004066,52235
0.9886363636363636,0.9886524803559759,0.9886524803559756,0,303,dprf_no_semantic,vibration_gain_025,792,10.790523100004066,52235
0.9987373737373737,0.9987373556209197,0.9987373556209197,0,303,dprf_no_semantic,electrical_gain_075,792,10.790523100004066,52235
0.9962121212121212,0.9962119581577963,0.9962119581577964,0,303,dprf_no_semantic,electrical_gain_050,792,10.790523100004066,52235
0.9936868686868687,0.9936856908677624,0.9936856908677625,0,303,dprf_no_semantic,electrical_gain_025,792,10.790523100004066,52235
0.9987373737373737,0.9987373556209197,0.9987373556209197,0,303,dprf_no_semantic,vibration_drift_025rms,792,10.790523100004066,52235
0.9987373737373737,0.9987373556209197,0.9987373556209197,0,303,dprf_no_semantic,vibration_drift_050rms,792,10.790523100004066,52235
1.0,1.0,1.0,0,303,dprf_no_semantic,vibration_drift_100rms,792,10.790523100004066,52235
0.9987373737373737,0.9987373556209197,0.9987373556209197,0,303,dprf_no_semantic,electrical_drift_025rms,792,10.790523100004066,52235
0.9987373737373737,0.9987373556209197,0.9987373556209197,0,303,dprf_no_semantic,electrical_drift_050rms,792,10.790523100004066,52235
0.9861111111111112,0.9861333213444275,0.9861333213444275,0,303,dprf_no_semantic,electrical_drift_100rms,792,10.790523100004066,52235
0.9987373737373737,0.9987373556209197,0.9987373556209197,0,303,dprf_full,clean_reextract,792,12.185487700044177,52235
0.8585858585858586,0.8517478688948735,0.8517478688948735,0,303,dprf_full,vibration_missing,792,12.185487700044177,52235
0.9217171717171717,0.9203660699887116,0.9203660699887116,0,303,dprf_full,electrical_missing,792,12.185487700044177,52235
0.9987373737373737,0.9987373556209197,0.9987373556209197,0,303,dprf_full,vibration_gain_075,792,12.185487700044177,52235
1.0,1.0,1.0,0,303,dprf_full,vibration_gain_050,792,12.185487700044177,52235
1.0,1.0,1.0,0,303,dprf_full,vibration_gain_025,792,12.185487700044177,52235
0.9962121212121212,0.9962022275380492,0.9962022275380492,0,303,dprf_full,electrical_gain_075,792,12.185487700044177,52235
0.9861111111111112,0.9860419673099684,0.9860419673099686,0,303,dprf_full,electrical_gain_050,792,12.185487700044177,52235
0.9797979797979798,0.9795961648210341,0.9795961648210343,0,303,dprf_full,electrical_gain_025,792,12.185487700044177,52235
0.9987373737373737,0.9987373556209197,0.9987373556209197,0,303,dprf_full,vibration_drift_025rms,792,12.185487700044177,52235
0.9987373737373737,0.9987373556209197,0.9987373556209197,0,303,dprf_full,vibration_drift_050rms,792,12.185487700044177,52235
1.0,1.0,1.0,0,303,dprf_full,vibration_drift_100rms,792,12.185487700044177,52235
0.9987373737373737,0.9987373556209197,0.9987373556209197,0,303,dprf_full,electrical_drift_025rms,792,12.185487700044177,52235
0.9987373737373737,0.9987373556209197,0.9987373556209197,0,303,dprf_full,electrical_drift_050rms,792,12.185487700044177,52235
0.9343434343434344,0.9337058675441864,0.9337058675441864,0,303,dprf_full,electrical_drift_100rms,792,12.185487700044177,52235
1.0,1.0,1.0,0,304,mean_da,clean_reextract,792,6.551185099990107,10822
0.928030303030303,0.9270915014411519,0.9270915014411518,0,304,mean_da,vibration_missing,792,6.551185099990107,10822
0.928030303030303,0.9252379296021415,0.9252379296021415,0,304,mean_da,electrical_missing,792,6.551185099990107,10822
1.0,1.0,1.0,0,304,mean_da,vibration_gain_075,792,6.551185099990107,10822
0.9987373737373737,0.9987373556209197,0.9987373556209197,0,304,mean_da,vibration_gain_050,792,6.551185099990107,10822
0.9911616161616161,0.991157682924968,0.9911576829249679,0,304,mean_da,vibration_gain_025,792,6.551185099990107,10822
1.0,1.0,1.0,0,304,mean_da,electrical_gain_075,792,6.551185099990107,10822
1.0,1.0,1.0,0,304,mean_da,electrical_gain_050,792,6.551185099990107,10822
0.9861111111111112,0.9861037331821451,0.9861037331821451,0,304,mean_da,electrical_gain_025,792,6.551185099990107,10822
1.0,1.0,1.0,0,304,mean_da,vibration_drift_025rms,792,6.551185099990107,10822
1.0,1.0,1.0,0,304,mean_da,vibration_drift_050rms,792,6.551185099990107,10822
1.0,1.0,1.0,0,304,mean_da,vibration_drift_100rms,792,6.551185099990107,10822
0.9987373737373737,0.9987373556209197,0.9987373556209197,0,304,mean_da,electrical_drift_025rms,792,6.551185099990107,10822
0.9974747474747475,0.9974794400449793,0.9974794400449793,0,304,mean_da,electrical_drift_050rms,792,6.551185099990107,10822
0.7247474747474747,0.6589728232527267,0.6589728232527265,0,304,mean_da,electrical_drift_100rms,792,6.551185099990107,10822
0.9987373737373737,0.9987373556209197,0.9987373556209197,0,304,gate_da,clean_reextract,792,8.659638299955986,27400
0.8876262626262627,0.8791547005559731,0.8791547005559731,0,304,gate_da,vibration_missing,792,8.659638299955986,27400
0.9595959595959596,0.9592588557890013,0.9592588557890014,0,304,gate_da,electrical_missing,792,8.659638299955986,27400
0.9987373737373737,0.9987373556209197,0.9987373556209197,0,304,gate_da,vibration_gain_075,792,8.659638299955986,27400
0.9987373737373737,0.9987373556209197,0.9987373556209197,0,304,gate_da,vibration_gain_050,792,8.659638299955986,27400
0.9924242424242424,0.9924368085547783,0.9924368085547782,0,304,gate_da,vibration_gain_025,792,8.659638299955986,27400
0.9595959595959596,0.9592588557890013,0.9592588557890014,0,304,gate_da,electrical_gain_075,792,8.659638299955986,27400
0.9595959595959596,0.9592588557890013,0.9592588557890014,0,304,gate_da,electrical_gain_050,792,8.659638299955986,27400
0.9595959595959596,0.9592588557890013,0.9592588557890014,0,304,gate_da,electrical_gain_025,792,8.659638299955986,27400
0.9987373737373737,0.9987373556209197,0.9987373556209197,0,304,gate_da,vibration_drift_025rms,792,8.659638299955986,27400
0.9987373737373737,0.9987373556209197,0.9987373556209197,0,304,gate_da,vibration_drift_050rms,792,8.659638299955986,27400
0.9924242424242424,0.992397206757676,0.9923972067576761,0,304,gate_da,vibration_drift_100rms,792,8.659638299955986,27400
0.9987373737373737,0.9987373556209197,0.9987373556209197,0,304,gate_da,electrical_drift_025rms,792,8.659638299955986,27400
0.9962121212121212,0.9962072293546562,0.9962072293546564,0,304,gate_da,electrical_drift_050rms,792,8.659638299955986,27400
0.9166666666666666,0.914670612280822,0.9146706122808219,0,304,gate_da,electrical_drift_100rms,792,8.659638299955986,27400
0.9987373737373737,0.9987373556209197,0.9987373556209197,0,304,rcarf_hard,clean_reextract,792,11.248298800026532,35657
0.8674242424242424,0.848293727806506,0.8482937278065059,0,304,rcarf_hard,vibration_missing,792,11.248298800026532,35657
0.9053030303030303,0.9026569638623968,0.9026569638623968,0,304,rcarf_hard,electrical_missing,792,11.248298800026532,35657
0.9987373737373737,0.9987373556209197,0.9987373556209197,0,304,rcarf_hard,vibration_gain_075,792,11.248298800026532,35657
0.9797979797979798,0.9796749787890368,0.9796749787890368,0,304,rcarf_hard,vibration_gain_050,792,11.248298800026532,35657
0.8914141414141414,0.879398491970809,0.879398491970809,0,304,rcarf_hard,vibration_gain_025,792,11.248298800026532,35657
0.9053030303030303,0.9026569638623968,0.9026569638623968,0,304,rcarf_hard,electrical_gain_075,792,11.248298800026532,35657
0.9053030303030303,0.9026569638623968,0.9026569638623968,0,304,rcarf_hard,electrical_gain_050,792,11.248298800026532,35657
0.9053030303030303,0.9026569638623968,0.9026569638623968,0,304,rcarf_hard,electrical_gain_025,792,11.248298800026532,35657
0.9987373737373737,0.9987373556209197,0.9987373556209197,0,304,rcarf_hard,vibration_drift_025rms,792,11.248298800026532,35657
1.0,1.0,1.0,0,304,rcarf_hard,vibration_drift_050rms,792,11.248298800026532,35657
1.0,1.0,1.0,0,304,rcarf_hard,vibration_drift_100rms,792,11.248298800026532,35657
0.9949494949494949,0.994939583158969,0.9949395831589689,0,304,rcarf_hard,electrical_drift_025rms,792,11.248298800026532,35657
0.9053030303030303,0.9026569638623968,0.9026569638623968,0,304,rcarf_hard,electrical_drift_050rms,792,11.248298800026532,35657
0.9053030303030303,0.9026569638623968,0.9026569638623968,0,304,rcarf_hard,electrical_drift_100rms,792,11.248298800026532,35657
1.0,1.0,1.0,0,304,dprf_no_rel_loss,clean_reextract,792,11.868531899992377,52235
0.9204545454545454,0.918587503826343,0.9185875038263428,0,304,dprf_no_rel_loss,vibration_missing,792,11.868531899992377,52235
0.9078282828282829,0.9044500075156042,0.9044500075156042,0,304,dprf_no_rel_loss,electrical_missing,792,11.868531899992377,52235
1.0,1.0,1.0,0,304,dprf_no_rel_loss,vibration_gain_075,792,11.868531899992377,52235
1.0,1.0,1.0,0,304,dprf_no_rel_loss,vibration_gain_050,792,11.868531899992377,52235
0.9734848484848485,0.9736868851838333,0.9736868851838335,0,304,dprf_no_rel_loss,vibration_gain_025,792,11.868531899992377,52235
0.9974747474747475,0.9974747112418395,0.9974747112418394,0,304,dprf_no_rel_loss,electrical_gain_075,792,11.868531899992377,52235
0.9936868686868687,0.993686343253549,0.9936863432535488,0,304,dprf_no_rel_loss,electrical_gain_050,792,11.868531899992377,52235
0.9835858585858586,0.9835346554800583,0.9835346554800581,0,304,dprf_no_rel_loss,electrical_gain_025,792,11.868531899992377,52235
1.0,1.0,1.0,0,304,dprf_no_rel_loss,vibration_drift_025rms,792,11.868531899992377,52235
1.0,1.0,1.0,0,304,dprf_no_rel_loss,vibration_drift_050rms,792,11.868531899992377,52235
1.0,1.0,1.0,0,304,dprf_no_rel_loss,vibration_drift_100rms,792,11.868531899992377,52235
0.9987373737373737,0.9987373556209197,0.9987373556209197,0,304,dprf_no_rel_loss,electrical_drift_025rms,792,11.868531899992377,52235
0.9987373737373737,0.9987373556209197,0.9987373556209197,0,304,dprf_no_rel_loss,electrical_drift_050rms,792,11.868531899992377,52235
0.9065656565656566,0.9043746524013324,0.9043746524013324,0,304,dprf_no_rel_loss,electrical_drift_100rms,792,11.868531899992377,52235
0.9987373737373737,0.9987373556209197,0.9987373556209197,0,304,dprf_no_switch_loss,clean_reextract,792,11.983781799965072,52235
0.9318181818181818,0.9313464680109216,0.9313464680109217,0,304,dprf_no_switch_loss,vibration_missing,792,11.983781799965072,52235
0.9444444444444444,0.9439517128643433,0.9439517128643433,0,304,dprf_no_switch_loss,electrical_missing,792,11.983781799965072,52235
0.9987373737373737,0.9987373556209197,0.9987373556209197,0,304,dprf_no_switch_loss,vibration_gain_075,792,11.983781799965072,52235
0.9987373737373737,0.9987373556209197,0.9987373556209197,0,304,dprf_no_switch_loss,vibration_gain_050,792,11.983781799965072,52235
0.9974747474747475,0.9974747112418393,0.9974747112418395,0,304,dprf_no_switch_loss,vibration_gain_025,792,11.983781799965072,52235
0.9482323232323232,0.9478519056434739,0.9478519056434738,0,304,dprf_no_switch_loss,electrical_gain_075,792,11.983781799965072,52235
0.9444444444444444,0.9439517128643433,0.9439517128643433,0,304,dprf_no_switch_loss,electrical_gain_050,792,11.983781799965072,52235
0.9444444444444444,0.9439517128643433,0.9439517128643433,0,304,dprf_no_switch_loss,electrical_gain_025,792,11.983781799965072,52235
0.9987373737373737,0.9987373556209197,0.9987373556209197,0,304,dprf_no_switch_loss,vibration_drift_025rms,792,11.983781799965072,52235
0.9987373737373737,0.9987373556209197,0.9987373556209197,0,304,dprf_no_switch_loss,vibration_drift_050rms,792,11.983781799965072,52235
0.9987373737373737,0.9987373556209197,0.9987373556209197,0,304,dprf_no_switch_loss,vibration_drift_100rms,792,11.983781799965072,52235
0.9987373737373737,0.9987373556209197,0.9987373556209197,0,304,dprf_no_switch_loss,electrical_drift_025rms,792,11.983781799965072,52235
0.9987373737373737,0.9987373556209197,0.9987373556209197,0,304,dprf_no_switch_loss,electrical_drift_050rms,792,11.983781799965072,52235
0.9709595959595959,0.9710665888402469,0.9710665888402469,0,304,dprf_no_switch_loss,electrical_drift_100rms,792,11.983781799965072,52235
1.0,1.0,1.0,0,304,dprf_no_semantic,clean_reextract,792,10.90268030000152,52235
0.9318181818181818,0.9310437215514104,0.9310437215514105,0,304,dprf_no_semantic,vibration_missing,792,10.90268030000152,52235
0.9128787878787878,0.9101615812499825,0.9101615812499825,0,304,dprf_no_semantic,electrical_missing,792,10.90268030000152,52235
1.0,1.0,1.0,0,304,dprf_no_semantic,vibration_gain_075,792,10.90268030000152,52235
0.9987373737373737,0.9987373556209197,0.9987373556209197,0,304,dprf_no_semantic,vibration_gain_050,792,10.90268030000152,52235
0.9949494949494949,0.9949489876326291,0.9949489876326292,0,304,dprf_no_semantic,vibration_gain_025,792,10.90268030000152,52235
0.9987373737373737,0.9987373556209197,0.9987373556209197,0,304,dprf_no_semantic,electrical_gain_075,792,10.90268030000152,52235
1.0,1.0,1.0,0,304,dprf_no_semantic,electrical_gain_050,792,10.90268030000152,52235
0.9974747474747475,0.9974747112418395,0.9974747112418394,0,304,dprf_no_semantic,electrical_gain_025,792,10.90268030000152,52235
1.0,1.0,1.0,0,304,dprf_no_semantic,vibration_drift_025rms,792,10.90268030000152,52235
1.0,1.0,1.0,0,304,dprf_no_semantic,vibration_drift_050rms,792,10.90268030000152,52235
1.0,1.0,1.0,0,304,dprf_no_semantic,vibration_drift_100rms,792,10.90268030000152,52235
0.9987373737373737,0.9987373556209197,0.9987373556209197,0,304,dprf_no_semantic,electrical_drift_025rms,792,10.90268030000152,52235
0.9987373737373737,0.9987373556209197,0.9987373556209197,0,304,dprf_no_semantic,electrical_drift_050rms,792,10.90268030000152,52235
0.9191919191919192,0.9170963469288416,0.9170963469288415,0,304,dprf_no_semantic,electrical_drift_100rms,792,10.90268030000152,52235
1.0,1.0,1.0,0,304,dprf_full,clean_reextract,792,12.09126409998862,52235
0.952020202020202,0.9519059069999213,0.9519059069999214,0,304,dprf_full,vibration_missing,792,12.09126409998862,52235
0.9128787878787878,0.9096487843176561,0.9096487843176561,0,304,dprf_full,electrical_missing,792,12.09126409998862,52235
1.0,1.0,1.0,0,304,dprf_full,vibration_gain_075,792,12.09126409998862,52235
0.9987373737373737,0.9987373556209197,0.9987373556209197,0,304,dprf_full,vibration_gain_050,792,12.09126409998862,52235
0.9974747474747475,0.9974747112418393,0.9974747112418395,0,304,dprf_full,vibration_gain_025,792,12.09126409998862,52235
0.9987373737373737,0.9987373556209197,0.9987373556209197,0,304,dprf_full,electrical_gain_075,792,12.09126409998862,52235
0.9974747474747475,0.9974698737337365,0.9974698737337367,0,304,dprf_full,electrical_gain_050,792,12.09126409998862,52235
0.9861111111111112,0.9861643019759688,0.9861643019759689,0,304,dprf_full,electrical_gain_025,792,12.09126409998862,52235
1.0,1.0,1.0,0,304,dprf_full,vibration_drift_025rms,792,12.09126409998862,52235
1.0,1.0,1.0,0,304,dprf_full,vibration_drift_050rms,792,12.09126409998862,52235
1.0,1.0,1.0,0,304,dprf_full,vibration_drift_100rms,792,12.09126409998862,52235
0.9987373737373737,0.9987373556209197,0.9987373556209197,0,304,dprf_full,electrical_drift_025rms,792,12.09126409998862,52235
0.9987373737373737,0.9987373556209197,0.9987373556209197,0,304,dprf_full,electrical_drift_050rms,792,12.09126409998862,52235
0.9166666666666666,0.9131372438121611,0.9131372438121612,0,304,dprf_full,electrical_drift_100rms,792,12.09126409998862,52235
1.0,1.0,1.0,0,305,mean_da,clean_reextract,792,6.591241599991918,10822
0.9305555555555556,0.9286190050474835,0.9286190050474835,0,305,mean_da,vibration_missing,792,6.591241599991918,10822
0.9128787878787878,0.9106969950770701,0.9106969950770701,0,305,mean_da,electrical_missing,792,6.591241599991918,10822
1.0,1.0,1.0,0,305,mean_da,vibration_gain_075,792,6.591241599991918,10822
1.0,1.0,1.0,0,305,mean_da,vibration_gain_050,792,6.591241599991918,10822
0.9962121212121212,0.9962119581577963,0.9962119581577964,0,305,mean_da,vibration_gain_025,792,6.591241599991918,10822
0.9962121212121212,0.9962022275380492,0.9962022275380492,0,305,mean_da,electrical_gain_075,792,6.591241599991918,10822
0.9671717171717171,0.9672379197482024,0.9672379197482025,0,305,mean_da,electrical_gain_050,792,6.591241599991918,10822
0.9103535353535354,0.908591204369389,0.9085912043693891,0,305,mean_da,electrical_gain_025,792,6.591241599991918,10822
1.0,1.0,1.0,0,305,mean_da,vibration_drift_025rms,792,6.591241599991918,10822
1.0,1.0,1.0,0,305,mean_da,vibration_drift_050rms,792,6.591241599991918,10822
1.0,1.0,1.0,0,305,mean_da,vibration_drift_100rms,792,6.591241599991918,10822
0.9987373737373737,0.9987373556209197,0.9987373556209197,0,305,mean_da,electrical_drift_025rms,792,6.591241599991918,10822
0.9987373737373737,0.9987373556209197,0.9987373556209197,0,305,mean_da,electrical_drift_050rms,792,6.591241599991918,10822
0.5669191919191919,0.4945731290665079,0.49457312906650797,0,305,mean_da,electrical_drift_100rms,792,6.591241599991918,10822
0.9848484848484849,0.9848258803834699,0.9848258803834697,0,305,gate_da,clean_reextract,792,8.790601600019727,27400
0.8106060606060606,0.7915189730130686,0.7915189730130686,0,305,gate_da,vibration_missing,792,8.790601600019727,27400
0.9128787878787878,0.9107498043171273,0.9107498043171274,0,305,gate_da,electrical_missing,792,8.790601600019727,27400
0.9924242424242424,0.9924239344320465,0.9924239344320466,0,305,gate_da,vibration_gain_075,792,8.790601600019727,27400
0.9936868686868687,0.9936867962210526,0.9936867962210526,0,305,gate_da,vibration_gain_050,792,8.790601600019727,27400
0.9722222222222222,0.9721833788620433,0.9721833788620433,0,305,gate_da,vibration_gain_025,792,8.790601600019727,27400
0.9128787878787878,0.9107498043171273,0.9107498043171274,0,305,gate_da,electrical_gain_075,792,8.790601600019727,27400
0.9128787878787878,0.9107498043171273,0.9107498043171274,0,305,gate_da,electrical_gain_050,792,8.790601600019727,27400
0.9128787878787878,0.9107498043171273,0.9107498043171274,0,305,gate_da,electrical_gain_025,792,8.790601600019727,27400
0.9772727272727273,0.9772018439176063,0.9772018439176063,0,305,gate_da,vibration_drift_025rms,792,8.790601600019727,27400
0.976010101010101,0.975927771186853,0.9759277711868531,0,305,gate_da,vibration_drift_050rms,792,8.790601600019727,27400
0.9633838383838383,0.9629978691502586,0.9629978691502588,0,305,gate_da,vibration_drift_100rms,792,8.790601600019727,27400
0.9810606060606061,0.9810253352678183,0.9810253352678185,0,305,gate_da,electrical_drift_025rms,792,8.790601600019727,27400
0.9722222222222222,0.97223169845944,0.9722316984594401,0,305,gate_da,electrical_drift_050rms,792,8.790601600019727,27400
0.9305555555555556,0.9297720434569655,0.9297720434569655,0,305,gate_da,electrical_drift_100rms,792,8.790601600019727,27400
1.0,1.0,1.0,0,305,rcarf_hard,clean_reextract,792,11.13457070000004,35657
0.8964646464646465,0.8938967443451533,0.8938967443451534,0,305,rcarf_hard,vibration_missing,792,11.13457070000004,35657
0.9292929292929293,0.9283831045593134,0.9283831045593133,0,305,rcarf_hard,electrical_missing,792,11.13457070000004,35657
1.0,1.0,1.0,0,305,rcarf_hard,vibration_gain_075,792,11.13457070000004,35657
0.9848484848484849,0.9847793229308882,0.9847793229308882,0,305,rcarf_hard,vibration_gain_050,792,11.13457070000004,35657
0.9381313131313131,0.936940803746284,0.9369408037462842,0,305,rcarf_hard,vibration_gain_025,792,11.13457070000004,35657
0.851010101010101,0.8475917911156791,0.847591791115679,0,305,rcarf_hard,electrical_gain_075,792,11.13457070000004,35657
0.9292929292929293,0.9283831045593134,0.9283831045593133,0,305,rcarf_hard,electrical_gain_050,792,11.13457070000004,35657
0.9292929292929293,0.9283831045593134,0.9283831045593133,0,305,rcarf_hard,electrical_gain_025,792,11.13457070000004,35657
1.0,1.0,1.0,0,305,rcarf_hard,vibration_drift_025rms,792,11.13457070000004,35657
1.0,1.0,1.0,0,305,rcarf_hard,vibration_drift_050rms,792,11.13457070000004,35657
1.0,1.0,1.0,0,305,rcarf_hard,vibration_drift_100rms,792,11.13457070000004,35657
0.9936868686868687,0.9937004814259184,0.9937004814259183,0,305,rcarf_hard,electrical_drift_025rms,792,11.13457070000004,35657
0.9292929292929293,0.9283831045593134,0.9283831045593133,0,305,rcarf_hard,electrical_drift_050rms,792,11.13457070000004,35657
0.9292929292929293,0.9283831045593134,0.9283831045593133,0,305,rcarf_hard,electrical_drift_100rms,792,11.13457070000004,35657
0.9987373737373737,0.9987373556209197,0.9987373556209197,0,305,dprf_no_rel_loss,clean_reextract,792,11.919693699979689,52235
0.9318181818181818,0.9317018318777345,0.9317018318777345,0,305,dprf_no_rel_loss,vibration_missing,792,11.919693699979689,52235
0.8775252525252525,0.8706743895897721,0.870674389589772,0,305,dprf_no_rel_loss,electrical_missing,792,11.919693699979689,52235
0.9987373737373737,0.9987373556209197,0.9987373556209197,0,305,dprf_no_rel_loss,vibration_gain_075,792,11.919693699979689,52235
0.9974747474747475,0.9974747112418393,0.9974747112418395,0,305,dprf_no_rel_loss,vibration_gain_050,792,11.919693699979689,52235
0.9090909090909091,0.906146721263185,0.9061467212631851,0,305,dprf_no_rel_loss,vibration_gain_025,792,11.919693699979689,52235
0.9987373737373737,0.9987373556209197,0.9987373556209197,0,305,dprf_no_rel_loss,electrical_gain_075,792,11.919693699979689,52235
0.9936868686868687,0.9936768300749258,0.9936768300749258,0,305,dprf_no_rel_loss,electrical_gain_050,792,11.919693699979689,52235
0.9861111111111112,0.9860897053775597,0.9860897053775597,0,305,dprf_no_rel_loss,electrical_gain_025,792,11.919693699979689,52235
0.9987373737373737,0.9987373556209197,0.9987373556209197,0,305,dprf_no_rel_loss,vibration_drift_025rms,792,11.919693699979689,52235
0.9987373737373737,0.9987373556209197,0.9987373556209197,0,305,dprf_no_rel_loss,vibration_drift_050rms,792,11.919693699979689,52235
0.9987373737373737,0.9987373556209197,0.9987373556209197,0,305,dprf_no_rel_loss,vibration_drift_100rms,792,11.919693699979689,52235
0.9987373737373737,0.9987373556209197,0.9987373556209197,0,305,dprf_no_rel_loss,electrical_drift_025rms,792,11.919693699979689,52235
0.9987373737373737,0.9987373556209197,0.9987373556209197,0,305,dprf_no_rel_loss,electrical_drift_050rms,792,11.919693699979689,52235
0.88510101010101,0.8792010359138441,0.8792010359138441,0,305,dprf_no_rel_loss,electrical_drift_100rms,792,11.919693699979689,52235
0.9987373737373737,0.9987373556209197,0.9987373556209197,0,305,dprf_no_switch_loss,clean_reextract,792,11.911810900026467,52235
0.8156565656565656,0.7993337591163128,0.7993337591163129,0,305,dprf_no_switch_loss,vibration_missing,792,11.911810900026467,52235
0.8964646464646465,0.893809252196942,0.8938092521969421,0,305,dprf_no_switch_loss,electrical_missing,792,11.911810900026467,52235
0.9987373737373737,0.9987373556209197,0.9987373556209197,0,305,dprf_no_switch_loss,vibration_gain_075,792,11.911810900026467,52235
0.9987373737373737,0.9987373556209197,0.9987373556209197,0,305,dprf_no_switch_loss,vibration_gain_050,792,11.911810900026467,52235
0.9924242424242424,0.9924229377837194,0.9924229377837192,0,305,dprf_no_switch_loss,vibration_gain_025,792,11.911810900026467,52235
0.8964646464646465,0.893809252196942,0.8938092521969421,0,305,dprf_no_switch_loss,electrical_gain_075,792,11.911810900026467,52235
0.8964646464646465,0.893809252196942,0.8938092521969421,0,305,dprf_no_switch_loss,electrical_gain_050,792,11.911810900026467,52235
0.8964646464646465,0.893809252196942,0.8938092521969421,0,305,dprf_no_switch_loss,electrical_gain_025,792,11.911810900026467,52235
0.9987373737373737,0.9987373556209197,0.9987373556209197,0,305,dprf_no_switch_loss,vibration_drift_025rms,792,11.911810900026467,52235
0.9987373737373737,0.9987373556209197,0.9987373556209197,0,305,dprf_no_switch_loss,vibration_drift_050rms,792,11.911810900026467,52235
0.9987373737373737,0.9987373556209197,0.9987373556209197,0,305,dprf_no_switch_loss,vibration_drift_100rms,792,11.911810900026467,52235
0.9974747474747475,0.9974794400449793,0.9974794400449793,0,305,dprf_no_switch_loss,electrical_drift_025rms,792,11.911810900026467,52235
0.9974747474747475,0.9974794400449793,0.9974794400449793,0,305,dprf_no_switch_loss,electrical_drift_050rms,792,11.911810900026467,52235
0.9457070707070707,0.9448569806639201,0.9448569806639202,0,305,dprf_no_switch_loss,electrical_drift_100rms,792,11.911810900026467,52235
0.9987373737373737,0.9987373556209197,0.9987373556209197,0,305,dprf_no_semantic,clean_reextract,792,10.750096400035545,52235
0.8547979797979798,0.8497198692475908,0.8497198692475909,0,305,dprf_no_semantic,vibration_missing,792,10.750096400035545,52235
0.88510101010101,0.8781642417324539,0.8781642417324539,0,305,dprf_no_semantic,electrical_missing,792,10.750096400035545,52235
0.9987373737373737,0.9987373556209197,0.9987373556209197,0,305,dprf_no_semantic,vibration_gain_075,792,10.750096400035545,52235
0.9987373737373737,0.9987373556209197,0.9987373556209197,0,305,dprf_no_semantic,vibration_gain_050,792,10.750096400035545,52235
0.9987373737373737,0.9987373556209197,0.9987373556209197,0,305,dprf_no_semantic,vibration_gain_025,792,10.750096400035545,52235
0.9987373737373737,0.9987373556209197,0.9987373556209197,0,305,dprf_no_semantic,electrical_gain_075,792,10.750096400035545,52235
0.9987373737373737,0.9987373556209197,0.9987373556209197,0,305,dprf_no_semantic,electrical_gain_050,792,10.750096400035545,52235
0.9987373737373737,0.9987373556209197,0.9987373556209197,0,305,dprf_no_semantic,electrical_gain_025,792,10.750096400035545,52235
0.9987373737373737,0.9987373556209197,0.9987373556209197,0,305,dprf_no_semantic,vibration_drift_025rms,792,10.750096400035545,52235
0.9987373737373737,0.9987373556209197,0.9987373556209197,0,305,dprf_no_semantic,vibration_drift_050rms,792,10.750096400035545,52235
0.9987373737373737,0.9987373556209197,0.9987373556209197,0,305,dprf_no_semantic,vibration_drift_100rms,792,10.750096400035545,52235
0.9987373737373737,0.9987373556209197,0.9987373556209197,0,305,dprf_no_semantic,electrical_drift_025rms,792,10.750096400035545,52235
0.9987373737373737,0.9987373556209197,0.9987373556209197,0,305,dprf_no_semantic,electrical_drift_050rms,792,10.750096400035545,52235
0.9595959595959596,0.9592666048467108,0.9592666048467107,0,305,dprf_no_semantic,electrical_drift_100rms,792,10.750096400035545,52235
0.9987373737373737,0.9987373556209197,0.9987373556209197,0,305,dprf_full,clean_reextract,792,12.107491899980232,52235
0.8674242424242424,0.8604669357178487,0.8604669357178487,0,305,dprf_full,vibration_missing,792,12.107491899980232,52235
0.88510101010101,0.8792211908164193,0.879221190816419,0,305,dprf_full,electrical_missing,792,12.107491899980232,52235
0.9987373737373737,0.9987373556209197,0.9987373556209197,0,305,dprf_full,vibration_gain_075,792,12.107491899980232,52235
0.9987373737373737,0.9987373556209197,0.9987373556209197,0,305,dprf_full,vibration_gain_050,792,12.107491899980232,52235
0.9974747474747475,0.9974747112418395,0.9974747112418395,0,305,dprf_full,vibration_gain_025,792,12.107491899980232,52235
0.9987373737373737,0.9987373556209197,0.9987373556209197,0,305,dprf_full,electrical_gain_075,792,12.107491899980232,52235
0.9974747474747475,0.9974747112418395,0.9974747112418396,0,305,dprf_full,electrical_gain_050,792,12.107491899980232,52235
0.98989898989899,0.9898927535562221,0.989892753556222,0,305,dprf_full,electrical_gain_025,792,12.107491899980232,52235
0.9987373737373737,0.9987373556209197,0.9987373556209197,0,305,dprf_full,vibration_drift_025rms,792,12.107491899980232,52235
0.9987373737373737,0.9987373556209197,0.9987373556209197,0,305,dprf_full,vibration_drift_050rms,792,12.107491899980232,52235
0.9987373737373737,0.9987373556209197,0.9987373556209197,0,305,dprf_full,vibration_drift_100rms,792,12.107491899980232,52235
0.9987373737373737,0.9987373556209197,0.9987373556209197,0,305,dprf_full,electrical_drift_025rms,792,12.107491899980232,52235
0.9962121212121212,0.996216795665899,0.9962167956658993,0,305,dprf_full,electrical_drift_050rms,792,12.107491899980232,52235
0.9381313131313131,0.9375715758250808,0.9375715758250807,0,305,dprf_full,electrical_drift_100rms,792,12.107491899980232,52235
1.0,1.0,1.0,111,301,mean_da,clean_reextract,792,6.580240099981893,10822
0.9633838383838383,0.9634451190171379,0.9634451190171379,111,301,mean_da,vibration_missing,792,6.580240099981893,10822
0.9696969696969697,0.9695852534562213,0.9695852534562213,111,301,mean_da,electrical_missing,792,6.580240099981893,10822
1.0,1.0,1.0,111,301,mean_da,vibration_gain_075,792,6.580240099981893,10822
1.0,1.0,1.0,111,301,mean_da,vibration_gain_050,792,6.580240099981893,10822
0.9974747474747475,0.9974746025368765,0.9974746025368766,111,301,mean_da,vibration_gain_025,792,6.580240099981893,10822
1.0,1.0,1.0,111,301,mean_da,electrical_gain_075,792,6.580240099981893,10822
1.0,1.0,1.0,111,301,mean_da,electrical_gain_050,792,6.580240099981893,10822
1.0,1.0,1.0,111,301,mean_da,electrical_gain_025,792,6.580240099981893,10822
1.0,1.0,1.0,111,301,mean_da,vibration_drift_025rms,792,6.580240099981893,10822
1.0,1.0,1.0,111,301,mean_da,vibration_drift_050rms,792,6.580240099981893,10822
1.0,1.0,1.0,111,301,mean_da,vibration_drift_100rms,792,6.580240099981893,10822
1.0,1.0,1.0,111,301,mean_da,electrical_drift_025rms,792,6.580240099981893,10822
1.0,1.0,1.0,111,301,mean_da,electrical_drift_050rms,792,6.580240099981893,10822
0.6325757575757576,0.5276825219859576,0.5276825219859576,111,301,mean_da,electrical_drift_100rms,792,6.580240099981893,10822
1.0,1.0,1.0,111,301,gate_da,clean_reextract,792,8.762778799980879,27400
0.9671717171717171,0.9673368902162235,0.9673368902162236,111,301,gate_da,vibration_missing,792,8.762778799980879,27400
0.9810606060606061,0.9809992658807273,0.9809992658807272,111,301,gate_da,electrical_missing,792,8.762778799980879,27400
1.0,1.0,1.0,111,301,gate_da,vibration_gain_075,792,8.762778799980879,27400
1.0,1.0,1.0,111,301,gate_da,vibration_gain_050,792,8.762778799980879,27400
1.0,1.0,1.0,111,301,gate_da,vibration_gain_025,792,8.762778799980879,27400
0.9823232323232324,0.9822733812949641,0.9822733812949639,111,301,gate_da,electrical_gain_075,792,8.762778799980879,27400
0.9823232323232324,0.9822733812949641,0.9822733812949639,111,301,gate_da,electrical_gain_050,792,8.762778799980879,27400
0.9823232323232324,0.9822733812949641,0.9822733812949639,111,301,gate_da,electrical_gain_025,792,8.762778799980879,27400
1.0,1.0,1.0,111,301,gate_da,vibration_drift_025rms,792,8.762778799980879,27400
1.0,1.0,1.0,111,301,gate_da,vibration_drift_050rms,792,8.762778799980879,27400
1.0,1.0,1.0,111,301,gate_da,vibration_drift_100rms,792,8.762778799980879,27400
1.0,1.0,1.0,111,301,gate_da,electrical_drift_025rms,792,8.762778799980879,27400
0.9772727272727273,0.9771665801764401,0.9771665801764401,111,301,gate_da,electrical_drift_050rms,792,8.762778799980879,27400
0.9179292929292929,0.918689871036206,0.9186898710362061,111,301,gate_da,electrical_drift_100rms,792,8.762778799980879,27400
1.0,1.0,1.0,111,301,rcarf_hard,clean_reextract,792,10.935819100006483,35657
0.9722222222222222,0.9723436752459413,0.9723436752459412,111,301,rcarf_hard,vibration_missing,792,10.935819100006483,35657
0.9722222222222222,0.9720279720279721,0.972027972027972,111,301,rcarf_hard,electrical_missing,792,10.935819100006483,35657
1.0,1.0,1.0,111,301,rcarf_hard,vibration_gain_075,792,10.935819100006483,35657
0.9949494949494949,0.9949343074422573,0.9949343074422574,111,301,rcarf_hard,vibration_gain_050,792,10.935819100006483,35657
0.9873737373737373,0.987368662550891,0.987368662550891,111,301,rcarf_hard,vibration_gain_025,792,10.935819100006483,35657
0.9722222222222222,0.9720279720279721,0.972027972027972,111,301,rcarf_hard,electrical_gain_075,792,10.935819100006483,35657
0.9722222222222222,0.9720279720279721,0.972027972027972,111,301,rcarf_hard,electrical_gain_050,792,10.935819100006483,35657
0.9722222222222222,0.9720279720279721,0.972027972027972,111,301,rcarf_hard,electrical_gain_025,792,10.935819100006483,35657
1.0,1.0,1.0,111,301,rcarf_hard,vibration_drift_025rms,792,10.935819100006483,35657
1.0,1.0,1.0,111,301,rcarf_hard,vibration_drift_050rms,792,10.935819100006483,35657
1.0,1.0,1.0,111,301,rcarf_hard,vibration_drift_100rms,792,10.935819100006483,35657
0.9987373737373737,0.9987373556209197,0.9987373556209197,111,301,rcarf_hard,electrical_drift_025rms,792,10.935819100006483,35657
0.9722222222222222,0.9720279720279721,0.972027972027972,111,301,rcarf_hard,electrical_drift_050rms,792,10.935819100006483,35657
0.9722222222222222,0.9720279720279721,0.972027972027972,111,301,rcarf_hard,electrical_drift_100rms,792,10.935819100006483,35657
1.0,1.0,1.0,111,301,dprf_no_rel_loss,clean_reextract,792,12.057405399973504,52235
0.9835858585858586,0.9835725461165036,0.9835725461165036,111,301,dprf_no_rel_loss,vibration_missing,792,12.057405399973504,52235
0.9747474747474747,0.9746017086123296,0.9746017086123298,111,301,dprf_no_rel_loss,electrical_missing,792,12.057405399973504,52235
1.0,1.0,1.0,111,301,dprf_no_rel_loss,vibration_gain_075,792,12.057405399973504,52235
1.0,1.0,1.0,111,301,dprf_no_rel_loss,vibration_gain_050,792,12.057405399973504,52235
0.9886363636363636,0.9886231415643181,0.9886231415643181,111,301,dprf_no_rel_loss,vibration_gain_025,792,12.057405399973504,52235
1.0,1.0,1.0,111,301,dprf_no_rel_loss,electrical_gain_075,792,12.057405399973504,52235
1.0,1.0,1.0,111,301,dprf_no_rel_loss,electrical_gain_050,792,12.057405399973504,52235
1.0,1.0,1.0,111,301,dprf_no_rel_loss,electrical_gain_025,792,12.057405399973504,52235
1.0,1.0,1.0,111,301,dprf_no_rel_loss,vibration_drift_025rms,792,12.057405399973504,52235
1.0,1.0,1.0,111,301,dprf_no_rel_loss,vibration_drift_050rms,792,12.057405399973504,52235
1.0,1.0,1.0,111,301,dprf_no_rel_loss,vibration_drift_100rms,792,12.057405399973504,52235
1.0,1.0,1.0,111,301,dprf_no_rel_loss,electrical_drift_025rms,792,12.057405399973504,52235
0.9987373737373737,0.9987373556209196,0.9987373556209198,111,301,dprf_no_rel_loss,electrical_drift_050rms,792,12.057405399973504,52235
0.9507575757575758,0.9505918415845094,0.9505918415845093,111,301,dprf_no_rel_loss,electrical_drift_100rms,792,12.057405399973504,52235
1.0,1.0,1.0,111,301,dprf_no_switch_loss,clean_reextract,792,12.038074500043876,52235
0.9835858585858586,0.9836267176868995,0.9836267176868994,111,301,dprf_no_switch_loss,vibration_missing,792,12.038074500043876,52235
0.9785353535353535,0.978445978071376,0.978445978071376,111,301,dprf_no_switch_loss,electrical_missing,792,12.038074500043876,52235
1.0,1.0,1.0,111,301,dprf_no_switch_loss,vibration_gain_075,792,12.038074500043876,52235
1.0,1.0,1.0,111,301,dprf_no_switch_loss,vibration_gain_050,792,12.038074500043876,52235
1.0,1.0,1.0,111,301,dprf_no_switch_loss,vibration_gain_025,792,12.038074500043876,52235
0.9987373737373737,0.9987373556209196,0.9987373556209198,111,301,dprf_no_switch_loss,electrical_gain_075,792,12.038074500043876,52235
1.0,1.0,1.0,111,301,dprf_no_switch_loss,electrical_gain_050,792,12.038074500043876,52235
1.0,1.0,1.0,111,301,dprf_no_switch_loss,electrical_gain_025,792,12.038074500043876,52235
1.0,1.0,1.0,111,301,dprf_no_switch_loss,vibration_drift_025rms,792,12.038074500043876,52235
1.0,1.0,1.0,111,301,dprf_no_switch_loss,vibration_drift_050rms,792,12.038074500043876,52235
1.0,1.0,1.0,111,301,dprf_no_switch_loss,vibration_drift_100rms,792,12.038074500043876,52235
1.0,1.0,1.0,111,301,dprf_no_switch_loss,electrical_drift_025rms,792,12.038074500043876,52235
0.9936868686868687,0.993684603350031,0.993684603350031,111,301,dprf_no_switch_loss,electrical_drift_050rms,792,12.038074500043876,52235
0.9305555555555556,0.9274000708158902,0.9274000708158903,111,301,dprf_no_switch_loss,electrical_drift_100rms,792,12.038074500043876,52235
1.0,1.0,1.0,111,301,dprf_no_semantic,clean_reextract,792,10.880368200014345,52235
0.9659090909090909,0.9657899013555785,0.9657899013555784,111,301,dprf_no_semantic,vibration_missing,792,10.880368200014345,52235
0.9671717171717171,0.9668501883512026,0.9668501883512026,111,301,dprf_no_semantic,electrical_missing,792,10.880368200014345,52235
1.0,1.0,1.0,111,301,dprf_no_semantic,vibration_gain_075,792,10.880368200014345,52235
1.0,1.0,1.0,111,301,dprf_no_semantic,vibration_gain_050,792,10.880368200014345,52235
0.9987373737373737,0.9987373556209196,0.9987373556209198,111,301,dprf_no_semantic,vibration_gain_025,792,10.880368200014345,52235
1.0,1.0,1.0,111,301,dprf_no_semantic,electrical_gain_075,792,10.880368200014345,52235
1.0,1.0,1.0,111,301,dprf_no_semantic,electrical_gain_050,792,10.880368200014345,52235
1.0,1.0,1.0,111,301,dprf_no_semantic,electrical_gain_025,792,10.880368200014345,52235
1.0,1.0,1.0,111,301,dprf_no_semantic,vibration_drift_025rms,792,10.880368200014345,52235
1.0,1.0,1.0,111,301,dprf_no_semantic,vibration_drift_050rms,792,10.880368200014345,52235
1.0,1.0,1.0,111,301,dprf_no_semantic,vibration_drift_100rms,792,10.880368200014345,52235
1.0,1.0,1.0,111,301,dprf_no_semantic,electrical_drift_025rms,792,10.880368200014345,52235
0.9987373737373737,0.9987373556209196,0.9987373556209198,111,301,dprf_no_semantic,electrical_drift_050rms,792,10.880368200014345,52235
0.8977272727272727,0.8897701627425953,0.8897701627425955,111,301,dprf_no_semantic,electrical_drift_100rms,792,10.880368200014345,52235
1.0,1.0,1.0,111,301,dprf_full,clean_reextract,792,12.152398300007917,52235
0.9785353535353535,0.9785785248719875,0.9785785248719875,111,301,dprf_full,vibration_missing,792,12.152398300007917,52235
0.9785353535353535,0.978445978071376,0.978445978071376,111,301,dprf_full,electrical_missing,792,12.152398300007917,52235
1.0,1.0,1.0,111,301,dprf_full,vibration_gain_075,792,12.152398300007917,52235
1.0,1.0,1.0,111,301,dprf_full,vibration_gain_050,792,12.152398300007917,52235
1.0,1.0,1.0,111,301,dprf_full,vibration_gain_025,792,12.152398300007917,52235
1.0,1.0,1.0,111,301,dprf_full,electrical_gain_075,792,12.152398300007917,52235
1.0,1.0,1.0,111,301,dprf_full,electrical_gain_050,792,12.152398300007917,52235
1.0,1.0,1.0,111,301,dprf_full,electrical_gain_025,792,12.152398300007917,52235
1.0,1.0,1.0,111,301,dprf_full,vibration_drift_025rms,792,12.152398300007917,52235
1.0,1.0,1.0,111,301,dprf_full,vibration_drift_050rms,792,12.152398300007917,52235
1.0,1.0,1.0,111,301,dprf_full,vibration_drift_100rms,792,12.152398300007917,52235
1.0,1.0,1.0,111,301,dprf_full,electrical_drift_025rms,792,12.152398300007917,52235
1.0,1.0,1.0,111,301,dprf_full,electrical_drift_050rms,792,12.152398300007917,52235
0.9734848484848485,0.9733160060645442,0.973316006064544,111,301,dprf_full,electrical_drift_100rms,792,12.152398300007917,52235
1.0,1.0,1.0,111,302,mean_da,clean_reextract,792,6.710585299995728,10822
0.9431818181818182,0.9429802573771445,0.9429802573771444,111,302,mean_da,vibration_missing,792,6.710585299995728,10822
0.9772727272727273,0.9772400712684637,0.9772400712684637,111,302,mean_da,electrical_missing,792,6.710585299995728,10822
1.0,1.0,1.0,111,302,mean_da,vibration_gain_075,792,6.710585299995728,10822
1.0,1.0,1.0,111,302,mean_da,vibration_gain_050,792,6.710585299995728,10822
0.9962121212121212,0.9962213626314566,0.9962213626314564,111,302,mean_da,vibration_gain_025,792,6.710585299995728,10822
1.0,1.0,1.0,111,302,mean_da,electrical_gain_075,792,6.710585299995728,10822
1.0,1.0,1.0,111,302,mean_da,electrical_gain_050,792,6.710585299995728,10822
0.9987373737373737,0.9987373556209196,0.9987373556209198,111,302,mean_da,electrical_gain_025,792,6.710585299995728,10822
1.0,1.0,1.0,111,302,mean_da,vibration_drift_025rms,792,6.710585299995728,10822
1.0,1.0,1.0,111,302,mean_da,vibration_drift_050rms,792,6.710585299995728,10822
1.0,1.0,1.0,111,302,mean_da,vibration_drift_100rms,792,6.710585299995728,10822
1.0,1.0,1.0,111,302,mean_da,electrical_drift_025rms,792,6.710585299995728,10822
1.0,1.0,1.0,111,302,mean_da,electrical_drift_050rms,792,6.710585299995728,10822
0.7878787878787878,0.744903916944658,0.744903916944658,111,302,mean_da,electrical_drift_100rms,792,6.710585299995728,10822
1.0,1.0,1.0,111,302,gate_da,clean_reextract,792,8.791402300004847,27400
0.9797979797979798,0.9799257234128035,0.9799257234128034,111,302,gate_da,vibration_missing,792,8.791402300004847,27400
0.9886363636363636,0.9886322860300556,0.9886322860300556,111,302,gate_da,electrical_missing,792,8.791402300004847,27400
1.0,1.0,1.0,111,302,gate_da,vibration_gain_075,792,8.791402300004847,27400
1.0,1.0,1.0,111,302,gate_da,vibration_gain_050,792,8.791402300004847,27400
1.0,1.0,1.0,111,302,gate_da,vibration_gain_025,792,8.791402300004847,27400
0.9886363636363636,0.9886322860300556,0.9886322860300556,111,302,gate_da,electrical_gain_075,792,8.791402300004847,27400
0.9886363636363636,0.9886322860300556,0.9886322860300556,111,302,gate_da,electrical_gain_050,792,8.791402300004847,27400
0.9886363636363636,0.9886322860300556,0.9886322860300556,111,302,gate_da,electrical_gain_025,792,8.791402300004847,27400
1.0,1.0,1.0,111,302,gate_da,vibration_drift_025rms,792,8.791402300004847,27400
1.0,1.0,1.0,111,302,gate_da,vibration_drift_050rms,792,8.791402300004847,27400
1.0,1.0,1.0,111,302,gate_da,vibration_drift_100rms,792,8.791402300004847,27400
1.0,1.0,1.0,111,302,gate_da,electrical_drift_025rms,792,8.791402300004847,27400
0.9974747474747475,0.9974746025368767,0.9974746025368766,111,302,gate_da,electrical_drift_050rms,792,8.791402300004847,27400
0.9065656565656566,0.9099383483685454,0.9099383483685454,111,302,gate_da,electrical_drift_100rms,792,8.791402300004847,27400
1.0,1.0,1.0,111,302,rcarf_hard,clean_reextract,792,11.080507199978456,35657
0.9785353535353535,0.9784557947980922,0.9784557947980923,111,302,rcarf_hard,vibration_missing,792,11.080507199978456,35657
0.9861111111111112,0.9860949508008332,0.9860949508008332,111,302,rcarf_hard,electrical_missing,792,11.080507199978456,35657
1.0,1.0,1.0,111,302,rcarf_hard,vibration_gain_075,792,11.080507199978456,35657
1.0,1.0,1.0,111,302,rcarf_hard,vibration_gain_050,792,11.080507199978456,35657
0.9949494949494949,0.994949094705969,0.994949094705969,111,302,rcarf_hard,vibration_gain_025,792,11.080507199978456,35657
0.9848484848484849,0.9848345588235294,0.9848345588235295,111,302,rcarf_hard,electrical_gain_075,792,11.080507199978456,35657
0.9861111111111112,0.9860949508008332,0.9860949508008332,111,302,rcarf_hard,electrical_gain_050,792,11.080507199978456,35657
0.9861111111111112,0.9860949508008332,0.9860949508008332,111,302,rcarf_hard,electrical_gain_025,792,11.080507199978456,35657
1.0,1.0,1.0,111,302,rcarf_hard,vibration_drift_025rms,792,11.080507199978456,35657
1.0,1.0,1.0,111,302,rcarf_hard,vibration_drift_050rms,792,11.080507199978456,35657
1.0,1.0,1.0,111,302,rcarf_hard,vibration_drift_100rms,792,11.080507199978456,35657
1.0,1.0,1.0,111,302,rcarf_hard,electrical_drift_025rms,792,11.080507199978456,35657
0.9974747474747475,0.9974747474747474,0.9974747474747475,111,302,rcarf_hard,electrical_drift_050rms,792,11.080507199978456,35657
0.9861111111111112,0.9860949508008332,0.9860949508008332,111,302,rcarf_hard,electrical_drift_100rms,792,11.080507199978456,35657
1.0,1.0,1.0,111,302,dprf_no_rel_loss,clean_reextract,792,12.036619700025767,52235
0.9608585858585859,0.9609820950115399,0.96098209501154,111,302,dprf_no_rel_loss,vibration_missing,792,12.036619700025767,52235
0.9848484848484849,0.9848267141789758,0.9848267141789759,111,302,dprf_no_rel_loss,electrical_missing,792,12.036619700025767,52235
1.0,1.0,1.0,111,302,dprf_no_rel_loss,vibration_gain_075,792,12.036619700025767,52235
1.0,1.0,1.0,111,302,dprf_no_rel_loss,vibration_gain_050,792,12.036619700025767,52235
0.9785353535353535,0.9784850133066735,0.9784850133066735,111,302,dprf_no_rel_loss,vibration_gain_025,792,12.036619700025767,52235
1.0,1.0,1.0,111,302,dprf_no_rel_loss,electrical_gain_075,792,12.036619700025767,52235
1.0,1.0,1.0,111,302,dprf_no_rel_loss,electrical_gain_050,792,12.036619700025767,52235
0.9987373737373737,0.9987373556209197,0.9987373556209197,111,302,dprf_no_rel_loss,electrical_gain_025,792,12.036619700025767,52235
1.0,1.0,1.0,111,302,dprf_no_rel_loss,vibration_drift_025rms,792,12.036619700025767,52235
1.0,1.0,1.0,111,302,dprf_no_rel_loss,vibration_drift_050rms,792,12.036619700025767,52235
1.0,1.0,1.0,111,302,dprf_no_rel_loss,vibration_drift_100rms,792,12.036619700025767,52235
1.0,1.0,1.0,111,302,dprf_no_rel_loss,electrical_drift_025rms,792,12.036619700025767,52235
1.0,1.0,1.0,111,302,dprf_no_rel_loss,electrical_drift_050rms,792,12.036619700025767,52235
0.8585858585858586,0.841438845320415,0.841438845320415,111,302,dprf_no_rel_loss,electrical_drift_100rms,792,12.036619700025767,52235
1.0,1.0,1.0,111,302,dprf_no_switch_loss,clean_reextract,792,12.052692299999762,52235
0.9823232323232324,0.982359853332452,0.9823598533324521,111,302,dprf_no_switch_loss,vibration_missing,792,12.052692299999762,52235
0.9911616161616161,0.9911553979353024,0.9911553979353023,111,302,dprf_no_switch_loss,electrical_missing,792,12.052692299999762,52235
1.0,1.0,1.0,111,302,dprf_no_switch_loss,vibration_gain_075,792,12.052692299999762,52235
1.0,1.0,1.0,111,302,dprf_no_switch_loss,vibration_gain_050,792,12.052692299999762,52235
1.0,1.0,1.0,111,302,dprf_no_switch_loss,vibration_gain_025,792,12.052692299999762,52235
0.9962121212121212,0.9962116320117095,0.9962116320117095,111,302,dprf_no_switch_loss,electrical_gain_075,792,12.052692299999762,52235
0.9911616161616161,0.9911553979353024,0.9911553979353023,111,302,dprf_no_switch_loss,electrical_gain_050,792,12.052692299999762,52235
0.98989898989899,0.9898897058823529,0.9898897058823529,111,302,dprf_no_switch_loss,electrical_gain_025,792,12.052692299999762,52235
1.0,1.0,1.0,111,302,dprf_no_switch_loss,vibration_drift_025rms,792,12.052692299999762,52235
1.0,1.0,1.0,111,302,dprf_no_switch_loss,vibration_drift_050rms,792,12.052692299999762,52235
1.0,1.0,1.0,111,302,dprf_no_switch_loss,vibration_drift_100rms,792,12.052692299999762,52235
1.0,1.0,1.0,111,302,dprf_no_switch_loss,electrical_drift_025rms,792,12.052692299999762,52235
0.9987373737373737,0.9987373556209196,0.9987373556209198,111,302,dprf_no_switch_loss,electrical_drift_050rms,792,12.052692299999762,52235
0.9987373737373737,0.9987373556209196,0.9987373556209198,111,302,dprf_no_switch_loss,electrical_drift_100rms,792,12.052692299999762,52235
1.0,1.0,1.0,111,302,dprf_no_semantic,clean_reextract,792,10.794350999989547,52235
0.9532828282828283,0.9533399081598612,0.9533399081598612,111,302,dprf_no_semantic,vibration_missing,792,10.794350999989547,52235
0.9886363636363636,0.9886283687739601,0.9886283687739602,111,302,dprf_no_semantic,electrical_missing,792,10.794350999989547,52235
1.0,1.0,1.0,111,302,dprf_no_semantic,vibration_gain_075,792,10.794350999989547,52235
1.0,1.0,1.0,111,302,dprf_no_semantic,vibration_gain_050,792,10.794350999989547,52235
0.9962121212121212,0.9962116320117095,0.9962116320117095,111,302,dprf_no_semantic,vibration_gain_025,792,10.794350999989547,52235
1.0,1.0,1.0,111,302,dprf_no_semantic,electrical_gain_075,792,10.794350999989547,52235
1.0,1.0,1.0,111,302,dprf_no_semantic,electrical_gain_050,792,10.794350999989547,52235
1.0,1.0,1.0,111,302,dprf_no_semantic,electrical_gain_025,792,10.794350999989547,52235
1.0,1.0,1.0,111,302,dprf_no_semantic,vibration_drift_025rms,792,10.794350999989547,52235
1.0,1.0,1.0,111,302,dprf_no_semantic,vibration_drift_050rms,792,10.794350999989547,52235
1.0,1.0,1.0,111,302,dprf_no_semantic,vibration_drift_100rms,792,10.794350999989547,52235
1.0,1.0,1.0,111,302,dprf_no_semantic,electrical_drift_025rms,792,10.794350999989547,52235
1.0,1.0,1.0,111,302,dprf_no_semantic,electrical_drift_050rms,792,10.794350999989547,52235
0.9305555555555556,0.9272103240678042,0.9272103240678041,111,302,dprf_no_semantic,electrical_drift_100rms,792,10.794350999989547,52235
1.0,1.0,1.0,111,302,dprf_full,clean_reextract,792,12.472410599992145,52235
0.9696969696969697,0.9698221132884512,0.969822113288451,111,302,dprf_full,vibration_missing,792,12.472410599992145,52235
0.9873737373737373,0.9873621323529411,0.9873621323529411,111,302,dprf_full,electrical_missing,792,12.472410599992145,52235
1.0,1.0,1.0,111,302,dprf_full,vibration_gain_075,792,12.472410599992145,52235
1.0,1.0,1.0,111,302,dprf_full,vibration_gain_050,792,12.472410599992145,52235
1.0,1.0,1.0,111,302,dprf_full,vibration_gain_025,792,12.472410599992145,52235
1.0,1.0,1.0,111,302,dprf_full,electrical_gain_075,792,12.472410599992145,52235
1.0,1.0,1.0,111,302,dprf_full,electrical_gain_050,792,12.472410599992145,52235
1.0,1.0,1.0,111,302,dprf_full,electrical_gain_025,792,12.472410599992145,52235
1.0,1.0,1.0,111,302,dprf_full,vibration_drift_025rms,792,12.472410599992145,52235
1.0,1.0,1.0,111,302,dprf_full,vibration_drift_050rms,792,12.472410599992145,52235
1.0,1.0,1.0,111,302,dprf_full,vibration_drift_100rms,792,12.472410599992145,52235
1.0,1.0,1.0,111,302,dprf_full,electrical_drift_025rms,792,12.472410599992145,52235
0.9974747474747475,0.9974746025368767,0.9974746025368766,111,302,dprf_full,electrical_drift_050rms,792,12.472410599992145,52235
0.9810606060606061,0.9810361615954922,0.9810361615954922,111,302,dprf_full,electrical_drift_100rms,792,12.472410599992145,52235
1.0,1.0,1.0,111,303,mean_da,clean_reextract,792,6.617360099975485,10822
0.9659090909090909,0.9660940783950239,0.966094078395024,111,303,mean_da,vibration_missing,792,6.617360099975485,10822
0.9835858585858586,0.9835667600373483,0.9835667600373483,111,303,mean_da,electrical_missing,792,6.617360099975485,10822
1.0,1.0,1.0,111,303,mean_da,vibration_gain_075,792,6.617360099975485,10822
1.0,1.0,1.0,111,303,mean_da,vibration_gain_050,792,6.617360099975485,10822
0.9772727272727273,0.9773321629541308,0.977332162954131,111,303,mean_da,vibration_gain_025,792,6.617360099975485,10822
1.0,1.0,1.0,111,303,mean_da,electrical_gain_075,792,6.617360099975485,10822
1.0,1.0,1.0,111,303,mean_da,electrical_gain_050,792,6.617360099975485,10822
1.0,1.0,1.0,111,303,mean_da,electrical_gain_025,792,6.617360099975485,10822
1.0,1.0,1.0,111,303,mean_da,vibration_drift_025rms,792,6.617360099975485,10822
1.0,1.0,1.0,111,303,mean_da,vibration_drift_050rms,792,6.617360099975485,10822
1.0,1.0,1.0,111,303,mean_da,vibration_drift_100rms,792,6.617360099975485,10822
1.0,1.0,1.0,111,303,mean_da,electrical_drift_025rms,792,6.617360099975485,10822
1.0,1.0,1.0,111,303,mean_da,electrical_drift_050rms,792,6.617360099975485,10822
0.6654040404040404,0.5659596074464072,0.5659596074464073,111,303,mean_da,electrical_drift_100rms,792,6.617360099975485,10822
1.0,1.0,1.0,111,303,gate_da,clean_reextract,792,8.567115399986506,27400
0.9810606060606061,0.9811554058550619,0.981155405855062,111,303,gate_da,vibration_missing,792,8.567115399986506,27400
0.9886363636363636,0.9886283687739601,0.9886283687739602,111,303,gate_da,electrical_missing,792,8.567115399986506,27400
1.0,1.0,1.0,111,303,gate_da,vibration_gain_075,792,8.567115399986506,27400
1.0,1.0,1.0,111,303,gate_da,vibration_gain_050,792,8.567115399986506,27400
0.9987373737373737,0.9987373556209197,0.9987373556209197,111,303,gate_da,vibration_gain_025,792,8.567115399986506,27400
0.9861111111111112,0.986086956521739,0.9860869565217392,111,303,gate_da,electrical_gain_075,792,8.567115399986506,27400
0.98989898989899,0.9898897058823529,0.9898897058823529,111,303,gate_da,electrical_gain_050,792,8.567115399986506,27400
0.98989898989899,0.9898897058823529,0.9898897058823529,111,303,gate_da,electrical_gain_025,792,8.567115399986506,27400
1.0,1.0,1.0,111,303,gate_da,vibration_drift_025rms,792,8.567115399986506,27400
1.0,1.0,1.0,111,303,gate_da,vibration_drift_050rms,792,8.567115399986506,27400
1.0,1.0,1.0,111,303,gate_da,vibration_drift_100rms,792,8.567115399986506,27400
1.0,1.0,1.0,111,303,gate_da,electrical_drift_025rms,792,8.567115399986506,27400
1.0,1.0,1.0,111,303,gate_da,electrical_drift_050rms,792,8.567115399986506,27400
0.9027777777777778,0.8974690276232137,0.8974690276232138,111,303,gate_da,electrical_drift_100rms,792,8.567115399986506,27400
1.0,1.0,1.0,111,303,rcarf_hard,clean_reextract,792,10.976404600020032,35657
0.9886363636363636,0.9886439098338382,0.9886439098338382,111,303,rcarf_hard,vibration_missing,792,10.976404600020032,35657
0.9848484848484849,0.9848171152518979,0.984817115251898,111,303,rcarf_hard,electrical_missing,792,10.976404600020032,35657
1.0,1.0,1.0,111,303,rcarf_hard,vibration_gain_075,792,10.976404600020032,35657
0.9974747474747475,0.9974747112418395,0.9974747112418395,111,303,rcarf_hard,vibration_gain_050,792,10.976404600020032,35657
0.9949494949494949,0.9949443119621089,0.9949443119621088,111,303,rcarf_hard,vibration_gain_025,792,10.976404600020032,35657
0.9848484848484849,0.9848171152518979,0.984817115251898,111,303,rcarf_hard,electrical_gain_075,792,10.976404600020032,35657
0.9848484848484849,0.9848171152518979,0.984817115251898,111,303,rcarf_hard,electrical_gain_050,792,10.976404600020032,35657
0.9848484848484849,0.9848171152518979,0.984817115251898,111,303,rcarf_hard,electrical_gain_025,792,10.976404600020032,35657
1.0,1.0,1.0,111,303,rcarf_hard,vibration_drift_025rms,792,10.976404600020032,35657
1.0,1.0,1.0,111,303,rcarf_hard,vibration_drift_050rms,792,10.976404600020032,35657
1.0,1.0,1.0,111,303,rcarf_hard,vibration_drift_100rms,792,10.976404600020032,35657
1.0,1.0,1.0,111,303,rcarf_hard,electrical_drift_025rms,792,10.976404600020032,35657
0.9848484848484849,0.9848171152518979,0.984817115251898,111,303,rcarf_hard,electrical_drift_050rms,792,10.976404600020032,35657
0.9848484848484849,0.9848171152518979,0.984817115251898,111,303,rcarf_hard,electrical_drift_100rms,792,10.976404600020032,35657
1.0,1.0,1.0,111,303,dprf_no_rel_loss,clean_reextract,792,11.9633125999826,52235
0.9545454545454546,0.9547974287104721,0.9547974287104721,111,303,dprf_no_rel_loss,vibration_missing,792,11.9633125999826,52235
0.9861111111111112,0.9860949508008332,0.9860949508008332,111,303,dprf_no_rel_loss,electrical_missing,792,11.9633125999826,52235
1.0,1.0,1.0,111,303,dprf_no_rel_loss,vibration_gain_075,792,11.9633125999826,52235
1.0,1.0,1.0,111,303,dprf_no_rel_loss,vibration_gain_050,792,11.9633125999826,52235
0.9734848484848485,0.9733782121881496,0.9733782121881495,111,303,dprf_no_rel_loss,vibration_gain_025,792,11.9633125999826,52235
1.0,1.0,1.0,111,303,dprf_no_rel_loss,electrical_gain_075,792,11.9633125999826,52235
1.0,1.0,1.0,111,303,dprf_no_rel_loss,electrical_gain_050,792,11.9633125999826,52235
1.0,1.0,1.0,111,303,dprf_no_rel_loss,electrical_gain_025,792,11.9633125999826,52235
1.0,1.0,1.0,111,303,dprf_no_rel_loss,vibration_drift_025rms,792,11.9633125999826,52235
1.0,1.0,1.0,111,303,dprf_no_rel_loss,vibration_drift_050rms,792,11.9633125999826,52235
1.0,1.0,1.0,111,303,dprf_no_rel_loss,vibration_drift_100rms,792,11.9633125999826,52235
1.0,1.0,1.0,111,303,dprf_no_rel_loss,electrical_drift_025rms,792,11.9633125999826,52235
1.0,1.0,1.0,111,303,dprf_no_rel_loss,electrical_drift_050rms,792,11.9633125999826,52235
0.952020202020202,0.9515246658103801,0.9515246658103801,111,303,dprf_no_rel_loss,electrical_drift_100rms,792,11.9633125999826,52235
1.0,1.0,1.0,111,303,dprf_no_switch_loss,clean_reextract,792,12.011152999999467,52235
0.9696969696969697,0.9696737457456561,0.9696737457456561,111,303,dprf_no_switch_loss,vibration_missing,792,12.011152999999467,52235
0.9873737373737373,0.9873730126843827,0.9873730126843827,111,303,dprf_no_switch_loss,electrical_missing,792,12.011152999999467,52235
1.0,1.0,1.0,111,303,dprf_no_switch_loss,vibration_gain_075,792,12.011152999999467,52235
1.0,1.0,1.0,111,303,dprf_no_switch_loss,vibration_gain_050,792,12.011152999999467,52235
1.0,1.0,1.0,111,303,dprf_no_switch_loss,vibration_gain_025,792,12.011152999999467,52235
1.0,1.0,1.0,111,303,dprf_no_switch_loss,electrical_gain_075,792,12.011152999999467,52235
1.0,1.0,1.0,111,303,dprf_no_switch_loss,electrical_gain_050,792,12.011152999999467,52235
1.0,1.0,1.0,111,303,dprf_no_switch_loss,electrical_gain_025,792,12.011152999999467,52235
1.0,1.0,1.0,111,303,dprf_no_switch_loss,vibration_drift_025rms,792,12.011152999999467,52235
1.0,1.0,1.0,111,303,dprf_no_switch_loss,vibration_drift_050rms,792,12.011152999999467,52235
1.0,1.0,1.0,111,303,dprf_no_switch_loss,vibration_drift_100rms,792,12.011152999999467,52235
1.0,1.0,1.0,111,303,dprf_no_switch_loss,electrical_drift_025rms,792,12.011152999999467,52235
1.0,1.0,1.0,111,303,dprf_no_switch_loss,electrical_drift_050rms,792,12.011152999999467,52235
0.9179292929292929,0.9177877679472782,0.9177877679472781,111,303,dprf_no_switch_loss,electrical_drift_100rms,792,12.011152999999467,52235
1.0,1.0,1.0,111,303,dprf_no_semantic,clean_reextract,792,10.827423400012776,52235
0.9532828282828283,0.9533925319011926,0.9533925319011924,111,303,dprf_no_semantic,vibration_missing,792,10.827423400012776,52235
0.9823232323232324,0.9823222177581359,0.9823222177581358,111,303,dprf_no_semantic,electrical_missing,792,10.827423400012776,52235
1.0,1.0,1.0,111,303,dprf_no_semantic,vibration_gain_075,792,10.827423400012776,52235
1.0,1.0,1.0,111,303,dprf_no_semantic,vibration_gain_050,792,10.827423400012776,52235
0.9974747474747475,0.9974746025368767,0.9974746025368766,111,303,dprf_no_semantic,vibration_gain_025,792,10.827423400012776,52235
1.0,1.0,1.0,111,303,dprf_no_semantic,electrical_gain_075,792,10.827423400012776,52235
1.0,1.0,1.0,111,303,dprf_no_semantic,electrical_gain_050,792,10.827423400012776,52235
1.0,1.0,1.0,111,303,dprf_no_semantic,electrical_gain_025,792,10.827423400012776,52235
1.0,1.0,1.0,111,303,dprf_no_semantic,vibration_drift_025rms,792,10.827423400012776,52235
1.0,1.0,1.0,111,303,dprf_no_semantic,vibration_drift_050rms,792,10.827423400012776,52235
1.0,1.0,1.0,111,303,dprf_no_semantic,vibration_drift_100rms,792,10.827423400012776,52235
1.0,1.0,1.0,111,303,dprf_no_semantic,electrical_drift_025rms,792,10.827423400012776,52235
1.0,1.0,1.0,111,303,dprf_no_semantic,electrical_drift_050rms,792,10.827423400012776,52235
0.9823232323232324,0.9822733812949641,0.9822733812949639,111,303,dprf_no_semantic,electrical_drift_100rms,792,10.827423400012776,52235
1.0,1.0,1.0,111,303,dprf_full,clean_reextract,792,12.105660800007172,52235
0.9558080808080808,0.9560357542537598,0.9560357542537596,111,303,dprf_full,vibration_missing,792,12.105660800007172,52235
0.9835858585858586,0.9835799687100802,0.9835799687100801,111,303,dprf_full,electrical_missing,792,12.105660800007172,52235
1.0,1.0,1.0,111,303,dprf_full,vibration_gain_075,792,12.105660800007172,52235
1.0,1.0,1.0,111,303,dprf_full,vibration_gain_050,792,12.105660800007172,52235
0.9962121212121212,0.9962119581577963,0.9962119581577964,111,303,dprf_full,vibration_gain_025,792,12.105660800007172,52235
1.0,1.0,1.0,111,303,dprf_full,electrical_gain_075,792,12.105660800007172,52235
1.0,1.0,1.0,111,303,dprf_full,electrical_gain_050,792,12.105660800007172,52235
0.9987373737373737,0.9987373556209196,0.9987373556209198,111,303,dprf_full,electrical_gain_025,792,12.105660800007172,52235
1.0,1.0,1.0,111,303,dprf_full,vibration_drift_025rms,792,12.105660800007172,52235
1.0,1.0,1.0,111,303,dprf_full,vibration_drift_050rms,792,12.105660800007172,52235
1.0,1.0,1.0,111,303,dprf_full,vibration_drift_100rms,792,12.105660800007172,52235
1.0,1.0,1.0,111,303,dprf_full,electrical_drift_025rms,792,12.105660800007172,52235
1.0,1.0,1.0,111,303,dprf_full,electrical_drift_050rms,792,12.105660800007172,52235
0.9065656565656566,0.9083211047213858,0.908321104721386,111,303,dprf_full,electrical_drift_100rms,792,12.105660800007172,52235
1.0,1.0,1.0,111,304,mean_da,clean_reextract,792,6.56594000000041,10822
0.9646464646464646,0.9647184814207209,0.9647184814207208,111,304,mean_da,vibration_missing,792,6.56594000000041,10822
0.9797979797979798,0.9797689522386345,0.9797689522386345,111,304,mean_da,electrical_missing,792,6.56594000000041,10822
1.0,1.0,1.0,111,304,mean_da,vibration_gain_075,792,6.56594000000041,10822
1.0,1.0,1.0,111,304,mean_da,vibration_gain_050,792,6.56594000000041,10822
0.9936868686868687,0.9937141331242302,0.9937141331242303,111,304,mean_da,vibration_gain_025,792,6.56594000000041,10822
1.0,1.0,1.0,111,304,mean_da,electrical_gain_075,792,6.56594000000041,10822
1.0,1.0,1.0,111,304,mean_da,electrical_gain_050,792,6.56594000000041,10822
1.0,1.0,1.0,111,304,mean_da,electrical_gain_025,792,6.56594000000041,10822
1.0,1.0,1.0,111,304,mean_da,vibration_drift_025rms,792,6.56594000000041,10822
1.0,1.0,1.0,111,304,mean_da,vibration_drift_050rms,792,6.56594000000041,10822
1.0,1.0,1.0,111,304,mean_da,vibration_drift_100rms,792,6.56594000000041,10822
1.0,1.0,1.0,111,304,mean_da,electrical_drift_025rms,792,6.56594000000041,10822
1.0,1.0,1.0,111,304,mean_da,electrical_drift_050rms,792,6.56594000000041,10822
0.7171717171717171,0.6498852858723793,0.6498852858723793,111,304,mean_da,electrical_drift_100rms,792,6.56594000000041,10822
1.0,1.0,1.0,111,304,gate_da,clean_reextract,792,8.64092839998193,27400
0.9646464646464646,0.9647387406871394,0.9647387406871394,111,304,gate_da,vibration_missing,792,8.64092839998193,27400
0.9671717171717171,0.9668501883512026,0.9668501883512026,111,304,gate_da,electrical_missing,792,8.64092839998193,27400
1.0,1.0,1.0,111,304,gate_da,vibration_gain_075,792,8.64092839998193,27400
1.0,1.0,1.0,111,304,gate_da,vibration_gain_050,792,8.64092839998193,27400
0.9987373737373737,0.9987373556209197,0.9987373556209197,111,304,gate_da,vibration_gain_025,792,8.64092839998193,27400
0.9696969696969697,0.9694850603941512,0.9694850603941513,111,304,gate_da,electrical_gain_075,792,8.64092839998193,27400
0.9696969696969697,0.9694850603941512,0.9694850603941513,111,304,gate_da,electrical_gain_050,792,8.64092839998193,27400
0.9696969696969697,0.9694850603941512,0.9694850603941513,111,304,gate_da,electrical_gain_025,792,8.64092839998193,27400
1.0,1.0,1.0,111,304,gate_da,vibration_drift_025rms,792,8.64092839998193,27400
1.0,1.0,1.0,111,304,gate_da,vibration_drift_050rms,792,8.64092839998193,27400
1.0,1.0,1.0,111,304,gate_da,vibration_drift_100rms,792,8.64092839998193,27400
1.0,1.0,1.0,111,304,gate_da,electrical_drift_025rms,792,8.64092839998193,27400
0.9722222222222222,0.9720279720279721,0.972027972027972,111,304,gate_da,electrical_drift_050rms,792,8.64092839998193,27400
0.9330808080808081,0.9325923684960693,0.9325923684960692,111,304,gate_da,electrical_drift_100rms,792,8.64092839998193,27400
1.0,1.0,1.0,111,304,rcarf_hard,clean_reextract,792,11.297072100045625,35657
0.9823232323232324,0.9823468924059381,0.9823468924059381,111,304,rcarf_hard,vibration_missing,792,11.297072100045625,35657
0.9886363636363636,0.9886362005882775,0.9886362005882774,111,304,rcarf_hard,electrical_missing,792,11.297072100045625,35657
1.0,1.0,1.0,111,304,rcarf_hard,vibration_gain_075,792,11.297072100045625,35657
1.0,1.0,1.0,111,304,rcarf_hard,vibration_gain_050,792,11.297072100045625,35657
0.9936868686868687,0.9936866154589156,0.9936866154589156,111,304,rcarf_hard,vibration_gain_025,792,11.297072100045625,35657
0.9886363636363636,0.9886362005882775,0.9886362005882774,111,304,rcarf_hard,electrical_gain_075,792,11.297072100045625,35657
0.9886363636363636,0.9886362005882775,0.9886362005882774,111,304,rcarf_hard,electrical_gain_050,792,11.297072100045625,35657
0.9886363636363636,0.9886362005882775,0.9886362005882774,111,304,rcarf_hard,electrical_gain_025,792,11.297072100045625,35657
1.0,1.0,1.0,111,304,rcarf_hard,vibration_drift_025rms,792,11.297072100045625,35657
1.0,1.0,1.0,111,304,rcarf_hard,vibration_drift_050rms,792,11.297072100045625,35657
1.0,1.0,1.0,111,304,rcarf_hard,vibration_drift_100rms,792,11.297072100045625,35657
1.0,1.0,1.0,111,304,rcarf_hard,electrical_drift_025rms,792,11.297072100045625,35657
0.9924242424242424,0.992422502870264,0.992422502870264,111,304,rcarf_hard,electrical_drift_050rms,792,11.297072100045625,35657
0.9886363636363636,0.9886362005882775,0.9886362005882774,111,304,rcarf_hard,electrical_drift_100rms,792,11.297072100045625,35657
1.0,1.0,1.0,111,304,dprf_no_rel_loss,clean_reextract,792,11.926964999991469,52235
0.9608585858585859,0.9606361614742255,0.9606361614742254,111,304,dprf_no_rel_loss,vibration_missing,792,11.926964999991469,52235
0.9848484848484849,0.9848406546080964,0.9848406546080964,111,304,dprf_no_rel_loss,electrical_missing,792,11.926964999991469,52235
1.0,1.0,1.0,111,304,dprf_no_rel_loss,vibration_gain_075,792,11.926964999991469,52235
1.0,1.0,1.0,111,304,dprf_no_rel_loss,vibration_gain_050,792,11.926964999991469,52235
0.9545454545454546,0.953754808265105,0.9537548082651048,111,304,dprf_no_rel_loss,vibration_gain_025,792,11.926964999991469,52235
1.0,1.0,1.0,111,304,dprf_no_rel_loss,electrical_gain_075,792,11.926964999991469,52235
1.0,1.0,1.0,111,304,dprf_no_rel_loss,electrical_gain_050,792,11.926964999991469,52235
0.9722222222222222,0.9717374313107431,0.9717374313107429,111,304,dprf_no_rel_loss,electrical_gain_025,792,11.926964999991469,52235
1.0,1.0,1.0,111,304,dprf_no_rel_loss,vibration_drift_025rms,792,11.926964999991469,52235
1.0,1.0,1.0,111,304,dprf_no_rel_loss,vibration_drift_050rms,792,11.926964999991469,52235
1.0,1.0,1.0,111,304,dprf_no_rel_loss,vibration_drift_100rms,792,11.926964999991469,52235
1.0,1.0,1.0,111,304,dprf_no_rel_loss,electrical_drift_025rms,792,11.926964999991469,52235
0.9987373737373737,0.9987373556209196,0.9987373556209198,111,304,dprf_no_rel_loss,electrical_drift_050rms,792,11.926964999991469,52235
0.9330808080808081,0.9333328517880739,0.9333328517880738,111,304,dprf_no_rel_loss,electrical_drift_100rms,792,11.926964999991469,52235
1.0,1.0,1.0,111,304,dprf_no_switch_loss,clean_reextract,792,12.073567699990235,52235
0.9722222222222222,0.9722433936507958,0.9722433936507958,111,304,dprf_no_switch_loss,vibration_missing,792,12.073567699990235,52235
0.9848484848484849,0.9848345588235294,0.9848345588235295,111,304,dprf_no_switch_loss,electrical_missing,792,12.073567699990235,52235
1.0,1.0,1.0,111,304,dprf_no_switch_loss,vibration_gain_075,792,12.073567699990235,52235
1.0,1.0,1.0,111,304,dprf_no_switch_loss,vibration_gain_050,792,12.073567699990235,52235
1.0,1.0,1.0,111,304,dprf_no_switch_loss,vibration_gain_025,792,12.073567699990235,52235
0.9873737373737373,0.9873555951491465,0.9873555951491466,111,304,dprf_no_switch_loss,electrical_gain_075,792,12.073567699990235,52235
0.9873737373737373,0.9873555951491465,0.9873555951491466,111,304,dprf_no_switch_loss,electrical_gain_050,792,12.073567699990235,52235
0.9873737373737373,0.9873555951491465,0.9873555951491466,111,304,dprf_no_switch_loss,electrical_gain_025,792,12.073567699990235,52235
1.0,1.0,1.0,111,304,dprf_no_switch_loss,vibration_drift_025rms,792,12.073567699990235,52235
1.0,1.0,1.0,111,304,dprf_no_switch_loss,vibration_drift_050rms,792,12.073567699990235,52235
1.0,1.0,1.0,111,304,dprf_no_switch_loss,vibration_drift_100rms,792,12.073567699990235,52235
1.0,1.0,1.0,111,304,dprf_no_switch_loss,electrical_drift_025rms,792,12.073567699990235,52235
0.9873737373737373,0.9873555951491465,0.9873555951491466,111,304,dprf_no_switch_loss,electrical_drift_050rms,792,12.073567699990235,52235
0.9027777777777778,0.8979083164750784,0.8979083164750785,111,304,dprf_no_switch_loss,electrical_drift_100rms,792,12.073567699990235,52235
1.0,1.0,1.0,111,304,dprf_no_semantic,clean_reextract,792,10.926586400019005,52235
0.976010101010101,0.9760156689860381,0.9760156689860381,111,304,dprf_no_semantic,vibration_missing,792,10.926586400019005,52235
0.9835858585858586,0.9835743104512757,0.9835743104512759,111,304,dprf_no_semantic,electrical_missing,792,10.926586400019005,52235
1.0,1.0,1.0,111,304,dprf_no_semantic,vibration_gain_075,792,10.926586400019005,52235
1.0,1.0,1.0,111,304,dprf_no_semantic,vibration_gain_050,792,10.926586400019005,52235
1.0,1.0,1.0,111,304,dprf_no_semantic,vibration_gain_025,792,10.926586400019005,52235
1.0,1.0,1.0,111,304,dprf_no_semantic,electrical_gain_075,792,10.926586400019005,52235
1.0,1.0,1.0,111,304,dprf_no_semantic,electrical_gain_050,792,10.926586400019005,52235
0.9974747474747475,0.9974747112418395,0.9974747112418395,111,304,dprf_no_semantic,electrical_gain_025,792,10.926586400019005,52235
1.0,1.0,1.0,111,304,dprf_no_semantic,vibration_drift_025rms,792,10.926586400019005,52235
1.0,1.0,1.0,111,304,dprf_no_semantic,vibration_drift_050rms,792,10.926586400019005,52235
1.0,1.0,1.0,111,304,dprf_no_semantic,vibration_drift_100rms,792,10.926586400019005,52235
1.0,1.0,1.0,111,304,dprf_no_semantic,electrical_drift_025rms,792,10.926586400019005,52235
1.0,1.0,1.0,111,304,dprf_no_semantic,electrical_drift_050rms,792,10.926586400019005,52235
0.8232323232323232,0.802969489812245,0.8029694898122453,111,304,dprf_no_semantic,electrical_drift_100rms,792,10.926586400019005,52235
1.0,1.0,1.0,111,304,dprf_full,clean_reextract,792,12.213954599981662,52235
0.9734848484848485,0.973534974570751,0.9735349745707509,111,304,dprf_full,vibration_missing,792,12.213954599981662,52235
0.9848484848484849,0.9848267141789758,0.9848267141789759,111,304,dprf_full,electrical_missing,792,12.213954599981662,52235
1.0,1.0,1.0,111,304,dprf_full,vibration_gain_075,792,12.213954599981662,52235
1.0,1.0,1.0,111,304,dprf_full,vibration_gain_050,792,12.213954599981662,52235
1.0,1.0,1.0,111,304,dprf_full,vibration_gain_025,792,12.213954599981662,52235
1.0,1.0,1.0,111,304,dprf_full,electrical_gain_075,792,12.213954599981662,52235
1.0,1.0,1.0,111,304,dprf_full,electrical_gain_050,792,12.213954599981662,52235
1.0,1.0,1.0,111,304,dprf_full,electrical_gain_025,792,12.213954599981662,52235
1.0,1.0,1.0,111,304,dprf_full,vibration_drift_025rms,792,12.213954599981662,52235
1.0,1.0,1.0,111,304,dprf_full,vibration_drift_050rms,792,12.213954599981662,52235
1.0,1.0,1.0,111,304,dprf_full,vibration_drift_100rms,792,12.213954599981662,52235
1.0,1.0,1.0,111,304,dprf_full,electrical_drift_025rms,792,12.213954599981662,52235
0.9974747474747475,0.9974746025368767,0.9974746025368766,111,304,dprf_full,electrical_drift_050rms,792,12.213954599981662,52235
0.9128787878787878,0.9106079296619956,0.9106079296619954,111,304,dprf_full,electrical_drift_100rms,792,12.213954599981662,52235
1.0,1.0,1.0,111,305,mean_da,clean_reextract,792,6.570929599984083,10822
0.9722222222222222,0.9722878921081982,0.9722878921081982,111,305,mean_da,vibration_missing,792,6.570929599984083,10822
0.9924242424242424,0.9924242424242425,0.9924242424242424,111,305,mean_da,electrical_missing,792,6.570929599984083,10822
1.0,1.0,1.0,111,305,mean_da,vibration_gain_075,792,6.570929599984083,10822
1.0,1.0,1.0,111,305,mean_da,vibration_gain_050,792,6.570929599984083,10822
0.98989898989899,0.9899059659814874,0.9899059659814875,111,305,mean_da,vibration_gain_025,792,6.570929599984083,10822
1.0,1.0,1.0,111,305,mean_da,electrical_gain_075,792,6.570929599984083,10822
1.0,1.0,1.0,111,305,mean_da,electrical_gain_050,792,6.570929599984083,10822
1.0,1.0,1.0,111,305,mean_da,electrical_gain_025,792,6.570929599984083,10822
1.0,1.0,1.0,111,305,mean_da,vibration_drift_025rms,792,6.570929599984083,10822
1.0,1.0,1.0,111,305,mean_da,vibration_drift_050rms,792,6.570929599984083,10822
1.0,1.0,1.0,111,305,mean_da,vibration_drift_100rms,792,6.570929599984083,10822
1.0,1.0,1.0,111,305,mean_da,electrical_drift_025rms,792,6.570929599984083,10822
1.0,1.0,1.0,111,305,mean_da,electrical_drift_050rms,792,6.570929599984083,10822
0.6275252525252525,0.556195852394481,0.556195852394481,111,305,mean_da,electrical_drift_100rms,792,6.570929599984083,10822
0.9962121212121212,0.9962120668627592,0.9962120668627592,111,305,gate_da,clean_reextract,792,8.73706899996614,27400
0.9785353535353535,0.9786479662615096,0.9786479662615095,111,305,gate_da,vibration_missing,792,8.73706899996614,27400
0.9924242424242424,0.992422502870264,0.992422502870264,111,305,gate_da,electrical_missing,792,8.73706899996614,27400
0.9924242424242424,0.992422502870264,0.992422502870264,111,305,gate_da,vibration_gain_075,792,8.73706899996614,27400
0.9835858585858586,0.9835573122529645,0.9835573122529645,111,305,gate_da,vibration_gain_050,792,8.73706899996614,27400
0.9368686868686869,0.9382976829699303,0.9382976829699302,111,305,gate_da,vibration_gain_025,792,8.73706899996614,27400
0.9924242424242424,0.992422502870264,0.992422502870264,111,305,gate_da,electrical_gain_075,792,8.73706899996614,27400
0.9924242424242424,0.992422502870264,0.992422502870264,111,305,gate_da,electrical_gain_050,792,8.73706899996614,27400
0.9924242424242424,0.992422502870264,0.992422502870264,111,305,gate_da,electrical_gain_025,792,8.73706899996614,27400
0.9974747474747475,0.9974747474747474,0.9974747474747475,111,305,gate_da,vibration_drift_025rms,792,8.73706899996614,27400
0.9974747474747475,0.9974747474747474,0.9974747474747475,111,305,gate_da,vibration_drift_050rms,792,8.73706899996614,27400
0.9949494949494949,0.9949483352468427,0.9949483352468428,111,305,gate_da,vibration_drift_100rms,792,8.73706899996614,27400
0.9962121212121212,0.9962120668627592,0.9962120668627592,111,305,gate_da,electrical_drift_025rms,792,8.73706899996614,27400
0.9924242424242424,0.992422502870264,0.992422502870264,111,305,gate_da,electrical_drift_050rms,792,8.73706899996614,27400
0.9684343434343434,0.9687412250711133,0.968741225071113,111,305,gate_da,electrical_drift_100rms,792,8.73706899996614,27400
1.0,1.0,1.0,111,305,rcarf_hard,clean_reextract,792,11.02624559996184,35657
0.9835858585858586,0.983617278502022,0.983617278502022,111,305,rcarf_hard,vibration_missing,792,11.02624559996184,35657
0.9823232323232324,0.9822733812949641,0.9822733812949639,111,305,rcarf_hard,electrical_missing,792,11.02624559996184,35657
1.0,1.0,1.0,111,305,rcarf_hard,vibration_gain_075,792,11.02624559996184,35657
1.0,1.0,1.0,111,305,rcarf_hard,vibration_gain_050,792,11.02624559996184,35657
0.9974747474747475,0.9974747293582934,0.9974747293582934,111,305,rcarf_hard,vibration_gain_025,792,11.02624559996184,35657
0.9823232323232324,0.9822733812949641,0.9822733812949639,111,305,rcarf_hard,electrical_gain_075,792,11.02624559996184,35657
0.9823232323232324,0.9822733812949641,0.9822733812949639,111,305,rcarf_hard,electrical_gain_050,792,11.02624559996184,35657
0.9823232323232324,0.9822733812949641,0.9822733812949639,111,305,rcarf_hard,electrical_gain_025,792,11.02624559996184,35657
1.0,1.0,1.0,111,305,rcarf_hard,vibration_drift_025rms,792,11.02624559996184,35657
1.0,1.0,1.0,111,305,rcarf_hard,vibration_drift_050rms,792,11.02624559996184,35657
1.0,1.0,1.0,111,305,rcarf_hard,vibration_drift_100rms,792,11.02624559996184,35657
1.0,1.0,1.0,111,305,rcarf_hard,electrical_drift_025rms,792,11.02624559996184,35657
0.9823232323232324,0.9822733812949641,0.9822733812949639,111,305,rcarf_hard,electrical_drift_050rms,792,11.02624559996184,35657
0.9823232323232324,0.9822733812949641,0.9822733812949639,111,305,rcarf_hard,electrical_drift_100rms,792,11.02624559996184,35657
1.0,1.0,1.0,111,305,dprf_no_rel_loss,clean_reextract,792,12.02620239998214,52235
0.9848484848484849,0.9849062243075664,0.9849062243075661,111,305,dprf_no_rel_loss,vibration_missing,792,12.02620239998214,52235
0.9848484848484849,0.9848171152518979,0.9848171152518977,111,305,dprf_no_rel_loss,electrical_missing,792,12.02620239998214,52235
1.0,1.0,1.0,111,305,dprf_no_rel_loss,vibration_gain_075,792,12.02620239998214,52235
1.0,1.0,1.0,111,305,dprf_no_rel_loss,vibration_gain_050,792,12.02620239998214,52235
0.9886363636363636,0.9886329385968736,0.9886329385968735,111,305,dprf_no_rel_loss,vibration_gain_025,792,12.02620239998214,52235
1.0,1.0,1.0,111,305,dprf_no_rel_loss,electrical_gain_075,792,12.02620239998214,52235
1.0,1.0,1.0,111,305,dprf_no_rel_loss,electrical_gain_050,792,12.02620239998214,52235
1.0,1.0,1.0,111,305,dprf_no_rel_loss,electrical_gain_025,792,12.02620239998214,52235
1.0,1.0,1.0,111,305,dprf_no_rel_loss,vibration_drift_025rms,792,12.02620239998214,52235
1.0,1.0,1.0,111,305,dprf_no_rel_loss,vibration_drift_050rms,792,12.02620239998214,52235
1.0,1.0,1.0,111,305,dprf_no_rel_loss,vibration_drift_100rms,792,12.02620239998214,52235
1.0,1.0,1.0,111,305,dprf_no_rel_loss,electrical_drift_025rms,792,12.02620239998214,52235
1.0,1.0,1.0,111,305,dprf_no_rel_loss,electrical_drift_050rms,792,12.02620239998214,52235
0.9873737373737373,0.9873555951491465,0.9873555951491465,111,305,dprf_no_rel_loss,electrical_drift_100rms,792,12.02620239998214,52235
1.0,1.0,1.0,111,305,dprf_no_switch_loss,clean_reextract,792,12.133146099979058,52235
0.9848484848484849,0.9848896451058834,0.9848896451058836,111,305,dprf_no_switch_loss,vibration_missing,792,12.133146099979058,52235
0.9949494949494949,0.9949483352468427,0.9949483352468428,111,305,dprf_no_switch_loss,electrical_missing,792,12.133146099979058,52235
1.0,1.0,1.0,111,305,dprf_no_switch_loss,vibration_gain_075,792,12.133146099979058,52235
1.0,1.0,1.0,111,305,dprf_no_switch_loss,vibration_gain_050,792,12.133146099979058,52235
1.0,1.0,1.0,111,305,dprf_no_switch_loss,vibration_gain_025,792,12.133146099979058,52235
0.9949494949494949,0.9949483352468427,0.9949483352468428,111,305,dprf_no_switch_loss,electrical_gain_075,792,12.133146099979058,52235
0.9949494949494949,0.9949483352468427,0.9949483352468428,111,305,dprf_no_switch_loss,electrical_gain_050,792,12.133146099979058,52235
0.9949494949494949,0.9949483352468427,0.9949483352468428,111,305,dprf_no_switch_loss,electrical_gain_025,792,12.133146099979058,52235
1.0,1.0,1.0,111,305,dprf_no_switch_loss,vibration_drift_025rms,792,12.133146099979058,52235
1.0,1.0,1.0,111,305,dprf_no_switch_loss,vibration_drift_050rms,792,12.133146099979058,52235
1.0,1.0,1.0,111,305,dprf_no_switch_loss,vibration_drift_100rms,792,12.133146099979058,52235
1.0,1.0,1.0,111,305,dprf_no_switch_loss,electrical_drift_025rms,792,12.133146099979058,52235
1.0,1.0,1.0,111,305,dprf_no_switch_loss,electrical_drift_050rms,792,12.133146099979058,52235
0.9835858585858586,0.983559962937921,0.9835599629379209,111,305,dprf_no_switch_loss,electrical_drift_100rms,792,12.133146099979058,52235
1.0,1.0,1.0,111,305,dprf_no_semantic,clean_reextract,792,10.948854500020389,52235
0.9722222222222222,0.9723525244310087,0.9723525244310088,111,305,dprf_no_semantic,vibration_missing,792,10.948854500020389,52235
0.9835858585858586,0.9835459605620839,0.9835459605620838,111,305,dprf_no_semantic,electrical_missing,792,10.948854500020389,52235
1.0,1.0,1.0,111,305,dprf_no_semantic,vibration_gain_075,792,10.948854500020389,52235
1.0,1.0,1.0,111,305,dprf_no_semantic,vibration_gain_050,792,10.948854500020389,52235
0.9987373737373737,0.9987373556209196,0.9987373556209198,111,305,dprf_no_semantic,vibration_gain_025,792,10.948854500020389,52235
1.0,1.0,1.0,111,305,dprf_no_semantic,electrical_gain_075,792,10.948854500020389,52235
1.0,1.0,1.0,111,305,dprf_no_semantic,electrical_gain_050,792,10.948854500020389,52235
1.0,1.0,1.0,111,305,dprf_no_semantic,electrical_gain_025,792,10.948854500020389,52235
1.0,1.0,1.0,111,305,dprf_no_semantic,vibration_drift_025rms,792,10.948854500020389,52235
1.0,1.0,1.0,111,305,dprf_no_semantic,vibration_drift_050rms,792,10.948854500020389,52235
1.0,1.0,1.0,111,305,dprf_no_semantic,vibration_drift_100rms,792,10.948854500020389,52235
1.0,1.0,1.0,111,305,dprf_no_semantic,electrical_drift_025rms,792,10.948854500020389,52235
1.0,1.0,1.0,111,305,dprf_no_semantic,electrical_drift_050rms,792,10.948854500020389,52235
0.9242424242424242,0.9213982626068683,0.9213982626068683,111,305,dprf_no_semantic,electrical_drift_100rms,792,10.948854500020389,52235
1.0,1.0,1.0,111,305,dprf_full,clean_reextract,792,12.162309599982109,52235
0.9722222222222222,0.9723362659985875,0.9723362659985876,111,305,dprf_full,vibration_missing,792,12.162309599982109,52235
0.9848484848484849,0.9848171152518979,0.9848171152518977,111,305,dprf_full,electrical_missing,792,12.162309599982109,52235
1.0,1.0,1.0,111,305,dprf_full,vibration_gain_075,792,12.162309599982109,52235
1.0,1.0,1.0,111,305,dprf_full,vibration_gain_050,792,12.162309599982109,52235
1.0,1.0,1.0,111,305,dprf_full,vibration_gain_025,792,12.162309599982109,52235
1.0,1.0,1.0,111,305,dprf_full,electrical_gain_075,792,12.162309599982109,52235
1.0,1.0,1.0,111,305,dprf_full,electrical_gain_050,792,12.162309599982109,52235
1.0,1.0,1.0,111,305,dprf_full,electrical_gain_025,792,12.162309599982109,52235
1.0,1.0,1.0,111,305,dprf_full,vibration_drift_025rms,792,12.162309599982109,52235
1.0,1.0,1.0,111,305,dprf_full,vibration_drift_050rms,792,12.162309599982109,52235
1.0,1.0,1.0,111,305,dprf_full,vibration_drift_100rms,792,12.162309599982109,52235
1.0,1.0,1.0,111,305,dprf_full,electrical_drift_025rms,792,12.162309599982109,52235
1.0,1.0,1.0,111,305,dprf_full,electrical_drift_050rms,792,12.162309599982109,52235
0.9835858585858586,0.9835723466380711,0.9835723466380712,111,305,dprf_full,electrical_drift_100rms,792,12.162309599982109,52235
1.0,1.0,1.0,222,301,mean_da,clean_reextract,792,6.600323999999091,10822
0.9772727272727273,0.9772419491814142,0.977241949181414,222,301,mean_da,vibration_missing,792,6.600323999999091,10822
0.9861111111111112,0.9860994879738607,0.9860994879738608,222,301,mean_da,electrical_missing,792,6.600323999999091,10822
1.0,1.0,1.0,222,301,mean_da,vibration_gain_075,792,6.600323999999091,10822
1.0,1.0,1.0,222,301,mean_da,vibration_gain_050,792,6.600323999999091,10822
0.9924242424242424,0.9924034648689667,0.9924034648689665,222,301,mean_da,vibration_gain_025,792,6.600323999999091,10822
1.0,1.0,1.0,222,301,mean_da,electrical_gain_075,792,6.600323999999091,10822
1.0,1.0,1.0,222,301,mean_da,electrical_gain_050,792,6.600323999999091,10822
1.0,1.0,1.0,222,301,mean_da,electrical_gain_025,792,6.600323999999091,10822
1.0,1.0,1.0,222,301,mean_da,vibration_drift_025rms,792,6.600323999999091,10822
1.0,1.0,1.0,222,301,mean_da,vibration_drift_050rms,792,6.600323999999091,10822
1.0,1.0,1.0,222,301,mean_da,vibration_drift_100rms,792,6.600323999999091,10822
1.0,1.0,1.0,222,301,mean_da,electrical_drift_025rms,792,6.600323999999091,10822
1.0,1.0,1.0,222,301,mean_da,electrical_drift_050rms,792,6.600323999999091,10822
0.6325757575757576,0.5251648737430727,0.5251648737430729,222,301,mean_da,electrical_drift_100rms,792,6.600323999999091,10822
1.0,1.0,1.0,222,301,gate_da,clean_reextract,792,8.667291399964597,27400
0.9823232323232324,0.9822971783388824,0.9822971783388824,222,301,gate_da,vibration_missing,792,8.667291399964597,27400
0.9962121212121212,0.9962120668627592,0.9962120668627592,222,301,gate_da,electrical_missing,792,8.667291399964597,27400
1.0,1.0,1.0,222,301,gate_da,vibration_gain_075,792,8.667291399964597,27400
0.9987373737373737,0.9987373556209196,0.9987373556209197,222,301,gate_da,vibration_gain_050,792,8.667291399964597,27400
0.9936868686868687,0.9936858762290409,0.9936858762290409,222,301,gate_da,vibration_gain_025,792,8.667291399964597,27400
1.0,1.0,1.0,222,301,gate_da,electrical_gain_075,792,8.667291399964597,27400
1.0,1.0,1.0,222,301,gate_da,electrical_gain_050,792,8.667291399964597,27400
1.0,1.0,1.0,222,301,gate_da,electrical_gain_025,792,8.667291399964597,27400
1.0,1.0,1.0,222,301,gate_da,vibration_drift_025rms,792,8.667291399964597,27400
1.0,1.0,1.0,222,301,gate_da,vibration_drift_050rms,792,8.667291399964597,27400
1.0,1.0,1.0,222,301,gate_da,vibration_drift_100rms,792,8.667291399964597,27400
1.0,1.0,1.0,222,301,gate_da,electrical_drift_025rms,792,8.667291399964597,27400
1.0,1.0,1.0,222,301,gate_da,electrical_drift_050rms,792,8.667291399964597,27400
0.9053030303030303,0.9045338315570758,0.9045338315570759,222,301,gate_da,electrical_drift_100rms,792,8.667291399964597,27400
1.0,1.0,1.0,222,301,rcarf_hard,clean_reextract,792,11.041966799995862,35657
0.9848484848484849,0.9848576315675834,0.9848576315675833,222,301,rcarf_hard,vibration_missing,792,11.041966799995862,35657
0.9861111111111112,0.9861103683053024,0.9861103683053025,222,301,rcarf_hard,electrical_missing,792,11.041966799995862,35657
1.0,1.0,1.0,222,301,rcarf_hard,vibration_gain_075,792,11.041966799995862,35657
1.0,1.0,1.0,222,301,rcarf_hard,vibration_gain_050,792,11.041966799995862,35657
0.9962121212121212,0.9962119581577963,0.9962119581577964,222,301,rcarf_hard,vibration_gain_025,792,11.041966799995862,35657
0.9861111111111112,0.9861103683053024,0.9861103683053025,222,301,rcarf_hard,electrical_gain_075,792,11.041966799995862,35657
0.9861111111111112,0.9861103683053024,0.9861103683053025,222,301,rcarf_hard,electrical_gain_050,792,11.041966799995862,35657
0.9861111111111112,0.9861103683053024,0.9861103683053025,222,301,rcarf_hard,electrical_gain_025,792,11.041966799995862,35657
1.0,1.0,1.0,222,301,rcarf_hard,vibration_drift_025rms,792,11.041966799995862,35657
1.0,1.0,1.0,222,301,rcarf_hard,vibration_drift_050rms,792,11.041966799995862,35657
1.0,1.0,1.0,222,301,rcarf_hard,vibration_drift_100rms,792,11.041966799995862,35657
1.0,1.0,1.0,222,301,rcarf_hard,electrical_drift_025rms,792,11.041966799995862,35657
0.9861111111111112,0.9861103683053024,0.9861103683053025,222,301,rcarf_hard,electrical_drift_050rms,792,11.041966799995862,35657
0.9861111111111112,0.9861103683053024,0.9861103683053025,222,301,rcarf_hard,electrical_drift_100rms,792,11.041966799995862,35657
1.0,1.0,1.0,222,301,dprf_no_rel_loss,clean_reextract,792,12.03749970003264,52235
0.9797979797979798,0.9797912984158494,0.9797912984158493,222,301,dprf_no_rel_loss,vibration_missing,792,12.03749970003264,52235
0.9936868686868687,0.9936860533528491,0.9936860533528491,222,301,dprf_no_rel_loss,electrical_missing,792,12.03749970003264,52235
0.9987373737373737,0.9987373556209196,0.9987373556209197,222,301,dprf_no_rel_loss,vibration_gain_075,792,12.03749970003264,52235
0.9987373737373737,0.9987373556209196,0.9987373556209197,222,301,dprf_no_rel_loss,vibration_gain_050,792,12.03749970003264,52235
0.9924242424242424,0.9924183943418576,0.9924183943418579,222,301,dprf_no_rel_loss,vibration_gain_025,792,12.03749970003264,52235
1.0,1.0,1.0,222,301,dprf_no_rel_loss,electrical_gain_075,792,12.03749970003264,52235
0.9987373737373737,0.9987373556209196,0.9987373556209198,222,301,dprf_no_rel_loss,electrical_gain_050,792,12.03749970003264,52235
0.9987373737373737,0.9987373556209196,0.9987373556209198,222,301,dprf_no_rel_loss,electrical_gain_025,792,12.03749970003264,52235
1.0,1.0,1.0,222,301,dprf_no_rel_loss,vibration_drift_025rms,792,12.03749970003264,52235
1.0,1.0,1.0,222,301,dprf_no_rel_loss,vibration_drift_050rms,792,12.03749970003264,52235
1.0,1.0,1.0,222,301,dprf_no_rel_loss,vibration_drift_100rms,792,12.03749970003264,52235
1.0,1.0,1.0,222,301,dprf_no_rel_loss,electrical_drift_025rms,792,12.03749970003264,52235
1.0,1.0,1.0,222,301,dprf_no_rel_loss,electrical_drift_050rms,792,12.03749970003264,52235
0.8522727272727273,0.8442486105480782,0.8442486105480782,222,301,dprf_no_rel_loss,electrical_drift_100rms,792,12.03749970003264,52235
1.0,1.0,1.0,222,301,dprf_no_switch_loss,clean_reextract,792,11.980287600017618,52235
0.9835858585858586,0.9835615590586158,0.9835615590586158,222,301,dprf_no_switch_loss,vibration_missing,792,11.980287600017618,52235
0.9924242424242424,0.992422502870264,0.992422502870264,222,301,dprf_no_switch_loss,electrical_missing,792,11.980287600017618,52235
1.0,1.0,1.0,222,301,dprf_no_switch_loss,vibration_gain_075,792,11.980287600017618,52235
1.0,1.0,1.0,222,301,dprf_no_switch_loss,vibration_gain_050,792,11.980287600017618,52235
0.9974747474747475,0.9974747293582933,0.9974747293582935,222,301,dprf_no_switch_loss,vibration_gain_025,792,11.980287600017618,52235
0.9962121212121212,0.9962116320117095,0.9962116320117095,222,301,dprf_no_switch_loss,electrical_gain_075,792,11.980287600017618,52235
0.9962121212121212,0.9962116320117095,0.9962116320117095,222,301,dprf_no_switch_loss,electrical_gain_050,792,11.980287600017618,52235
0.9962121212121212,0.9962116320117095,0.9962116320117095,222,301,dprf_no_switch_loss,electrical_gain_025,792,11.980287600017618,52235
1.0,1.0,1.0,222,301,dprf_no_switch_loss,vibration_drift_025rms,792,11.980287600017618,52235
1.0,1.0,1.0,222,301,dprf_no_switch_loss,vibration_drift_050rms,792,11.980287600017618,52235
1.0,1.0,1.0,222,301,dprf_no_switch_loss,vibration_drift_100rms,792,11.980287600017618,52235
1.0,1.0,1.0,222,301,dprf_no_switch_loss,electrical_drift_025rms,792,11.980287600017618,52235
0.9949494949494949,0.9949483352468427,0.9949483352468428,222,301,dprf_no_switch_loss,electrical_drift_050rms,792,11.980287600017618,52235
0.9570707070707071,0.9563466588853223,0.9563466588853224,222,301,dprf_no_switch_loss,electrical_drift_100rms,792,11.980287600017618,52235
1.0,1.0,1.0,222,301,dprf_no_semantic,clean_reextract,792,10.75033509999048,52235
0.9873737373737373,0.9874006280525652,0.9874006280525652,222,301,dprf_no_semantic,vibration_missing,792,10.75033509999048,52235
0.9974747474747475,0.9974747112418395,0.9974747112418394,222,301,dprf_no_semantic,electrical_missing,792,10.75033509999048,52235
0.9987373737373737,0.9987373556209196,0.9987373556209197,222,301,dprf_no_semantic,vibration_gain_075,792,10.75033509999048,52235
0.9987373737373737,0.9987373556209196,0.9987373556209197,222,301,dprf_no_semantic,vibration_gain_050,792,10.75033509999048,52235
0.9987373737373737,0.9987373556209196,0.9987373556209197,222,301,dprf_no_semantic,vibration_gain_025,792,10.75033509999048,52235
1.0,1.0,1.0,222,301,dprf_no_semantic,electrical_gain_075,792,10.75033509999048,52235
1.0,1.0,1.0,222,301,dprf_no_semantic,electrical_gain_050,792,10.75033509999048,52235
1.0,1.0,1.0,222,301,dprf_no_semantic,electrical_gain_025,792,10.75033509999048,52235
1.0,1.0,1.0,222,301,dprf_no_semantic,vibration_drift_025rms,792,10.75033509999048,52235
1.0,1.0,1.0,222,301,dprf_no_semantic,vibration_drift_050rms,792,10.75033509999048,52235
1.0,1.0,1.0,222,301,dprf_no_semantic,vibration_drift_100rms,792,10.75033509999048,52235
1.0,1.0,1.0,222,301,dprf_no_semantic,electrical_drift_025rms,792,10.75033509999048,52235
1.0,1.0,1.0,222,301,dprf_no_semantic,electrical_drift_050rms,792,10.75033509999048,52235
0.8712121212121212,0.8548790372301022,0.8548790372301022,222,301,dprf_no_semantic,electrical_drift_100rms,792,10.75033509999048,52235
1.0,1.0,1.0,222,301,dprf_full,clean_reextract,792,12.21805540000787,52235
0.9873737373737373,0.9873657243948797,0.9873657243948799,222,301,dprf_full,vibration_missing,792,12.21805540000787,52235
0.9936868686868687,0.9936862345485861,0.9936862345485861,222,301,dprf_full,electrical_missing,792,12.21805540000787,52235
1.0,1.0,1.0,222,301,dprf_full,vibration_gain_075,792,12.21805540000787,52235
0.9987373737373737,0.9987373556209196,0.9987373556209197,222,301,dprf_full,vibration_gain_050,792,12.21805540000787,52235
0.9987373737373737,0.9987373556209196,0.9987373556209197,222,301,dprf_full,vibration_gain_025,792,12.21805540000787,52235
1.0,1.0,1.0,222,301,dprf_full,electrical_gain_075,792,12.21805540000787,52235
1.0,1.0,1.0,222,301,dprf_full,electrical_gain_050,792,12.21805540000787,52235
0.9987373737373737,0.9987373556209197,0.9987373556209198,222,301,dprf_full,electrical_gain_025,792,12.21805540000787,52235
1.0,1.0,1.0,222,301,dprf_full,vibration_drift_025rms,792,12.21805540000787,52235
1.0,1.0,1.0,222,301,dprf_full,vibration_drift_050rms,792,12.21805540000787,52235
1.0,1.0,1.0,222,301,dprf_full,vibration_drift_100rms,792,12.21805540000787,52235
1.0,1.0,1.0,222,301,dprf_full,electrical_drift_025rms,792,12.21805540000787,52235
1.0,1.0,1.0,222,301,dprf_full,electrical_drift_050rms,792,12.21805540000787,52235
0.9924242424242424,0.9924203273040483,0.9924203273040482,222,301,dprf_full,electrical_drift_100rms,792,12.21805540000787,52235
1.0,1.0,1.0,222,302,mean_da,clean_reextract,792,6.5977041000151075,10822
0.9722222222222222,0.9721184986439257,0.9721184986439257,222,302,mean_da,vibration_missing,792,6.5977041000151075,10822
0.9949494949494949,0.9949494224836788,0.994949422483679,222,302,mean_da,electrical_missing,792,6.5977041000151075,10822
0.9987373737373737,0.9987373556209196,0.9987373556209197,222,302,mean_da,vibration_gain_075,792,6.5977041000151075,10822
0.9987373737373737,0.9987373556209196,0.9987373556209197,222,302,mean_da,vibration_gain_050,792,6.5977041000151075,10822
0.9924242424242424,0.992403639585711,0.9924036395857112,222,302,mean_da,vibration_gain_025,792,6.5977041000151075,10822
1.0,1.0,1.0,222,302,mean_da,electrical_gain_075,792,6.5977041000151075,10822
1.0,1.0,1.0,222,302,mean_da,electrical_gain_050,792,6.5977041000151075,10822
1.0,1.0,1.0,222,302,mean_da,electrical_gain_025,792,6.5977041000151075,10822
1.0,1.0,1.0,222,302,mean_da,vibration_drift_025rms,792,6.5977041000151075,10822
1.0,1.0,1.0,222,302,mean_da,vibration_drift_050rms,792,6.5977041000151075,10822
1.0,1.0,1.0,222,302,mean_da,vibration_drift_100rms,792,6.5977041000151075,10822
1.0,1.0,1.0,222,302,mean_da,electrical_drift_025rms,792,6.5977041000151075,10822
1.0,1.0,1.0,222,302,mean_da,electrical_drift_050rms,792,6.5977041000151075,10822
0.7904040404040404,0.7361601346732763,0.7361601346732762,222,302,mean_da,electrical_drift_100rms,792,6.5977041000151075,10822
1.0,1.0,1.0,222,302,gate_da,clean_reextract,792,8.644961300014984,27400
0.9873737373737373,0.9873730126843827,0.9873730126843827,222,302,gate_da,vibration_missing,792,8.644961300014984,27400
0.9974747474747475,0.9974747474747474,0.9974747474747475,222,302,gate_da,electrical_missing,792,8.644961300014984,27400
1.0,1.0,1.0,222,302,gate_da,vibration_gain_075,792,8.644961300014984,27400
1.0,1.0,1.0,222,302,gate_da,vibration_gain_050,792,8.644961300014984,27400
0.9987373737373737,0.9987373556209197,0.9987373556209197,222,302,gate_da,vibration_gain_025,792,8.644961300014984,27400
0.9974747474747475,0.9974747474747474,0.9974747474747475,222,302,gate_da,electrical_gain_075,792,8.644961300014984,27400
0.9974747474747475,0.9974747474747474,0.9974747474747475,222,302,gate_da,electrical_gain_050,792,8.644961300014984,27400
0.9974747474747475,0.9974747474747474,0.9974747474747475,222,302,gate_da,electrical_gain_025,792,8.644961300014984,27400
1.0,1.0,1.0,222,302,gate_da,vibration_drift_025rms,792,8.644961300014984,27400
1.0,1.0,1.0,222,302,gate_da,vibration_drift_050rms,792,8.644961300014984,27400
1.0,1.0,1.0,222,302,gate_da,vibration_drift_100rms,792,8.644961300014984,27400
1.0,1.0,1.0,222,302,gate_da,electrical_drift_025rms,792,8.644961300014984,27400
0.9987373737373737,0.9987373556209196,0.9987373556209198,222,302,gate_da,electrical_drift_050rms,792,8.644961300014984,27400
0.9103535353535354,0.9090007530081742,0.9090007530081742,222,302,gate_da,electrical_drift_100rms,792,8.644961300014984,27400
1.0,1.0,1.0,222,302,rcarf_hard,clean_reextract,792,11.017545100010466,35657
0.9861111111111112,0.9861060362882647,0.9861060362882647,222,302,rcarf_hard,vibration_missing,792,11.017545100010466,35657
0.9911616161616161,0.991161489346438,0.991161489346438,222,302,rcarf_hard,electrical_missing,792,11.017545100010466,35657
1.0,1.0,1.0,222,302,rcarf_hard,vibration_gain_075,792,11.017545100010466,35657
1.0,1.0,1.0,222,302,rcarf_hard,vibration_gain_050,792,11.017545100010466,35657
1.0,1.0,1.0,222,302,rcarf_hard,vibration_gain_025,792,11.017545100010466,35657
0.98989898989899,0.9898984101475062,0.9898984101475062,222,302,rcarf_hard,electrical_gain_075,792,11.017545100010466,35657
0.9911616161616161,0.991161489346438,0.991161489346438,222,302,rcarf_hard,electrical_gain_050,792,11.017545100010466,35657
0.9911616161616161,0.991161489346438,0.991161489346438,222,302,rcarf_hard,electrical_gain_025,792,11.017545100010466,35657
1.0,1.0,1.0,222,302,rcarf_hard,vibration_drift_025rms,792,11.017545100010466,35657
1.0,1.0,1.0,222,302,rcarf_hard,vibration_drift_050rms,792,11.017545100010466,35657
1.0,1.0,1.0,222,302,rcarf_hard,vibration_drift_100rms,792,11.017545100010466,35657
1.0,1.0,1.0,222,302,rcarf_hard,electrical_drift_025rms,792,11.017545100010466,35657
0.98989898989899,0.9898984101475062,0.9898984101475062,222,302,rcarf_hard,electrical_drift_050rms,792,11.017545100010466,35657
0.9911616161616161,0.991161489346438,0.991161489346438,222,302,rcarf_hard,electrical_drift_100rms,792,11.017545100010466,35657
0.9987373737373737,0.9987373556209196,0.9987373556209197,222,302,dprf_no_rel_loss,clean_reextract,792,12.079037500021514,52235
0.9810606060606061,0.9810647690889694,0.9810647690889694,222,302,dprf_no_rel_loss,vibration_missing,792,12.079037500021514,52235
0.9949494949494949,0.994944621208484,0.9949446212084841,222,302,dprf_no_rel_loss,electrical_missing,792,12.079037500021514,52235
0.9987373737373737,0.9987373556209196,0.9987373556209197,222,302,dprf_no_rel_loss,vibration_gain_075,792,12.079037500021514,52235
0.9987373737373737,0.9987373556209196,0.9987373556209197,222,302,dprf_no_rel_loss,vibration_gain_050,792,12.079037500021514,52235
0.9924242424242424,0.992403639585711,0.9924036395857112,222,302,dprf_no_rel_loss,vibration_gain_025,792,12.079037500021514,52235
0.9987373737373737,0.9987373556209196,0.9987373556209197,222,302,dprf_no_rel_loss,electrical_gain_075,792,12.079037500021514,52235
0.9987373737373737,0.9987373556209196,0.9987373556209197,222,302,dprf_no_rel_loss,electrical_gain_050,792,12.079037500021514,52235
0.9974747474747475,0.9974698737337366,0.9974698737337367,222,302,dprf_no_rel_loss,electrical_gain_025,792,12.079037500021514,52235
1.0,1.0,1.0,222,302,dprf_no_rel_loss,vibration_drift_025rms,792,12.079037500021514,52235
1.0,1.0,1.0,222,302,dprf_no_rel_loss,vibration_drift_050rms,792,12.079037500021514,52235
1.0,1.0,1.0,222,302,dprf_no_rel_loss,vibration_drift_100rms,792,12.079037500021514,52235
1.0,1.0,1.0,222,302,dprf_no_rel_loss,electrical_drift_025rms,792,12.079037500021514,52235
1.0,1.0,1.0,222,302,dprf_no_rel_loss,electrical_drift_050rms,792,12.079037500021514,52235
0.851010101010101,0.8452101608158767,0.8452101608158767,222,302,dprf_no_rel_loss,electrical_drift_100rms,792,12.079037500021514,52235
1.0,1.0,1.0,222,302,dprf_no_switch_loss,clean_reextract,792,12.132824400032405,52235
0.98989898989899,0.9898978303149084,0.9898978303149086,222,302,dprf_no_switch_loss,vibration_missing,792,12.132824400032405,52235
0.9949494949494949,0.9949494224836789,0.994949422483679,222,302,dprf_no_switch_loss,electrical_missing,792,12.132824400032405,52235
0.9987373737373737,0.9987373556209196,0.9987373556209197,222,302,dprf_no_switch_loss,vibration_gain_075,792,12.132824400032405,52235
0.9987373737373737,0.9987373556209196,0.9987373556209197,222,302,dprf_no_switch_loss,vibration_gain_050,792,12.132824400032405,52235
0.9987373737373737,0.9987373556209196,0.9987373556209197,222,302,dprf_no_switch_loss,vibration_gain_025,792,12.132824400032405,52235
0.9949494949494949,0.9949494224836789,0.994949422483679,222,302,dprf_no_switch_loss,electrical_gain_075,792,12.132824400032405,52235
0.9949494949494949,0.9949494224836789,0.994949422483679,222,302,dprf_no_switch_loss,electrical_gain_050,792,12.132824400032405,52235
0.9949494949494949,0.9949494224836789,0.994949422483679,222,302,dprf_no_switch_loss,electrical_gain_025,792,12.132824400032405,52235
1.0,1.0,1.0,222,302,dprf_no_switch_loss,vibration_drift_025rms,792,12.132824400032405,52235
1.0,1.0,1.0,222,302,dprf_no_switch_loss,vibration_drift_050rms,792,12.132824400032405,52235
1.0,1.0,1.0,222,302,dprf_no_switch_loss,vibration_drift_100rms,792,12.132824400032405,52235
1.0,1.0,1.0,222,302,dprf_no_switch_loss,electrical_drift_025rms,792,12.132824400032405,52235
0.9987373737373737,0.9987373556209196,0.9987373556209198,222,302,dprf_no_switch_loss,electrical_drift_050rms,792,12.132824400032405,52235
0.9962121212121212,0.9962116320117095,0.9962116320117095,222,302,dprf_no_switch_loss,electrical_drift_100rms,792,12.132824400032405,52235
1.0,1.0,1.0,222,302,dprf_no_semantic,clean_reextract,792,10.81264999997802,52235
0.9709595959595959,0.9709484620790748,0.9709484620790748,222,302,dprf_no_semantic,vibration_missing,792,10.81264999997802,52235
0.9936868686868687,0.9936819405964958,0.993681940596496,222,302,dprf_no_semantic,electrical_missing,792,10.81264999997802,52235
1.0,1.0,1.0,222,302,dprf_no_semantic,vibration_gain_075,792,10.81264999997802,52235
0.9987373737373737,0.9987373556209196,0.9987373556209198,222,302,dprf_no_semantic,vibration_gain_050,792,10.81264999997802,52235
0.9936868686868687,0.993684603350031,0.993684603350031,222,302,dprf_no_semantic,vibration_gain_025,792,10.81264999997802,52235
1.0,1.0,1.0,222,302,dprf_no_semantic,electrical_gain_075,792,10.81264999997802,52235
1.0,1.0,1.0,222,302,dprf_no_semantic,electrical_gain_050,792,10.81264999997802,52235
1.0,1.0,1.0,222,302,dprf_no_semantic,electrical_gain_025,792,10.81264999997802,52235
1.0,1.0,1.0,222,302,dprf_no_semantic,vibration_drift_025rms,792,10.81264999997802,52235
1.0,1.0,1.0,222,302,dprf_no_semantic,vibration_drift_050rms,792,10.81264999997802,52235
1.0,1.0,1.0,222,302,dprf_no_semantic,vibration_drift_100rms,792,10.81264999997802,52235
1.0,1.0,1.0,222,302,dprf_no_semantic,electrical_drift_025rms,792,10.81264999997802,52235
1.0,1.0,1.0,222,302,dprf_no_semantic,electrical_drift_050rms,792,10.81264999997802,52235
0.9835858585858586,0.9835459605620839,0.9835459605620838,222,302,dprf_no_semantic,electrical_drift_100rms,792,10.81264999997802,52235
1.0,1.0,1.0,222,302,dprf_full,clean_reextract,792,12.170944599958602,52235
0.9772727272727273,0.9772886405246729,0.977288640524673,222,302,dprf_full,vibration_missing,792,12.170944599958602,52235
0.9936868686868687,0.9936819405964958,0.993681940596496,222,302,dprf_full,electrical_missing,792,12.170944599958602,52235
0.9987373737373737,0.9987373556209196,0.9987373556209197,222,302,dprf_full,vibration_gain_075,792,12.170944599958602,52235
0.9974747474747475,0.9974747293582933,0.9974747293582935,222,302,dprf_full,vibration_gain_050,792,12.170944599958602,52235
0.9936868686868687,0.9936858762290407,0.9936858762290409,222,302,dprf_full,vibration_gain_025,792,12.170944599958602,52235
0.9987373737373737,0.9987373556209196,0.9987373556209197,222,302,dprf_full,electrical_gain_075,792,12.170944599958602,52235
0.9974747474747475,0.9974698737337366,0.9974698737337367,222,302,dprf_full,electrical_gain_050,792,12.170944599958602,52235
0.9974747474747475,0.9974698737337366,0.9974698737337367,222,302,dprf_full,electrical_gain_025,792,12.170944599958602,52235
1.0,1.0,1.0,222,302,dprf_full,vibration_drift_025rms,792,12.170944599958602,52235
1.0,1.0,1.0,222,302,dprf_full,vibration_drift_050rms,792,12.170944599958602,52235
1.0,1.0,1.0,222,302,dprf_full,vibration_drift_100rms,792,12.170944599958602,52235
1.0,1.0,1.0,222,302,dprf_full,electrical_drift_025rms,792,12.170944599958602,52235
1.0,1.0,1.0,222,302,dprf_full,electrical_drift_050rms,792,12.170944599958602,52235
0.9936868686868687,0.9936819405964958,0.993681940596496,222,302,dprf_full,electrical_drift_100rms,792,12.170944599958602,52235
1.0,1.0,1.0,222,303,mean_da,clean_reextract,792,6.50266419997206,10822
0.9835858585858586,0.9835464106567396,0.9835464106567395,222,303,mean_da,vibration_missing,792,6.50266419997206,10822
0.9911616161616161,0.9911611632315492,0.9911611632315493,222,303,mean_da,electrical_missing,792,6.50266419997206,10822
1.0,1.0,1.0,222,303,mean_da,vibration_gain_075,792,6.50266419997206,10822
1.0,1.0,1.0,222,303,mean_da,vibration_gain_050,792,6.50266419997206,10822
0.9987373737373737,0.9987373556209196,0.9987373556209198,222,303,mean_da,vibration_gain_025,792,6.50266419997206,10822
1.0,1.0,1.0,222,303,mean_da,electrical_gain_075,792,6.50266419997206,10822
1.0,1.0,1.0,222,303,mean_da,electrical_gain_050,792,6.50266419997206,10822
0.9936868686868687,0.993684603350031,0.993684603350031,222,303,mean_da,electrical_gain_025,792,6.50266419997206,10822
1.0,1.0,1.0,222,303,mean_da,vibration_drift_025rms,792,6.50266419997206,10822
1.0,1.0,1.0,222,303,mean_da,vibration_drift_050rms,792,6.50266419997206,10822
1.0,1.0,1.0,222,303,mean_da,vibration_drift_100rms,792,6.50266419997206,10822
1.0,1.0,1.0,222,303,mean_da,electrical_drift_025rms,792,6.50266419997206,10822
1.0,1.0,1.0,222,303,mean_da,electrical_drift_050rms,792,6.50266419997206,10822
0.6578282828282829,0.5718772538703378,0.5718772538703377,222,303,mean_da,electrical_drift_100rms,792,6.50266419997206,10822
1.0,1.0,1.0,222,303,gate_da,clean_reextract,792,8.597869299992453,27400
0.9810606060606061,0.9810396267735598,0.98103962677356,222,303,gate_da,vibration_missing,792,8.597869299992453,27400
0.98989898989899,0.9898937697387309,0.989893769738731,222,303,gate_da,electrical_missing,792,8.597869299992453,27400
1.0,1.0,1.0,222,303,gate_da,vibration_gain_075,792,8.597869299992453,27400
1.0,1.0,1.0,222,303,gate_da,vibration_gain_050,792,8.597869299992453,27400
0.9861111111111112,0.9861617073231274,0.9861617073231275,222,303,gate_da,vibration_gain_025,792,8.597869299992453,27400
0.98989898989899,0.9898937697387309,0.989893769738731,222,303,gate_da,electrical_gain_075,792,8.597869299992453,27400
0.98989898989899,0.9898937697387309,0.989893769738731,222,303,gate_da,electrical_gain_050,792,8.597869299992453,27400
0.98989898989899,0.9898937697387309,0.989893769738731,222,303,gate_da,electrical_gain_025,792,8.597869299992453,27400
1.0,1.0,1.0,222,303,gate_da,vibration_drift_025rms,792,8.597869299992453,27400
1.0,1.0,1.0,222,303,gate_da,vibration_drift_050rms,792,8.597869299992453,27400
1.0,1.0,1.0,222,303,gate_da,vibration_drift_100rms,792,8.597869299992453,27400
1.0,1.0,1.0,222,303,gate_da,electrical_drift_025rms,792,8.597869299992453,27400
0.9974747474747475,0.9974746025368767,0.9974746025368766,222,303,gate_da,electrical_drift_050rms,792,8.597869299992453,27400
0.9924242424242424,0.9924229377837192,0.9924229377837194,222,303,gate_da,electrical_drift_100rms,792,8.597869299992453,27400
1.0,1.0,1.0,222,303,rcarf_hard,clean_reextract,792,11.063418900012039,35657
0.9911616161616161,0.9911611632315492,0.9911611632315492,222,303,rcarf_hard,vibration_missing,792,11.063418900012039,35657
0.9962121212121212,0.9962072293546563,0.9962072293546562,222,303,rcarf_hard,electrical_missing,792,11.063418900012039,35657
1.0,1.0,1.0,222,303,rcarf_hard,vibration_gain_075,792,11.063418900012039,35657
1.0,1.0,1.0,222,303,rcarf_hard,vibration_gain_050,792,11.063418900012039,35657
0.9987373737373737,0.9987373556209196,0.9987373556209198,222,303,rcarf_hard,vibration_gain_025,792,11.063418900012039,35657
0.9962121212121212,0.9962072293546563,0.9962072293546562,222,303,rcarf_hard,electrical_gain_075,792,11.063418900012039,35657
0.9962121212121212,0.9962072293546563,0.9962072293546562,222,303,rcarf_hard,electrical_gain_050,792,11.063418900012039,35657
0.9962121212121212,0.9962072293546563,0.9962072293546562,222,303,rcarf_hard,electrical_gain_025,792,11.063418900012039,35657
1.0,1.0,1.0,222,303,rcarf_hard,vibration_drift_025rms,792,11.063418900012039,35657
1.0,1.0,1.0,222,303,rcarf_hard,vibration_drift_050rms,792,11.063418900012039,35657
1.0,1.0,1.0,222,303,rcarf_hard,vibration_drift_100rms,792,11.063418900012039,35657
1.0,1.0,1.0,222,303,rcarf_hard,electrical_drift_025rms,792,11.063418900012039,35657
0.9962121212121212,0.9962072293546563,0.9962072293546562,222,303,rcarf_hard,electrical_drift_050rms,792,11.063418900012039,35657
0.9962121212121212,0.9962072293546563,0.9962072293546562,222,303,rcarf_hard,electrical_drift_100rms,792,11.063418900012039,35657
1.0,1.0,1.0,222,303,dprf_no_rel_loss,clean_reextract,792,11.905951399996411,52235
0.9772727272727273,0.9773022553956178,0.9773022553956177,222,303,dprf_no_rel_loss,vibration_missing,792,11.905951399996411,52235
0.9886363636363636,0.9886270615032725,0.9886270615032727,222,303,dprf_no_rel_loss,electrical_missing,792,11.905951399996411,52235
0.9987373737373737,0.9987373556209196,0.9987373556209197,222,303,dprf_no_rel_loss,vibration_gain_075,792,11.905951399996411,52235
0.9987373737373737,0.9987373556209196,0.9987373556209197,222,303,dprf_no_rel_loss,vibration_gain_050,792,11.905951399996411,52235
0.98989898989899,0.9898932847317686,0.9898932847317686,222,303,dprf_no_rel_loss,vibration_gain_025,792,11.905951399996411,52235
0.9987373737373737,0.9987373556209196,0.9987373556209197,222,303,dprf_no_rel_loss,electrical_gain_075,792,11.905951399996411,52235
0.9987373737373737,0.9987373556209196,0.9987373556209197,222,303,dprf_no_rel_loss,electrical_gain_050,792,11.905951399996411,52235
0.9987373737373737,0.9987373556209196,0.9987373556209198,222,303,dprf_no_rel_loss,electrical_gain_025,792,11.905951399996411,52235
1.0,1.0,1.0,222,303,dprf_no_rel_loss,vibration_drift_025rms,792,11.905951399996411,52235
1.0,1.0,1.0,222,303,dprf_no_rel_loss,vibration_drift_050rms,792,11.905951399996411,52235
1.0,1.0,1.0,222,303,dprf_no_rel_loss,vibration_drift_100rms,792,11.905951399996411,52235
0.9987373737373737,0.9987373556209196,0.9987373556209197,222,303,dprf_no_rel_loss,electrical_drift_025rms,792,11.905951399996411,52235
1.0,1.0,1.0,222,303,dprf_no_rel_loss,electrical_drift_050rms,792,11.905951399996411,52235
0.9356060606060606,0.937100938157438,0.9371009381574379,222,303,dprf_no_rel_loss,electrical_drift_100rms,792,11.905951399996411,52235
1.0,1.0,1.0,222,303,dprf_no_switch_loss,clean_reextract,792,12.019400499993935,52235
0.9810606060606061,0.9810461908352388,0.9810461908352388,222,303,dprf_no_switch_loss,vibration_missing,792,12.019400499993935,52235
0.9924242424242424,0.9924203273040483,0.9924203273040482,222,303,dprf_no_switch_loss,electrical_missing,792,12.019400499993935,52235
1.0,1.0,1.0,222,303,dprf_no_switch_loss,vibration_gain_075,792,12.019400499993935,52235
0.9987373737373737,0.9987373556209196,0.9987373556209197,222,303,dprf_no_switch_loss,vibration_gain_050,792,12.019400499993935,52235
0.9974747474747475,0.9974747293582933,0.9974747293582935,222,303,dprf_no_switch_loss,vibration_gain_025,792,12.019400499993935,52235
1.0,1.0,1.0,222,303,dprf_no_switch_loss,electrical_gain_075,792,12.019400499993935,52235
1.0,1.0,1.0,222,303,dprf_no_switch_loss,electrical_gain_050,792,12.019400499993935,52235
1.0,1.0,1.0,222,303,dprf_no_switch_loss,electrical_gain_025,792,12.019400499993935,52235
1.0,1.0,1.0,222,303,dprf_no_switch_loss,vibration_drift_025rms,792,12.019400499993935,52235
1.0,1.0,1.0,222,303,dprf_no_switch_loss,vibration_drift_050rms,792,12.019400499993935,52235
1.0,1.0,1.0,222,303,dprf_no_switch_loss,vibration_drift_100rms,792,12.019400499993935,52235
1.0,1.0,1.0,222,303,dprf_no_switch_loss,electrical_drift_025rms,792,12.019400499993935,52235
1.0,1.0,1.0,222,303,dprf_no_switch_loss,electrical_drift_050rms,792,12.019400499993935,52235
0.952020202020202,0.9523343571758133,0.9523343571758134,222,303,dprf_no_switch_loss,electrical_drift_100rms,792,12.019400499993935,52235
1.0,1.0,1.0,222,303,dprf_no_semantic,clean_reextract,792,10.873389099957421,52235
0.9722222222222222,0.972172768948154,0.972172768948154,222,303,dprf_no_semantic,vibration_missing,792,10.873389099957421,52235
0.9823232323232324,0.9822833161830036,0.9822833161830036,222,303,dprf_no_semantic,electrical_missing,792,10.873389099957421,52235
1.0,1.0,1.0,222,303,dprf_no_semantic,vibration_gain_075,792,10.873389099957421,52235
0.9987373737373737,0.9987373556209196,0.9987373556209197,222,303,dprf_no_semantic,vibration_gain_050,792,10.873389099957421,52235
0.9949494949494949,0.9949490980004133,0.9949490980004133,222,303,dprf_no_semantic,vibration_gain_025,792,10.873389099957421,52235
1.0,1.0,1.0,222,303,dprf_no_semantic,electrical_gain_075,792,10.873389099957421,52235
1.0,1.0,1.0,222,303,dprf_no_semantic,electrical_gain_050,792,10.873389099957421,52235
1.0,1.0,1.0,222,303,dprf_no_semantic,electrical_gain_025,792,10.873389099957421,52235
1.0,1.0,1.0,222,303,dprf_no_semantic,vibration_drift_025rms,792,10.873389099957421,52235
1.0,1.0,1.0,222,303,dprf_no_semantic,vibration_drift_050rms,792,10.873389099957421,52235
1.0,1.0,1.0,222,303,dprf_no_semantic,vibration_drift_100rms,792,10.873389099957421,52235
1.0,1.0,1.0,222,303,dprf_no_semantic,electrical_drift_025rms,792,10.873389099957421,52235
1.0,1.0,1.0,222,303,dprf_no_semantic,electrical_drift_050rms,792,10.873389099957421,52235
0.9797979797979798,0.9797421124762837,0.9797421124762837,222,303,dprf_no_semantic,electrical_drift_100rms,792,10.873389099957421,52235
1.0,1.0,1.0,222,303,dprf_full,clean_reextract,792,12.229631799971685,52235
0.9633838383838383,0.9630622184826212,0.9630622184826212,222,303,dprf_full,vibration_missing,792,12.229631799971685,52235
0.9924242424242424,0.9924219589709505,0.9924219589709508,222,303,dprf_full,electrical_missing,792,12.229631799971685,52235
1.0,1.0,1.0,222,303,dprf_full,vibration_gain_075,792,12.229631799971685,52235
0.9987373737373737,0.9987373556209196,0.9987373556209197,222,303,dprf_full,vibration_gain_050,792,12.229631799971685,52235
0.9962121212121212,0.9962120129220389,0.9962120129220389,222,303,dprf_full,vibration_gain_025,792,12.229631799971685,52235
1.0,1.0,1.0,222,303,dprf_full,electrical_gain_075,792,12.229631799971685,52235
1.0,1.0,1.0,222,303,dprf_full,electrical_gain_050,792,12.229631799971685,52235
1.0,1.0,1.0,222,303,dprf_full,electrical_gain_025,792,12.229631799971685,52235
1.0,1.0,1.0,222,303,dprf_full,vibration_drift_025rms,792,12.229631799971685,52235
1.0,1.0,1.0,222,303,dprf_full,vibration_drift_050rms,792,12.229631799971685,52235
1.0,1.0,1.0,222,303,dprf_full,vibration_drift_100rms,792,12.229631799971685,52235
1.0,1.0,1.0,222,303,dprf_full,electrical_drift_025rms,792,12.229631799971685,52235
1.0,1.0,1.0,222,303,dprf_full,electrical_drift_050rms,792,12.229631799971685,52235
0.8964646464646465,0.8920923220141056,0.8920923220141056,222,303,dprf_full,electrical_drift_100rms,792,12.229631799971685,52235
1.0,1.0,1.0,222,304,mean_da,clean_reextract,792,6.599179700016975,10822
0.9848484848484849,0.984838701542197,0.984838701542197,222,304,mean_da,vibration_missing,792,6.599179700016975,10822
0.9962121212121212,0.9962119581577963,0.9962119581577963,222,304,mean_da,electrical_missing,792,6.599179700016975,10822
1.0,1.0,1.0,222,304,mean_da,vibration_gain_075,792,6.599179700016975,10822
0.9987373737373737,0.9987373556209196,0.9987373556209197,222,304,mean_da,vibration_gain_050,792,6.599179700016975,10822
0.9987373737373737,0.9987373556209196,0.9987373556209197,222,304,mean_da,vibration_gain_025,792,6.599179700016975,10822
1.0,1.0,1.0,222,304,mean_da,electrical_gain_075,792,6.599179700016975,10822
1.0,1.0,1.0,222,304,mean_da,electrical_gain_050,792,6.599179700016975,10822
1.0,1.0,1.0,222,304,mean_da,electrical_gain_025,792,6.599179700016975,10822
1.0,1.0,1.0,222,304,mean_da,vibration_drift_025rms,792,6.599179700016975,10822
1.0,1.0,1.0,222,304,mean_da,vibration_drift_050rms,792,6.599179700016975,10822
1.0,1.0,1.0,222,304,mean_da,vibration_drift_100rms,792,6.599179700016975,10822
1.0,1.0,1.0,222,304,mean_da,electrical_drift_025rms,792,6.599179700016975,10822
1.0,1.0,1.0,222,304,mean_da,electrical_drift_050rms,792,6.599179700016975,10822
0.696969696969697,0.6321775768572288,0.6321775768572288,222,304,mean_da,electrical_drift_100rms,792,6.599179700016975,10822
1.0,1.0,1.0,222,304,gate_da,clean_reextract,792,8.798003100033384,27400
0.9823232323232324,0.982348135352218,0.9823481353522178,222,304,gate_da,vibration_missing,792,8.798003100033384,27400
0.9848484848484849,0.9848476152212592,0.9848476152212593,222,304,gate_da,electrical_missing,792,8.798003100033384,27400
1.0,1.0,1.0,222,304,gate_da,vibration_gain_075,792,8.798003100033384,27400
0.9987373737373737,0.9987373556209196,0.9987373556209197,222,304,gate_da,vibration_gain_050,792,8.798003100033384,27400
0.9949494949494949,0.9949396935267529,0.994939693526753,222,304,gate_da,vibration_gain_025,792,8.798003100033384,27400
0.9861111111111112,0.9861109118301169,0.986110911830117,222,304,gate_da,electrical_gain_075,792,8.798003100033384,27400
0.9861111111111112,0.9861109118301169,0.986110911830117,222,304,gate_da,electrical_gain_050,792,8.798003100033384,27400
0.9861111111111112,0.9861109118301169,0.986110911830117,222,304,gate_da,electrical_gain_025,792,8.798003100033384,27400
1.0,1.0,1.0,222,304,gate_da,vibration_drift_025rms,792,8.798003100033384,27400
1.0,1.0,1.0,222,304,gate_da,vibration_drift_050rms,792,8.798003100033384,27400
1.0,1.0,1.0,222,304,gate_da,vibration_drift_100rms,792,8.798003100033384,27400
1.0,1.0,1.0,222,304,gate_da,electrical_drift_025rms,792,8.798003100033384,27400
0.9949494949494949,0.9949483352468427,0.9949483352468428,222,304,gate_da,electrical_drift_050rms,792,8.798003100033384,27400
0.922979797979798,0.9214480197012587,0.9214480197012586,222,304,gate_da,electrical_drift_100rms,792,8.798003100033384,27400
1.0,1.0,1.0,222,304,rcarf_hard,clean_reextract,792,10.947599200007971,35657
0.9722222222222222,0.9721155859255233,0.9721155859255233,222,304,rcarf_hard,vibration_missing,792,10.947599200007971,35657
0.9974747474747475,0.9974746025368767,0.9974746025368766,222,304,rcarf_hard,electrical_missing,792,10.947599200007971,35657
1.0,1.0,1.0,222,304,rcarf_hard,vibration_gain_075,792,10.947599200007971,35657
1.0,1.0,1.0,222,304,rcarf_hard,vibration_gain_050,792,10.947599200007971,35657
0.9911616161616161,0.9911576829249679,0.991157682924968,222,304,rcarf_hard,vibration_gain_025,792,10.947599200007971,35657
0.9974747474747475,0.9974746025368767,0.9974746025368766,222,304,rcarf_hard,electrical_gain_075,792,10.947599200007971,35657
0.9974747474747475,0.9974746025368767,0.9974746025368766,222,304,rcarf_hard,electrical_gain_050,792,10.947599200007971,35657
0.9974747474747475,0.9974746025368767,0.9974746025368766,222,304,rcarf_hard,electrical_gain_025,792,10.947599200007971,35657
1.0,1.0,1.0,222,304,rcarf_hard,vibration_drift_025rms,792,10.947599200007971,35657
1.0,1.0,1.0,222,304,rcarf_hard,vibration_drift_050rms,792,10.947599200007971,35657
1.0,1.0,1.0,222,304,rcarf_hard,vibration_drift_100rms,792,10.947599200007971,35657
1.0,1.0,1.0,222,304,rcarf_hard,electrical_drift_025rms,792,10.947599200007971,35657
0.9974747474747475,0.9974746025368767,0.9974746025368766,222,304,rcarf_hard,electrical_drift_050rms,792,10.947599200007971,35657
0.9974747474747475,0.9974746025368767,0.9974746025368766,222,304,rcarf_hard,electrical_drift_100rms,792,10.947599200007971,35657
1.0,1.0,1.0,222,304,dprf_no_rel_loss,clean_reextract,792,11.831065899983514,52235
0.9810606060606061,0.9810566377522375,0.9810566377522376,222,304,dprf_no_rel_loss,vibration_missing,792,11.831065899983514,52235
0.9962121212121212,0.9962120668627592,0.9962120668627592,222,304,dprf_no_rel_loss,electrical_missing,792,11.831065899983514,52235
1.0,1.0,1.0,222,304,dprf_no_rel_loss,vibration_gain_075,792,11.831065899983514,52235
1.0,1.0,1.0,222,304,dprf_no_rel_loss,vibration_gain_050,792,11.831065899983514,52235
0.9570707070707071,0.9568169434581648,0.9568169434581648,222,304,dprf_no_rel_loss,vibration_gain_025,792,11.831065899983514,52235
1.0,1.0,1.0,222,304,dprf_no_rel_loss,electrical_gain_075,792,11.831065899983514,52235
1.0,1.0,1.0,222,304,dprf_no_rel_loss,electrical_gain_050,792,11.831065899983514,52235
0.9974747474747475,0.9974747112418395,0.9974747112418394,222,304,dprf_no_rel_loss,electrical_gain_025,792,11.831065899983514,52235
1.0,1.0,1.0,222,304,dprf_no_rel_loss,vibration_drift_025rms,792,11.831065899983514,52235
1.0,1.0,1.0,222,304,dprf_no_rel_loss,vibration_drift_050rms,792,11.831065899983514,52235
1.0,1.0,1.0,222,304,dprf_no_rel_loss,vibration_drift_100rms,792,11.831065899983514,52235
1.0,1.0,1.0,222,304,dprf_no_rel_loss,electrical_drift_025rms,792,11.831065899983514,52235
1.0,1.0,1.0,222,304,dprf_no_rel_loss,electrical_drift_050rms,792,11.831065899983514,52235
0.7702020202020202,0.7706644514034418,0.7706644514034418,222,304,dprf_no_rel_loss,electrical_drift_100rms,792,11.831065899983514,52235
1.0,1.0,1.0,222,304,dprf_no_switch_loss,clean_reextract,792,12.043452000012621,52235
0.9785353535353535,0.978564547703409,0.978564547703409,222,304,dprf_no_switch_loss,vibration_missing,792,12.043452000012621,52235
0.9962121212121212,0.9962120668627592,0.9962120668627592,222,304,dprf_no_switch_loss,electrical_missing,792,12.043452000012621,52235
1.0,1.0,1.0,222,304,dprf_no_switch_loss,vibration_gain_075,792,12.043452000012621,52235
1.0,1.0,1.0,222,304,dprf_no_switch_loss,vibration_gain_050,792,12.043452000012621,52235
1.0,1.0,1.0,222,304,dprf_no_switch_loss,vibration_gain_025,792,12.043452000012621,52235
0.9962121212121212,0.9962120668627592,0.9962120668627592,222,304,dprf_no_switch_loss,electrical_gain_075,792,12.043452000012621,52235
0.9962121212121212,0.9962120668627592,0.9962120668627592,222,304,dprf_no_switch_loss,electrical_gain_050,792,12.043452000012621,52235
0.9962121212121212,0.9962120668627592,0.9962120668627592,222,304,dprf_no_switch_loss,electrical_gain_025,792,12.043452000012621,52235
1.0,1.0,1.0,222,304,dprf_no_switch_loss,vibration_drift_025rms,792,12.043452000012621,52235
1.0,1.0,1.0,222,304,dprf_no_switch_loss,vibration_drift_050rms,792,12.043452000012621,52235
1.0,1.0,1.0,222,304,dprf_no_switch_loss,vibration_drift_100rms,792,12.043452000012621,52235
1.0,1.0,1.0,222,304,dprf_no_switch_loss,electrical_drift_025rms,792,12.043452000012621,52235
0.9987373737373737,0.9987373556209196,0.9987373556209198,222,304,dprf_no_switch_loss,electrical_drift_050rms,792,12.043452000012621,52235
0.9962121212121212,0.9962120668627592,0.9962120668627592,222,304,dprf_no_switch_loss,electrical_drift_100rms,792,12.043452000012621,52235
1.0,1.0,1.0,222,304,dprf_no_semantic,clean_reextract,792,10.84312240005238,52235
0.9785353535353535,0.978534175915932,0.9785341759159321,222,304,dprf_no_semantic,vibration_missing,792,10.84312240005238,52235
0.98989898989899,0.9898958003109629,0.989895800310963,222,304,dprf_no_semantic,electrical_missing,792,10.84312240005238,52235
1.0,1.0,1.0,222,304,dprf_no_semantic,vibration_gain_075,792,10.84312240005238,52235
0.9987373737373737,0.9987373556209196,0.9987373556209197,222,304,dprf_no_semantic,vibration_gain_050,792,10.84312240005238,52235
0.9987373737373737,0.9987373556209196,0.9987373556209198,222,304,dprf_no_semantic,vibration_gain_025,792,10.84312240005238,52235
1.0,1.0,1.0,222,304,dprf_no_semantic,electrical_gain_075,792,10.84312240005238,52235
1.0,1.0,1.0,222,304,dprf_no_semantic,electrical_gain_050,792,10.84312240005238,52235
1.0,1.0,1.0,222,304,dprf_no_semantic,electrical_gain_025,792,10.84312240005238,52235
1.0,1.0,1.0,222,304,dprf_no_semantic,vibration_drift_025rms,792,10.84312240005238,52235
1.0,1.0,1.0,222,304,dprf_no_semantic,vibration_drift_050rms,792,10.84312240005238,52235
1.0,1.0,1.0,222,304,dprf_no_semantic,vibration_drift_100rms,792,10.84312240005238,52235
1.0,1.0,1.0,222,304,dprf_no_semantic,electrical_drift_025rms,792,10.84312240005238,52235
1.0,1.0,1.0,222,304,dprf_no_semantic,electrical_drift_050rms,792,10.84312240005238,52235
0.8825757575757576,0.8839479863050358,0.8839479863050359,222,304,dprf_no_semantic,electrical_drift_100rms,792,10.84312240005238,52235
1.0,1.0,1.0,222,304,dprf_full,clean_reextract,792,13.031621300033294,52235
0.9810606060606061,0.9810443409150373,0.9810443409150373,222,304,dprf_full,vibration_missing,792,13.031621300033294,52235
0.9936868686868687,0.9936867781045987,0.9936867781045987,222,304,dprf_full,electrical_missing,792,13.031621300033294,52235
1.0,1.0,1.0,222,304,dprf_full,vibration_gain_075,792,13.031621300033294,52235
1.0,1.0,1.0,222,304,dprf_full,vibration_gain_050,792,13.031621300033294,52235
1.0,1.0,1.0,222,304,dprf_full,vibration_gain_025,792,13.031621300033294,52235
1.0,1.0,1.0,222,304,dprf_full,electrical_gain_075,792,13.031621300033294,52235
0.9974747474747475,0.9974746025368765,0.9974746025368766,222,304,dprf_full,electrical_gain_050,792,13.031621300033294,52235
0.9861111111111112,0.9860929507700663,0.9860929507700662,222,304,dprf_full,electrical_gain_025,792,13.031621300033294,52235
1.0,1.0,1.0,222,304,dprf_full,vibration_drift_025rms,792,13.031621300033294,52235
1.0,1.0,1.0,222,304,dprf_full,vibration_drift_050rms,792,13.031621300033294,52235
1.0,1.0,1.0,222,304,dprf_full,vibration_drift_100rms,792,13.031621300033294,52235
1.0,1.0,1.0,222,304,dprf_full,electrical_drift_025rms,792,13.031621300033294,52235
1.0,1.0,1.0,222,304,dprf_full,electrical_drift_050rms,792,13.031621300033294,52235
0.976010101010101,0.9759351343158569,0.975935134315857,222,304,dprf_full,electrical_drift_100rms,792,13.031621300033294,52235
1.0,1.0,1.0,222,305,mean_da,clean_reextract,792,6.7144028000184335,10822
0.9823232323232324,0.982331652469699,0.9823316524696989,222,305,mean_da,vibration_missing,792,6.7144028000184335,10822
0.9886363636363636,0.9886322860300555,0.9886322860300556,222,305,mean_da,electrical_missing,792,6.7144028000184335,10822
1.0,1.0,1.0,222,305,mean_da,vibration_gain_075,792,6.7144028000184335,10822
0.9987373737373737,0.9987373556209196,0.9987373556209197,222,305,mean_da,vibration_gain_050,792,6.7144028000184335,10822
0.9873737373737373,0.9873613642773575,0.9873613642773575,222,305,mean_da,vibration_gain_025,792,6.7144028000184335,10822
1.0,1.0,1.0,222,305,mean_da,electrical_gain_075,792,6.7144028000184335,10822
1.0,1.0,1.0,222,305,mean_da,electrical_gain_050,792,6.7144028000184335,10822
1.0,1.0,1.0,222,305,mean_da,electrical_gain_025,792,6.7144028000184335,10822
1.0,1.0,1.0,222,305,mean_da,vibration_drift_025rms,792,6.7144028000184335,10822
1.0,1.0,1.0,222,305,mean_da,vibration_drift_050rms,792,6.7144028000184335,10822
1.0,1.0,1.0,222,305,mean_da,vibration_drift_100rms,792,6.7144028000184335,10822
1.0,1.0,1.0,222,305,mean_da,electrical_drift_025rms,792,6.7144028000184335,10822
1.0,1.0,1.0,222,305,mean_da,electrical_drift_050rms,792,6.7144028000184335,10822
0.4633838383838384,0.37865519165325634,0.37865519165325634,222,305,mean_da,electrical_drift_100rms,792,6.7144028000184335,10822
1.0,1.0,1.0,222,305,gate_da,clean_reextract,792,8.791289599961601,27400
0.9823232323232324,0.9823450415731111,0.982345041573111,222,305,gate_da,vibration_missing,792,8.791289599961601,27400
0.9974747474747475,0.9974746025368767,0.9974746025368766,222,305,gate_da,electrical_missing,792,8.791289599961601,27400
1.0,1.0,1.0,222,305,gate_da,vibration_gain_075,792,8.791289599961601,27400
1.0,1.0,1.0,222,305,gate_da,vibration_gain_050,792,8.791289599961601,27400
0.9962121212121212,0.9962116320117095,0.9962116320117095,222,305,gate_da,vibration_gain_025,792,8.791289599961601,27400
0.9974747474747475,0.9974746025368767,0.9974746025368766,222,305,gate_da,electrical_gain_075,792,8.791289599961601,27400
0.9974747474747475,0.9974746025368767,0.9974746025368766,222,305,gate_da,electrical_gain_050,792,8.791289599961601,27400
0.9974747474747475,0.9974746025368767,0.9974746025368766,222,305,gate_da,electrical_gain_025,792,8.791289599961601,27400
1.0,1.0,1.0,222,305,gate_da,vibration_drift_025rms,792,8.791289599961601,27400
1.0,1.0,1.0,222,305,gate_da,vibration_drift_050rms,792,8.791289599961601,27400
1.0,1.0,1.0,222,305,gate_da,vibration_drift_100rms,792,8.791289599961601,27400
1.0,1.0,1.0,222,305,gate_da,electrical_drift_025rms,792,8.791289599961601,27400
0.9987373737373737,0.9987373556209196,0.9987373556209198,222,305,gate_da,electrical_drift_050rms,792,8.791289599961601,27400
0.9709595959595959,0.9711220298112058,0.9711220298112057,222,305,gate_da,electrical_drift_100rms,792,8.791289599961601,27400
1.0,1.0,1.0,222,305,rcarf_hard,clean_reextract,792,11.413380199985113,35657
0.9709595959595959,0.9708733899174472,0.9708733899174473,222,305,rcarf_hard,vibration_missing,792,11.413380199985113,35657
0.9949494949494949,0.9949489876326293,0.9949489876326293,222,305,rcarf_hard,electrical_missing,792,11.413380199985113,35657
1.0,1.0,1.0,222,305,rcarf_hard,vibration_gain_075,792,11.413380199985113,35657
0.9987373737373737,0.9987373556209197,0.9987373556209197,222,305,rcarf_hard,vibration_gain_050,792,11.413380199985113,35657
0.9924242424242424,0.992397206757676,0.9923972067576761,222,305,rcarf_hard,vibration_gain_025,792,11.413380199985113,35657
0.9949494949494949,0.9949489876326293,0.9949489876326293,222,305,rcarf_hard,electrical_gain_075,792,11.413380199985113,35657
0.9949494949494949,0.9949489876326293,0.9949489876326293,222,305,rcarf_hard,electrical_gain_050,792,11.413380199985113,35657
0.9949494949494949,0.9949489876326293,0.9949489876326293,222,305,rcarf_hard,electrical_gain_025,792,11.413380199985113,35657
1.0,1.0,1.0,222,305,rcarf_hard,vibration_drift_025rms,792,11.413380199985113,35657
1.0,1.0,1.0,222,305,rcarf_hard,vibration_drift_050rms,792,11.413380199985113,35657
1.0,1.0,1.0,222,305,rcarf_hard,vibration_drift_100rms,792,11.413380199985113,35657
1.0,1.0,1.0,222,305,rcarf_hard,electrical_drift_025rms,792,11.413380199985113,35657
0.9949494949494949,0.9949489876326293,0.9949489876326293,222,305,rcarf_hard,electrical_drift_050rms,792,11.413380199985113,35657
0.9949494949494949,0.9949489876326293,0.9949489876326293,222,305,rcarf_hard,electrical_drift_100rms,792,11.413380199985113,35657
1.0,1.0,1.0,222,305,dprf_no_rel_loss,clean_reextract,792,12.22004799998831,52235
0.9785353535353535,0.9785988269808916,0.9785988269808916,222,305,dprf_no_rel_loss,vibration_missing,792,12.22004799998831,52235
0.9936868686868687,0.9936862345485861,0.9936862345485861,222,305,dprf_no_rel_loss,electrical_missing,792,12.22004799998831,52235
1.0,1.0,1.0,222,305,dprf_no_rel_loss,vibration_gain_075,792,12.22004799998831,52235
0.9987373737373737,0.9987373556209196,0.9987373556209197,222,305,dprf_no_rel_loss,vibration_gain_050,792,12.22004799998831,52235
0.9406565656565656,0.9413017703094974,0.9413017703094975,222,305,dprf_no_rel_loss,vibration_gain_025,792,12.22004799998831,52235
1.0,1.0,1.0,222,305,dprf_no_rel_loss,electrical_gain_075,792,12.22004799998831,52235
1.0,1.0,1.0,222,305,dprf_no_rel_loss,electrical_gain_050,792,12.22004799998831,52235
1.0,1.0,1.0,222,305,dprf_no_rel_loss,electrical_gain_025,792,12.22004799998831,52235
1.0,1.0,1.0,222,305,dprf_no_rel_loss,vibration_drift_025rms,792,12.22004799998831,52235
1.0,1.0,1.0,222,305,dprf_no_rel_loss,vibration_drift_050rms,792,12.22004799998831,52235
1.0,1.0,1.0,222,305,dprf_no_rel_loss,vibration_drift_100rms,792,12.22004799998831,52235
1.0,1.0,1.0,222,305,dprf_no_rel_loss,electrical_drift_025rms,792,12.22004799998831,52235
1.0,1.0,1.0,222,305,dprf_no_rel_loss,electrical_drift_050rms,792,12.22004799998831,52235
0.9090909090909091,0.9081345433836919,0.9081345433836919,222,305,dprf_no_rel_loss,electrical_drift_100rms,792,12.22004799998831,52235
1.0,1.0,1.0,222,305,dprf_no_switch_loss,clean_reextract,792,12.24468970001908,52235
0.9886363636363636,0.9886456404867451,0.9886456404867452,222,305,dprf_no_switch_loss,vibration_missing,792,12.24468970001908,52235
0.9924242424242424,0.9924182089805793,0.9924182089805793,222,305,dprf_no_switch_loss,electrical_missing,792,12.24468970001908,52235
0.9987373737373737,0.9987373556209196,0.9987373556209197,222,305,dprf_no_switch_loss,vibration_gain_075,792,12.24468970001908,52235
0.9987373737373737,0.9987373556209196,0.9987373556209197,222,305,dprf_no_switch_loss,vibration_gain_050,792,12.24468970001908,52235
1.0,1.0,1.0,222,305,dprf_no_switch_loss,vibration_gain_025,792,12.24468970001908,52235
0.9911616161616161,0.9911544770837676,0.9911544770837676,222,305,dprf_no_switch_loss,electrical_gain_075,792,12.24468970001908,52235
0.9911616161616161,0.9911544770837676,0.9911544770837676,222,305,dprf_no_switch_loss,electrical_gain_050,792,12.24468970001908,52235
0.9911616161616161,0.9911544770837676,0.9911544770837676,222,305,dprf_no_switch_loss,electrical_gain_025,792,12.24468970001908,52235
1.0,1.0,1.0,222,305,dprf_no_switch_loss,vibration_drift_025rms,792,12.24468970001908,52235
1.0,1.0,1.0,222,305,dprf_no_switch_loss,vibration_drift_050rms,792,12.24468970001908,52235
1.0,1.0,1.0,222,305,dprf_no_switch_loss,vibration_drift_100rms,792,12.24468970001908,52235
1.0,1.0,1.0,222,305,dprf_no_switch_loss,electrical_drift_025rms,792,12.24468970001908,52235
1.0,1.0,1.0,222,305,dprf_no_switch_loss,electrical_drift_050rms,792,12.24468970001908,52235
0.976010101010101,0.9761992620177528,0.9761992620177528,222,305,dprf_no_switch_loss,electrical_drift_100rms,792,12.24468970001908,52235
1.0,1.0,1.0,222,305,dprf_no_semantic,clean_reextract,792,10.945491199963726,52235
0.976010101010101,0.976048771575979,0.976048771575979,222,305,dprf_no_semantic,vibration_missing,792,10.945491199963726,52235
0.9936868686868687,0.9936815057454461,0.9936815057454462,222,305,dprf_no_semantic,electrical_missing,792,10.945491199963726,52235
0.9987373737373737,0.9987373556209196,0.9987373556209197,222,305,dprf_no_semantic,vibration_gain_075,792,10.945491199963726,52235
0.9974747474747475,0.9974747293582933,0.9974747293582935,222,305,dprf_no_semantic,vibration_gain_050,792,10.945491199963726,52235
0.9936868686868687,0.9936858762290407,0.9936858762290409,222,305,dprf_no_semantic,vibration_gain_025,792,10.945491199963726,52235
0.9987373737373737,0.9987373556209196,0.9987373556209197,222,305,dprf_no_semantic,electrical_gain_075,792,10.945491199963726,52235
0.9987373737373737,0.9987373556209196,0.9987373556209197,222,305,dprf_no_semantic,electrical_gain_050,792,10.945491199963726,52235
1.0,1.0,1.0,222,305,dprf_no_semantic,electrical_gain_025,792,10.945491199963726,52235
1.0,1.0,1.0,222,305,dprf_no_semantic,vibration_drift_025rms,792,10.945491199963726,52235
1.0,1.0,1.0,222,305,dprf_no_semantic,vibration_drift_050rms,792,10.945491199963726,52235
1.0,1.0,1.0,222,305,dprf_no_semantic,vibration_drift_100rms,792,10.945491199963726,52235
1.0,1.0,1.0,222,305,dprf_no_semantic,electrical_drift_025rms,792,10.945491199963726,52235
1.0,1.0,1.0,222,305,dprf_no_semantic,electrical_drift_050rms,792,10.945491199963726,52235
0.9343434343434344,0.9333157176986676,0.9333157176986677,222,305,dprf_no_semantic,electrical_drift_100rms,792,10.945491199963726,52235
1.0,1.0,1.0,222,305,dprf_full,clean_reextract,792,12.303583000029903,52235
0.9823232323232324,0.982373939936121,0.982373939936121,222,305,dprf_full,vibration_missing,792,12.303583000029903,52235
0.9911616161616161,0.9911544770837676,0.9911544770837676,222,305,dprf_full,electrical_missing,792,12.303583000029903,52235
0.9987373737373737,0.9987373556209196,0.9987373556209197,222,305,dprf_full,vibration_gain_075,792,12.303583000029903,52235
0.9974747474747475,0.9974747293582933,0.9974747293582935,222,305,dprf_full,vibration_gain_050,792,12.303583000029903,52235
0.9936868686868687,0.9936858762290407,0.9936858762290409,222,305,dprf_full,vibration_gain_025,792,12.303583000029903,52235
0.9987373737373737,0.9987373556209196,0.9987373556209197,222,305,dprf_full,electrical_gain_075,792,12.303583000029903,52235
0.9987373737373737,0.9987373556209196,0.9987373556209197,222,305,dprf_full,electrical_gain_050,792,12.303583000029903,52235
0.9987373737373737,0.9987373556209196,0.9987373556209197,222,305,dprf_full,electrical_gain_025,792,12.303583000029903,52235
1.0,1.0,1.0,222,305,dprf_full,vibration_drift_025rms,792,12.303583000029903,52235
1.0,1.0,1.0,222,305,dprf_full,vibration_drift_050rms,792,12.303583000029903,52235
1.0,1.0,1.0,222,305,dprf_full,vibration_drift_100rms,792,12.303583000029903,52235
1.0,1.0,1.0,222,305,dprf_full,electrical_drift_025rms,792,12.303583000029903,52235
1.0,1.0,1.0,222,305,dprf_full,electrical_drift_050rms,792,12.303583000029903,52235
0.98989898989899,0.9898962353617403,0.9898962353617403,222,305,dprf_full,electrical_drift_100rms,792,12.303583000029903,52235
1.0,1.0,1.0,333,301,mean_da,clean_reextract,792,6.634246699977666,10822
0.9646464646464646,0.9645849178174801,0.96458491781748,333,301,mean_da,vibration_missing,792,6.634246699977666,10822
0.9431818181818182,0.9416201110452955,0.9416201110452954,333,301,mean_da,electrical_missing,792,6.634246699977666,10822
1.0,1.0,1.0,333,301,mean_da,vibration_gain_075,792,6.634246699977666,10822
1.0,1.0,1.0,333,301,mean_da,vibration_gain_050,792,6.634246699977666,10822
0.9911616161616161,0.9911592058869075,0.9911592058869074,333,301,mean_da,vibration_gain_025,792,6.634246699977666,10822
1.0,1.0,1.0,333,301,mean_da,electrical_gain_075,792,6.634246699977666,10822
1.0,1.0,1.0,333,301,mean_da,electrical_gain_050,792,6.634246699977666,10822
0.9974747474747475,0.9974746025368767,0.9974746025368766,333,301,mean_da,electrical_gain_025,792,6.634246699977666,10822
1.0,1.0,1.0,333,301,mean_da,vibration_drift_025rms,792,6.634246699977666,10822
1.0,1.0,1.0,333,301,mean_da,vibration_drift_050rms,792,6.634246699977666,10822
1.0,1.0,1.0,333,301,mean_da,vibration_drift_100rms,792,6.634246699977666,10822
1.0,1.0,1.0,333,301,mean_da,electrical_drift_025rms,792,6.634246699977666,10822
0.9936868686868687,0.993684603350031,0.993684603350031,333,301,mean_da,electrical_drift_050rms,792,6.634246699977666,10822
0.6136363636363636,0.5149114549776953,0.5149114549776953,333,301,mean_da,electrical_drift_100rms,792,6.634246699977666,10822
1.0,1.0,1.0,333,301,gate_da,clean_reextract,792,8.723076399997808,27400
0.9734848484848485,0.9734839019434139,0.9734839019434139,333,301,gate_da,vibration_missing,792,8.723076399997808,27400
0.9671717171717171,0.9668501883512026,0.9668501883512026,333,301,gate_da,electrical_missing,792,8.723076399997808,27400
1.0,1.0,1.0,333,301,gate_da,vibration_gain_075,792,8.723076399997808,27400
1.0,1.0,1.0,333,301,gate_da,vibration_gain_050,792,8.723076399997808,27400
0.9974747474747475,0.9974746025368765,0.9974746025368766,333,301,gate_da,vibration_gain_025,792,8.723076399997808,27400
0.9747474747474747,0.9746017086123296,0.9746017086123298,333,301,gate_da,electrical_gain_075,792,8.723076399997808,27400
0.9785353535353535,0.978445978071376,0.978445978071376,333,301,gate_da,electrical_gain_050,792,8.723076399997808,27400
0.9785353535353535,0.978445978071376,0.978445978071376,333,301,gate_da,electrical_gain_025,792,8.723076399997808,27400
1.0,1.0,1.0,333,301,gate_da,vibration_drift_025rms,792,8.723076399997808,27400
1.0,1.0,1.0,333,301,gate_da,vibration_drift_050rms,792,8.723076399997808,27400
1.0,1.0,1.0,333,301,gate_da,vibration_drift_100rms,792,8.723076399997808,27400
1.0,1.0,1.0,333,301,gate_da,electrical_drift_025rms,792,8.723076399997808,27400
0.9709595959595959,0.9707374904217329,0.9707374904217329,333,301,gate_da,electrical_drift_050rms,792,8.723076399997808,27400
0.6565656565656566,0.6250904792168973,0.6250904792168973,333,301,gate_da,electrical_drift_100rms,792,8.723076399997808,27400
1.0,1.0,1.0,333,301,rcarf_hard,clean_reextract,792,11.120421300001908,35657
0.9696969696969697,0.9696960644931857,0.9696960644931856,333,301,rcarf_hard,vibration_missing,792,11.120421300001908,35657
0.9431818181818182,0.9414815799973401,0.9414815799973401,333,301,rcarf_hard,electrical_missing,792,11.120421300001908,35657
1.0,1.0,1.0,333,301,rcarf_hard,vibration_gain_075,792,11.120421300001908,35657
0.9987373737373737,0.9987373556209197,0.9987373556209197,333,301,rcarf_hard,vibration_gain_050,792,11.120421300001908,35657
0.98989898989899,0.9899113506840572,0.9899113506840573,333,301,rcarf_hard,vibration_gain_025,792,11.120421300001908,35657
0.9431818181818182,0.9414815799973401,0.9414815799973401,333,301,rcarf_hard,electrical_gain_075,792,11.120421300001908,35657
0.9431818181818182,0.9414815799973401,0.9414815799973401,333,301,rcarf_hard,electrical_gain_050,792,11.120421300001908,35657
0.9431818181818182,0.9414815799973401,0.9414815799973401,333,301,rcarf_hard,electrical_gain_025,792,11.120421300001908,35657
1.0,1.0,1.0,333,301,rcarf_hard,vibration_drift_025rms,792,11.120421300001908,35657
1.0,1.0,1.0,333,301,rcarf_hard,vibration_drift_050rms,792,11.120421300001908,35657
1.0,1.0,1.0,333,301,rcarf_hard,vibration_drift_100rms,792,11.120421300001908,35657
0.9987373737373737,0.9987373556209197,0.9987373556209197,333,301,rcarf_hard,electrical_drift_025rms,792,11.120421300001908,35657
0.9431818181818182,0.9414815799973401,0.9414815799973401,333,301,rcarf_hard,electrical_drift_050rms,792,11.120421300001908,35657
0.9431818181818182,0.9414815799973401,0.9414815799973401,333,301,rcarf_hard,electrical_drift_100rms,792,11.120421300001908,35657
1.0,1.0,1.0,333,301,dprf_no_rel_loss,clean_reextract,792,11.997652499994729,52235
0.9608585858585859,0.9608668254803069,0.9608668254803069,333,301,dprf_no_rel_loss,vibration_missing,792,11.997652499994729,52235
0.9583333333333334,0.9577308318557752,0.9577308318557752,333,301,dprf_no_rel_loss,electrical_missing,792,11.997652499994729,52235
1.0,1.0,1.0,333,301,dprf_no_rel_loss,vibration_gain_075,792,11.997652499994729,52235
1.0,1.0,1.0,333,301,dprf_no_rel_loss,vibration_gain_050,792,11.997652499994729,52235
0.9671717171717171,0.9668860721589748,0.9668860721589748,333,301,dprf_no_rel_loss,vibration_gain_025,792,11.997652499994729,52235
0.9987373737373737,0.9987373556209196,0.9987373556209198,333,301,dprf_no_rel_loss,electrical_gain_075,792,11.997652499994729,52235
0.9987373737373737,0.9987373556209196,0.9987373556209198,333,301,dprf_no_rel_loss,electrical_gain_050,792,11.997652499994729,52235
0.9974747474747475,0.9974746025368767,0.9974746025368766,333,301,dprf_no_rel_loss,electrical_gain_025,792,11.997652499994729,52235
1.0,1.0,1.0,333,301,dprf_no_rel_loss,vibration_drift_025rms,792,11.997652499994729,52235
1.0,1.0,1.0,333,301,dprf_no_rel_loss,vibration_drift_050rms,792,11.997652499994729,52235
1.0,1.0,1.0,333,301,dprf_no_rel_loss,vibration_drift_100rms,792,11.997652499994729,52235
1.0,1.0,1.0,333,301,dprf_no_rel_loss,electrical_drift_025rms,792,11.997652499994729,52235
0.9861111111111112,0.986086956521739,0.9860869565217392,333,301,dprf_no_rel_loss,electrical_drift_050rms,792,11.997652499994729,52235
0.7373737373737373,0.7074963339421321,0.7074963339421321,333,301,dprf_no_rel_loss,electrical_drift_100rms,792,11.997652499994729,52235
1.0,1.0,1.0,333,301,dprf_no_switch_loss,clean_reextract,792,12.16178470000159,52235
0.9709595959595959,0.9709483954952484,0.9709483954952483,333,301,dprf_no_switch_loss,vibration_missing,792,12.16178470000159,52235
0.9823232323232324,0.9822733812949641,0.9822733812949639,333,301,dprf_no_switch_loss,electrical_missing,792,12.16178470000159,52235
1.0,1.0,1.0,333,301,dprf_no_switch_loss,vibration_gain_075,792,12.16178470000159,52235
1.0,1.0,1.0,333,301,dprf_no_switch_loss,vibration_gain_050,792,12.16178470000159,52235
0.9987373737373737,0.9987373556209196,0.9987373556209198,333,301,dprf_no_switch_loss,vibration_gain_025,792,12.16178470000159,52235
0.9823232323232324,0.9822733812949641,0.9822733812949639,333,301,dprf_no_switch_loss,electrical_gain_075,792,12.16178470000159,52235
0.9823232323232324,0.9822733812949641,0.9822733812949639,333,301,dprf_no_switch_loss,electrical_gain_050,792,12.16178470000159,52235
0.9823232323232324,0.9822733812949641,0.9822733812949639,333,301,dprf_no_switch_loss,electrical_gain_025,792,12.16178470000159,52235
1.0,1.0,1.0,333,301,dprf_no_switch_loss,vibration_drift_025rms,792,12.16178470000159,52235
1.0,1.0,1.0,333,301,dprf_no_switch_loss,vibration_drift_050rms,792,12.16178470000159,52235
1.0,1.0,1.0,333,301,dprf_no_switch_loss,vibration_drift_100rms,792,12.16178470000159,52235
1.0,1.0,1.0,333,301,dprf_no_switch_loss,electrical_drift_025rms,792,12.16178470000159,52235
0.9924242424242424,0.9924203273040483,0.9924203273040482,333,301,dprf_no_switch_loss,electrical_drift_050rms,792,12.16178470000159,52235
0.9128787878787878,0.90758140943236,0.9075814094323599,333,301,dprf_no_switch_loss,electrical_drift_100rms,792,12.16178470000159,52235
1.0,1.0,1.0,333,301,dprf_no_semantic,clean_reextract,792,10.895782799983863,52235
0.9633838383838383,0.9633723564938057,0.9633723564938056,333,301,dprf_no_semantic,vibration_missing,792,10.895782799983863,52235
0.9507575757575758,0.9498214054112891,0.9498214054112893,333,301,dprf_no_semantic,electrical_missing,792,10.895782799983863,52235
1.0,1.0,1.0,333,301,dprf_no_semantic,vibration_gain_075,792,10.895782799983863,52235
1.0,1.0,1.0,333,301,dprf_no_semantic,vibration_gain_050,792,10.895782799983863,52235
0.9949494949494949,0.9949483352468427,0.9949483352468428,333,301,dprf_no_semantic,vibration_gain_025,792,10.895782799983863,52235
1.0,1.0,1.0,333,301,dprf_no_semantic,electrical_gain_075,792,10.895782799983863,52235
0.9987373737373737,0.9987373556209197,0.9987373556209198,333,301,dprf_no_semantic,electrical_gain_050,792,10.895782799983863,52235
0.9962121212121212,0.9962022275380491,0.9962022275380492,333,301,dprf_no_semantic,electrical_gain_025,792,10.895782799983863,52235
1.0,1.0,1.0,333,301,dprf_no_semantic,vibration_drift_025rms,792,10.895782799983863,52235
1.0,1.0,1.0,333,301,dprf_no_semantic,vibration_drift_050rms,792,10.895782799983863,52235
1.0,1.0,1.0,333,301,dprf_no_semantic,vibration_drift_100rms,792,10.895782799983863,52235
1.0,1.0,1.0,333,301,dprf_no_semantic,electrical_drift_025rms,792,10.895782799983863,52235
0.9974747474747475,0.9974746025368767,0.9974746025368766,333,301,dprf_no_semantic,electrical_drift_050rms,792,10.895782799983863,52235
0.8421717171717171,0.8226548561582273,0.8226548561582273,333,301,dprf_no_semantic,electrical_drift_100rms,792,10.895782799983863,52235
1.0,1.0,1.0,333,301,dprf_full,clean_reextract,792,12.20414059999166,52235
0.946969696969697,0.9466238503315445,0.9466238503315443,333,301,dprf_full,vibration_missing,792,12.20414059999166,52235
0.9558080808080808,0.9550981012307473,0.9550981012307473,333,301,dprf_full,electrical_missing,792,12.20414059999166,52235
1.0,1.0,1.0,333,301,dprf_full,vibration_gain_075,792,12.20414059999166,52235
1.0,1.0,1.0,333,301,dprf_full,vibration_gain_050,792,12.20414059999166,52235
0.9949494949494949,0.9949483352468427,0.9949483352468428,333,301,dprf_full,vibration_gain_025,792,12.20414059999166,52235
0.9987373737373737,0.9987373556209196,0.9987373556209198,333,301,dprf_full,electrical_gain_075,792,12.20414059999166,52235
1.0,1.0,1.0,333,301,dprf_full,electrical_gain_050,792,12.20414059999166,52235
0.9949494949494949,0.9949443119621089,0.9949443119621089,333,301,dprf_full,electrical_gain_025,792,12.20414059999166,52235
1.0,1.0,1.0,333,301,dprf_full,vibration_drift_025rms,792,12.20414059999166,52235
1.0,1.0,1.0,333,301,dprf_full,vibration_drift_050rms,792,12.20414059999166,52235
1.0,1.0,1.0,333,301,dprf_full,vibration_drift_100rms,792,12.20414059999166,52235
1.0,1.0,1.0,333,301,dprf_full,electrical_drift_025rms,792,12.20414059999166,52235
0.9886363636363636,0.9885867554568998,0.9885867554568998,333,301,dprf_full,electrical_drift_050rms,792,12.20414059999166,52235
0.9318181818181818,0.929007811763369,0.9290078117633688,333,301,dprf_full,electrical_drift_100rms,792,12.20414059999166,52235
1.0,1.0,1.0,333,302,mean_da,clean_reextract,792,6.626548899977934,10822
0.9671717171717171,0.9671710603172156,0.9671710603172156,333,302,mean_da,vibration_missing,792,6.626548899977934,10822
0.9457070707070707,0.9445309634238853,0.9445309634238854,333,302,mean_da,electrical_missing,792,6.626548899977934,10822
1.0,1.0,1.0,333,302,mean_da,vibration_gain_075,792,6.626548899977934,10822
1.0,1.0,1.0,333,302,mean_da,vibration_gain_050,792,6.626548899977934,10822
0.9987373737373737,0.9987373556209197,0.9987373556209197,333,302,mean_da,vibration_gain_025,792,6.626548899977934,10822
1.0,1.0,1.0,333,302,mean_da,electrical_gain_075,792,6.626548899977934,10822
1.0,1.0,1.0,333,302,mean_da,electrical_gain_050,792,6.626548899977934,10822
0.9911616161616161,0.9911852743958511,0.9911852743958512,333,302,mean_da,electrical_gain_025,792,6.626548899977934,10822
1.0,1.0,1.0,333,302,mean_da,vibration_drift_025rms,792,6.626548899977934,10822
1.0,1.0,1.0,333,302,mean_da,vibration_drift_050rms,792,6.626548899977934,10822
1.0,1.0,1.0,333,302,mean_da,vibration_drift_100rms,792,6.626548899977934,10822
1.0,1.0,1.0,333,302,mean_da,electrical_drift_025rms,792,6.626548899977934,10822
1.0,1.0,1.0,333,302,mean_da,electrical_drift_050rms,792,6.626548899977934,10822
0.8106060606060606,0.7556848268518589,0.7556848268518588,333,302,mean_da,electrical_drift_100rms,792,6.626548899977934,10822
1.0,1.0,1.0,333,302,gate_da,clean_reextract,792,8.783948399999645,27400
0.9633838383838383,0.9631980488378615,0.9631980488378615,333,302,gate_da,vibration_missing,792,8.783948399999645,27400
0.9974747474747475,0.9974746025368767,0.9974746025368766,333,302,gate_da,electrical_missing,792,8.783948399999645,27400
1.0,1.0,1.0,333,302,gate_da,vibration_gain_075,792,8.783948399999645,27400
1.0,1.0,1.0,333,302,gate_da,vibration_gain_050,792,8.783948399999645,27400
0.976010101010101,0.9758851950674262,0.9758851950674263,333,302,gate_da,vibration_gain_025,792,8.783948399999645,27400
0.9974747474747475,0.9974746025368767,0.9974746025368766,333,302,gate_da,electrical_gain_075,792,8.783948399999645,27400
0.9974747474747475,0.9974746025368767,0.9974746025368766,333,302,gate_da,electrical_gain_050,792,8.783948399999645,27400
0.9974747474747475,0.9974746025368767,0.9974746025368766,333,302,gate_da,electrical_gain_025,792,8.783948399999645,27400
1.0,1.0,1.0,333,302,gate_da,vibration_drift_025rms,792,8.783948399999645,27400
1.0,1.0,1.0,333,302,gate_da,vibration_drift_050rms,792,8.783948399999645,27400
1.0,1.0,1.0,333,302,gate_da,vibration_drift_100rms,792,8.783948399999645,27400
1.0,1.0,1.0,333,302,gate_da,electrical_drift_025rms,792,8.783948399999645,27400
0.9974747474747475,0.9974746025368767,0.9974746025368766,333,302,gate_da,electrical_drift_050rms,792,8.783948399999645,27400
0.8143939393939394,0.780973042709835,0.780973042709835,333,302,gate_da,electrical_drift_100rms,792,8.783948399999645,27400
1.0,1.0,1.0,333,302,rcarf_hard,clean_reextract,792,11.576260300003923,35657
0.9861111111111112,0.9861202578302097,0.9861202578302097,333,302,rcarf_hard,vibration_missing,792,11.576260300003923,35657
0.9848484848484849,0.9848171152518979,0.984817115251898,333,302,rcarf_hard,electrical_missing,792,11.576260300003923,35657
1.0,1.0,1.0,333,302,rcarf_hard,vibration_gain_075,792,11.576260300003923,35657
0.9987373737373737,0.9987373556209197,0.9987373556209197,333,302,rcarf_hard,vibration_gain_050,792,11.576260300003923,35657
0.9924242424242424,0.9924240258440781,0.9924240258440781,333,302,rcarf_hard,vibration_gain_025,792,11.576260300003923,35657
0.9848484848484849,0.9848171152518979,0.984817115251898,333,302,rcarf_hard,electrical_gain_075,792,11.576260300003923,35657
0.9848484848484849,0.9848171152518979,0.984817115251898,333,302,rcarf_hard,electrical_gain_050,792,11.576260300003923,35657
0.9848484848484849,0.9848171152518979,0.984817115251898,333,302,rcarf_hard,electrical_gain_025,792,11.576260300003923,35657
1.0,1.0,1.0,333,302,rcarf_hard,vibration_drift_025rms,792,11.576260300003923,35657
1.0,1.0,1.0,333,302,rcarf_hard,vibration_drift_050rms,792,11.576260300003923,35657
1.0,1.0,1.0,333,302,rcarf_hard,vibration_drift_100rms,792,11.576260300003923,35657
1.0,1.0,1.0,333,302,rcarf_hard,electrical_drift_025rms,792,11.576260300003923,35657
0.9848484848484849,0.9848171152518979,0.984817115251898,333,302,rcarf_hard,electrical_drift_050rms,792,11.576260300003923,35657
0.9848484848484849,0.9848171152518979,0.984817115251898,333,302,rcarf_hard,electrical_drift_100rms,792,11.576260300003923,35657
1.0,1.0,1.0,333,302,dprf_no_rel_loss,clean_reextract,792,12.114271400030702,52235
0.9621212121212122,0.9619620161847849,0.9619620161847848,333,302,dprf_no_rel_loss,vibration_missing,792,12.114271400030702,52235
0.9444444444444444,0.9428571428571427,0.9428571428571428,333,302,dprf_no_rel_loss,electrical_missing,792,12.114271400030702,52235
1.0,1.0,1.0,333,302,dprf_no_rel_loss,vibration_gain_075,792,12.114271400030702,52235
1.0,1.0,1.0,333,302,dprf_no_rel_loss,vibration_gain_050,792,12.114271400030702,52235
0.9305555555555556,0.9287374484863534,0.9287374484863535,333,302,dprf_no_rel_loss,vibration_gain_025,792,12.114271400030702,52235
1.0,1.0,1.0,333,302,dprf_no_rel_loss,electrical_gain_075,792,12.114271400030702,52235
1.0,1.0,1.0,333,302,dprf_no_rel_loss,electrical_gain_050,792,12.114271400030702,52235
0.9987373737373737,0.9987373556209196,0.9987373556209198,333,302,dprf_no_rel_loss,electrical_gain_025,792,12.114271400030702,52235
1.0,1.0,1.0,333,302,dprf_no_rel_loss,vibration_drift_025rms,792,12.114271400030702,52235
1.0,1.0,1.0,333,302,dprf_no_rel_loss,vibration_drift_050rms,792,12.114271400030702,52235
1.0,1.0,1.0,333,302,dprf_no_rel_loss,vibration_drift_100rms,792,12.114271400030702,52235
1.0,1.0,1.0,333,302,dprf_no_rel_loss,electrical_drift_025rms,792,12.114271400030702,52235
0.9659090909090909,0.9655487407020749,0.9655487407020751,333,302,dprf_no_rel_loss,electrical_drift_050rms,792,12.114271400030702,52235
0.9406565656565656,0.9388379771065664,0.9388379771065665,333,302,dprf_no_rel_loss,electrical_drift_100rms,792,12.114271400030702,52235
1.0,1.0,1.0,333,302,dprf_no_switch_loss,clean_reextract,792,12.238310199987609,52235
0.9659090909090909,0.9657556929116408,0.9657556929116409,333,302,dprf_no_switch_loss,vibration_missing,792,12.238310199987609,52235
0.9936868686868687,0.993684603350031,0.993684603350031,333,302,dprf_no_switch_loss,electrical_missing,792,12.238310199987609,52235
1.0,1.0,1.0,333,302,dprf_no_switch_loss,vibration_gain_075,792,12.238310199987609,52235
1.0,1.0,1.0,333,302,dprf_no_switch_loss,vibration_gain_050,792,12.238310199987609,52235
1.0,1.0,1.0,333,302,dprf_no_switch_loss,vibration_gain_025,792,12.238310199987609,52235
0.9936868686868687,0.993684603350031,0.993684603350031,333,302,dprf_no_switch_loss,electrical_gain_075,792,12.238310199987609,52235
0.9936868686868687,0.993684603350031,0.993684603350031,333,302,dprf_no_switch_loss,electrical_gain_050,792,12.238310199987609,52235
0.9936868686868687,0.993684603350031,0.993684603350031,333,302,dprf_no_switch_loss,electrical_gain_025,792,12.238310199987609,52235
1.0,1.0,1.0,333,302,dprf_no_switch_loss,vibration_drift_025rms,792,12.238310199987609,52235
1.0,1.0,1.0,333,302,dprf_no_switch_loss,vibration_drift_050rms,792,12.238310199987609,52235
1.0,1.0,1.0,333,302,dprf_no_switch_loss,vibration_drift_100rms,792,12.238310199987609,52235
1.0,1.0,1.0,333,302,dprf_no_switch_loss,electrical_drift_025rms,792,12.238310199987609,52235
1.0,1.0,1.0,333,302,dprf_no_switch_loss,electrical_drift_050rms,792,12.238310199987609,52235
0.9797979797979798,0.9797235023041475,0.9797235023041474,333,302,dprf_no_switch_loss,electrical_drift_100rms,792,12.238310199987609,52235
1.0,1.0,1.0,333,302,dprf_no_semantic,clean_reextract,792,10.982218499993905,52235
0.9659090909090909,0.965858800519535,0.965858800519535,333,302,dprf_no_semantic,vibration_missing,792,10.982218499993905,52235
0.9646464646464646,0.9644220937717636,0.9644220937717637,333,302,dprf_no_semantic,electrical_missing,792,10.982218499993905,52235
1.0,1.0,1.0,333,302,dprf_no_semantic,vibration_gain_075,792,10.982218499993905,52235
1.0,1.0,1.0,333,302,dprf_no_semantic,vibration_gain_050,792,10.982218499993905,52235
1.0,1.0,1.0,333,302,dprf_no_semantic,vibration_gain_025,792,10.982218499993905,52235
1.0,1.0,1.0,333,302,dprf_no_semantic,electrical_gain_075,792,10.982218499993905,52235
1.0,1.0,1.0,333,302,dprf_no_semantic,electrical_gain_050,792,10.982218499993905,52235
0.9924242424242424,0.9924203273040483,0.9924203273040482,333,302,dprf_no_semantic,electrical_gain_025,792,10.982218499993905,52235
1.0,1.0,1.0,333,302,dprf_no_semantic,vibration_drift_025rms,792,10.982218499993905,52235
1.0,1.0,1.0,333,302,dprf_no_semantic,vibration_drift_050rms,792,10.982218499993905,52235
1.0,1.0,1.0,333,302,dprf_no_semantic,vibration_drift_100rms,792,10.982218499993905,52235
1.0,1.0,1.0,333,302,dprf_no_semantic,electrical_drift_025rms,792,10.982218499993905,52235
1.0,1.0,1.0,333,302,dprf_no_semantic,electrical_drift_050rms,792,10.982218499993905,52235
0.9406565656565656,0.9387141227199312,0.9387141227199313,333,302,dprf_no_semantic,electrical_drift_100rms,792,10.982218499993905,52235
1.0,1.0,1.0,333,302,dprf_full,clean_reextract,792,12.411147599981632,52235
0.9722222222222222,0.9721357579637765,0.9721357579637765,333,302,dprf_full,vibration_missing,792,12.411147599981632,52235
0.9633838383838383,0.9629366059109724,0.9629366059109724,333,302,dprf_full,electrical_missing,792,12.411147599981632,52235
1.0,1.0,1.0,333,302,dprf_full,vibration_gain_075,792,12.411147599981632,52235
1.0,1.0,1.0,333,302,dprf_full,vibration_gain_050,792,12.411147599981632,52235
0.9924242424242424,0.9924183144527942,0.9924183144527942,333,302,dprf_full,vibration_gain_025,792,12.411147599981632,52235
1.0,1.0,1.0,333,302,dprf_full,electrical_gain_075,792,12.411147599981632,52235
0.9987373737373737,0.9987373556209196,0.9987373556209198,333,302,dprf_full,electrical_gain_050,792,12.411147599981632,52235
0.9873737373737373,0.9874014915070677,0.9874014915070677,333,302,dprf_full,electrical_gain_025,792,12.411147599981632,52235
1.0,1.0,1.0,333,302,dprf_full,vibration_drift_025rms,792,12.411147599981632,52235
1.0,1.0,1.0,333,302,dprf_full,vibration_drift_050rms,792,12.411147599981632,52235
1.0,1.0,1.0,333,302,dprf_full,vibration_drift_100rms,792,12.411147599981632,52235
1.0,1.0,1.0,333,302,dprf_full,electrical_drift_025rms,792,12.411147599981632,52235
0.9722222222222222,0.9720279720279721,0.972027972027972,333,302,dprf_full,electrical_drift_050rms,792,12.411147599981632,52235
0.9482323232323232,0.9472951381212553,0.9472951381212555,333,302,dprf_full,electrical_drift_100rms,792,12.411147599981632,52235
1.0,1.0,1.0,333,303,mean_da,clean_reextract,792,6.658410799980629,10822
0.9482323232323232,0.9476061284885517,0.9476061284885519,333,303,mean_da,vibration_missing,792,6.658410799980629,10822
0.9949494949494949,0.9949541875197269,0.9949541875197269,333,303,mean_da,electrical_missing,792,6.658410799980629,10822
1.0,1.0,1.0,333,303,mean_da,vibration_gain_075,792,6.658410799980629,10822
1.0,1.0,1.0,333,303,mean_da,vibration_gain_050,792,6.658410799980629,10822
0.9709595959595959,0.9699938825762601,0.9699938825762597,333,303,mean_da,vibration_gain_025,792,6.658410799980629,10822
1.0,1.0,1.0,333,303,mean_da,electrical_gain_075,792,6.658410799980629,10822
1.0,1.0,1.0,333,303,mean_da,electrical_gain_050,792,6.658410799980629,10822
0.9974747474747475,0.9974746025368767,0.9974746025368766,333,303,mean_da,electrical_gain_025,792,6.658410799980629,10822
1.0,1.0,1.0,333,303,mean_da,vibration_drift_025rms,792,6.658410799980629,10822
1.0,1.0,1.0,333,303,mean_da,vibration_drift_050rms,792,6.658410799980629,10822
1.0,1.0,1.0,333,303,mean_da,vibration_drift_100rms,792,6.658410799980629,10822
1.0,1.0,1.0,333,303,mean_da,electrical_drift_025rms,792,6.658410799980629,10822
1.0,1.0,1.0,333,303,mean_da,electrical_drift_050rms,792,6.658410799980629,10822
0.5744949494949495,0.4894418423762829,0.48944184237628297,333,303,mean_da,electrical_drift_100rms,792,6.658410799980629,10822
1.0,1.0,1.0,333,303,gate_da,clean_reextract,792,8.765709200000856,27400
0.9709595959595959,0.9709365908695909,0.9709365908695908,333,303,gate_da,vibration_missing,792,8.765709200000856,27400
0.9987373737373737,0.9987373556209196,0.9987373556209197,333,303,gate_da,electrical_missing,792,8.765709200000856,27400
1.0,1.0,1.0,333,303,gate_da,vibration_gain_075,792,8.765709200000856,27400
1.0,1.0,1.0,333,303,gate_da,vibration_gain_050,792,8.765709200000856,27400
0.946969696969697,0.9461718852805308,0.9461718852805309,333,303,gate_da,vibration_gain_025,792,8.765709200000856,27400
0.9987373737373737,0.9987373556209196,0.9987373556209197,333,303,gate_da,electrical_gain_075,792,8.765709200000856,27400
0.9987373737373737,0.9987373556209196,0.9987373556209197,333,303,gate_da,electrical_gain_050,792,8.765709200000856,27400
0.9987373737373737,0.9987373556209196,0.9987373556209197,333,303,gate_da,electrical_gain_025,792,8.765709200000856,27400
1.0,1.0,1.0,333,303,gate_da,vibration_drift_025rms,792,8.765709200000856,27400
1.0,1.0,1.0,333,303,gate_da,vibration_drift_050rms,792,8.765709200000856,27400
0.9987373737373737,0.9987373556209197,0.9987373556209197,333,303,gate_da,vibration_drift_100rms,792,8.765709200000856,27400
1.0,1.0,1.0,333,303,gate_da,electrical_drift_025rms,792,8.765709200000856,27400
1.0,1.0,1.0,333,303,gate_da,electrical_drift_050rms,792,8.765709200000856,27400
0.9987373737373737,0.9987373556209196,0.9987373556209198,333,303,gate_da,electrical_drift_100rms,792,8.765709200000856,27400
1.0,1.0,1.0,333,303,rcarf_hard,clean_reextract,792,11.079503800021484,35657
0.9848484848484849,0.9848793342264104,0.9848793342264103,333,303,rcarf_hard,vibration_missing,792,11.079503800021484,35657
0.98989898989899,0.9898897058823529,0.9898897058823529,333,303,rcarf_hard,electrical_missing,792,11.079503800021484,35657
1.0,1.0,1.0,333,303,rcarf_hard,vibration_gain_075,792,11.079503800021484,35657
0.9974747474747475,0.9974794400449793,0.9974794400449793,333,303,rcarf_hard,vibration_gain_050,792,11.079503800021484,35657
0.9924242424242424,0.992438320134938,0.992438320134938,333,303,rcarf_hard,vibration_gain_025,792,11.079503800021484,35657
0.98989898989899,0.9898897058823529,0.9898897058823529,333,303,rcarf_hard,electrical_gain_075,792,11.079503800021484,35657
0.98989898989899,0.9898897058823529,0.9898897058823529,333,303,rcarf_hard,electrical_gain_050,792,11.079503800021484,35657
0.98989898989899,0.9898897058823529,0.9898897058823529,333,303,rcarf_hard,electrical_gain_025,792,11.079503800021484,35657
1.0,1.0,1.0,333,303,rcarf_hard,vibration_drift_025rms,792,11.079503800021484,35657
1.0,1.0,1.0,333,303,rcarf_hard,vibration_drift_050rms,792,11.079503800021484,35657
1.0,1.0,1.0,333,303,rcarf_hard,vibration_drift_100rms,792,11.079503800021484,35657
1.0,1.0,1.0,333,303,rcarf_hard,electrical_drift_025rms,792,11.079503800021484,35657
0.98989898989899,0.9898897058823529,0.9898897058823529,333,303,rcarf_hard,electrical_drift_050rms,792,11.079503800021484,35657
0.98989898989899,0.9898897058823529,0.9898897058823529,333,303,rcarf_hard,electrical_drift_100rms,792,11.079503800021484,35657
1.0,1.0,1.0,333,303,dprf_no_rel_loss,clean_reextract,792,12.17875570000615,52235
0.9734848484848485,0.9735161263154962,0.9735161263154961,333,303,dprf_no_rel_loss,vibration_missing,792,12.17875570000615,52235
0.976010101010101,0.9759448649356041,0.9759448649356041,333,303,dprf_no_rel_loss,electrical_missing,792,12.17875570000615,52235
1.0,1.0,1.0,333,303,dprf_no_rel_loss,vibration_gain_075,792,12.17875570000615,52235
1.0,1.0,1.0,333,303,dprf_no_rel_loss,vibration_gain_050,792,12.17875570000615,52235
0.9873737373737373,0.9873604971852377,0.9873604971852379,333,303,dprf_no_rel_loss,vibration_gain_025,792,12.17875570000615,52235
0.9987373737373737,0.9987373556209196,0.9987373556209197,333,303,dprf_no_rel_loss,electrical_gain_075,792,12.17875570000615,52235
0.9911616161616161,0.9911576829249679,0.9911576829249679,333,303,dprf_no_rel_loss,electrical_gain_050,792,12.17875570000615,52235
0.9558080808080808,0.9552148388663121,0.955214838866312,333,303,dprf_no_rel_loss,electrical_gain_025,792,12.17875570000615,52235
1.0,1.0,1.0,333,303,dprf_no_rel_loss,vibration_drift_025rms,792,12.17875570000615,52235
1.0,1.0,1.0,333,303,dprf_no_rel_loss,vibration_drift_050rms,792,12.17875570000615,52235
1.0,1.0,1.0,333,303,dprf_no_rel_loss,vibration_drift_100rms,792,12.17875570000615,52235
1.0,1.0,1.0,333,303,dprf_no_rel_loss,electrical_drift_025rms,792,12.17875570000615,52235
0.9886363636363636,0.9886329385968736,0.9886329385968737,333,303,dprf_no_rel_loss,electrical_drift_050rms,792,12.17875570000615,52235
0.7904040404040404,0.7810241422279037,0.7810241422279037,333,303,dprf_no_rel_loss,electrical_drift_100rms,792,12.17875570000615,52235
1.0,1.0,1.0,333,303,dprf_no_switch_loss,clean_reextract,792,12.25163120002253,52235
0.9734848484848485,0.9734847941354864,0.9734847941354865,333,303,dprf_no_switch_loss,vibration_missing,792,12.25163120002253,52235
0.9608585858585859,0.9603113406561432,0.9603113406561431,333,303,dprf_no_switch_loss,electrical_missing,792,12.25163120002253,52235
1.0,1.0,1.0,333,303,dprf_no_switch_loss,vibration_gain_075,792,12.25163120002253,52235
1.0,1.0,1.0,333,303,dprf_no_switch_loss,vibration_gain_050,792,12.25163120002253,52235
1.0,1.0,1.0,333,303,dprf_no_switch_loss,vibration_gain_025,792,12.25163120002253,52235
0.9886363636363636,0.9886231415643181,0.9886231415643181,333,303,dprf_no_switch_loss,electrical_gain_075,792,12.25163120002253,52235
0.9772727272727273,0.9771665801764401,0.9771665801764401,333,303,dprf_no_switch_loss,electrical_gain_050,792,12.25163120002253,52235
0.9608585858585859,0.9603113406561432,0.9603113406561431,333,303,dprf_no_switch_loss,electrical_gain_025,792,12.25163120002253,52235
1.0,1.0,1.0,333,303,dprf_no_switch_loss,vibration_drift_025rms,792,12.25163120002253,52235
1.0,1.0,1.0,333,303,dprf_no_switch_loss,vibration_drift_050rms,792,12.25163120002253,52235
1.0,1.0,1.0,333,303,dprf_no_switch_loss,vibration_drift_100rms,792,12.25163120002253,52235
1.0,1.0,1.0,333,303,dprf_no_switch_loss,electrical_drift_025rms,792,12.25163120002253,52235
0.9722222222222222,0.9720279720279721,0.972027972027972,333,303,dprf_no_switch_loss,electrical_drift_050rms,792,12.25163120002253,52235
0.9002525252525253,0.8908331865962072,0.8908331865962074,333,303,dprf_no_switch_loss,electrical_drift_100rms,792,12.25163120002253,52235
1.0,1.0,1.0,333,303,dprf_no_semantic,clean_reextract,792,10.998448800004553,52235
0.9659090909090909,0.9658440487042174,0.9658440487042174,333,303,dprf_no_semantic,vibration_missing,792,10.998448800004553,52235
0.976010101010101,0.9758851950674261,0.9758851950674262,333,303,dprf_no_semantic,electrical_missing,792,10.998448800004553,52235
1.0,1.0,1.0,333,303,dprf_no_semantic,vibration_gain_075,792,10.998448800004553,52235
1.0,1.0,1.0,333,303,dprf_no_semantic,vibration_gain_050,792,10.998448800004553,52235
1.0,1.0,1.0,333,303,dprf_no_semantic,vibration_gain_025,792,10.998448800004553,52235
1.0,1.0,1.0,333,303,dprf_no_semantic,electrical_gain_075,792,10.998448800004553,52235
1.0,1.0,1.0,333,303,dprf_no_semantic,electrical_gain_050,792,10.998448800004553,52235
0.9936868686868687,0.9937042904419613,0.9937042904419614,333,303,dprf_no_semantic,electrical_gain_025,792,10.998448800004553,52235
1.0,1.0,1.0,333,303,dprf_no_semantic,vibration_drift_025rms,792,10.998448800004553,52235
1.0,1.0,1.0,333,303,dprf_no_semantic,vibration_drift_050rms,792,10.998448800004553,52235
1.0,1.0,1.0,333,303,dprf_no_semantic,vibration_drift_100rms,792,10.998448800004553,52235
1.0,1.0,1.0,333,303,dprf_no_semantic,electrical_drift_025rms,792,10.998448800004553,52235
1.0,1.0,1.0,333,303,dprf_no_semantic,electrical_drift_050rms,792,10.998448800004553,52235
0.9431818181818182,0.9418042834867139,0.941804283486714,333,303,dprf_no_semantic,electrical_drift_100rms,792,10.998448800004553,52235
1.0,1.0,1.0,333,303,dprf_full,clean_reextract,792,12.263559300045017,52235
0.9671717171717171,0.9672098160745123,0.9672098160745123,333,303,dprf_full,vibration_missing,792,12.263559300045017,52235
0.9747474747474747,0.9746017086123296,0.9746017086123298,333,303,dprf_full,electrical_missing,792,12.263559300045017,52235
1.0,1.0,1.0,333,303,dprf_full,vibration_gain_075,792,12.263559300045017,52235
1.0,1.0,1.0,333,303,dprf_full,vibration_gain_050,792,12.263559300045017,52235
1.0,1.0,1.0,333,303,dprf_full,vibration_gain_025,792,12.263559300045017,52235
1.0,1.0,1.0,333,303,dprf_full,electrical_gain_075,792,12.263559300045017,52235
0.9974747474747475,0.9974746025368767,0.9974746025368766,333,303,dprf_full,electrical_gain_050,792,12.263559300045017,52235
0.9785353535353535,0.9785305614930584,0.9785305614930586,333,303,dprf_full,electrical_gain_025,792,12.263559300045017,52235
1.0,1.0,1.0,333,303,dprf_full,vibration_drift_025rms,792,12.263559300045017,52235
1.0,1.0,1.0,333,303,dprf_full,vibration_drift_050rms,792,12.263559300045017,52235
1.0,1.0,1.0,333,303,dprf_full,vibration_drift_100rms,792,12.263559300045017,52235
1.0,1.0,1.0,333,303,dprf_full,electrical_drift_025rms,792,12.263559300045017,52235
0.9987373737373737,0.9987373556209196,0.9987373556209198,333,303,dprf_full,electrical_drift_050rms,792,12.263559300045017,52235
0.9204545454545454,0.9192832647962947,0.9192832647962947,333,303,dprf_full,electrical_drift_100rms,792,12.263559300045017,52235
1.0,1.0,1.0,333,304,mean_da,clean_reextract,792,6.6993263000040315,10822
0.9671717171717171,0.9671860285405826,0.9671860285405823,333,304,mean_da,vibration_missing,792,6.6993263000040315,10822
0.9457070707070707,0.9447844301469638,0.9447844301469639,333,304,mean_da,electrical_missing,792,6.6993263000040315,10822
1.0,1.0,1.0,333,304,mean_da,vibration_gain_075,792,6.6993263000040315,10822
1.0,1.0,1.0,333,304,mean_da,vibration_gain_050,792,6.6993263000040315,10822
1.0,1.0,1.0,333,304,mean_da,vibration_gain_025,792,6.6993263000040315,10822
0.9962121212121212,0.9962116320117094,0.9962116320117095,333,304,mean_da,electrical_gain_075,792,6.6993263000040315,10822
0.9772727272727273,0.9772108978924368,0.9772108978924366,333,304,mean_da,electrical_gain_050,792,6.6993263000040315,10822
0.9393939393939394,0.9379131438133607,0.9379131438133607,333,304,mean_da,electrical_gain_025,792,6.6993263000040315,10822
1.0,1.0,1.0,333,304,mean_da,vibration_drift_025rms,792,6.6993263000040315,10822
1.0,1.0,1.0,333,304,mean_da,vibration_drift_050rms,792,6.6993263000040315,10822
1.0,1.0,1.0,333,304,mean_da,vibration_drift_100rms,792,6.6993263000040315,10822
1.0,1.0,1.0,333,304,mean_da,electrical_drift_025rms,792,6.6993263000040315,10822
0.9962121212121212,0.9962116320117095,0.9962116320117095,333,304,mean_da,electrical_drift_050rms,792,6.6993263000040315,10822
0.7297979797979798,0.6689113559042333,0.6689113559042333,333,304,mean_da,electrical_drift_100rms,792,6.6993263000040315,10822
1.0,1.0,1.0,333,304,gate_da,clean_reextract,792,8.824357700010296,27400
0.9709595959595959,0.9710104104677653,0.9710104104677653,333,304,gate_da,vibration_missing,792,8.824357700010296,27400
0.9823232323232324,0.9822851258555642,0.9822851258555639,333,304,gate_da,electrical_missing,792,8.824357700010296,27400
1.0,1.0,1.0,333,304,gate_da,vibration_gain_075,792,8.824357700010296,27400
1.0,1.0,1.0,333,304,gate_da,vibration_gain_050,792,8.824357700010296,27400
0.9911616161616161,0.9911553979353024,0.9911553979353023,333,304,gate_da,vibration_gain_025,792,8.824357700010296,27400
0.9823232323232324,0.9822851258555642,0.9822851258555639,333,304,gate_da,electrical_gain_075,792,8.824357700010296,27400
0.9823232323232324,0.9822851258555642,0.9822851258555639,333,304,gate_da,electrical_gain_050,792,8.824357700010296,27400
0.9823232323232324,0.9822851258555642,0.9822851258555639,333,304,gate_da,electrical_gain_025,792,8.824357700010296,27400
1.0,1.0,1.0,333,304,gate_da,vibration_drift_025rms,792,8.824357700010296,27400
1.0,1.0,1.0,333,304,gate_da,vibration_drift_050rms,792,8.824357700010296,27400
1.0,1.0,1.0,333,304,gate_da,vibration_drift_100rms,792,8.824357700010296,27400
1.0,1.0,1.0,333,304,gate_da,electrical_drift_025rms,792,8.824357700010296,27400
0.9835858585858586,0.9835459605620839,0.9835459605620838,333,304,gate_da,electrical_drift_050rms,792,8.824357700010296,27400
0.6262626262626263,0.6069795815416589,0.6069795815416589,333,304,gate_da,electrical_drift_100rms,792,8.824357700010296,27400
1.0,1.0,1.0,333,304,rcarf_hard,clean_reextract,792,11.24944880005205,35657
0.9709595959595959,0.9709156591803341,0.9709156591803341,333,304,rcarf_hard,vibration_missing,792,11.24944880005205,35657
0.9835858585858586,0.983569174184249,0.983569174184249,333,304,rcarf_hard,electrical_missing,792,11.24944880005205,35657
1.0,1.0,1.0,333,304,rcarf_hard,vibration_gain_075,792,11.24944880005205,35657
0.9936868686868687,0.9936846033500308,0.993684603350031,333,304,rcarf_hard,vibration_gain_050,792,11.24944880005205,35657
0.9835858585858586,0.9836108884362611,0.9836108884362612,333,304,rcarf_hard,vibration_gain_025,792,11.24944880005205,35657
0.9734848484848485,0.9732953218177332,0.973295321817733,333,304,rcarf_hard,electrical_gain_075,792,11.24944880005205,35657
0.9835858585858586,0.983569174184249,0.983569174184249,333,304,rcarf_hard,electrical_gain_050,792,11.24944880005205,35657
0.9835858585858586,0.983569174184249,0.983569174184249,333,304,rcarf_hard,electrical_gain_025,792,11.24944880005205,35657
1.0,1.0,1.0,333,304,rcarf_hard,vibration_drift_025rms,792,11.24944880005205,35657
1.0,1.0,1.0,333,304,rcarf_hard,vibration_drift_050rms,792,11.24944880005205,35657
1.0,1.0,1.0,333,304,rcarf_hard,vibration_drift_100rms,792,11.24944880005205,35657
0.9987373737373737,0.9987373556209197,0.9987373556209197,333,304,rcarf_hard,electrical_drift_025rms,792,11.24944880005205,35657
0.9835858585858586,0.983569174184249,0.983569174184249,333,304,rcarf_hard,electrical_drift_050rms,792,11.24944880005205,35657
0.9835858585858586,0.983569174184249,0.983569174184249,333,304,rcarf_hard,electrical_drift_100rms,792,11.24944880005205,35657
1.0,1.0,1.0,333,304,dprf_no_rel_loss,clean_reextract,792,12.23059299995657,52235
0.9696969696969697,0.9697185150146174,0.9697185150146171,333,304,dprf_no_rel_loss,vibration_missing,792,12.23059299995657,52235
0.9835858585858586,0.9835560097586877,0.9835560097586878,333,304,dprf_no_rel_loss,electrical_missing,792,12.23059299995657,52235
1.0,1.0,1.0,333,304,dprf_no_rel_loss,vibration_gain_075,792,12.23059299995657,52235
1.0,1.0,1.0,333,304,dprf_no_rel_loss,vibration_gain_050,792,12.23059299995657,52235
0.9368686868686869,0.9353882773752292,0.9353882773752291,333,304,dprf_no_rel_loss,vibration_gain_025,792,12.23059299995657,52235
1.0,1.0,1.0,333,304,dprf_no_rel_loss,electrical_gain_075,792,12.23059299995657,52235
1.0,1.0,1.0,333,304,dprf_no_rel_loss,electrical_gain_050,792,12.23059299995657,52235
1.0,1.0,1.0,333,304,dprf_no_rel_loss,electrical_gain_025,792,12.23059299995657,52235
1.0,1.0,1.0,333,304,dprf_no_rel_loss,vibration_drift_025rms,792,12.23059299995657,52235
1.0,1.0,1.0,333,304,dprf_no_rel_loss,vibration_drift_050rms,792,12.23059299995657,52235
1.0,1.0,1.0,333,304,dprf_no_rel_loss,vibration_drift_100rms,792,12.23059299995657,52235
1.0,1.0,1.0,333,304,dprf_no_rel_loss,electrical_drift_025rms,792,12.23059299995657,52235
0.9936868686868687,0.993684603350031,0.993684603350031,333,304,dprf_no_rel_loss,electrical_drift_050rms,792,12.23059299995657,52235
0.8964646464646465,0.8976420590918712,0.8976420590918712,333,304,dprf_no_rel_loss,electrical_drift_100rms,792,12.23059299995657,52235
1.0,1.0,1.0,333,304,dprf_no_switch_loss,clean_reextract,792,12.153291700000409,52235
0.9608585858585859,0.9607894116599246,0.9607894116599244,333,304,dprf_no_switch_loss,vibration_missing,792,12.153291700000409,52235
1.0,1.0,1.0,333,304,dprf_no_switch_loss,electrical_missing,792,12.153291700000409,52235
1.0,1.0,1.0,333,304,dprf_no_switch_loss,vibration_gain_075,792,12.153291700000409,52235
1.0,1.0,1.0,333,304,dprf_no_switch_loss,vibration_gain_050,792,12.153291700000409,52235
1.0,1.0,1.0,333,304,dprf_no_switch_loss,vibration_gain_025,792,12.153291700000409,52235
1.0,1.0,1.0,333,304,dprf_no_switch_loss,electrical_gain_075,792,12.153291700000409,52235
1.0,1.0,1.0,333,304,dprf_no_switch_loss,electrical_gain_050,792,12.153291700000409,52235
1.0,1.0,1.0,333,304,dprf_no_switch_loss,electrical_gain_025,792,12.153291700000409,52235
1.0,1.0,1.0,333,304,dprf_no_switch_loss,vibration_drift_025rms,792,12.153291700000409,52235
1.0,1.0,1.0,333,304,dprf_no_switch_loss,vibration_drift_050rms,792,12.153291700000409,52235
1.0,1.0,1.0,333,304,dprf_no_switch_loss,vibration_drift_100rms,792,12.153291700000409,52235
1.0,1.0,1.0,333,304,dprf_no_switch_loss,electrical_drift_025rms,792,12.153291700000409,52235
1.0,1.0,1.0,333,304,dprf_no_switch_loss,electrical_drift_050rms,792,12.153291700000409,52235
0.9886363636363636,0.9886567115290323,0.9886567115290323,333,304,dprf_no_switch_loss,electrical_drift_100rms,792,12.153291700000409,52235
1.0,1.0,1.0,333,304,dprf_no_semantic,clean_reextract,792,11.014769300003536,52235
0.9646464646464646,0.9645513818163352,0.964551381816335,333,304,dprf_no_semantic,vibration_missing,792,11.014769300003536,52235
0.9823232323232324,0.9822917177887743,0.9822917177887743,333,304,dprf_no_semantic,electrical_missing,792,11.014769300003536,52235
1.0,1.0,1.0,333,304,dprf_no_semantic,vibration_gain_075,792,11.014769300003536,52235
1.0,1.0,1.0,333,304,dprf_no_semantic,vibration_gain_050,792,11.014769300003536,52235
1.0,1.0,1.0,333,304,dprf_no_semantic,vibration_gain_025,792,11.014769300003536,52235
1.0,1.0,1.0,333,304,dprf_no_semantic,electrical_gain_075,792,11.014769300003536,52235
0.9936868686868687,0.9936862345485861,0.9936862345485861,333,304,dprf_no_semantic,electrical_gain_050,792,11.014769300003536,52235
0.952020202020202,0.9517178257394084,0.9517178257394084,333,304,dprf_no_semantic,electrical_gain_025,792,11.014769300003536,52235
1.0,1.0,1.0,333,304,dprf_no_semantic,vibration_drift_025rms,792,11.014769300003536,52235
1.0,1.0,1.0,333,304,dprf_no_semantic,vibration_drift_050rms,792,11.014769300003536,52235
1.0,1.0,1.0,333,304,dprf_no_semantic,vibration_drift_100rms,792,11.014769300003536,52235
1.0,1.0,1.0,333,304,dprf_no_semantic,electrical_drift_025rms,792,11.014769300003536,52235
1.0,1.0,1.0,333,304,dprf_no_semantic,electrical_drift_050rms,792,11.014769300003536,52235
0.8914141414141414,0.8886860851063547,0.8886860851063546,333,304,dprf_no_semantic,electrical_drift_100rms,792,11.014769300003536,52235
1.0,1.0,1.0,333,304,dprf_full,clean_reextract,792,12.365351200045552,52235
0.9671717171717171,0.9671562283833844,0.9671562283833846,333,304,dprf_full,vibration_missing,792,12.365351200045552,52235
0.9848484848484849,0.9848256040238316,0.9848256040238317,333,304,dprf_full,electrical_missing,792,12.365351200045552,52235
1.0,1.0,1.0,333,304,dprf_full,vibration_gain_075,792,12.365351200045552,52235
1.0,1.0,1.0,333,304,dprf_full,vibration_gain_050,792,12.365351200045552,52235
1.0,1.0,1.0,333,304,dprf_full,vibration_gain_025,792,12.365351200045552,52235
1.0,1.0,1.0,333,304,dprf_full,electrical_gain_075,792,12.365351200045552,52235
1.0,1.0,1.0,333,304,dprf_full,electrical_gain_050,792,12.365351200045552,52235
0.9974747474747475,0.9974746025368767,0.9974746025368766,333,304,dprf_full,electrical_gain_025,792,12.365351200045552,52235
1.0,1.0,1.0,333,304,dprf_full,vibration_drift_025rms,792,12.365351200045552,52235
1.0,1.0,1.0,333,304,dprf_full,vibration_drift_050rms,792,12.365351200045552,52235
1.0,1.0,1.0,333,304,dprf_full,vibration_drift_100rms,792,12.365351200045552,52235
1.0,1.0,1.0,333,304,dprf_full,electrical_drift_025rms,792,12.365351200045552,52235
0.9974747474747475,0.9974746025368767,0.9974746025368766,333,304,dprf_full,electrical_drift_050rms,792,12.365351200045552,52235
0.8371212121212122,0.8266466966326512,0.8266466966326511,333,304,dprf_full,electrical_drift_100rms,792,12.365351200045552,52235
1.0,1.0,1.0,333,305,mean_da,clean_reextract,792,6.713389199983794,10822
0.9558080808080808,0.9556361791550518,0.9556361791550518,333,305,mean_da,vibration_missing,792,6.713389199983794,10822
0.9747474747474747,0.9746265160726283,0.9746265160726283,333,305,mean_da,electrical_missing,792,6.713389199983794,10822
1.0,1.0,1.0,333,305,mean_da,vibration_gain_075,792,6.713389199983794,10822
1.0,1.0,1.0,333,305,mean_da,vibration_gain_050,792,6.713389199983794,10822
0.9709595959595959,0.9707653276488917,0.9707653276488918,333,305,mean_da,vibration_gain_025,792,6.713389199983794,10822
1.0,1.0,1.0,333,305,mean_da,electrical_gain_075,792,6.713389199983794,10822
1.0,1.0,1.0,333,305,mean_da,electrical_gain_050,792,6.713389199983794,10822
0.9962121212121212,0.9962116320117095,0.9962116320117095,333,305,mean_da,electrical_gain_025,792,6.713389199983794,10822
1.0,1.0,1.0,333,305,mean_da,vibration_drift_025rms,792,6.713389199983794,10822
1.0,1.0,1.0,333,305,mean_da,vibration_drift_050rms,792,6.713389199983794,10822
1.0,1.0,1.0,333,305,mean_da,vibration_drift_100rms,792,6.713389199983794,10822
1.0,1.0,1.0,333,305,mean_da,electrical_drift_025rms,792,6.713389199983794,10822
1.0,1.0,1.0,333,305,mean_da,electrical_drift_050rms,792,6.713389199983794,10822
0.5505050505050505,0.46605379404389796,0.46605379404389796,333,305,mean_da,electrical_drift_100rms,792,6.713389199983794,10822
0.9848484848484849,0.9848171152518979,0.984817115251898,333,305,gate_da,clean_reextract,792,8.798354700033087,27400
0.9772727272727273,0.97724382063854,0.9772438206385401,333,305,gate_da,vibration_missing,792,8.798354700033087,27400
0.976010101010101,0.9759763370627361,0.9759763370627359,333,305,gate_da,electrical_missing,792,8.798354700033087,27400
1.0,1.0,1.0,333,305,gate_da,vibration_gain_075,792,8.798354700033087,27400
0.9987373737373737,0.9987373556209196,0.9987373556209198,333,305,gate_da,vibration_gain_050,792,8.798354700033087,27400
0.9797979797979798,0.9797654504987405,0.9797654504987405,333,305,gate_da,vibration_gain_025,792,8.798354700033087,27400
0.9772727272727273,0.9772406131087189,0.9772406131087188,333,305,gate_da,electrical_gain_075,792,8.798354700033087,27400
0.9772727272727273,0.9772406131087189,0.9772406131087188,333,305,gate_da,electrical_gain_050,792,8.798354700033087,27400
0.9772727272727273,0.9772406131087189,0.9772406131087188,333,305,gate_da,electrical_gain_025,792,8.798354700033087,27400
0.9848484848484849,0.9848171152518979,0.984817115251898,333,305,gate_da,vibration_drift_025rms,792,8.798354700033087,27400
0.9835858585858586,0.9835560097586878,0.9835560097586878,333,305,gate_da,vibration_drift_050rms,792,8.798354700033087,27400
0.9797979797979798,0.9798193135108827,0.9798193135108826,333,305,gate_da,vibration_drift_100rms,792,8.798354700033087,27400
0.9848484848484849,0.9848171152518979,0.984817115251898,333,305,gate_da,electrical_drift_025rms,792,8.798354700033087,27400
0.9785353535353535,0.9785017186019287,0.9785017186019288,333,305,gate_da,electrical_drift_050rms,792,8.798354700033087,27400
0.9595959595959596,0.9599873938896688,0.9599873938896687,333,305,gate_da,electrical_drift_100rms,792,8.798354700033087,27400
1.0,1.0,1.0,333,305,rcarf_hard,clean_reextract,792,11.320283800014295,35657
0.9810606060606061,0.9810895681301095,0.9810895681301094,333,305,rcarf_hard,vibration_missing,792,11.320283800014295,35657
0.9987373737373737,0.9987373556209196,0.9987373556209197,333,305,rcarf_hard,electrical_missing,792,11.320283800014295,35657
1.0,1.0,1.0,333,305,rcarf_hard,vibration_gain_075,792,11.320283800014295,35657
0.9936868686868687,0.9937042904419613,0.9937042904419612,333,305,rcarf_hard,vibration_gain_050,792,11.320283800014295,35657
0.9886363636363636,0.988663447610691,0.9886634476106909,333,305,rcarf_hard,vibration_gain_025,792,11.320283800014295,35657
0.9987373737373737,0.9987373556209196,0.9987373556209197,333,305,rcarf_hard,electrical_gain_075,792,11.320283800014295,35657
0.9987373737373737,0.9987373556209196,0.9987373556209197,333,305,rcarf_hard,electrical_gain_050,792,11.320283800014295,35657
0.9987373737373737,0.9987373556209196,0.9987373556209197,333,305,rcarf_hard,electrical_gain_025,792,11.320283800014295,35657
1.0,1.0,1.0,333,305,rcarf_hard,vibration_drift_025rms,792,11.320283800014295,35657
1.0,1.0,1.0,333,305,rcarf_hard,vibration_drift_050rms,792,11.320283800014295,35657
1.0,1.0,1.0,333,305,rcarf_hard,vibration_drift_100rms,792,11.320283800014295,35657
1.0,1.0,1.0,333,305,rcarf_hard,electrical_drift_025rms,792,11.320283800014295,35657
0.9987373737373737,0.9987373556209196,0.9987373556209197,333,305,rcarf_hard,electrical_drift_050rms,792,11.320283800014295,35657
0.9987373737373737,0.9987373556209196,0.9987373556209197,333,305,rcarf_hard,electrical_drift_100rms,792,11.320283800014295,35657
1.0,1.0,1.0,333,305,dprf_no_rel_loss,clean_reextract,792,12.143895999994129,52235
0.9747474747474747,0.9747783400194213,0.9747783400194215,333,305,dprf_no_rel_loss,vibration_missing,792,12.143895999994129,52235
0.9608585858585859,0.9603630315323098,0.9603630315323098,333,305,dprf_no_rel_loss,electrical_missing,792,12.143895999994129,52235
1.0,1.0,1.0,333,305,dprf_no_rel_loss,vibration_gain_075,792,12.143895999994129,52235
1.0,1.0,1.0,333,305,dprf_no_rel_loss,vibration_gain_050,792,12.143895999994129,52235
0.9924242424242424,0.9924229377837192,0.9924229377837194,333,305,dprf_no_rel_loss,vibration_gain_025,792,12.143895999994129,52235
0.9987373737373737,0.9987373556209196,0.9987373556209197,333,305,dprf_no_rel_loss,electrical_gain_075,792,12.143895999994129,52235
0.9987373737373737,0.9987373556209196,0.9987373556209197,333,305,dprf_no_rel_loss,electrical_gain_050,792,12.143895999994129,52235
0.9987373737373737,0.9987373556209196,0.9987373556209197,333,305,dprf_no_rel_loss,electrical_gain_025,792,12.143895999994129,52235
1.0,1.0,1.0,333,305,dprf_no_rel_loss,vibration_drift_025rms,792,12.143895999994129,52235
1.0,1.0,1.0,333,305,dprf_no_rel_loss,vibration_drift_050rms,792,12.143895999994129,52235
1.0,1.0,1.0,333,305,dprf_no_rel_loss,vibration_drift_100rms,792,12.143895999994129,52235
1.0,1.0,1.0,333,305,dprf_no_rel_loss,electrical_drift_025rms,792,12.143895999994129,52235
0.9873737373737373,0.9873555951491465,0.9873555951491466,333,305,dprf_no_rel_loss,electrical_drift_050rms,792,12.143895999994129,52235
0.8661616161616161,0.857504430363627,0.8575044303636269,333,305,dprf_no_rel_loss,electrical_drift_100rms,792,12.143895999994129,52235
1.0,1.0,1.0,333,305,dprf_no_switch_loss,clean_reextract,792,12.1842742000008,52235
0.9734848484848485,0.973491714196634,0.973491714196634,333,305,dprf_no_switch_loss,vibration_missing,792,12.1842742000008,52235
0.9924242424242424,0.9924203273040483,0.9924203273040482,333,305,dprf_no_switch_loss,electrical_missing,792,12.1842742000008,52235
1.0,1.0,1.0,333,305,dprf_no_switch_loss,vibration_gain_075,792,12.1842742000008,52235
1.0,1.0,1.0,333,305,dprf_no_switch_loss,vibration_gain_050,792,12.1842742000008,52235
1.0,1.0,1.0,333,305,dprf_no_switch_loss,vibration_gain_025,792,12.1842742000008,52235
0.9924242424242424,0.9924203273040483,0.9924203273040482,333,305,dprf_no_switch_loss,electrical_gain_075,792,12.1842742000008,52235
0.9924242424242424,0.9924203273040483,0.9924203273040482,333,305,dprf_no_switch_loss,electrical_gain_050,792,12.1842742000008,52235
0.9924242424242424,0.9924203273040483,0.9924203273040482,333,305,dprf_no_switch_loss,electrical_gain_025,792,12.1842742000008,52235
1.0,1.0,1.0,333,305,dprf_no_switch_loss,vibration_drift_025rms,792,12.1842742000008,52235
1.0,1.0,1.0,333,305,dprf_no_switch_loss,vibration_drift_050rms,792,12.1842742000008,52235
1.0,1.0,1.0,333,305,dprf_no_switch_loss,vibration_drift_100rms,792,12.1842742000008,52235
1.0,1.0,1.0,333,305,dprf_no_switch_loss,electrical_drift_025rms,792,12.1842742000008,52235
0.98989898989899,0.9898897058823529,0.9898897058823529,333,305,dprf_no_switch_loss,electrical_drift_050rms,792,12.1842742000008,52235
0.9457070707070707,0.9443300070959241,0.9443300070959242,333,305,dprf_no_switch_loss,electrical_drift_100rms,792,12.1842742000008,52235
1.0,1.0,1.0,333,305,dprf_no_semantic,clean_reextract,792,11.06749749998562,52235
0.9709595959595959,0.9709428357717553,0.9709428357717552,333,305,dprf_no_semantic,vibration_missing,792,11.06749749998562,52235
0.9734848484848485,0.973372897526683,0.973372897526683,333,305,dprf_no_semantic,electrical_missing,792,11.06749749998562,52235
1.0,1.0,1.0,333,305,dprf_no_semantic,vibration_gain_075,792,11.06749749998562,52235
1.0,1.0,1.0,333,305,dprf_no_semantic,vibration_gain_050,792,11.06749749998562,52235
0.9962121212121212,0.9962116320117095,0.9962116320117095,333,305,dprf_no_semantic,vibration_gain_025,792,11.06749749998562,52235
1.0,1.0,1.0,333,305,dprf_no_semantic,electrical_gain_075,792,11.06749749998562,52235
1.0,1.0,1.0,333,305,dprf_no_semantic,electrical_gain_050,792,11.06749749998562,52235
0.9797979797979798,0.9798023162721501,0.97980231627215,333,305,dprf_no_semantic,electrical_gain_025,792,11.06749749998562,52235
1.0,1.0,1.0,333,305,dprf_no_semantic,vibration_drift_025rms,792,11.06749749998562,52235
1.0,1.0,1.0,333,305,dprf_no_semantic,vibration_drift_050rms,792,11.06749749998562,52235
1.0,1.0,1.0,333,305,dprf_no_semantic,vibration_drift_100rms,792,11.06749749998562,52235
1.0,1.0,1.0,333,305,dprf_no_semantic,electrical_drift_025rms,792,11.06749749998562,52235
0.9974747474747475,0.9974746025368767,0.9974746025368766,333,305,dprf_no_semantic,electrical_drift_050rms,792,11.06749749998562,52235
0.8232323232323232,0.7730573028541148,0.7730573028541149,333,305,dprf_no_semantic,electrical_drift_100rms,792,11.06749749998562,52235
1.0,1.0,1.0,333,305,dprf_full,clean_reextract,792,12.243952499993611,52235
0.9696969696969697,0.9697602659590645,0.9697602659590646,333,305,dprf_full,vibration_missing,792,12.243952499993611,52235
0.9835858585858586,0.9835560097586877,0.9835560097586878,333,305,dprf_full,electrical_missing,792,12.243952499993611,52235
1.0,1.0,1.0,333,305,dprf_full,vibration_gain_075,792,12.243952499993611,52235
1.0,1.0,1.0,333,305,dprf_full,vibration_gain_050,792,12.243952499993611,52235
0.9974747474747475,0.9974794400449793,0.9974794400449793,333,305,dprf_full,vibration_gain_025,792,12.243952499993611,52235
1.0,1.0,1.0,333,305,dprf_full,electrical_gain_075,792,12.243952499993611,52235
0.9987373737373737,0.9987373556209196,0.9987373556209197,333,305,dprf_full,electrical_gain_050,792,12.243952499993611,52235
0.9924242424242424,0.9924450795173229,0.9924450795173229,333,305,dprf_full,electrical_gain_025,792,12.243952499993611,52235
1.0,1.0,1.0,333,305,dprf_full,vibration_drift_025rms,792,12.243952499993611,52235
1.0,1.0,1.0,333,305,dprf_full,vibration_drift_050rms,792,12.243952499993611,52235
1.0,1.0,1.0,333,305,dprf_full,vibration_drift_100rms,792,12.243952499993611,52235
1.0,1.0,1.0,333,305,dprf_full,electrical_drift_025rms,792,12.243952499993611,52235
0.9974747474747475,0.9974746025368767,0.9974746025368766,333,305,dprf_full,electrical_drift_050rms,792,12.243952499993611,52235
0.9583333333333334,0.9577431182059195,0.9577431182059194,333,305,dprf_full,electrical_drift_100rms,792,12.243952499993611,52235
1.0,1.0,1.0,444,301,mean_da,clean_reextract,792,6.584449899964966,10822
0.9696969696969697,0.9696772453598149,0.969677245359815,444,301,mean_da,vibration_missing,792,6.584449899964966,10822
0.9936868686868687,0.9937004814259184,0.9937004814259183,444,301,mean_da,electrical_missing,792,6.584449899964966,10822
1.0,1.0,1.0,444,301,mean_da,vibration_gain_075,792,6.584449899964966,10822
1.0,1.0,1.0,444,301,mean_da,vibration_gain_050,792,6.584449899964966,10822
0.9974747474747475,0.9974746025368767,0.9974746025368766,444,301,mean_da,vibration_gain_025,792,6.584449899964966,10822
1.0,1.0,1.0,444,301,mean_da,electrical_gain_075,792,6.584449899964966,10822
1.0,1.0,1.0,444,301,mean_da,electrical_gain_050,792,6.584449899964966,10822
0.9911616161616161,0.9911553979353024,0.9911553979353023,444,301,mean_da,electrical_gain_025,792,6.584449899964966,10822
1.0,1.0,1.0,444,301,mean_da,vibration_drift_025rms,792,6.584449899964966,10822
1.0,1.0,1.0,444,301,mean_da,vibration_drift_050rms,792,6.584449899964966,10822
1.0,1.0,1.0,444,301,mean_da,vibration_drift_100rms,792,6.584449899964966,10822
1.0,1.0,1.0,444,301,mean_da,electrical_drift_025rms,792,6.584449899964966,10822
0.9974747474747475,0.9974746025368767,0.9974746025368766,444,301,mean_da,electrical_drift_050rms,792,6.584449899964966,10822
0.5063131313131313,0.423533602125821,0.423533602125821,444,301,mean_da,electrical_drift_100rms,792,6.584449899964966,10822
1.0,1.0,1.0,444,301,gate_da,clean_reextract,792,8.699016799975652,27400
0.9696969696969697,0.9697723576073726,0.9697723576073726,444,301,gate_da,vibration_missing,792,8.699016799975652,27400
0.9962121212121212,0.9962116320117095,0.9962116320117095,444,301,gate_da,electrical_missing,792,8.699016799975652,27400
1.0,1.0,1.0,444,301,gate_da,vibration_gain_075,792,8.699016799975652,27400
1.0,1.0,1.0,444,301,gate_da,vibration_gain_050,792,8.699016799975652,27400
0.9457070707070707,0.9448385667023559,0.9448385667023558,444,301,gate_da,vibration_gain_025,792,8.699016799975652,27400
0.9962121212121212,0.9962116320117095,0.9962116320117095,444,301,gate_da,electrical_gain_075,792,8.699016799975652,27400
0.9962121212121212,0.9962116320117095,0.9962116320117095,444,301,gate_da,electrical_gain_050,792,8.699016799975652,27400
0.9962121212121212,0.9962116320117095,0.9962116320117095,444,301,gate_da,electrical_gain_025,792,8.699016799975652,27400
1.0,1.0,1.0,444,301,gate_da,vibration_drift_025rms,792,8.699016799975652,27400
1.0,1.0,1.0,444,301,gate_da,vibration_drift_050rms,792,8.699016799975652,27400
1.0,1.0,1.0,444,301,gate_da,vibration_drift_100rms,792,8.699016799975652,27400
1.0,1.0,1.0,444,301,gate_da,electrical_drift_025rms,792,8.699016799975652,27400
1.0,1.0,1.0,444,301,gate_da,electrical_drift_050rms,792,8.699016799975652,27400
0.9772727272727273,0.977198104841024,0.977198104841024,444,301,gate_da,electrical_drift_100rms,792,8.699016799975652,27400
1.0,1.0,1.0,444,301,rcarf_hard,clean_reextract,792,11.110201600007713,35657
0.9747474747474747,0.9747260642684145,0.9747260642684145,444,301,rcarf_hard,vibration_missing,792,11.110201600007713,35657
0.9987373737373737,0.9987373556209197,0.9987373556209197,444,301,rcarf_hard,electrical_missing,792,11.110201600007713,35657
1.0,1.0,1.0,444,301,rcarf_hard,vibration_gain_075,792,11.110201600007713,35657
1.0,1.0,1.0,444,301,rcarf_hard,vibration_gain_050,792,11.110201600007713,35657
0.9974747474747475,0.9974747112418395,0.9974747112418394,444,301,rcarf_hard,vibration_gain_025,792,11.110201600007713,35657
0.9987373737373737,0.9987373556209197,0.9987373556209197,444,301,rcarf_hard,electrical_gain_075,792,11.110201600007713,35657
0.9987373737373737,0.9987373556209197,0.9987373556209197,444,301,rcarf_hard,electrical_gain_050,792,11.110201600007713,35657
0.9987373737373737,0.9987373556209197,0.9987373556209197,444,301,rcarf_hard,electrical_gain_025,792,11.110201600007713,35657
1.0,1.0,1.0,444,301,rcarf_hard,vibration_drift_025rms,792,11.110201600007713,35657
1.0,1.0,1.0,444,301,rcarf_hard,vibration_drift_050rms,792,11.110201600007713,35657
1.0,1.0,1.0,444,301,rcarf_hard,vibration_drift_100rms,792,11.110201600007713,35657
1.0,1.0,1.0,444,301,rcarf_hard,electrical_drift_025rms,792,11.110201600007713,35657
0.9987373737373737,0.9987373556209197,0.9987373556209197,444,301,rcarf_hard,electrical_drift_050rms,792,11.110201600007713,35657
0.9987373737373737,0.9987373556209197,0.9987373556209197,444,301,rcarf_hard,electrical_drift_100rms,792,11.110201600007713,35657
1.0,1.0,1.0,444,301,dprf_no_rel_loss,clean_reextract,792,11.87598169996636,52235
0.9583333333333334,0.9583223389398503,0.9583223389398505,444,301,dprf_no_rel_loss,vibration_missing,792,11.87598169996636,52235
0.9924242424242424,0.9924229377837192,0.9924229377837192,444,301,dprf_no_rel_loss,electrical_missing,792,11.87598169996636,52235
1.0,1.0,1.0,444,301,dprf_no_rel_loss,vibration_gain_075,792,11.87598169996636,52235
1.0,1.0,1.0,444,301,dprf_no_rel_loss,vibration_gain_050,792,11.87598169996636,52235
0.9797979797979798,0.9796578075336444,0.9796578075336444,444,301,dprf_no_rel_loss,vibration_gain_025,792,11.87598169996636,52235
1.0,1.0,1.0,444,301,dprf_no_rel_loss,electrical_gain_075,792,11.87598169996636,52235
0.9974747474747475,0.9974746025368765,0.9974746025368766,444,301,dprf_no_rel_loss,electrical_gain_050,792,11.87598169996636,52235
0.9962121212121212,0.9962116320117095,0.9962116320117095,444,301,dprf_no_rel_loss,electrical_gain_025,792,11.87598169996636,52235
1.0,1.0,1.0,444,301,dprf_no_rel_loss,vibration_drift_025rms,792,11.87598169996636,52235
1.0,1.0,1.0,444,301,dprf_no_rel_loss,vibration_drift_050rms,792,11.87598169996636,52235
1.0,1.0,1.0,444,301,dprf_no_rel_loss,vibration_drift_100rms,792,11.87598169996636,52235
1.0,1.0,1.0,444,301,dprf_no_rel_loss,electrical_drift_025rms,792,11.87598169996636,52235
1.0,1.0,1.0,444,301,dprf_no_rel_loss,electrical_drift_050rms,792,11.87598169996636,52235
0.8383838383838383,0.8149016125394616,0.8149016125394616,444,301,dprf_no_rel_loss,electrical_drift_100rms,792,11.87598169996636,52235
1.0,1.0,1.0,444,301,dprf_no_switch_loss,clean_reextract,792,12.027938400045969,52235
0.9595959595959596,0.9596827931353861,0.9596827931353861,444,301,dprf_no_switch_loss,vibration_missing,792,12.027938400045969,52235
0.9936868686868687,0.9936856908677624,0.9936856908677625,444,301,dprf_no_switch_loss,electrical_missing,792,12.027938400045969,52235
1.0,1.0,1.0,444,301,dprf_no_switch_loss,vibration_gain_075,792,12.027938400045969,52235
1.0,1.0,1.0,444,301,dprf_no_switch_loss,vibration_gain_050,792,12.027938400045969,52235
0.9987373737373737,0.9987373556209196,0.9987373556209197,444,301,dprf_no_switch_loss,vibration_gain_025,792,12.027938400045969,52235
0.9987373737373737,0.9987373556209197,0.9987373556209197,444,301,dprf_no_switch_loss,electrical_gain_075,792,12.027938400045969,52235
0.9974747474747475,0.9974746025368765,0.9974746025368766,444,301,dprf_no_switch_loss,electrical_gain_050,792,12.027938400045969,52235
0.9949494949494949,0.9949483352468427,0.9949483352468428,444,301,dprf_no_switch_loss,electrical_gain_025,792,12.027938400045969,52235
1.0,1.0,1.0,444,301,dprf_no_switch_loss,vibration_drift_025rms,792,12.027938400045969,52235
1.0,1.0,1.0,444,301,dprf_no_switch_loss,vibration_drift_050rms,792,12.027938400045969,52235
1.0,1.0,1.0,444,301,dprf_no_switch_loss,vibration_drift_100rms,792,12.027938400045969,52235
1.0,1.0,1.0,444,301,dprf_no_switch_loss,electrical_drift_025rms,792,12.027938400045969,52235
0.9987373737373737,0.9987373556209197,0.9987373556209197,444,301,dprf_no_switch_loss,electrical_drift_050rms,792,12.027938400045969,52235
0.851010101010101,0.8260697042897661,0.8260697042897661,444,301,dprf_no_switch_loss,electrical_drift_100rms,792,12.027938400045969,52235
1.0,1.0,1.0,444,301,dprf_no_semantic,clean_reextract,792,11.077415300009307,52235
0.9633838383838383,0.9633709444445557,0.9633709444445558,444,301,dprf_no_semantic,vibration_missing,792,11.077415300009307,52235
0.9974747474747475,0.9974746025368765,0.9974746025368766,444,301,dprf_no_semantic,electrical_missing,792,11.077415300009307,52235
1.0,1.0,1.0,444,301,dprf_no_semantic,vibration_gain_075,792,11.077415300009307,52235
1.0,1.0,1.0,444,301,dprf_no_semantic,vibration_gain_050,792,11.077415300009307,52235
0.9949494949494949,0.9949483352468427,0.9949483352468428,444,301,dprf_no_semantic,vibration_gain_025,792,11.077415300009307,52235
1.0,1.0,1.0,444,301,dprf_no_semantic,electrical_gain_075,792,11.077415300009307,52235
1.0,1.0,1.0,444,301,dprf_no_semantic,electrical_gain_050,792,11.077415300009307,52235
0.9987373737373737,0.9987373556209197,0.9987373556209197,444,301,dprf_no_semantic,electrical_gain_025,792,11.077415300009307,52235
1.0,1.0,1.0,444,301,dprf_no_semantic,vibration_drift_025rms,792,11.077415300009307,52235
1.0,1.0,1.0,444,301,dprf_no_semantic,vibration_drift_050rms,792,11.077415300009307,52235
1.0,1.0,1.0,444,301,dprf_no_semantic,vibration_drift_100rms,792,11.077415300009307,52235
1.0,1.0,1.0,444,301,dprf_no_semantic,electrical_drift_025rms,792,11.077415300009307,52235
0.9987373737373737,0.9987373556209197,0.9987373556209197,444,301,dprf_no_semantic,electrical_drift_050rms,792,11.077415300009307,52235
0.9141414141414141,0.9119754802784112,0.9119754802784114,444,301,dprf_no_semantic,electrical_drift_100rms,792,11.077415300009307,52235
1.0,1.0,1.0,444,301,dprf_full,clean_reextract,792,12.303365700005088,52235
0.9558080808080808,0.9559859903592959,0.9559859903592957,444,301,dprf_full,vibration_missing,792,12.303365700005088,52235
0.9949494949494949,0.9949489876326293,0.9949489876326292,444,301,dprf_full,electrical_missing,792,12.303365700005088,52235
1.0,1.0,1.0,444,301,dprf_full,vibration_gain_075,792,12.303365700005088,52235
1.0,1.0,1.0,444,301,dprf_full,vibration_gain_050,792,12.303365700005088,52235
0.9835858585858586,0.9836594572336562,0.9836594572336561,444,301,dprf_full,vibration_gain_025,792,12.303365700005088,52235
1.0,1.0,1.0,444,301,dprf_full,electrical_gain_075,792,12.303365700005088,52235
1.0,1.0,1.0,444,301,dprf_full,electrical_gain_050,792,12.303365700005088,52235
1.0,1.0,1.0,444,301,dprf_full,electrical_gain_025,792,12.303365700005088,52235
1.0,1.0,1.0,444,301,dprf_full,vibration_drift_025rms,792,12.303365700005088,52235
1.0,1.0,1.0,444,301,dprf_full,vibration_drift_050rms,792,12.303365700005088,52235
1.0,1.0,1.0,444,301,dprf_full,vibration_drift_100rms,792,12.303365700005088,52235
1.0,1.0,1.0,444,301,dprf_full,electrical_drift_025rms,792,12.303365700005088,52235
1.0,1.0,1.0,444,301,dprf_full,electrical_drift_050rms,792,12.303365700005088,52235
0.9974747474747475,0.9974747112418395,0.9974747112418394,444,301,dprf_full,electrical_drift_100rms,792,12.303365700005088,52235
1.0,1.0,1.0,444,302,mean_da,clean_reextract,792,6.697373899980448,10822
0.9444444444444444,0.944110628539247,0.9441106285392469,444,302,mean_da,vibration_missing,792,6.697373899980448,10822
0.9962121212121212,0.9962022275380492,0.9962022275380492,444,302,mean_da,electrical_missing,792,6.697373899980448,10822
1.0,1.0,1.0,444,302,mean_da,vibration_gain_075,792,6.697373899980448,10822
1.0,1.0,1.0,444,302,mean_da,vibration_gain_050,792,6.697373899980448,10822
0.9987373737373737,0.9987373556209197,0.9987373556209197,444,302,mean_da,vibration_gain_025,792,6.697373899980448,10822
1.0,1.0,1.0,444,302,mean_da,electrical_gain_075,792,6.697373899980448,10822
1.0,1.0,1.0,444,302,mean_da,electrical_gain_050,792,6.697373899980448,10822
1.0,1.0,1.0,444,302,mean_da,electrical_gain_025,792,6.697373899980448,10822
1.0,1.0,1.0,444,302,mean_da,vibration_drift_025rms,792,6.697373899980448,10822
1.0,1.0,1.0,444,302,mean_da,vibration_drift_050rms,792,6.697373899980448,10822
1.0,1.0,1.0,444,302,mean_da,vibration_drift_100rms,792,6.697373899980448,10822
1.0,1.0,1.0,444,302,mean_da,electrical_drift_025rms,792,6.697373899980448,10822
1.0,1.0,1.0,444,302,mean_da,electrical_drift_050rms,792,6.697373899980448,10822
0.73989898989899,0.7159198860499202,0.7159198860499202,444,302,mean_da,electrical_drift_100rms,792,6.697373899980448,10822
1.0,1.0,1.0,444,302,gate_da,clean_reextract,792,8.840898599999491,27400
0.9810606060606061,0.9810350901256193,0.9810350901256193,444,302,gate_da,vibration_missing,792,8.840898599999491,27400
0.9886363636363636,0.9886231415643181,0.9886231415643181,444,302,gate_da,electrical_missing,792,8.840898599999491,27400
1.0,1.0,1.0,444,302,gate_da,vibration_gain_075,792,8.840898599999491,27400
1.0,1.0,1.0,444,302,gate_da,vibration_gain_050,792,8.840898599999491,27400
1.0,1.0,1.0,444,302,gate_da,vibration_gain_025,792,8.840898599999491,27400
0.9886363636363636,0.9886231415643181,0.9886231415643181,444,302,gate_da,electrical_gain_075,792,8.840898599999491,27400
0.9886363636363636,0.9886231415643181,0.9886231415643181,444,302,gate_da,electrical_gain_050,792,8.840898599999491,27400
0.9886363636363636,0.9886231415643181,0.9886231415643181,444,302,gate_da,electrical_gain_025,792,8.840898599999491,27400
1.0,1.0,1.0,444,302,gate_da,vibration_drift_025rms,792,8.840898599999491,27400
1.0,1.0,1.0,444,302,gate_da,vibration_drift_050rms,792,8.840898599999491,27400
1.0,1.0,1.0,444,302,gate_da,vibration_drift_100rms,792,8.840898599999491,27400
1.0,1.0,1.0,444,302,gate_da,electrical_drift_025rms,792,8.840898599999491,27400
1.0,1.0,1.0,444,302,gate_da,electrical_drift_050rms,792,8.840898599999491,27400
0.7310606060606061,0.7222259006102502,0.7222259006102502,444,302,gate_da,electrical_drift_100rms,792,8.840898599999491,27400
1.0,1.0,1.0,444,302,rcarf_hard,clean_reextract,792,11.177589000028092,35657
0.9772727272727273,0.9772437839907515,0.9772437839907516,444,302,rcarf_hard,vibration_missing,792,11.177589000028092,35657
0.9987373737373737,0.9987373556209197,0.9987373556209197,444,302,rcarf_hard,electrical_missing,792,11.177589000028092,35657
1.0,1.0,1.0,444,302,rcarf_hard,vibration_gain_075,792,11.177589000028092,35657
1.0,1.0,1.0,444,302,rcarf_hard,vibration_gain_050,792,11.177589000028092,35657
0.9911616161616161,0.991157682924968,0.9911576829249679,444,302,rcarf_hard,vibration_gain_025,792,11.177589000028092,35657
0.9974747474747475,0.9974747293582934,0.9974747293582934,444,302,rcarf_hard,electrical_gain_075,792,11.177589000028092,35657
0.9987373737373737,0.9987373556209197,0.9987373556209197,444,302,rcarf_hard,electrical_gain_050,792,11.177589000028092,35657
0.9987373737373737,0.9987373556209197,0.9987373556209197,444,302,rcarf_hard,electrical_gain_025,792,11.177589000028092,35657
1.0,1.0,1.0,444,302,rcarf_hard,vibration_drift_025rms,792,11.177589000028092,35657
1.0,1.0,1.0,444,302,rcarf_hard,vibration_drift_050rms,792,11.177589000028092,35657
1.0,1.0,1.0,444,302,rcarf_hard,vibration_drift_100rms,792,11.177589000028092,35657
1.0,1.0,1.0,444,302,rcarf_hard,electrical_drift_025rms,792,11.177589000028092,35657
0.9987373737373737,0.9987373556209197,0.9987373556209197,444,302,rcarf_hard,electrical_drift_050rms,792,11.177589000028092,35657
0.9987373737373737,0.9987373556209197,0.9987373556209197,444,302,rcarf_hard,electrical_drift_100rms,792,11.177589000028092,35657
1.0,1.0,1.0,444,302,dprf_no_rel_loss,clean_reextract,792,12.263980899995659,52235
0.9734848484848485,0.9734820763491822,0.973482076349182,444,302,dprf_no_rel_loss,vibration_missing,792,12.263980899995659,52235
0.9949494949494949,0.9949493500116239,0.994949350011624,444,302,dprf_no_rel_loss,electrical_missing,792,12.263980899995659,52235
1.0,1.0,1.0,444,302,dprf_no_rel_loss,vibration_gain_075,792,12.263980899995659,52235
1.0,1.0,1.0,444,302,dprf_no_rel_loss,vibration_gain_050,792,12.263980899995659,52235
1.0,1.0,1.0,444,302,dprf_no_rel_loss,vibration_gain_025,792,12.263980899995659,52235
1.0,1.0,1.0,444,302,dprf_no_rel_loss,electrical_gain_075,792,12.263980899995659,52235
1.0,1.0,1.0,444,302,dprf_no_rel_loss,electrical_gain_050,792,12.263980899995659,52235
1.0,1.0,1.0,444,302,dprf_no_rel_loss,electrical_gain_025,792,12.263980899995659,52235
1.0,1.0,1.0,444,302,dprf_no_rel_loss,vibration_drift_025rms,792,12.263980899995659,52235
1.0,1.0,1.0,444,302,dprf_no_rel_loss,vibration_drift_050rms,792,12.263980899995659,52235
1.0,1.0,1.0,444,302,dprf_no_rel_loss,vibration_drift_100rms,792,12.263980899995659,52235
1.0,1.0,1.0,444,302,dprf_no_rel_loss,electrical_drift_025rms,792,12.263980899995659,52235
1.0,1.0,1.0,444,302,dprf_no_rel_loss,electrical_drift_050rms,792,12.263980899995659,52235
0.7146464646464646,0.6746417321376953,0.6746417321376955,444,302,dprf_no_rel_loss,electrical_drift_100rms,792,12.263980899995659,52235
1.0,1.0,1.0,444,302,dprf_no_switch_loss,clean_reextract,792,12.174623299972154,52235
0.9747474747474747,0.9747046783506788,0.9747046783506789,444,302,dprf_no_switch_loss,vibration_missing,792,12.174623299972154,52235
0.9962121212121212,0.9962213626314566,0.9962213626314564,444,302,dprf_no_switch_loss,electrical_missing,792,12.174623299972154,52235
1.0,1.0,1.0,444,302,dprf_no_switch_loss,vibration_gain_075,792,12.174623299972154,52235
1.0,1.0,1.0,444,302,dprf_no_switch_loss,vibration_gain_050,792,12.174623299972154,52235
0.9987373737373737,0.9987373556209196,0.9987373556209197,444,302,dprf_no_switch_loss,vibration_gain_025,792,12.174623299972154,52235
0.9962121212121212,0.9962213626314566,0.9962213626314564,444,302,dprf_no_switch_loss,electrical_gain_075,792,12.174623299972154,52235
0.9962121212121212,0.9962213626314566,0.9962213626314564,444,302,dprf_no_switch_loss,electrical_gain_050,792,12.174623299972154,52235
0.9962121212121212,0.9962213626314566,0.9962213626314564,444,302,dprf_no_switch_loss,electrical_gain_025,792,12.174623299972154,52235
1.0,1.0,1.0,444,302,dprf_no_switch_loss,vibration_drift_025rms,792,12.174623299972154,52235
1.0,1.0,1.0,444,302,dprf_no_switch_loss,vibration_drift_050rms,792,12.174623299972154,52235
1.0,1.0,1.0,444,302,dprf_no_switch_loss,vibration_drift_100rms,792,12.174623299972154,52235
1.0,1.0,1.0,444,302,dprf_no_switch_loss,electrical_drift_025rms,792,12.174623299972154,52235
1.0,1.0,1.0,444,302,dprf_no_switch_loss,electrical_drift_050rms,792,12.174623299972154,52235
0.9848484848484849,0.9848046871864177,0.9848046871864178,444,302,dprf_no_switch_loss,electrical_drift_100rms,792,12.174623299972154,52235
1.0,1.0,1.0,444,302,dprf_no_semantic,clean_reextract,792,10.994092100008857,52235
0.9734848484848485,0.9735222984644336,0.9735222984644335,444,302,dprf_no_semantic,vibration_missing,792,10.994092100008857,52235
0.9924242424242424,0.992423644110226,0.992423644110226,444,302,dprf_no_semantic,electrical_missing,792,10.994092100008857,52235
1.0,1.0,1.0,444,302,dprf_no_semantic,vibration_gain_075,792,10.994092100008857,52235
1.0,1.0,1.0,444,302,dprf_no_semantic,vibration_gain_050,792,10.994092100008857,52235
0.9962121212121212,0.9962116320117095,0.9962116320117095,444,302,dprf_no_semantic,vibration_gain_025,792,10.994092100008857,52235
1.0,1.0,1.0,444,302,dprf_no_semantic,electrical_gain_075,792,10.994092100008857,52235
0.9974747474747475,0.9974746025368765,0.9974746025368766,444,302,dprf_no_semantic,electrical_gain_050,792,10.994092100008857,52235
0.9962121212121212,0.9962213626314567,0.9962213626314566,444,302,dprf_no_semantic,electrical_gain_025,792,10.994092100008857,52235
1.0,1.0,1.0,444,302,dprf_no_semantic,vibration_drift_025rms,792,10.994092100008857,52235
1.0,1.0,1.0,444,302,dprf_no_semantic,vibration_drift_050rms,792,10.994092100008857,52235
1.0,1.0,1.0,444,302,dprf_no_semantic,vibration_drift_100rms,792,10.994092100008857,52235
1.0,1.0,1.0,444,302,dprf_no_semantic,electrical_drift_025rms,792,10.994092100008857,52235
1.0,1.0,1.0,444,302,dprf_no_semantic,electrical_drift_050rms,792,10.994092100008857,52235
0.9696969696969697,0.9695409858897911,0.9695409858897911,444,302,dprf_no_semantic,electrical_drift_100rms,792,10.994092100008857,52235
1.0,1.0,1.0,444,302,dprf_full,clean_reextract,792,12.286802700022236,52235
0.9772727272727273,0.9772386110856512,0.9772386110856512,444,302,dprf_full,vibration_missing,792,12.286802700022236,52235
0.9987373737373737,0.9987373556209197,0.9987373556209197,444,302,dprf_full,electrical_missing,792,12.286802700022236,52235
1.0,1.0,1.0,444,302,dprf_full,vibration_gain_075,792,12.286802700022236,52235
1.0,1.0,1.0,444,302,dprf_full,vibration_gain_050,792,12.286802700022236,52235
0.9987373737373737,0.9987373556209196,0.9987373556209198,444,302,dprf_full,vibration_gain_025,792,12.286802700022236,52235
1.0,1.0,1.0,444,302,dprf_full,electrical_gain_075,792,12.286802700022236,52235
1.0,1.0,1.0,444,302,dprf_full,electrical_gain_050,792,12.286802700022236,52235
0.9974747474747475,0.9974747112418395,0.9974747112418394,444,302,dprf_full,electrical_gain_025,792,12.286802700022236,52235
1.0,1.0,1.0,444,302,dprf_full,vibration_drift_025rms,792,12.286802700022236,52235
1.0,1.0,1.0,444,302,dprf_full,vibration_drift_050rms,792,12.286802700022236,52235
1.0,1.0,1.0,444,302,dprf_full,vibration_drift_100rms,792,12.286802700022236,52235
1.0,1.0,1.0,444,302,dprf_full,electrical_drift_025rms,792,12.286802700022236,52235
1.0,1.0,1.0,444,302,dprf_full,electrical_drift_050rms,792,12.286802700022236,52235
0.9974747474747475,0.9974747293582934,0.9974747293582934,444,302,dprf_full,electrical_drift_100rms,792,12.286802700022236,52235
1.0,1.0,1.0,444,303,mean_da,clean_reextract,792,6.709433599957265,10822
0.9621212121212122,0.961941288997117,0.9619412889971172,444,303,mean_da,vibration_missing,792,6.709433599957265,10822
0.9924242424242424,0.9924235901695058,0.9924235901695057,444,303,mean_da,electrical_missing,792,6.709433599957265,10822
1.0,1.0,1.0,444,303,mean_da,vibration_gain_075,792,6.709433599957265,10822
1.0,1.0,1.0,444,303,mean_da,vibration_gain_050,792,6.709433599957265,10822
0.9671717171717171,0.966520810045636,0.9665208100456358,444,303,mean_da,vibration_gain_025,792,6.709433599957265,10822
1.0,1.0,1.0,444,303,mean_da,electrical_gain_075,792,6.709433599957265,10822
1.0,1.0,1.0,444,303,mean_da,electrical_gain_050,792,6.709433599957265,10822
1.0,1.0,1.0,444,303,mean_da,electrical_gain_025,792,6.709433599957265,10822
1.0,1.0,1.0,444,303,mean_da,vibration_drift_025rms,792,6.709433599957265,10822
1.0,1.0,1.0,444,303,mean_da,vibration_drift_050rms,792,6.709433599957265,10822
1.0,1.0,1.0,444,303,mean_da,vibration_drift_100rms,792,6.709433599957265,10822
1.0,1.0,1.0,444,303,mean_da,electrical_drift_025rms,792,6.709433599957265,10822
0.9987373737373737,0.9987373556209197,0.9987373556209197,444,303,mean_da,electrical_drift_050rms,792,6.709433599957265,10822
0.49242424242424243,0.43576248855127875,0.43576248855127875,444,303,mean_da,electrical_drift_100rms,792,6.709433599957265,10822
1.0,1.0,1.0,444,303,gate_da,clean_reextract,792,8.721334700006992,27400
0.9709595959595959,0.9709707064246166,0.9709707064246166,444,303,gate_da,vibration_missing,792,8.721334700006992,27400
0.98989898989899,0.9898954050056094,0.9898954050056095,444,303,gate_da,electrical_missing,792,8.721334700006992,27400
1.0,1.0,1.0,444,303,gate_da,vibration_gain_075,792,8.721334700006992,27400
1.0,1.0,1.0,444,303,gate_da,vibration_gain_050,792,8.721334700006992,27400
0.9987373737373737,0.9987373556209197,0.9987373556209197,444,303,gate_da,vibration_gain_025,792,8.721334700006992,27400
0.9886363636363636,0.9886028841659802,0.9886028841659802,444,303,gate_da,electrical_gain_075,792,8.721334700006992,27400
0.9886363636363636,0.9886028841659802,0.9886028841659802,444,303,gate_da,electrical_gain_050,792,8.721334700006992,27400
0.9886363636363636,0.9886028841659802,0.9886028841659802,444,303,gate_da,electrical_gain_025,792,8.721334700006992,27400
1.0,1.0,1.0,444,303,gate_da,vibration_drift_025rms,792,8.721334700006992,27400
1.0,1.0,1.0,444,303,gate_da,vibration_drift_050rms,792,8.721334700006992,27400
1.0,1.0,1.0,444,303,gate_da,vibration_drift_100rms,792,8.721334700006992,27400
1.0,1.0,1.0,444,303,gate_da,electrical_drift_025rms,792,8.721334700006992,27400
1.0,1.0,1.0,444,303,gate_da,electrical_drift_050rms,792,8.721334700006992,27400
0.7714646464646465,0.7528111553211868,0.7528111553211865,444,303,gate_da,electrical_drift_100rms,792,8.721334700006992,27400
1.0,1.0,1.0,444,303,rcarf_hard,clean_reextract,792,11.348585499974433,35657
0.9709595959595959,0.9710019702893855,0.9710019702893853,444,303,rcarf_hard,vibration_missing,792,11.348585499974433,35657
1.0,1.0,1.0,444,303,rcarf_hard,electrical_missing,792,11.348585499974433,35657
1.0,1.0,1.0,444,303,rcarf_hard,vibration_gain_075,792,11.348585499974433,35657
1.0,1.0,1.0,444,303,rcarf_hard,vibration_gain_050,792,11.348585499974433,35657
0.9924242424242424,0.9924232640234191,0.992423264023419,444,303,rcarf_hard,vibration_gain_025,792,11.348585499974433,35657
1.0,1.0,1.0,444,303,rcarf_hard,electrical_gain_075,792,11.348585499974433,35657
1.0,1.0,1.0,444,303,rcarf_hard,electrical_gain_050,792,11.348585499974433,35657
1.0,1.0,1.0,444,303,rcarf_hard,electrical_gain_025,792,11.348585499974433,35657
1.0,1.0,1.0,444,303,rcarf_hard,vibration_drift_025rms,792,11.348585499974433,35657
1.0,1.0,1.0,444,303,rcarf_hard,vibration_drift_050rms,792,11.348585499974433,35657
1.0,1.0,1.0,444,303,rcarf_hard,vibration_drift_100rms,792,11.348585499974433,35657
1.0,1.0,1.0,444,303,rcarf_hard,electrical_drift_025rms,792,11.348585499974433,35657
1.0,1.0,1.0,444,303,rcarf_hard,electrical_drift_050rms,792,11.348585499974433,35657
1.0,1.0,1.0,444,303,rcarf_hard,electrical_drift_100rms,792,11.348585499974433,35657
1.0,1.0,1.0,444,303,dprf_no_rel_loss,clean_reextract,792,12.135404800006654,52235
0.9621212121212122,0.9620274397871595,0.9620274397871594,444,303,dprf_no_rel_loss,vibration_missing,792,12.135404800006654,52235
0.98989898989899,0.9898782839953074,0.9898782839953075,444,303,dprf_no_rel_loss,electrical_missing,792,12.135404800006654,52235
1.0,1.0,1.0,444,303,dprf_no_rel_loss,vibration_gain_075,792,12.135404800006654,52235
1.0,1.0,1.0,444,303,dprf_no_rel_loss,vibration_gain_050,792,12.135404800006654,52235
0.9949494949494949,0.9949489876326293,0.9949489876326293,444,303,dprf_no_rel_loss,vibration_gain_025,792,12.135404800006654,52235
1.0,1.0,1.0,444,303,dprf_no_rel_loss,electrical_gain_075,792,12.135404800006654,52235
1.0,1.0,1.0,444,303,dprf_no_rel_loss,electrical_gain_050,792,12.135404800006654,52235
0.9987373737373737,0.9987373556209197,0.9987373556209198,444,303,dprf_no_rel_loss,electrical_gain_025,792,12.135404800006654,52235
1.0,1.0,1.0,444,303,dprf_no_rel_loss,vibration_drift_025rms,792,12.135404800006654,52235
1.0,1.0,1.0,444,303,dprf_no_rel_loss,vibration_drift_050rms,792,12.135404800006654,52235
1.0,1.0,1.0,444,303,dprf_no_rel_loss,vibration_drift_100rms,792,12.135404800006654,52235
1.0,1.0,1.0,444,303,dprf_no_rel_loss,electrical_drift_025rms,792,12.135404800006654,52235
1.0,1.0,1.0,444,303,dprf_no_rel_loss,electrical_drift_050rms,792,12.135404800006654,52235
0.8623737373737373,0.8415360182495398,0.8415360182495398,444,303,dprf_no_rel_loss,electrical_drift_100rms,792,12.135404800006654,52235
1.0,1.0,1.0,444,303,dprf_no_switch_loss,clean_reextract,792,12.17656969995005,52235
0.9709595959595959,0.9709551763613367,0.9709551763613368,444,303,dprf_no_switch_loss,vibration_missing,792,12.17656969995005,52235
0.9861111111111112,0.9860929507700663,0.9860929507700662,444,303,dprf_no_switch_loss,electrical_missing,792,12.17656969995005,52235
1.0,1.0,1.0,444,303,dprf_no_switch_loss,vibration_gain_075,792,12.17656969995005,52235
1.0,1.0,1.0,444,303,dprf_no_switch_loss,vibration_gain_050,792,12.17656969995005,52235
1.0,1.0,1.0,444,303,dprf_no_switch_loss,vibration_gain_025,792,12.17656969995005,52235
1.0,1.0,1.0,444,303,dprf_no_switch_loss,electrical_gain_075,792,12.17656969995005,52235
0.9987373737373737,0.9987373556209197,0.9987373556209197,444,303,dprf_no_switch_loss,electrical_gain_050,792,12.17656969995005,52235
0.9987373737373737,0.9987373556209197,0.9987373556209197,444,303,dprf_no_switch_loss,electrical_gain_025,792,12.17656969995005,52235
1.0,1.0,1.0,444,303,dprf_no_switch_loss,vibration_drift_025rms,792,12.17656969995005,52235
1.0,1.0,1.0,444,303,dprf_no_switch_loss,vibration_drift_050rms,792,12.17656969995005,52235
1.0,1.0,1.0,444,303,dprf_no_switch_loss,vibration_drift_100rms,792,12.17656969995005,52235
1.0,1.0,1.0,444,303,dprf_no_switch_loss,electrical_drift_025rms,792,12.17656969995005,52235
0.9987373737373737,0.9987373556209197,0.9987373556209197,444,303,dprf_no_switch_loss,electrical_drift_050rms,792,12.17656969995005,52235
0.9709595959595959,0.9710180801348103,0.9710180801348103,444,303,dprf_no_switch_loss,electrical_drift_100rms,792,12.17656969995005,52235
1.0,1.0,1.0,444,303,dprf_no_semantic,clean_reextract,792,10.973439100023825,52235
0.9696969696969697,0.9697092955841958,0.9697092955841958,444,303,dprf_no_semantic,vibration_missing,792,10.973439100023825,52235
0.9949494949494949,0.9949489876326293,0.9949489876326292,444,303,dprf_no_semantic,electrical_missing,792,10.973439100023825,52235
1.0,1.0,1.0,444,303,dprf_no_semantic,vibration_gain_075,792,10.973439100023825,52235
1.0,1.0,1.0,444,303,dprf_no_semantic,vibration_gain_050,792,10.973439100023825,52235
1.0,1.0,1.0,444,303,dprf_no_semantic,vibration_gain_025,792,10.973439100023825,52235
1.0,1.0,1.0,444,303,dprf_no_semantic,electrical_gain_075,792,10.973439100023825,52235
1.0,1.0,1.0,444,303,dprf_no_semantic,electrical_gain_050,792,10.973439100023825,52235
1.0,1.0,1.0,444,303,dprf_no_semantic,electrical_gain_025,792,10.973439100023825,52235
1.0,1.0,1.0,444,303,dprf_no_semantic,vibration_drift_025rms,792,10.973439100023825,52235
1.0,1.0,1.0,444,303,dprf_no_semantic,vibration_drift_050rms,792,10.973439100023825,52235
1.0,1.0,1.0,444,303,dprf_no_semantic,vibration_drift_100rms,792,10.973439100023825,52235
1.0,1.0,1.0,444,303,dprf_no_semantic,electrical_drift_025rms,792,10.973439100023825,52235
1.0,1.0,1.0,444,303,dprf_no_semantic,electrical_drift_050rms,792,10.973439100023825,52235
0.9558080808080808,0.9553589790724438,0.9553589790724439,444,303,dprf_no_semantic,electrical_drift_100rms,792,10.973439100023825,52235
1.0,1.0,1.0,444,303,dprf_full,clean_reextract,792,12.418576699972618,52235
0.9671717171717171,0.9671836887780637,0.9671836887780638,444,303,dprf_full,vibration_missing,792,12.418576699972618,52235
0.9924242424242424,0.9924219589709505,0.9924219589709505,444,303,dprf_full,electrical_missing,792,12.418576699972618,52235
1.0,1.0,1.0,444,303,dprf_full,vibration_gain_075,792,12.418576699972618,52235
1.0,1.0,1.0,444,303,dprf_full,vibration_gain_050,792,12.418576699972618,52235
1.0,1.0,1.0,444,303,dprf_full,vibration_gain_025,792,12.418576699972618,52235
1.0,1.0,1.0,444,303,dprf_full,electrical_gain_075,792,12.418576699972618,52235
1.0,1.0,1.0,444,303,dprf_full,electrical_gain_050,792,12.418576699972618,52235
0.9987373737373737,0.9987373556209197,0.9987373556209198,444,303,dprf_full,electrical_gain_025,792,12.418576699972618,52235
1.0,1.0,1.0,444,303,dprf_full,vibration_drift_025rms,792,12.418576699972618,52235
1.0,1.0,1.0,444,303,dprf_full,vibration_drift_050rms,792,12.418576699972618,52235
1.0,1.0,1.0,444,303,dprf_full,vibration_drift_100rms,792,12.418576699972618,52235
1.0,1.0,1.0,444,303,dprf_full,electrical_drift_025rms,792,12.418576699972618,52235
1.0,1.0,1.0,444,303,dprf_full,electrical_drift_050rms,792,12.418576699972618,52235
0.9305555555555556,0.9279049685295027,0.9279049685295027,444,303,dprf_full,electrical_drift_100rms,792,12.418576699972618,52235
1.0,1.0,1.0,444,304,mean_da,clean_reextract,792,6.655058300006203,10822
0.9734848484848485,0.9733738545415216,0.9733738545415217,444,304,mean_da,vibration_missing,792,6.655058300006203,10822
0.9949494949494949,0.9949489876326293,0.9949489876326293,444,304,mean_da,electrical_missing,792,6.655058300006203,10822
1.0,1.0,1.0,444,304,mean_da,vibration_gain_075,792,6.655058300006203,10822
1.0,1.0,1.0,444,304,mean_da,vibration_gain_050,792,6.655058300006203,10822
1.0,1.0,1.0,444,304,mean_da,vibration_gain_025,792,6.655058300006203,10822
1.0,1.0,1.0,444,304,mean_da,electrical_gain_075,792,6.655058300006203,10822
1.0,1.0,1.0,444,304,mean_da,electrical_gain_050,792,6.655058300006203,10822
0.9911616161616161,0.9911599672585522,0.991159967258552,444,304,mean_da,electrical_gain_025,792,6.655058300006203,10822
1.0,1.0,1.0,444,304,mean_da,vibration_drift_025rms,792,6.655058300006203,10822
1.0,1.0,1.0,444,304,mean_da,vibration_drift_050rms,792,6.655058300006203,10822
1.0,1.0,1.0,444,304,mean_da,vibration_drift_100rms,792,6.655058300006203,10822
1.0,1.0,1.0,444,304,mean_da,electrical_drift_025rms,792,6.655058300006203,10822
0.9987373737373737,0.9987373556209197,0.9987373556209197,444,304,mean_da,electrical_drift_050rms,792,6.655058300006203,10822
0.5972222222222222,0.531297728882339,0.531297728882339,444,304,mean_da,electrical_drift_100rms,792,6.655058300006203,10822
1.0,1.0,1.0,444,304,gate_da,clean_reextract,792,8.721078699978534,27400
0.9507575757575758,0.9504669930317924,0.9504669930317925,444,304,gate_da,vibration_missing,792,8.721078699978534,27400
0.9861111111111112,0.9860929507700661,0.9860929507700662,444,304,gate_da,electrical_missing,792,8.721078699978534,27400
1.0,1.0,1.0,444,304,gate_da,vibration_gain_075,792,8.721078699978534,27400
1.0,1.0,1.0,444,304,gate_da,vibration_gain_050,792,8.721078699978534,27400
0.9949494949494949,0.9949630154372145,0.9949630154372145,444,304,gate_da,vibration_gain_025,792,8.721078699978534,27400
0.9861111111111112,0.9860929507700661,0.9860929507700662,444,304,gate_da,electrical_gain_075,792,8.721078699978534,27400
0.9861111111111112,0.9860929507700661,0.9860929507700662,444,304,gate_da,electrical_gain_050,792,8.721078699978534,27400
0.9861111111111112,0.9860929507700661,0.9860929507700662,444,304,gate_da,electrical_gain_025,792,8.721078699978534,27400
1.0,1.0,1.0,444,304,gate_da,vibration_drift_025rms,792,8.721078699978534,27400
1.0,1.0,1.0,444,304,gate_da,vibration_drift_050rms,792,8.721078699978534,27400
1.0,1.0,1.0,444,304,gate_da,vibration_drift_100rms,792,8.721078699978534,27400
0.9974747474747475,0.9974746025368765,0.9974746025368766,444,304,gate_da,electrical_drift_025rms,792,8.721078699978534,27400
1.0,1.0,1.0,444,304,gate_da,electrical_drift_050rms,792,8.721078699978534,27400
0.7714646464646465,0.7569536977635108,0.7569536977635108,444,304,gate_da,electrical_drift_100rms,792,8.721078699978534,27400
1.0,1.0,1.0,444,304,rcarf_hard,clean_reextract,792,11.190639900043607,35657
0.9747474747474747,0.9748341353813664,0.9748341353813662,444,304,rcarf_hard,vibration_missing,792,11.190639900043607,35657
0.9962121212121212,0.9962022275380491,0.9962022275380492,444,304,rcarf_hard,electrical_missing,792,11.190639900043607,35657
1.0,1.0,1.0,444,304,rcarf_hard,vibration_gain_075,792,11.190639900043607,35657
1.0,1.0,1.0,444,304,rcarf_hard,vibration_gain_050,792,11.190639900043607,35657
0.9861111111111112,0.986137939981837,0.9861379399818367,444,304,rcarf_hard,vibration_gain_025,792,11.190639900043607,35657
0.9962121212121212,0.9962022275380491,0.9962022275380492,444,304,rcarf_hard,electrical_gain_075,792,11.190639900043607,35657
0.9962121212121212,0.9962022275380491,0.9962022275380492,444,304,rcarf_hard,electrical_gain_050,792,11.190639900043607,35657
0.9962121212121212,0.9962022275380491,0.9962022275380492,444,304,rcarf_hard,electrical_gain_025,792,11.190639900043607,35657
1.0,1.0,1.0,444,304,rcarf_hard,vibration_drift_025rms,792,11.190639900043607,35657
1.0,1.0,1.0,444,304,rcarf_hard,vibration_drift_050rms,792,11.190639900043607,35657
1.0,1.0,1.0,444,304,rcarf_hard,vibration_drift_100rms,792,11.190639900043607,35657
1.0,1.0,1.0,444,304,rcarf_hard,electrical_drift_025rms,792,11.190639900043607,35657
0.9974747474747475,0.9974698737337366,0.9974698737337367,444,304,rcarf_hard,electrical_drift_050rms,792,11.190639900043607,35657
0.9962121212121212,0.9962022275380491,0.9962022275380492,444,304,rcarf_hard,electrical_drift_100rms,792,11.190639900043607,35657
1.0,1.0,1.0,444,304,dprf_no_rel_loss,clean_reextract,792,12.197924799984321,52235
0.9393939393939394,0.9390608286666032,0.9390608286666032,444,304,dprf_no_rel_loss,vibration_missing,792,12.197924799984321,52235
0.9974747474747475,0.9974746025368765,0.9974746025368766,444,304,dprf_no_rel_loss,electrical_missing,792,12.197924799984321,52235
1.0,1.0,1.0,444,304,dprf_no_rel_loss,vibration_gain_075,792,12.197924799984321,52235
0.9987373737373737,0.9987373556209197,0.9987373556209197,444,304,dprf_no_rel_loss,vibration_gain_050,792,12.197924799984321,52235
0.9154040404040404,0.9096295332079355,0.9096295332079355,444,304,dprf_no_rel_loss,vibration_gain_025,792,12.197924799984321,52235
1.0,1.0,1.0,444,304,dprf_no_rel_loss,electrical_gain_075,792,12.197924799984321,52235
1.0,1.0,1.0,444,304,dprf_no_rel_loss,electrical_gain_050,792,12.197924799984321,52235
0.9974747474747475,0.9974794400449793,0.9974794400449793,444,304,dprf_no_rel_loss,electrical_gain_025,792,12.197924799984321,52235
1.0,1.0,1.0,444,304,dprf_no_rel_loss,vibration_drift_025rms,792,12.197924799984321,52235
1.0,1.0,1.0,444,304,dprf_no_rel_loss,vibration_drift_050rms,792,12.197924799984321,52235
1.0,1.0,1.0,444,304,dprf_no_rel_loss,vibration_drift_100rms,792,12.197924799984321,52235
1.0,1.0,1.0,444,304,dprf_no_rel_loss,electrical_drift_025rms,792,12.197924799984321,52235
1.0,1.0,1.0,444,304,dprf_no_rel_loss,electrical_drift_050rms,792,12.197924799984321,52235
0.8345959595959596,0.8157640443674401,0.8157640443674401,444,304,dprf_no_rel_loss,electrical_drift_100rms,792,12.197924799984321,52235
1.0,1.0,1.0,444,304,dprf_no_switch_loss,clean_reextract,792,11.993558100017253,52235
0.9444444444444444,0.9437659765660001,0.9437659765660001,444,304,dprf_no_switch_loss,vibration_missing,792,11.993558100017253,52235
0.9974747474747475,0.9974746025368765,0.9974746025368766,444,304,dprf_no_switch_loss,electrical_missing,792,11.993558100017253,52235
1.0,1.0,1.0,444,304,dprf_no_switch_loss,vibration_gain_075,792,11.993558100017253,52235
1.0,1.0,1.0,444,304,dprf_no_switch_loss,vibration_gain_050,792,11.993558100017253,52235
1.0,1.0,1.0,444,304,dprf_no_switch_loss,vibration_gain_025,792,11.993558100017253,52235
1.0,1.0,1.0,444,304,dprf_no_switch_loss,electrical_gain_075,792,11.993558100017253,52235
0.9987373737373737,0.9987373556209197,0.9987373556209197,444,304,dprf_no_switch_loss,electrical_gain_050,792,11.993558100017253,52235
0.9974747474747475,0.9974746025368765,0.9974746025368766,444,304,dprf_no_switch_loss,electrical_gain_025,792,11.993558100017253,52235
1.0,1.0,1.0,444,304,dprf_no_switch_loss,vibration_drift_025rms,792,11.993558100017253,52235
1.0,1.0,1.0,444,304,dprf_no_switch_loss,vibration_drift_050rms,792,11.993558100017253,52235
1.0,1.0,1.0,444,304,dprf_no_switch_loss,vibration_drift_100rms,792,11.993558100017253,52235
1.0,1.0,1.0,444,304,dprf_no_switch_loss,electrical_drift_025rms,792,11.993558100017253,52235
1.0,1.0,1.0,444,304,dprf_no_switch_loss,electrical_drift_050rms,792,11.993558100017253,52235
0.9949494949494949,0.9949489876326293,0.9949489876326292,444,304,dprf_no_switch_loss,electrical_drift_100rms,792,11.993558100017253,52235
1.0,1.0,1.0,444,304,dprf_no_semantic,clean_reextract,792,10.909235000028275,52235
0.9406565656565656,0.9400514584044894,0.9400514584044896,444,304,dprf_no_semantic,vibration_missing,792,10.909235000028275,52235
1.0,1.0,1.0,444,304,dprf_no_semantic,electrical_missing,792,10.909235000028275,52235
1.0,1.0,1.0,444,304,dprf_no_semantic,vibration_gain_075,792,10.909235000028275,52235
1.0,1.0,1.0,444,304,dprf_no_semantic,vibration_gain_050,792,10.909235000028275,52235
0.9962121212121212,0.9962119581577963,0.9962119581577963,444,304,dprf_no_semantic,vibration_gain_025,792,10.909235000028275,52235
1.0,1.0,1.0,444,304,dprf_no_semantic,electrical_gain_075,792,10.909235000028275,52235
1.0,1.0,1.0,444,304,dprf_no_semantic,electrical_gain_050,792,10.909235000028275,52235
1.0,1.0,1.0,444,304,dprf_no_semantic,electrical_gain_025,792,10.909235000028275,52235
1.0,1.0,1.0,444,304,dprf_no_semantic,vibration_drift_025rms,792,10.909235000028275,52235
1.0,1.0,1.0,444,304,dprf_no_semantic,vibration_drift_050rms,792,10.909235000028275,52235
1.0,1.0,1.0,444,304,dprf_no_semantic,vibration_drift_100rms,792,10.909235000028275,52235
1.0,1.0,1.0,444,304,dprf_no_semantic,electrical_drift_025rms,792,10.909235000028275,52235
0.9987373737373737,0.9987373556209197,0.9987373556209197,444,304,dprf_no_semantic,electrical_drift_050rms,792,10.909235000028275,52235
0.9494949494949495,0.9486522263937419,0.9486522263937418,444,304,dprf_no_semantic,electrical_drift_100rms,792,10.909235000028275,52235
1.0,1.0,1.0,444,304,dprf_full,clean_reextract,792,12.11590510001406,52235
0.9595959595959596,0.9594205288050222,0.9594205288050222,444,304,dprf_full,vibration_missing,792,12.11590510001406,52235
1.0,1.0,1.0,444,304,dprf_full,electrical_missing,792,12.11590510001406,52235
1.0,1.0,1.0,444,304,dprf_full,vibration_gain_075,792,12.11590510001406,52235
1.0,1.0,1.0,444,304,dprf_full,vibration_gain_050,792,12.11590510001406,52235
0.9987373737373737,0.9987373556209197,0.9987373556209197,444,304,dprf_full,vibration_gain_025,792,12.11590510001406,52235
1.0,1.0,1.0,444,304,dprf_full,electrical_gain_075,792,12.11590510001406,52235
1.0,1.0,1.0,444,304,dprf_full,electrical_gain_050,792,12.11590510001406,52235
0.9987373737373737,0.9987373556209197,0.9987373556209197,444,304,dprf_full,electrical_gain_025,792,12.11590510001406,52235
1.0,1.0,1.0,444,304,dprf_full,vibration_drift_025rms,792,12.11590510001406,52235
1.0,1.0,1.0,444,304,dprf_full,vibration_drift_050rms,792,12.11590510001406,52235
1.0,1.0,1.0,444,304,dprf_full,vibration_drift_100rms,792,12.11590510001406,52235
1.0,1.0,1.0,444,304,dprf_full,electrical_drift_025rms,792,12.11590510001406,52235
0.9987373737373737,0.9987373556209197,0.9987373556209197,444,304,dprf_full,electrical_drift_050rms,792,12.11590510001406,52235
0.8409090909090909,0.8189059177979985,0.8189059177979986,444,304,dprf_full,electrical_drift_100rms,792,12.11590510001406,52235
1.0,1.0,1.0,444,305,mean_da,clean_reextract,792,6.638120100018568,10822
0.9709595959595959,0.9709241599966592,0.970924159996659,444,305,mean_da,vibration_missing,792,6.638120100018568,10822
0.9936868686868687,0.9936862345485861,0.9936862345485861,444,305,mean_da,electrical_missing,792,6.638120100018568,10822
1.0,1.0,1.0,444,305,mean_da,vibration_gain_075,792,6.638120100018568,10822
1.0,1.0,1.0,444,305,mean_da,vibration_gain_050,792,6.638120100018568,10822
0.9583333333333334,0.9576719576719577,0.9576719576719577,444,305,mean_da,vibration_gain_025,792,6.638120100018568,10822
1.0,1.0,1.0,444,305,mean_da,electrical_gain_075,792,6.638120100018568,10822
1.0,1.0,1.0,444,305,mean_da,electrical_gain_050,792,6.638120100018568,10822
0.9987373737373737,0.9987373556209196,0.9987373556209198,444,305,mean_da,electrical_gain_025,792,6.638120100018568,10822
1.0,1.0,1.0,444,305,mean_da,vibration_drift_025rms,792,6.638120100018568,10822
1.0,1.0,1.0,444,305,mean_da,vibration_drift_050rms,792,6.638120100018568,10822
1.0,1.0,1.0,444,305,mean_da,vibration_drift_100rms,792,6.638120100018568,10822
1.0,1.0,1.0,444,305,mean_da,electrical_drift_025rms,792,6.638120100018568,10822
1.0,1.0,1.0,444,305,mean_da,electrical_drift_050rms,792,6.638120100018568,10822
0.5,0.4478520339477405,0.4478520339477404,444,305,mean_da,electrical_drift_100rms,792,6.638120100018568,10822
0.9962121212121212,0.9962116320117095,0.9962116320117095,444,305,gate_da,clean_reextract,792,8.712452300009318,27400
0.9772727272727273,0.9772626713961067,0.9772626713961067,444,305,gate_da,vibration_missing,792,8.712452300009318,27400
0.98989898989899,0.9898949298409248,0.9898949298409249,444,305,gate_da,electrical_missing,792,8.712452300009318,27400
1.0,1.0,1.0,444,305,gate_da,vibration_gain_075,792,8.712452300009318,27400
1.0,1.0,1.0,444,305,gate_da,vibration_gain_050,792,8.712452300009318,27400
0.9949494949494949,0.9949490980004133,0.9949490980004133,444,305,gate_da,vibration_gain_025,792,8.712452300009318,27400
0.98989898989899,0.9898949298409248,0.9898949298409249,444,305,gate_da,electrical_gain_075,792,8.712452300009318,27400
0.98989898989899,0.9898949298409248,0.9898949298409249,444,305,gate_da,electrical_gain_050,792,8.712452300009318,27400
0.98989898989899,0.9898949298409248,0.9898949298409249,444,305,gate_da,electrical_gain_025,792,8.712452300009318,27400
0.9962121212121212,0.9962116320117095,0.9962116320117095,444,305,gate_da,vibration_drift_025rms,792,8.712452300009318,27400
0.9962121212121212,0.9962116320117095,0.9962116320117095,444,305,gate_da,vibration_drift_050rms,792,8.712452300009318,27400
0.9949494949494949,0.9949483352468427,0.9949483352468428,444,305,gate_da,vibration_drift_100rms,792,8.712452300009318,27400
0.9962121212121212,0.9962116320117095,0.9962116320117095,444,305,gate_da,electrical_drift_025rms,792,8.712452300009318,27400
0.9949494949494949,0.9949483352468427,0.9949483352468428,444,305,gate_da,electrical_drift_050rms,792,8.712452300009318,27400
0.9494949494949495,0.9486325457731585,0.9486325457731585,444,305,gate_da,electrical_drift_100rms,792,8.712452300009318,27400
1.0,1.0,1.0,444,305,rcarf_hard,clean_reextract,792,11.062806600006297,35657
0.9684343434343434,0.9683650083920611,0.9683650083920612,444,305,rcarf_hard,vibration_missing,792,11.062806600006297,35657
0.9848484848484849,0.9848301976860231,0.9848301976860231,444,305,rcarf_hard,electrical_missing,792,11.062806600006297,35657
1.0,1.0,1.0,444,305,rcarf_hard,vibration_gain_075,792,11.062806600006297,35657
1.0,1.0,1.0,444,305,rcarf_hard,vibration_gain_050,792,11.062806600006297,35657
0.9987373737373737,0.9987373556209197,0.9987373556209197,444,305,rcarf_hard,vibration_gain_025,792,11.062806600006297,35657
0.9848484848484849,0.9848301976860231,0.9848301976860231,444,305,rcarf_hard,electrical_gain_075,792,11.062806600006297,35657
0.9848484848484849,0.9848301976860231,0.9848301976860231,444,305,rcarf_hard,electrical_gain_050,792,11.062806600006297,35657
0.9848484848484849,0.9848301976860231,0.9848301976860231,444,305,rcarf_hard,electrical_gain_025,792,11.062806600006297,35657
1.0,1.0,1.0,444,305,rcarf_hard,vibration_drift_025rms,792,11.062806600006297,35657
1.0,1.0,1.0,444,305,rcarf_hard,vibration_drift_050rms,792,11.062806600006297,35657
1.0,1.0,1.0,444,305,rcarf_hard,vibration_drift_100rms,792,11.062806600006297,35657
1.0,1.0,1.0,444,305,rcarf_hard,electrical_drift_025rms,792,11.062806600006297,35657
0.9848484848484849,0.9848301976860231,0.9848301976860231,444,305,rcarf_hard,electrical_drift_050rms,792,11.062806600006297,35657
0.9848484848484849,0.9848301976860231,0.9848301976860231,444,305,rcarf_hard,electrical_drift_100rms,792,11.062806600006297,35657
1.0,1.0,1.0,444,305,dprf_no_rel_loss,clean_reextract,792,11.977126999991015,52235
0.9709595959595959,0.9708969541986487,0.9708969541986486,444,305,dprf_no_rel_loss,vibration_missing,792,11.977126999991015,52235
0.9949494949494949,0.9949630154372145,0.9949630154372145,444,305,dprf_no_rel_loss,electrical_missing,792,11.977126999991015,52235
1.0,1.0,1.0,444,305,dprf_no_rel_loss,vibration_gain_075,792,11.977126999991015,52235
1.0,1.0,1.0,444,305,dprf_no_rel_loss,vibration_gain_050,792,11.977126999991015,52235
0.9166666666666666,0.9104522890516349,0.910452289051635,444,305,dprf_no_rel_loss,vibration_gain_025,792,11.977126999991015,52235
1.0,1.0,1.0,444,305,dprf_no_rel_loss,electrical_gain_075,792,11.977126999991015,52235
1.0,1.0,1.0,444,305,dprf_no_rel_loss,electrical_gain_050,792,11.977126999991015,52235
1.0,1.0,1.0,444,305,dprf_no_rel_loss,electrical_gain_025,792,11.977126999991015,52235
1.0,1.0,1.0,444,305,dprf_no_rel_loss,vibration_drift_025rms,792,11.977126999991015,52235
1.0,1.0,1.0,444,305,dprf_no_rel_loss,vibration_drift_050rms,792,11.977126999991015,52235
1.0,1.0,1.0,444,305,dprf_no_rel_loss,vibration_drift_100rms,792,11.977126999991015,52235
1.0,1.0,1.0,444,305,dprf_no_rel_loss,electrical_drift_025rms,792,11.977126999991015,52235
1.0,1.0,1.0,444,305,dprf_no_rel_loss,electrical_drift_050rms,792,11.977126999991015,52235
0.976010101010101,0.9759622813179418,0.9759622813179417,444,305,dprf_no_rel_loss,electrical_drift_100rms,792,11.977126999991015,52235
1.0,1.0,1.0,444,305,dprf_no_switch_loss,clean_reextract,792,12.0464850999997,52235
0.9772727272727273,0.9773014961830403,0.9773014961830402,444,305,dprf_no_switch_loss,vibration_missing,792,12.0464850999997,52235
0.9949494949494949,0.9949630154372145,0.9949630154372145,444,305,dprf_no_switch_loss,electrical_missing,792,12.0464850999997,52235
1.0,1.0,1.0,444,305,dprf_no_switch_loss,vibration_gain_075,792,12.0464850999997,52235
1.0,1.0,1.0,444,305,dprf_no_switch_loss,vibration_gain_050,792,12.0464850999997,52235
1.0,1.0,1.0,444,305,dprf_no_switch_loss,vibration_gain_025,792,12.0464850999997,52235
0.9949494949494949,0.9949630154372145,0.9949630154372145,444,305,dprf_no_switch_loss,electrical_gain_075,792,12.0464850999997,52235
0.9949494949494949,0.9949630154372145,0.9949630154372145,444,305,dprf_no_switch_loss,electrical_gain_050,792,12.0464850999997,52235
0.9949494949494949,0.9949630154372145,0.9949630154372145,444,305,dprf_no_switch_loss,electrical_gain_025,792,12.0464850999997,52235
1.0,1.0,1.0,444,305,dprf_no_switch_loss,vibration_drift_025rms,792,12.0464850999997,52235
1.0,1.0,1.0,444,305,dprf_no_switch_loss,vibration_drift_050rms,792,12.0464850999997,52235
1.0,1.0,1.0,444,305,dprf_no_switch_loss,vibration_drift_100rms,792,12.0464850999997,52235
1.0,1.0,1.0,444,305,dprf_no_switch_loss,electrical_drift_025rms,792,12.0464850999997,52235
0.9962121212121212,0.9962213626314566,0.9962213626314566,444,305,dprf_no_switch_loss,electrical_drift_050rms,792,12.0464850999997,52235
0.9797979797979798,0.9798283306653411,0.9798283306653411,444,305,dprf_no_switch_loss,electrical_drift_100rms,792,12.0464850999997,52235
1.0,1.0,1.0,444,305,dprf_no_semantic,clean_reextract,792,10.777470899978653,52235
0.9772727272727273,0.9772484044850366,0.9772484044850367,444,305,dprf_no_semantic,vibration_missing,792,10.777470899978653,52235
0.9949494949494949,0.994954042581856,0.9949540425818559,444,305,dprf_no_semantic,electrical_missing,792,10.777470899978653,52235
1.0,1.0,1.0,444,305,dprf_no_semantic,vibration_gain_075,792,10.777470899978653,52235
1.0,1.0,1.0,444,305,dprf_no_semantic,vibration_gain_050,792,10.777470899978653,52235
0.9962121212121212,0.9962116320117095,0.9962116320117095,444,305,dprf_no_semantic,vibration_gain_025,792,10.777470899978653,52235
1.0,1.0,1.0,444,305,dprf_no_semantic,electrical_gain_075,792,10.777470899978653,52235
1.0,1.0,1.0,444,305,dprf_no_semantic,electrical_gain_050,792,10.777470899978653,52235
1.0,1.0,1.0,444,305,dprf_no_semantic,electrical_gain_025,792,10.777470899978653,52235
1.0,1.0,1.0,444,305,dprf_no_semantic,vibration_drift_025rms,792,10.777470899978653,52235
1.0,1.0,1.0,444,305,dprf_no_semantic,vibration_drift_050rms,792,10.777470899978653,52235
1.0,1.0,1.0,444,305,dprf_no_semantic,vibration_drift_100rms,792,10.777470899978653,52235
1.0,1.0,1.0,444,305,dprf_no_semantic,electrical_drift_025rms,792,10.777470899978653,52235
0.9987373737373737,0.9987373556209197,0.9987373556209197,444,305,dprf_no_semantic,electrical_drift_050rms,792,10.777470899978653,52235
0.9734848484848485,0.9734368274860669,0.9734368274860667,444,305,dprf_no_semantic,electrical_drift_100rms,792,10.777470899978653,52235
1.0,1.0,1.0,444,305,dprf_full,clean_reextract,792,12.102112900000066,52235
0.9785353535353535,0.9785142761523375,0.9785142761523375,444,305,dprf_full,vibration_missing,792,12.102112900000066,52235
0.9924242424242424,0.9924232640234191,0.992423264023419,444,305,dprf_full,electrical_missing,792,12.102112900000066,52235
1.0,1.0,1.0,444,305,dprf_full,vibration_gain_075,792,12.102112900000066,52235
1.0,1.0,1.0,444,305,dprf_full,vibration_gain_050,792,12.102112900000066,52235
0.98989898989899,0.9898576927986261,0.9898576927986261,444,305,dprf_full,vibration_gain_025,792,12.102112900000066,52235
1.0,1.0,1.0,444,305,dprf_full,electrical_gain_075,792,12.102112900000066,52235
1.0,1.0,1.0,444,305,dprf_full,electrical_gain_050,792,12.102112900000066,52235
1.0,1.0,1.0,444,305,dprf_full,electrical_gain_025,792,12.102112900000066,52235
1.0,1.0,1.0,444,305,dprf_full,vibration_drift_025rms,792,12.102112900000066,52235
1.0,1.0,1.0,444,305,dprf_full,vibration_drift_050rms,792,12.102112900000066,52235
1.0,1.0,1.0,444,305,dprf_full,vibration_drift_100rms,792,12.102112900000066,52235
1.0,1.0,1.0,444,305,dprf_full,electrical_drift_025rms,792,12.102112900000066,52235
0.9987373737373737,0.9987373556209197,0.9987373556209197,444,305,dprf_full,electrical_drift_050rms,792,12.102112900000066,52235
0.98989898989899,0.9899114658558973,0.9899114658558975,444,305,dprf_full,electrical_drift_100rms,792,12.102112900000066,52235
0.9936868686868687,0.9937042904419613,0.9937042904419612,555,301,mean_da,clean_reextract,792,6.565604299947154,10822
0.9570707070707071,0.9568961863348018,0.9568961863348018,555,301,mean_da,vibration_missing,792,6.565604299947154,10822
0.9924242424242424,0.9924232640234191,0.992423264023419,555,301,mean_da,electrical_missing,792,6.565604299947154,10822
0.9962121212121212,0.9962213626314566,0.9962213626314564,555,301,mean_da,vibration_gain_075,792,6.565604299947154,10822
0.9987373737373737,0.9987373556209197,0.9987373556209197,555,301,mean_da,vibration_gain_050,792,6.565604299947154,10822
0.9861111111111112,0.9861269941779981,0.9861269941779981,555,301,mean_da,vibration_gain_025,792,6.565604299947154,10822
0.9924242424242424,0.9924450795173229,0.9924450795173229,555,301,mean_da,electrical_gain_075,792,6.565604299947154,10822
0.9949494949494949,0.9949630154372144,0.9949630154372145,555,301,mean_da,electrical_gain_050,792,6.565604299947154,10822
0.9949494949494949,0.9949489876326293,0.9949489876326292,555,301,mean_da,electrical_gain_025,792,6.565604299947154,10822
0.9936868686868687,0.9937042904419613,0.9937042904419612,555,301,mean_da,vibration_drift_025rms,792,6.565604299947154,10822
0.9949494949494949,0.9949483352468427,0.9949483352468428,555,301,mean_da,vibration_drift_050rms,792,6.565604299947154,10822
0.9949494949494949,0.9949483352468427,0.9949483352468428,555,301,mean_da,vibration_drift_100rms,792,6.565604299947154,10822
0.9924242424242424,0.9924450795173229,0.9924450795173229,555,301,mean_da,electrical_drift_025rms,792,6.565604299947154,10822
0.9936868686868687,0.9936857089842164,0.9936857089842165,555,301,mean_da,electrical_drift_050rms,792,6.565604299947154,10822
0.6047979797979798,0.5198148193356598,0.5198148193356599,555,301,mean_da,electrical_drift_100rms,792,6.565604299947154,10822
1.0,1.0,1.0,555,301,gate_da,clean_reextract,792,8.705362000036985,27400
0.9103535353535354,0.9075954666234815,0.9075954666234815,555,301,gate_da,vibration_missing,792,8.705362000036985,27400
0.9987373737373737,0.9987373556209197,0.9987373556209197,555,301,gate_da,electrical_missing,792,8.705362000036985,27400
1.0,1.0,1.0,555,301,gate_da,vibration_gain_075,792,8.705362000036985,27400
1.0,1.0,1.0,555,301,gate_da,vibration_gain_050,792,8.705362000036985,27400
0.9911616161616161,0.9911362631707429,0.9911362631707429,555,301,gate_da,vibration_gain_025,792,8.705362000036985,27400
0.9962121212121212,0.9962116320117095,0.9962116320117095,555,301,gate_da,electrical_gain_075,792,8.705362000036985,27400
0.9962121212121212,0.9962116320117095,0.9962116320117095,555,301,gate_da,electrical_gain_050,792,8.705362000036985,27400
0.9911616161616161,0.9911002196206482,0.9911002196206482,555,301,gate_da,electrical_gain_025,792,8.705362000036985,27400
1.0,1.0,1.0,555,301,gate_da,vibration_drift_025rms,792,8.705362000036985,27400
1.0,1.0,1.0,555,301,gate_da,vibration_drift_050rms,792,8.705362000036985,27400
1.0,1.0,1.0,555,301,gate_da,vibration_drift_100rms,792,8.705362000036985,27400
1.0,1.0,1.0,555,301,gate_da,electrical_drift_025rms,792,8.705362000036985,27400
1.0,1.0,1.0,555,301,gate_da,electrical_drift_050rms,792,8.705362000036985,27400
0.9633838383838383,0.962307068242532,0.9623070682425319,555,301,gate_da,electrical_drift_100rms,792,8.705362000036985,27400
0.9974747474747475,0.9974746025368765,0.9974746025368766,555,301,rcarf_hard,clean_reextract,792,11.028599500015844,35657
0.9393939393939394,0.9399815775209536,0.9399815775209536,555,301,rcarf_hard,vibration_missing,792,11.028599500015844,35657
0.9974747474747475,0.9974698737337365,0.9974698737337367,555,301,rcarf_hard,electrical_missing,792,11.028599500015844,35657
0.9962121212121212,0.9962116320117095,0.9962116320117095,555,301,rcarf_hard,vibration_gain_075,792,11.028599500015844,35657
0.9873737373737373,0.9874612443448085,0.9874612443448084,555,301,rcarf_hard,vibration_gain_050,792,11.028599500015844,35657
0.9684343434343434,0.9686894800666037,0.9686894800666036,555,301,rcarf_hard,vibration_gain_025,792,11.028599500015844,35657
0.9936868686868687,0.9936956439178154,0.9936956439178155,555,301,rcarf_hard,electrical_gain_075,792,11.028599500015844,35657
0.9962121212121212,0.9962119762742502,0.9962119762742503,555,301,rcarf_hard,electrical_gain_050,792,11.028599500015844,35657
0.9962121212121212,0.9962119762742502,0.9962119762742503,555,301,rcarf_hard,electrical_gain_025,792,11.028599500015844,35657
0.9974747474747475,0.9974746025368765,0.9974746025368766,555,301,rcarf_hard,vibration_drift_025rms,792,11.028599500015844,35657
0.9974747474747475,0.9974746025368765,0.9974746025368766,555,301,rcarf_hard,vibration_drift_050rms,792,11.028599500015844,35657
0.9974747474747475,0.9974746025368765,0.9974746025368766,555,301,rcarf_hard,vibration_drift_100rms,792,11.028599500015844,35657
0.9987373737373737,0.9987373556209197,0.9987373556209197,555,301,rcarf_hard,electrical_drift_025rms,792,11.028599500015844,35657
0.9974747474747475,0.9974698737337365,0.9974698737337367,555,301,rcarf_hard,electrical_drift_050rms,792,11.028599500015844,35657
0.9974747474747475,0.9974698737337365,0.9974698737337367,555,301,rcarf_hard,electrical_drift_100rms,792,11.028599500015844,35657
0.9974747474747475,0.9974746025368765,0.9974746025368766,555,301,dprf_no_rel_loss,clean_reextract,792,11.943995699984953,52235
0.9734848484848485,0.9734476066362155,0.9734476066362154,555,301,dprf_no_rel_loss,vibration_missing,792,11.943995699984953,52235
0.9886363636363636,0.988532191437303,0.9885321914373029,555,301,dprf_no_rel_loss,electrical_missing,792,11.943995699984953,52235
1.0,1.0,1.0,555,301,dprf_no_rel_loss,vibration_gain_075,792,11.943995699984953,52235
1.0,1.0,1.0,555,301,dprf_no_rel_loss,vibration_gain_050,792,11.943995699984953,52235
0.9987373737373737,0.9987373556209197,0.9987373556209197,555,301,dprf_no_rel_loss,vibration_gain_025,792,11.943995699984953,52235
0.9949494949494949,0.9949483352468427,0.9949483352468428,555,301,dprf_no_rel_loss,electrical_gain_075,792,11.943995699984953,52235
0.9962121212121212,0.9962116320117095,0.9962116320117095,555,301,dprf_no_rel_loss,electrical_gain_050,792,11.943995699984953,52235
0.9936868686868687,0.9936567047743866,0.9936567047743866,555,301,dprf_no_rel_loss,electrical_gain_025,792,11.943995699984953,52235
0.9974747474747475,0.9974746025368765,0.9974746025368766,555,301,dprf_no_rel_loss,vibration_drift_025rms,792,11.943995699984953,52235
0.9974747474747475,0.9974746025368765,0.9974746025368766,555,301,dprf_no_rel_loss,vibration_drift_050rms,792,11.943995699984953,52235
0.9974747474747475,0.9974746025368765,0.9974746025368766,555,301,dprf_no_rel_loss,vibration_drift_100rms,792,11.943995699984953,52235
0.9987373737373737,0.9987373556209197,0.9987373556209197,555,301,dprf_no_rel_loss,electrical_drift_025rms,792,11.943995699984953,52235
0.9987373737373737,0.9987373556209197,0.9987373556209197,555,301,dprf_no_rel_loss,electrical_drift_050rms,792,11.943995699984953,52235
0.9924242424242424,0.9924183144527942,0.9924183144527942,555,301,dprf_no_rel_loss,electrical_drift_100rms,792,11.943995699984953,52235
0.9949494949494949,0.9949483352468427,0.9949483352468428,555,301,dprf_no_switch_loss,clean_reextract,792,12.067060499975923,52235
0.9545454545454546,0.9545038933469155,0.9545038933469155,555,301,dprf_no_switch_loss,vibration_missing,792,12.067060499975923,52235
0.9848484848484849,0.9846739690901236,0.9846739690901235,555,301,dprf_no_switch_loss,electrical_missing,792,12.067060499975923,52235
0.9987373737373737,0.9987373556209197,0.9987373556209197,555,301,dprf_no_switch_loss,vibration_gain_075,792,12.067060499975923,52235
1.0,1.0,1.0,555,301,dprf_no_switch_loss,vibration_gain_050,792,12.067060499975923,52235
0.9987373737373737,0.9987373556209196,0.9987373556209198,555,301,dprf_no_switch_loss,vibration_gain_025,792,12.067060499975923,52235
0.9936868686868687,0.993684603350031,0.993684603350031,555,301,dprf_no_switch_loss,electrical_gain_075,792,12.067060499975923,52235
0.9936868686868687,0.993684603350031,0.993684603350031,555,301,dprf_no_switch_loss,electrical_gain_050,792,12.067060499975923,52235
0.9936868686868687,0.993684603350031,0.993684603350031,555,301,dprf_no_switch_loss,electrical_gain_025,792,12.067060499975923,52235
0.9949494949494949,0.9949483352468427,0.9949483352468428,555,301,dprf_no_switch_loss,vibration_drift_025rms,792,12.067060499975923,52235
0.9949494949494949,0.9949483352468427,0.9949483352468428,555,301,dprf_no_switch_loss,vibration_drift_050rms,792,12.067060499975923,52235
0.9949494949494949,0.9949483352468427,0.9949483352468428,555,301,dprf_no_switch_loss,vibration_drift_100rms,792,12.067060499975923,52235
0.9949494949494949,0.9949483352468427,0.9949483352468428,555,301,dprf_no_switch_loss,electrical_drift_025rms,792,12.067060499975923,52235
0.9949494949494949,0.9949483352468427,0.9949483352468428,555,301,dprf_no_switch_loss,electrical_drift_050rms,792,12.067060499975923,52235
0.8560606060606061,0.827182285878915,0.827182285878915,555,301,dprf_no_switch_loss,electrical_drift_100rms,792,12.067060499975923,52235
1.0,1.0,1.0,555,301,dprf_no_semantic,clean_reextract,792,10.842165800044313,52235
0.8952020202020202,0.8928454058397798,0.8928454058397796,555,301,dprf_no_semantic,vibration_missing,792,10.842165800044313,52235
0.9936868686868687,0.9936567047743866,0.9936567047743866,555,301,dprf_no_semantic,electrical_missing,792,10.842165800044313,52235
1.0,1.0,1.0,555,301,dprf_no_semantic,vibration_gain_075,792,10.842165800044313,52235
1.0,1.0,1.0,555,301,dprf_no_semantic,vibration_gain_050,792,10.842165800044313,52235
0.9861111111111112,0.9862244016860108,0.986224401686011,555,301,dprf_no_semantic,vibration_gain_025,792,10.842165800044313,52235
0.9962121212121212,0.9962116320117095,0.9962116320117095,555,301,dprf_no_semantic,electrical_gain_075,792,10.842165800044313,52235
0.9974747474747475,0.9974746025368765,0.9974746025368766,555,301,dprf_no_semantic,electrical_gain_050,792,10.842165800044313,52235
0.9785353535353535,0.978534834384967,0.9785348343849669,555,301,dprf_no_semantic,electrical_gain_025,792,10.842165800044313,52235
1.0,1.0,1.0,555,301,dprf_no_semantic,vibration_drift_025rms,792,10.842165800044313,52235
1.0,1.0,1.0,555,301,dprf_no_semantic,vibration_drift_050rms,792,10.842165800044313,52235
1.0,1.0,1.0,555,301,dprf_no_semantic,vibration_drift_100rms,792,10.842165800044313,52235
1.0,1.0,1.0,555,301,dprf_no_semantic,electrical_drift_025rms,792,10.842165800044313,52235
1.0,1.0,1.0,555,301,dprf_no_semantic,electrical_drift_050rms,792,10.842165800044313,52235
0.9797979797979798,0.979558467383269,0.9795584673832692,555,301,dprf_no_semantic,electrical_drift_100rms,792,10.842165800044313,52235
0.9974747474747475,0.9974746025368765,0.9974746025368766,555,301,dprf_full,clean_reextract,792,12.215917300025467,52235
0.9406565656565656,0.9405221619413157,0.9405221619413155,555,301,dprf_full,vibration_missing,792,12.215917300025467,52235
0.9949494949494949,0.9949483352468427,0.9949483352468428,555,301,dprf_full,electrical_missing,792,12.215917300025467,52235
1.0,1.0,1.0,555,301,dprf_full,vibration_gain_075,792,12.215917300025467,52235
1.0,1.0,1.0,555,301,dprf_full,vibration_gain_050,792,12.215917300025467,52235
0.9936868686868687,0.993671681179631,0.9936716811796311,555,301,dprf_full,vibration_gain_025,792,12.215917300025467,52235
0.9949494949494949,0.9949483352468427,0.9949483352468428,555,301,dprf_full,electrical_gain_075,792,12.215917300025467,52235
0.9962121212121212,0.9962116320117095,0.9962116320117095,555,301,dprf_full,electrical_gain_050,792,12.215917300025467,52235
0.9873737373737373,0.9872606179835133,0.9872606179835132,555,301,dprf_full,electrical_gain_025,792,12.215917300025467,52235
0.9974747474747475,0.9974746025368765,0.9974746025368766,555,301,dprf_full,vibration_drift_025rms,792,12.215917300025467,52235
0.9974747474747475,0.9974746025368765,0.9974746025368766,555,301,dprf_full,vibration_drift_050rms,792,12.215917300025467,52235
0.9974747474747475,0.9974746025368765,0.9974746025368766,555,301,dprf_full,vibration_drift_100rms,792,12.215917300025467,52235
0.9974747474747475,0.9974746025368765,0.9974746025368766,555,301,dprf_full,electrical_drift_025rms,792,12.215917300025467,52235
0.9987373737373737,0.9987373556209197,0.9987373556209197,555,301,dprf_full,electrical_drift_050rms,792,12.215917300025467,52235
0.9962121212121212,0.9962116320117095,0.9962116320117095,555,301,dprf_full,electrical_drift_100rms,792,12.215917300025467,52235
0.9974747474747475,0.9974746025368765,0.9974746025368766,555,302,mean_da,clean_reextract,792,6.612161600030959,10822
0.8446969696969697,0.8189684677537495,0.8189684677537495,555,302,mean_da,vibration_missing,792,6.612161600030959,10822
0.9987373737373737,0.9987373556209197,0.9987373556209198,555,302,mean_da,electrical_missing,792,6.612161600030959,10822
1.0,1.0,1.0,555,302,mean_da,vibration_gain_075,792,6.612161600030959,10822
0.9987373737373737,0.9987373556209197,0.9987373556209198,555,302,mean_da,vibration_gain_050,792,6.612161600030959,10822
0.9305555555555556,0.9307261120282367,0.930726112028237,555,302,mean_da,vibration_gain_025,792,6.612161600030959,10822
0.9962121212121212,0.9962116320117095,0.9962116320117095,555,302,mean_da,electrical_gain_075,792,6.612161600030959,10822
0.9962121212121212,0.9962116320117095,0.9962116320117095,555,302,mean_da,electrical_gain_050,792,6.612161600030959,10822
0.9974747474747475,0.9974746025368765,0.9974746025368766,555,302,mean_da,electrical_gain_025,792,6.612161600030959,10822
0.9974747474747475,0.9974746025368765,0.9974746025368766,555,302,mean_da,vibration_drift_025rms,792,6.612161600030959,10822
0.9974747474747475,0.9974746025368765,0.9974746025368766,555,302,mean_da,vibration_drift_050rms,792,6.612161600030959,10822
0.9974747474747475,0.9974746025368765,0.9974746025368766,555,302,mean_da,vibration_drift_100rms,792,6.612161600030959,10822
0.9987373737373737,0.9987373556209197,0.9987373556209197,555,302,mean_da,electrical_drift_025rms,792,6.612161600030959,10822
0.9987373737373737,0.9987373556209197,0.9987373556209197,555,302,mean_da,electrical_drift_050rms,792,6.612161600030959,10822
0.6388888888888888,0.6049115702993206,0.6049115702993206,555,302,mean_da,electrical_drift_100rms,792,6.612161600030959,10822
0.9886363636363636,0.9885750918765476,0.9885750918765475,555,302,gate_da,clean_reextract,792,8.684752699977253,27400
0.8674242424242424,0.8570909676275879,0.8570909676275877,555,302,gate_da,vibration_missing,792,8.684752699977253,27400
0.9949494949494949,0.9949489876326293,0.9949489876326293,555,302,gate_da,electrical_missing,792,8.684752699977253,27400
0.9633838383838383,0.9622499615747756,0.9622499615747755,555,302,gate_da,vibration_gain_075,792,8.684752699977253,27400
0.9558080808080808,0.9540266718960032,0.9540266718960033,555,302,gate_da,vibration_gain_050,792,8.684752699977253,27400
0.9595959595959596,0.9584569761200953,0.9584569761200954,555,302,gate_da,vibration_gain_025,792,8.684752699977253,27400
0.9962121212121212,0.9962119581577963,0.9962119581577963,555,302,gate_da,electrical_gain_075,792,8.684752699977253,27400
0.9962121212121212,0.9962119581577963,0.9962119581577963,555,302,gate_da,electrical_gain_050,792,8.684752699977253,27400
0.9962121212121212,0.9962119581577963,0.9962119581577963,555,302,gate_da,electrical_gain_025,792,8.684752699977253,27400
0.9886363636363636,0.9885750918765476,0.9885750918765475,555,302,gate_da,vibration_drift_025rms,792,8.684752699977253,27400
0.9886363636363636,0.9885750918765476,0.9885750918765475,555,302,gate_da,vibration_drift_050rms,792,8.684752699977253,27400
0.9608585858585859,0.9606075792138351,0.9606075792138352,555,302,gate_da,vibration_drift_100rms,792,8.684752699977253,27400
0.9886363636363636,0.9886270615032727,0.9886270615032727,555,302,gate_da,electrical_drift_025rms,792,8.684752699977253,27400
0.9974747474747475,0.9974747112418395,0.9974747112418394,555,302,gate_da,electrical_drift_050rms,792,8.684752699977253,27400
0.8156565656565656,0.8201348958666843,0.8201348958666844,555,302,gate_da,electrical_drift_100rms,792,8.684752699977253,27400
0.9924242424242424,0.9924450795173229,0.9924450795173229,555,302,rcarf_hard,clean_reextract,792,11.01249909994658,35657
0.88510101010101,0.885302628055209,0.885302628055209,555,302,rcarf_hard,vibration_missing,792,11.01249909994658,35657
0.9936868686868687,0.993676391866317,0.9936763918663171,555,302,rcarf_hard,electrical_missing,792,11.01249909994658,35657
0.9936868686868687,0.9937042904419613,0.9937042904419612,555,302,rcarf_hard,vibration_gain_075,792,11.01249909994658,35657
0.9848484848484849,0.9849811872909698,0.9849811872909698,555,302,rcarf_hard,vibration_gain_050,792,11.01249909994658,35657
0.9532828282828283,0.953778556747391,0.9537785567473909,555,302,rcarf_hard,vibration_gain_025,792,11.01249909994658,35657
0.9936868686868687,0.993676391866317,0.9936763918663171,555,302,rcarf_hard,electrical_gain_075,792,11.01249909994658,35657
0.9936868686868687,0.993676391866317,0.9936763918663171,555,302,rcarf_hard,electrical_gain_050,792,11.01249909994658,35657
0.9936868686868687,0.993676391866317,0.9936763918663171,555,302,rcarf_hard,electrical_gain_025,792,11.01249909994658,35657
0.9924242424242424,0.9924450795173229,0.9924450795173229,555,302,rcarf_hard,vibration_drift_025rms,792,11.01249909994658,35657
0.9924242424242424,0.9924450795173229,0.9924450795173229,555,302,rcarf_hard,vibration_drift_050rms,792,11.01249909994658,35657
0.9924242424242424,0.9924450795173229,0.9924450795173229,555,302,rcarf_hard,vibration_drift_100rms,792,11.01249909994658,35657
0.9949494949494949,0.9949630154372144,0.9949630154372145,555,302,rcarf_hard,electrical_drift_025rms,792,11.01249909994658,35657
0.9936868686868687,0.993676391866317,0.9936763918663171,555,302,rcarf_hard,electrical_drift_050rms,792,11.01249909994658,35657
0.9936868686868687,0.993676391866317,0.9936763918663171,555,302,rcarf_hard,electrical_drift_100rms,792,11.01249909994658,35657
0.9962121212121212,0.9962213626314566,0.9962213626314564,555,302,dprf_no_rel_loss,clean_reextract,792,12.16814309998881,52235
0.8686868686868687,0.8527012999641223,0.8527012999641224,555,302,dprf_no_rel_loss,vibration_missing,792,12.16814309998881,52235
0.9949494949494949,0.9949630154372144,0.9949630154372145,555,302,dprf_no_rel_loss,electrical_missing,792,12.16814309998881,52235
0.9987373737373737,0.9987373556209196,0.9987373556209197,555,302,dprf_no_rel_loss,vibration_gain_075,792,12.16814309998881,52235
0.9987373737373737,0.9987373556209196,0.9987373556209197,555,302,dprf_no_rel_loss,vibration_gain_050,792,12.16814309998881,52235
0.9747474747474747,0.9744196822373352,0.9744196822373352,555,302,dprf_no_rel_loss,vibration_gain_025,792,12.16814309998881,52235
0.9949494949494949,0.9949630154372144,0.9949630154372145,555,302,dprf_no_rel_loss,electrical_gain_075,792,12.16814309998881,52235
0.9949494949494949,0.9949490057490832,0.9949490057490832,555,302,dprf_no_rel_loss,electrical_gain_050,792,12.16814309998881,52235
0.9949494949494949,0.9949490057490832,0.9949490057490832,555,302,dprf_no_rel_loss,electrical_gain_025,792,12.16814309998881,52235
0.9962121212121212,0.9962213626314566,0.9962213626314564,555,302,dprf_no_rel_loss,vibration_drift_025rms,792,12.16814309998881,52235
0.9962121212121212,0.9962213626314566,0.9962213626314564,555,302,dprf_no_rel_loss,vibration_drift_050rms,792,12.16814309998881,52235
0.9962121212121212,0.9962213626314566,0.9962213626314564,555,302,dprf_no_rel_loss,vibration_drift_100rms,792,12.16814309998881,52235
0.9974747474747475,0.9974794400449795,0.9974794400449793,555,302,dprf_no_rel_loss,electrical_drift_025rms,792,12.16814309998881,52235
0.9974747474747475,0.9974794400449795,0.9974794400449793,555,302,dprf_no_rel_loss,electrical_drift_050rms,792,12.16814309998881,52235
0.7108585858585859,0.6785769692933248,0.6785769692933247,555,302,dprf_no_rel_loss,electrical_drift_100rms,792,12.16814309998881,52235
0.9974747474747475,0.9974746025368765,0.9974746025368766,555,302,dprf_no_switch_loss,clean_reextract,792,12.020272699999623,52235
0.8308080808080808,0.7899017313243011,0.7899017313243011,555,302,dprf_no_switch_loss,vibration_missing,792,12.020272699999623,52235
0.9962121212121212,0.9962116320117095,0.9962116320117095,555,302,dprf_no_switch_loss,electrical_missing,792,12.020272699999623,52235
1.0,1.0,1.0,555,302,dprf_no_switch_loss,vibration_gain_075,792,12.020272699999623,52235
1.0,1.0,1.0,555,302,dprf_no_switch_loss,vibration_gain_050,792,12.020272699999623,52235
0.9911616161616161,0.9911564331742301,0.9911564331742301,555,302,dprf_no_switch_loss,vibration_gain_025,792,12.020272699999623,52235
0.9962121212121212,0.9962116320117095,0.9962116320117095,555,302,dprf_no_switch_loss,electrical_gain_075,792,12.020272699999623,52235
0.9962121212121212,0.9962116320117095,0.9962116320117095,555,302,dprf_no_switch_loss,electrical_gain_050,792,12.020272699999623,52235
0.9962121212121212,0.9962116320117095,0.9962116320117095,555,302,dprf_no_switch_loss,electrical_gain_025,792,12.020272699999623,52235
0.9974747474747475,0.9974746025368765,0.9974746025368766,555,302,dprf_no_switch_loss,vibration_drift_025rms,792,12.020272699999623,52235
0.9974747474747475,0.9974746025368765,0.9974746025368766,555,302,dprf_no_switch_loss,vibration_drift_050rms,792,12.020272699999623,52235
0.9974747474747475,0.9974746025368765,0.9974746025368766,555,302,dprf_no_switch_loss,vibration_drift_100rms,792,12.020272699999623,52235
1.0,1.0,1.0,555,302,dprf_no_switch_loss,electrical_drift_025rms,792,12.020272699999623,52235
1.0,1.0,1.0,555,302,dprf_no_switch_loss,electrical_drift_050rms,792,12.020272699999623,52235
0.9911616161616161,0.9911599672585522,0.991159967258552,555,302,dprf_no_switch_loss,electrical_drift_100rms,792,12.020272699999623,52235
0.9962121212121212,0.9962213626314566,0.9962213626314564,555,302,dprf_no_semantic,clean_reextract,792,10.948810199974105,52235
0.8522727272727273,0.8345725614246566,0.8345725614246567,555,302,dprf_no_semantic,vibration_missing,792,10.948810199974105,52235
0.9949494949494949,0.9949630154372144,0.9949630154372145,555,302,dprf_no_semantic,electrical_missing,792,10.948810199974105,52235
0.9974747474747475,0.9974794400449795,0.9974794400449793,555,302,dprf_no_semantic,vibration_gain_075,792,10.948810199974105,52235
0.9987373737373737,0.9987373556209196,0.9987373556209197,555,302,dprf_no_semantic,vibration_gain_050,792,10.948810199974105,52235
0.9823232323232324,0.9823452509156892,0.9823452509156891,555,302,dprf_no_semantic,vibration_gain_025,792,10.948810199974105,52235
0.9949494949494949,0.9949630154372144,0.9949630154372145,555,302,dprf_no_semantic,electrical_gain_075,792,10.948810199974105,52235
0.9949494949494949,0.9949630154372144,0.9949630154372145,555,302,dprf_no_semantic,electrical_gain_050,792,10.948810199974105,52235
0.9962121212121212,0.9962213626314566,0.9962213626314564,555,302,dprf_no_semantic,electrical_gain_025,792,10.948810199974105,52235
0.9962121212121212,0.9962213626314566,0.9962213626314564,555,302,dprf_no_semantic,vibration_drift_025rms,792,10.948810199974105,52235
0.9962121212121212,0.9962213626314566,0.9962213626314564,555,302,dprf_no_semantic,vibration_drift_050rms,792,10.948810199974105,52235
0.9962121212121212,0.9962213626314566,0.9962213626314564,555,302,dprf_no_semantic,vibration_drift_100rms,792,10.948810199974105,52235
0.9962121212121212,0.9962213626314566,0.9962213626314564,555,302,dprf_no_semantic,electrical_drift_025rms,792,10.948810199974105,52235
0.9949494949494949,0.9949630154372144,0.9949630154372145,555,302,dprf_no_semantic,electrical_drift_050rms,792,10.948810199974105,52235
0.9734848484848485,0.973459294554261,0.9734592945542608,555,302,dprf_no_semantic,electrical_drift_100rms,792,10.948810199974105,52235
0.9962121212121212,0.9962213626314566,0.9962213626314564,555,302,dprf_full,clean_reextract,792,12.351790599990636,52235
0.8699494949494949,0.8551518652633584,0.8551518652633583,555,302,dprf_full,vibration_missing,792,12.351790599990636,52235
0.9949494949494949,0.9949630154372144,0.9949630154372145,555,302,dprf_full,electrical_missing,792,12.351790599990636,52235
0.9987373737373737,0.9987373556209196,0.9987373556209197,555,302,dprf_full,vibration_gain_075,792,12.351790599990636,52235
0.9987373737373737,0.9987373556209196,0.9987373556209197,555,302,dprf_full,vibration_gain_050,792,12.351790599990636,52235
0.9848484848484849,0.984837847708738,0.9848378477087378,555,302,dprf_full,vibration_gain_025,792,12.351790599990636,52235
0.9949494949494949,0.9949630154372144,0.9949630154372145,555,302,dprf_full,electrical_gain_075,792,12.351790599990636,52235
0.9949494949494949,0.9949630154372144,0.9949630154372145,555,302,dprf_full,electrical_gain_050,792,12.351790599990636,52235
0.9962121212121212,0.9962213626314566,0.9962213626314564,555,302,dprf_full,electrical_gain_025,792,12.351790599990636,52235
0.9962121212121212,0.9962213626314566,0.9962213626314564,555,302,dprf_full,vibration_drift_025rms,792,12.351790599990636,52235
0.9962121212121212,0.9962213626314566,0.9962213626314564,555,302,dprf_full,vibration_drift_050rms,792,12.351790599990636,52235
0.9962121212121212,0.9962213626314566,0.9962213626314564,555,302,dprf_full,vibration_drift_100rms,792,12.351790599990636,52235
0.9962121212121212,0.9962213626314566,0.9962213626314564,555,302,dprf_full,electrical_drift_025rms,792,12.351790599990636,52235
0.9962121212121212,0.9962213626314566,0.9962213626314564,555,302,dprf_full,electrical_drift_050rms,792,12.351790599990636,52235
0.9848484848484849,0.9848533403147979,0.9848533403147979,555,302,dprf_full,electrical_drift_100rms,792,12.351790599990636,52235
0.9987373737373737,0.9987373556209197,0.9987373556209197,555,303,mean_da,clean_reextract,792,6.637424600019585,10822
0.9545454545454546,0.9544099688743183,0.9544099688743184,555,303,mean_da,vibration_missing,792,6.637424600019585,10822
0.9709595959595959,0.9708721184109114,0.9708721184109115,555,303,mean_da,electrical_missing,792,6.637424600019585,10822
1.0,1.0,1.0,555,303,mean_da,vibration_gain_075,792,6.637424600019585,10822
0.9962121212121212,0.9962116320117095,0.9962116320117095,555,303,mean_da,vibration_gain_050,792,6.637424600019585,10822
0.9532828282828283,0.9545772066678387,0.9545772066678386,555,303,mean_da,vibration_gain_025,792,6.637424600019585,10822
0.9962121212121212,0.9962213626314566,0.9962213626314564,555,303,mean_da,electrical_gain_075,792,6.637424600019585,10822
0.9987373737373737,0.9987373556209196,0.9987373556209197,555,303,mean_da,electrical_gain_050,792,6.637424600019585,10822
0.9911616161616161,0.9911580493846895,0.9911580493846897,555,303,mean_da,electrical_gain_025,792,6.637424600019585,10822
0.9987373737373737,0.9987373556209197,0.9987373556209197,555,303,mean_da,vibration_drift_025rms,792,6.637424600019585,10822
0.9987373737373737,0.9987373556209197,0.9987373556209197,555,303,mean_da,vibration_drift_050rms,792,6.637424600019585,10822
0.9974747474747475,0.9974746025368765,0.9974746025368766,555,303,mean_da,vibration_drift_100rms,792,6.637424600019585,10822
0.9949494949494949,0.9949483352468427,0.9949483352468428,555,303,mean_da,electrical_drift_025rms,792,6.637424600019585,10822
1.0,1.0,1.0,555,303,mean_da,electrical_drift_050rms,792,6.637424600019585,10822
0.5176767676767676,0.44997411809512244,0.44997411809512244,555,303,mean_da,electrical_drift_100rms,792,6.637424600019585,10822
0.9974747474747475,0.9974746025368765,0.9974746025368766,555,303,gate_da,clean_reextract,792,8.688097500009462,27400
0.7866161616161617,0.7773996183014087,0.7773996183014086,555,303,gate_da,vibration_missing,792,8.688097500009462,27400
0.9936868686868687,0.9936862345485861,0.9936862345485861,555,303,gate_da,electrical_missing,792,8.688097500009462,27400
0.9987373737373737,0.9987373556209196,0.9987373556209197,555,303,gate_da,vibration_gain_075,792,8.688097500009462,27400
0.9949494949494949,0.9949489876326293,0.9949489876326292,555,303,gate_da,vibration_gain_050,792,8.688097500009462,27400
0.9936868686868687,0.9937052641697783,0.9937052641697784,555,303,gate_da,vibration_gain_025,792,8.688097500009462,27400
0.9924242424242424,0.9924089099791339,0.992408909979134,555,303,gate_da,electrical_gain_075,792,8.688097500009462,27400
0.9924242424242424,0.9924089099791339,0.992408909979134,555,303,gate_da,electrical_gain_050,792,8.688097500009462,27400
0.9924242424242424,0.9924089099791339,0.992408909979134,555,303,gate_da,electrical_gain_025,792,8.688097500009462,27400
0.9974747474747475,0.9974746025368765,0.9974746025368766,555,303,gate_da,vibration_drift_025rms,792,8.688097500009462,27400
0.9974747474747475,0.9974746025368765,0.9974746025368766,555,303,gate_da,vibration_drift_050rms,792,8.688097500009462,27400
0.9974747474747475,0.9974746025368765,0.9974746025368766,555,303,gate_da,vibration_drift_100rms,792,8.688097500009462,27400
0.9974747474747475,0.9974746025368765,0.9974746025368766,555,303,gate_da,electrical_drift_025rms,792,8.688097500009462,27400
1.0,1.0,1.0,555,303,gate_da,electrical_drift_050rms,792,8.688097500009462,27400
0.946969696969697,0.9478806802685282,0.9478806802685283,555,303,gate_da,electrical_drift_100rms,792,8.688097500009462,27400
0.9974747474747475,0.9974746025368765,0.9974746025368766,555,303,rcarf_hard,clean_reextract,792,11.164488399983384,35657
0.9343434343434344,0.932599394480988,0.9325993944809882,555,303,rcarf_hard,vibration_missing,792,11.164488399983384,35657
0.9924242424242424,0.992427887354344,0.9924278873543441,555,303,rcarf_hard,electrical_missing,792,11.164488399983384,35657
1.0,1.0,1.0,555,303,rcarf_hard,vibration_gain_075,792,11.164488399983384,35657
0.9962121212121212,0.9962072293546563,0.9962072293546564,555,303,rcarf_hard,vibration_gain_050,792,11.164488399983384,35657
0.9696969696969697,0.969192118179628,0.9691921181796278,555,303,rcarf_hard,vibration_gain_025,792,11.164488399983384,35657
0.9924242424242424,0.992427887354344,0.9924278873543441,555,303,rcarf_hard,electrical_gain_075,792,11.164488399983384,35657
0.9924242424242424,0.992427887354344,0.9924278873543441,555,303,rcarf_hard,electrical_gain_050,792,11.164488399983384,35657
0.9924242424242424,0.992427887354344,0.9924278873543441,555,303,rcarf_hard,electrical_gain_025,792,11.164488399983384,35657
0.9974747474747475,0.9974746025368765,0.9974746025368766,555,303,rcarf_hard,vibration_drift_025rms,792,11.164488399983384,35657
0.9974747474747475,0.9974746025368765,0.9974746025368766,555,303,rcarf_hard,vibration_drift_050rms,792,11.164488399983384,35657
0.9974747474747475,0.9974746025368765,0.9974746025368766,555,303,rcarf_hard,vibration_drift_100rms,792,11.164488399983384,35657
1.0,1.0,1.0,555,303,rcarf_hard,electrical_drift_025rms,792,11.164488399983384,35657
0.9924242424242424,0.992427887354344,0.9924278873543441,555,303,rcarf_hard,electrical_drift_050rms,792,11.164488399983384,35657
0.9924242424242424,0.992427887354344,0.9924278873543441,555,303,rcarf_hard,electrical_drift_100rms,792,11.164488399983384,35657
0.9936868686868687,0.9937042904419613,0.9937042904419612,555,303,dprf_no_rel_loss,clean_reextract,792,11.982726100017317,52235
0.9154040404040404,0.9173025313212229,0.9173025313212229,555,303,dprf_no_rel_loss,vibration_missing,792,11.982726100017317,52235
0.9873737373737373,0.9873262595237499,0.98732625952375,555,303,dprf_no_rel_loss,electrical_missing,792,11.982726100017317,52235
0.9962121212121212,0.9962213626314566,0.9962213626314564,555,303,dprf_no_rel_loss,vibration_gain_075,792,11.982726100017317,52235
0.9987373737373737,0.9987373556209196,0.9987373556209197,555,303,dprf_no_rel_loss,vibration_gain_050,792,11.982726100017317,52235
0.9974747474747475,0.9974747293582934,0.9974747293582934,555,303,dprf_no_rel_loss,vibration_gain_025,792,11.982726100017317,52235
0.9911616161616161,0.9911852743958512,0.9911852743958512,555,303,dprf_no_rel_loss,electrical_gain_075,792,11.982726100017317,52235
0.9936868686868687,0.9937042904419613,0.9937042904419612,555,303,dprf_no_rel_loss,electrical_gain_050,792,11.982726100017317,52235
0.9949494949494949,0.9949630154372144,0.9949630154372145,555,303,dprf_no_rel_loss,electrical_gain_025,792,11.982726100017317,52235
0.9936868686868687,0.9937042904419613,0.9937042904419612,555,303,dprf_no_rel_loss,vibration_drift_025rms,792,11.982726100017317,52235
0.9936868686868687,0.9937042904419613,0.9937042904419612,555,303,dprf_no_rel_loss,vibration_drift_050rms,792,11.982726100017317,52235
0.9949494949494949,0.9949483352468427,0.9949483352468428,555,303,dprf_no_rel_loss,vibration_drift_100rms,792,11.982726100017317,52235
0.9936868686868687,0.9937042904419613,0.9937042904419612,555,303,dprf_no_rel_loss,electrical_drift_025rms,792,11.982726100017317,52235
0.9936868686868687,0.9937042904419613,0.9937042904419612,555,303,dprf_no_rel_loss,electrical_drift_050rms,792,11.982726100017317,52235
0.8371212121212122,0.81861105348453,0.8186110534845301,555,303,dprf_no_rel_loss,electrical_drift_100rms,792,11.982726100017317,52235
0.9962121212121212,0.9962213626314566,0.9962213626314564,555,303,dprf_no_switch_loss,clean_reextract,792,12.02684299997054,52235
0.9166666666666666,0.91661008024855,0.91661008024855,555,303,dprf_no_switch_loss,vibration_missing,792,12.02684299997054,52235
0.9936868686868687,0.9936856908677624,0.9936856908677625,555,303,dprf_no_switch_loss,electrical_missing,792,12.02684299997054,52235
0.9962121212121212,0.9962213626314566,0.9962213626314564,555,303,dprf_no_switch_loss,vibration_gain_075,792,12.02684299997054,52235
0.9987373737373737,0.9987373556209196,0.9987373556209197,555,303,dprf_no_switch_loss,vibration_gain_050,792,12.02684299997054,52235
0.9987373737373737,0.9987373556209196,0.9987373556209197,555,303,dprf_no_switch_loss,vibration_gain_025,792,12.02684299997054,52235
0.9949494949494949,0.9949630154372144,0.9949630154372145,555,303,dprf_no_switch_loss,electrical_gain_075,792,12.02684299997054,52235
0.9924242424242424,0.9924376719148112,0.9924376719148114,555,303,dprf_no_switch_loss,electrical_gain_050,792,12.02684299997054,52235
0.9911616161616161,0.9911747545222638,0.9911747545222639,555,303,dprf_no_switch_loss,electrical_gain_025,792,12.02684299997054,52235
0.9962121212121212,0.9962213626314566,0.9962213626314564,555,303,dprf_no_switch_loss,vibration_drift_025rms,792,12.02684299997054,52235
0.9962121212121212,0.9962213626314566,0.9962213626314564,555,303,dprf_no_switch_loss,vibration_drift_050rms,792,12.02684299997054,52235
0.9936868686868687,0.9937141331242302,0.9937141331242303,555,303,dprf_no_switch_loss,vibration_drift_100rms,792,12.02684299997054,52235
0.9962121212121212,0.9962213626314566,0.9962213626314564,555,303,dprf_no_switch_loss,electrical_drift_025rms,792,12.02684299997054,52235
0.9962121212121212,0.9962213626314566,0.9962213626314564,555,303,dprf_no_switch_loss,electrical_drift_050rms,792,12.02684299997054,52235
0.98989898989899,0.9898719542324234,0.9898719542324235,555,303,dprf_no_switch_loss,electrical_drift_100rms,792,12.02684299997054,52235
0.9962121212121212,0.9962213626314566,0.9962213626314564,555,303,dprf_no_semantic,clean_reextract,792,10.911033399985172,52235
0.9128787878787878,0.9144757351062403,0.9144757351062401,555,303,dprf_no_semantic,vibration_missing,792,10.911033399985172,52235
0.9848484848484849,0.9848533403147979,0.9848533403147979,555,303,dprf_no_semantic,electrical_missing,792,10.911033399985172,52235
0.9987373737373737,0.9987373556209196,0.9987373556209197,555,303,dprf_no_semantic,vibration_gain_075,792,10.911033399985172,52235
0.9987373737373737,0.9987373556209196,0.9987373556209197,555,303,dprf_no_semantic,vibration_gain_050,792,10.911033399985172,52235
0.9974747474747475,0.9974747293582933,0.9974747293582935,555,303,dprf_no_semantic,vibration_gain_025,792,10.911033399985172,52235
0.9936868686868687,0.9937042904419613,0.9937042904419612,555,303,dprf_no_semantic,electrical_gain_075,792,10.911033399985172,52235
0.9949494949494949,0.9949630154372144,0.9949630154372145,555,303,dprf_no_semantic,electrical_gain_050,792,10.911033399985172,52235
0.9949494949494949,0.9949630154372144,0.9949630154372145,555,303,dprf_no_semantic,electrical_gain_025,792,10.911033399985172,52235
0.9962121212121212,0.9962213626314566,0.9962213626314564,555,303,dprf_no_semantic,vibration_drift_025rms,792,10.911033399985172,52235
0.9962121212121212,0.9962213626314566,0.9962213626314564,555,303,dprf_no_semantic,vibration_drift_050rms,792,10.911033399985172,52235
0.9962121212121212,0.9962213626314566,0.9962213626314564,555,303,dprf_no_semantic,vibration_drift_100rms,792,10.911033399985172,52235
0.9962121212121212,0.9962213626314566,0.9962213626314564,555,303,dprf_no_semantic,electrical_drift_025rms,792,10.911033399985172,52235
0.9949494949494949,0.9949630154372144,0.9949630154372145,555,303,dprf_no_semantic,electrical_drift_050rms,792,10.911033399985172,52235
0.9747474747474747,0.974953394519186,0.974953394519186,555,303,dprf_no_semantic,electrical_drift_100rms,792,10.911033399985172,52235
0.9962121212121212,0.9962213626314566,0.9962213626314564,555,303,dprf_full,clean_reextract,792,12.26561209995998,52235
0.9457070707070707,0.9462607253609047,0.9462607253609046,555,303,dprf_full,vibration_missing,792,12.26561209995998,52235
0.9924242424242424,0.9924376719148112,0.9924376719148114,555,303,dprf_full,electrical_missing,792,12.26561209995998,52235
0.9987373737373737,0.9987373556209196,0.9987373556209197,555,303,dprf_full,vibration_gain_075,792,12.26561209995998,52235
0.9987373737373737,0.9987373556209196,0.9987373556209197,555,303,dprf_full,vibration_gain_050,792,12.26561209995998,52235
0.9974747474747475,0.9974747293582933,0.9974747293582935,555,303,dprf_full,vibration_gain_025,792,12.26561209995998,52235
0.9949494949494949,0.9949630154372144,0.9949630154372145,555,303,dprf_full,electrical_gain_075,792,12.26561209995998,52235
0.9962121212121212,0.9962213626314566,0.9962213626314564,555,303,dprf_full,electrical_gain_050,792,12.26561209995998,52235
0.9987373737373737,0.9987373556209196,0.9987373556209197,555,303,dprf_full,electrical_gain_025,792,12.26561209995998,52235
0.9962121212121212,0.9962213626314566,0.9962213626314564,555,303,dprf_full,vibration_drift_025rms,792,12.26561209995998,52235
0.9962121212121212,0.9962213626314566,0.9962213626314564,555,303,dprf_full,vibration_drift_050rms,792,12.26561209995998,52235
0.9974747474747475,0.9974746025368765,0.9974746025368766,555,303,dprf_full,vibration_drift_100rms,792,12.26561209995998,52235
0.9962121212121212,0.9962213626314566,0.9962213626314564,555,303,dprf_full,electrical_drift_025rms,792,12.26561209995998,52235
0.9962121212121212,0.9962213626314566,0.9962213626314564,555,303,dprf_full,electrical_drift_050rms,792,12.26561209995998,52235
0.98989898989899,0.9899115278078656,0.9899115278078655,555,303,dprf_full,electrical_drift_100rms,792,12.26561209995998,52235
0.9962121212121212,0.9962213626314566,0.9962213626314564,555,304,mean_da,clean_reextract,792,6.582386999973096,10822
0.8800505050505051,0.877797892929487,0.8777978929294868,555,304,mean_da,vibration_missing,792,6.582386999973096,10822
0.9987373737373737,0.9987373556209196,0.9987373556209197,555,304,mean_da,electrical_missing,792,6.582386999973096,10822
0.9987373737373737,0.9987373556209196,0.9987373556209197,555,304,mean_da,vibration_gain_075,792,6.582386999973096,10822
0.9987373737373737,0.9987373556209196,0.9987373556209197,555,304,mean_da,vibration_gain_050,792,6.582386999973096,10822
0.9734848484848485,0.9735965123552472,0.9735965123552472,555,304,mean_da,vibration_gain_025,792,6.582386999973096,10822
0.9962121212121212,0.9962213626314566,0.9962213626314564,555,304,mean_da,electrical_gain_075,792,6.582386999973096,10822
0.9987373737373737,0.9987373556209196,0.9987373556209197,555,304,mean_da,electrical_gain_050,792,6.582386999973096,10822
0.9987373737373737,0.9987373556209196,0.9987373556209197,555,304,mean_da,electrical_gain_025,792,6.582386999973096,10822
0.9962121212121212,0.9962213626314566,0.9962213626314564,555,304,mean_da,vibration_drift_025rms,792,6.582386999973096,10822
0.9962121212121212,0.9962213626314566,0.9962213626314564,555,304,mean_da,vibration_drift_050rms,792,6.582386999973096,10822
0.9974747474747475,0.9974746025368765,0.9974746025368766,555,304,mean_da,vibration_drift_100rms,792,6.582386999973096,10822
0.9974747474747475,0.9974794400449795,0.9974794400449793,555,304,mean_da,electrical_drift_025rms,792,6.582386999973096,10822
0.9949494949494949,0.994954096522576,0.9949540965225762,555,304,mean_da,electrical_drift_050rms,792,6.582386999973096,10822
0.6237373737373737,0.5777258786599935,0.5777258786599936,555,304,mean_da,electrical_drift_100rms,792,6.582386999973096,10822
1.0,1.0,1.0,555,304,gate_da,clean_reextract,792,8.64128639997216,27400
0.9696969696969697,0.9696311359637892,0.9696311359637891,555,304,gate_da,vibration_missing,792,8.64128639997216,27400
0.9987373737373737,0.9987373556209197,0.9987373556209197,555,304,gate_da,electrical_missing,792,8.64128639997216,27400
1.0,1.0,1.0,555,304,gate_da,vibration_gain_075,792,8.64128639997216,27400
1.0,1.0,1.0,555,304,gate_da,vibration_gain_050,792,8.64128639997216,27400
0.9987373737373737,0.9987373556209196,0.9987373556209198,555,304,gate_da,vibration_gain_025,792,8.64128639997216,27400
0.9949494949494949,0.9949343074422575,0.9949343074422574,555,304,gate_da,electrical_gain_075,792,8.64128639997216,27400
0.9949494949494949,0.9949343074422575,0.9949343074422574,555,304,gate_da,electrical_gain_050,792,8.64128639997216,27400
0.9949494949494949,0.9949343074422575,0.9949343074422574,555,304,gate_da,electrical_gain_025,792,8.64128639997216,27400
1.0,1.0,1.0,555,304,gate_da,vibration_drift_025rms,792,8.64128639997216,27400
1.0,1.0,1.0,555,304,gate_da,vibration_drift_050rms,792,8.64128639997216,27400
1.0,1.0,1.0,555,304,gate_da,vibration_drift_100rms,792,8.64128639997216,27400
1.0,1.0,1.0,555,304,gate_da,electrical_drift_025rms,792,8.64128639997216,27400
1.0,1.0,1.0,555,304,gate_da,electrical_drift_050rms,792,8.64128639997216,27400
0.6717171717171717,0.6479621871234416,0.6479621871234416,555,304,gate_da,electrical_drift_100rms,792,8.64128639997216,27400
0.9962121212121212,0.9962119581577963,0.9962119581577963,555,304,rcarf_hard,clean_reextract,792,11.45386419998249,35657
0.9393939393939394,0.9397675598731672,0.939767559873167,555,304,rcarf_hard,vibration_missing,792,11.45386419998249,35657
0.9962121212121212,0.9962116320117095,0.9962116320117095,555,304,rcarf_hard,electrical_missing,792,11.45386419998249,35657
0.9987373737373737,0.9987373556209197,0.9987373556209198,555,304,rcarf_hard,vibration_gain_075,792,11.45386419998249,35657
0.9886363636363636,0.988713816700986,0.9887138167009859,555,304,rcarf_hard,vibration_gain_050,792,11.45386419998249,35657
0.9747474747474747,0.9749657079399038,0.9749657079399039,555,304,rcarf_hard,vibration_gain_025,792,11.45386419998249,35657
0.9962121212121212,0.9962116320117095,0.9962116320117095,555,304,rcarf_hard,electrical_gain_075,792,11.45386419998249,35657
0.9962121212121212,0.9962116320117095,0.9962116320117095,555,304,rcarf_hard,electrical_gain_050,792,11.45386419998249,35657
0.9962121212121212,0.9962116320117095,0.9962116320117095,555,304,rcarf_hard,electrical_gain_025,792,11.45386419998249,35657
0.9974747474747475,0.9974746025368765,0.9974746025368766,555,304,rcarf_hard,vibration_drift_025rms,792,11.45386419998249,35657
0.9974747474747475,0.9974746025368765,0.9974746025368766,555,304,rcarf_hard,vibration_drift_050rms,792,11.45386419998249,35657
0.9974747474747475,0.9974746025368765,0.9974746025368766,555,304,rcarf_hard,vibration_drift_100rms,792,11.45386419998249,35657
0.9974747474747475,0.9974746025368765,0.9974746025368766,555,304,rcarf_hard,electrical_drift_025rms,792,11.45386419998249,35657
0.9962121212121212,0.9962116320117095,0.9962116320117095,555,304,rcarf_hard,electrical_drift_050rms,792,11.45386419998249,35657
0.9962121212121212,0.9962116320117095,0.9962116320117095,555,304,rcarf_hard,electrical_drift_100rms,792,11.45386419998249,35657
0.9962121212121212,0.9962116320117095,0.9962116320117095,555,304,dprf_no_rel_loss,clean_reextract,792,11.910089999961201,52235
0.8623737373737373,0.8571180589094501,0.8571180589094501,555,304,dprf_no_rel_loss,vibration_missing,792,11.910089999961201,52235
0.976010101010101,0.9764307762940957,0.9764307762940955,555,304,dprf_no_rel_loss,electrical_missing,792,11.910089999961201,52235
0.9974747474747475,0.9974746025368765,0.9974746025368766,555,304,dprf_no_rel_loss,vibration_gain_075,792,11.910089999961201,52235
1.0,1.0,1.0,555,304,dprf_no_rel_loss,vibration_gain_050,792,11.910089999961201,52235
0.928030303030303,0.9253593402936251,0.9253593402936252,555,304,dprf_no_rel_loss,vibration_gain_025,792,11.910089999961201,52235
0.9861111111111112,0.9862092911877395,0.9862092911877395,555,304,dprf_no_rel_loss,electrical_gain_075,792,11.910089999961201,52235
0.9734848484848485,0.9736637885909659,0.9736637885909658,555,304,dprf_no_rel_loss,electrical_gain_050,792,11.910089999961201,52235
0.952020202020202,0.9526660531860166,0.9526660531860166,555,304,dprf_no_rel_loss,electrical_gain_025,792,11.910089999961201,52235
0.9962121212121212,0.9962116320117095,0.9962116320117095,555,304,dprf_no_rel_loss,vibration_drift_025rms,792,11.910089999961201,52235
0.9962121212121212,0.9962116320117095,0.9962116320117095,555,304,dprf_no_rel_loss,vibration_drift_050rms,792,11.910089999961201,52235
0.9962121212121212,0.9962116320117095,0.9962116320117095,555,304,dprf_no_rel_loss,vibration_drift_100rms,792,11.910089999961201,52235
0.9949494949494949,0.9949483352468427,0.9949483352468428,555,304,dprf_no_rel_loss,electrical_drift_025rms,792,11.910089999961201,52235
0.9974747474747475,0.9974746025368765,0.9974746025368766,555,304,dprf_no_rel_loss,electrical_drift_050rms,792,11.910089999961201,52235
0.9583333333333334,0.9583681274760553,0.9583681274760554,555,304,dprf_no_rel_loss,electrical_drift_100rms,792,11.910089999961201,52235
0.9974747474747475,0.9974746025368765,0.9974746025368766,555,304,dprf_no_switch_loss,clean_reextract,792,11.977118100039661,52235
0.8977272727272727,0.8964414872328385,0.8964414872328383,555,304,dprf_no_switch_loss,vibration_missing,792,11.977118100039661,52235
0.9962121212121212,0.9962022275380492,0.9962022275380492,555,304,dprf_no_switch_loss,electrical_missing,792,11.977118100039661,52235
1.0,1.0,1.0,555,304,dprf_no_switch_loss,vibration_gain_075,792,11.977118100039661,52235
1.0,1.0,1.0,555,304,dprf_no_switch_loss,vibration_gain_050,792,11.977118100039661,52235
0.9962121212121212,0.996216813782353,0.996216813782353,555,304,dprf_no_switch_loss,vibration_gain_025,792,11.977118100039661,52235
0.9962121212121212,0.9962116320117095,0.9962116320117095,555,304,dprf_no_switch_loss,electrical_gain_075,792,11.977118100039661,52235
0.9962121212121212,0.9962116320117095,0.9962116320117095,555,304,dprf_no_switch_loss,electrical_gain_050,792,11.977118100039661,52235
0.9962121212121212,0.9962116320117095,0.9962116320117095,555,304,dprf_no_switch_loss,electrical_gain_025,792,11.977118100039661,52235
0.9974747474747475,0.9974746025368765,0.9974746025368766,555,304,dprf_no_switch_loss,vibration_drift_025rms,792,11.977118100039661,52235
0.9974747474747475,0.9974746025368765,0.9974746025368766,555,304,dprf_no_switch_loss,vibration_drift_050rms,792,11.977118100039661,52235
0.9974747474747475,0.9974746025368765,0.9974746025368766,555,304,dprf_no_switch_loss,vibration_drift_100rms,792,11.977118100039661,52235
0.9974747474747475,0.9974746025368765,0.9974746025368766,555,304,dprf_no_switch_loss,electrical_drift_025rms,792,11.977118100039661,52235
0.9987373737373737,0.9987373556209197,0.9987373556209197,555,304,dprf_no_switch_loss,electrical_drift_050rms,792,11.977118100039661,52235
0.9797979797979798,0.9800289079130707,0.9800289079130707,555,304,dprf_no_switch_loss,electrical_drift_100rms,792,11.977118100039661,52235
0.9974747474747475,0.9974746025368765,0.9974746025368766,555,304,dprf_no_semantic,clean_reextract,792,10.86805170000298,52235
0.9027777777777778,0.8993842926937584,0.8993842926937584,555,304,dprf_no_semantic,vibration_missing,792,10.86805170000298,52235
0.9659090909090909,0.9659450028747596,0.9659450028747595,555,304,dprf_no_semantic,electrical_missing,792,10.86805170000298,52235
1.0,1.0,1.0,555,304,dprf_no_semantic,vibration_gain_075,792,10.86805170000298,52235
1.0,1.0,1.0,555,304,dprf_no_semantic,vibration_gain_050,792,10.86805170000298,52235
0.9810606060606061,0.9809992658807273,0.9809992658807272,555,304,dprf_no_semantic,vibration_gain_025,792,10.86805170000298,52235
0.9962121212121212,0.9962116320117095,0.9962116320117095,555,304,dprf_no_semantic,electrical_gain_075,792,10.86805170000298,52235
0.9962121212121212,0.9962116320117095,0.9962116320117095,555,304,dprf_no_semantic,electrical_gain_050,792,10.86805170000298,52235
0.9962121212121212,0.9962116320117095,0.9962116320117095,555,304,dprf_no_semantic,electrical_gain_025,792,10.86805170000298,52235
0.9974747474747475,0.9974746025368765,0.9974746025368766,555,304,dprf_no_semantic,vibration_drift_025rms,792,10.86805170000298,52235
0.9974747474747475,0.9974746025368765,0.9974746025368766,555,304,dprf_no_semantic,vibration_drift_050rms,792,10.86805170000298,52235
0.9974747474747475,0.9974746025368765,0.9974746025368766,555,304,dprf_no_semantic,vibration_drift_100rms,792,10.86805170000298,52235
0.9987373737373737,0.9987373556209197,0.9987373556209197,555,304,dprf_no_semantic,electrical_drift_025rms,792,10.86805170000298,52235
0.9962121212121212,0.9962116320117095,0.9962116320117095,555,304,dprf_no_semantic,electrical_drift_050rms,792,10.86805170000298,52235
0.827020202020202,0.8429335897978593,0.8429335897978593,555,304,dprf_no_semantic,electrical_drift_100rms,792,10.86805170000298,52235
0.9949494949494949,0.9949483352468427,0.9949483352468428,555,304,dprf_full,clean_reextract,792,12.012211600027513,52235
0.8977272727272727,0.8946169095748995,0.8946169095748993,555,304,dprf_full,vibration_missing,792,12.012211600027513,52235
0.9797979797979798,0.9799283435497202,0.97992834354972,555,304,dprf_full,electrical_missing,792,12.012211600027513,52235
0.9974747474747475,0.9974746025368765,0.9974746025368766,555,304,dprf_full,vibration_gain_075,792,12.012211600027513,52235
1.0,1.0,1.0,555,304,dprf_full,vibration_gain_050,792,12.012211600027513,52235
0.9974747474747475,0.9974747293582934,0.9974747293582934,555,304,dprf_full,vibration_gain_025,792,12.012211600027513,52235
0.9861111111111112,0.9862296717549636,0.9862296717549637,555,304,dprf_full,electrical_gain_075,792,12.012211600027513,52235
0.9823232323232324,0.9824809322741684,0.9824809322741686,555,304,dprf_full,electrical_gain_050,792,12.012211600027513,52235
0.9633838383838383,0.9635051641384028,0.9635051641384027,555,304,dprf_full,electrical_gain_025,792,12.012211600027513,52235
0.9949494949494949,0.9949483352468427,0.9949483352468428,555,304,dprf_full,vibration_drift_025rms,792,12.012211600027513,52235
0.9949494949494949,0.9949483352468427,0.9949483352468428,555,304,dprf_full,vibration_drift_050rms,792,12.012211600027513,52235
0.9949494949494949,0.9949483352468427,0.9949483352468428,555,304,dprf_full,vibration_drift_100rms,792,12.012211600027513,52235
0.9949494949494949,0.9949483352468427,0.9949483352468428,555,304,dprf_full,electrical_drift_025rms,792,12.012211600027513,52235
0.9962121212121212,0.9962116320117095,0.9962116320117095,555,304,dprf_full,electrical_drift_050rms,792,12.012211600027513,52235
0.9595959595959596,0.96002686950529,0.96002686950529,555,304,dprf_full,electrical_drift_100rms,792,12.012211600027513,52235
0.9974747474747475,0.9974746025368765,0.9974746025368766,555,305,mean_da,clean_reextract,792,6.5843834999832325,10822
0.9558080808080808,0.9557228667741747,0.9557228667741747,555,305,mean_da,vibration_missing,792,6.5843834999832325,10822
1.0,1.0,1.0,555,305,mean_da,electrical_missing,792,6.5843834999832325,10822
0.9987373737373737,0.9987373556209197,0.9987373556209197,555,305,mean_da,vibration_gain_075,792,6.5843834999832325,10822
1.0,1.0,1.0,555,305,mean_da,vibration_gain_050,792,6.5843834999832325,10822
0.976010101010101,0.9760357844576967,0.9760357844576969,555,305,mean_da,vibration_gain_025,792,6.5843834999832325,10822
0.9962121212121212,0.9962116320117095,0.9962116320117095,555,305,mean_da,electrical_gain_075,792,6.5843834999832325,10822
1.0,1.0,1.0,555,305,mean_da,electrical_gain_050,792,6.5843834999832325,10822
0.9987373737373737,0.9987373556209197,0.9987373556209197,555,305,mean_da,electrical_gain_025,792,6.5843834999832325,10822
0.9974747474747475,0.9974746025368765,0.9974746025368766,555,305,mean_da,vibration_drift_025rms,792,6.5843834999832325,10822
0.9974747474747475,0.9974746025368765,0.9974746025368766,555,305,mean_da,vibration_drift_050rms,792,6.5843834999832325,10822
0.9974747474747475,0.9974746025368765,0.9974746025368766,555,305,mean_da,vibration_drift_100rms,792,6.5843834999832325,10822
0.9962121212121212,0.9962116320117095,0.9962116320117095,555,305,mean_da,electrical_drift_025rms,792,6.5843834999832325,10822
0.9974747474747475,0.9974746025368765,0.9974746025368766,555,305,mean_da,electrical_drift_050rms,792,6.5843834999832325,10822
0.45454545454545453,0.41109080516764246,0.41109080516764246,555,305,mean_da,electrical_drift_100rms,792,6.5843834999832325,10822
0.9962121212121212,0.9962213626314566,0.9962213626314564,555,305,gate_da,clean_reextract,792,8.759122400020715,27400
0.9545454545454546,0.9543572181329361,0.9543572181329362,555,305,gate_da,vibration_missing,792,8.759122400020715,27400
0.9924242424242424,0.9924080881998917,0.9924080881998917,555,305,gate_da,electrical_missing,792,8.759122400020715,27400
0.9962121212121212,0.9962213626314566,0.9962213626314564,555,305,gate_da,vibration_gain_075,792,8.759122400020715,27400
0.9987373737373737,0.9987373556209196,0.9987373556209197,555,305,gate_da,vibration_gain_050,792,8.759122400020715,27400
0.9987373737373737,0.9987373556209196,0.9987373556209197,555,305,gate_da,vibration_gain_025,792,8.759122400020715,27400
0.9924242424242424,0.9924080881998917,0.9924080881998917,555,305,gate_da,electrical_gain_075,792,8.759122400020715,27400
0.9924242424242424,0.9924080881998917,0.9924080881998917,555,305,gate_da,electrical_gain_050,792,8.759122400020715,27400
0.9924242424242424,0.9924080881998917,0.9924080881998917,555,305,gate_da,electrical_gain_025,792,8.759122400020715,27400
0.9962121212121212,0.9962213626314566,0.9962213626314564,555,305,gate_da,vibration_drift_025rms,792,8.759122400020715,27400
0.9962121212121212,0.9962213626314566,0.9962213626314564,555,305,gate_da,vibration_drift_050rms,792,8.759122400020715,27400
0.9936868686868687,0.9936960191090533,0.9936960191090534,555,305,gate_da,vibration_drift_100rms,792,8.759122400020715,27400
0.9974747474747475,0.9974794400449795,0.9974794400449793,555,305,gate_da,electrical_drift_025rms,792,8.759122400020715,27400
0.9987373737373737,0.9987373556209196,0.9987373556209197,555,305,gate_da,electrical_drift_050rms,792,8.759122400020715,27400
0.922979797979798,0.9259034391601416,0.9259034391601416,555,305,gate_da,electrical_drift_100rms,792,8.759122400020715,27400
1.0,1.0,1.0,555,305,rcarf_hard,clean_reextract,792,11.462302900035866,35657
0.9747474747474747,0.9747336532251528,0.974733653225153,555,305,rcarf_hard,vibration_missing,792,11.462302900035866,35657
0.9987373737373737,0.9987373556209197,0.9987373556209197,555,305,rcarf_hard,electrical_missing,792,11.462302900035866,35657
1.0,1.0,1.0,555,305,rcarf_hard,vibration_gain_075,792,11.462302900035866,35657
0.9987373737373737,0.9987373556209196,0.9987373556209197,555,305,rcarf_hard,vibration_gain_050,792,11.462302900035866,35657
0.9949494949494949,0.9949542414604471,0.9949542414604471,555,305,rcarf_hard,vibration_gain_025,792,11.462302900035866,35657
0.9987373737373737,0.9987373556209197,0.9987373556209197,555,305,rcarf_hard,electrical_gain_075,792,11.462302900035866,35657
0.9987373737373737,0.9987373556209197,0.9987373556209197,555,305,rcarf_hard,electrical_gain_050,792,11.462302900035866,35657
0.9987373737373737,0.9987373556209197,0.9987373556209197,555,305,rcarf_hard,electrical_gain_025,792,11.462302900035866,35657
1.0,1.0,1.0,555,305,rcarf_hard,vibration_drift_025rms,792,11.462302900035866,35657
1.0,1.0,1.0,555,305,rcarf_hard,vibration_drift_050rms,792,11.462302900035866,35657
1.0,1.0,1.0,555,305,rcarf_hard,vibration_drift_100rms,792,11.462302900035866,35657
1.0,1.0,1.0,555,305,rcarf_hard,electrical_drift_025rms,792,11.462302900035866,35657
0.9987373737373737,0.9987373556209197,0.9987373556209197,555,305,rcarf_hard,electrical_drift_050rms,792,11.462302900035866,35657
0.9987373737373737,0.9987373556209197,0.9987373556209197,555,305,rcarf_hard,electrical_drift_100rms,792,11.462302900035866,35657
1.0,1.0,1.0,555,305,dprf_no_rel_loss,clean_reextract,792,11.925961899978574,52235
0.9381313131313131,0.9380342482839854,0.9380342482839855,555,305,dprf_no_rel_loss,vibration_missing,792,11.925961899978574,52235
0.9924242424242424,0.9923787126556919,0.992378712655692,555,305,dprf_no_rel_loss,electrical_missing,792,11.925961899978574,52235
1.0,1.0,1.0,555,305,dprf_no_rel_loss,vibration_gain_075,792,11.925961899978574,52235
1.0,1.0,1.0,555,305,dprf_no_rel_loss,vibration_gain_050,792,11.925961899978574,52235
0.9696969696969697,0.9697527979189524,0.9697527979189524,555,305,dprf_no_rel_loss,vibration_gain_025,792,11.925961899978574,52235
0.9962121212121212,0.9962116320117095,0.9962116320117095,555,305,dprf_no_rel_loss,electrical_gain_075,792,11.925961899978574,52235
0.9962121212121212,0.9962116320117095,0.9962116320117095,555,305,dprf_no_rel_loss,electrical_gain_050,792,11.925961899978574,52235
0.9962121212121212,0.9962116320117095,0.9962116320117095,555,305,dprf_no_rel_loss,electrical_gain_025,792,11.925961899978574,52235
1.0,1.0,1.0,555,305,dprf_no_rel_loss,vibration_drift_025rms,792,11.925961899978574,52235
1.0,1.0,1.0,555,305,dprf_no_rel_loss,vibration_drift_050rms,792,11.925961899978574,52235
1.0,1.0,1.0,555,305,dprf_no_rel_loss,vibration_drift_100rms,792,11.925961899978574,52235
1.0,1.0,1.0,555,305,dprf_no_rel_loss,electrical_drift_025rms,792,11.925961899978574,52235
1.0,1.0,1.0,555,305,dprf_no_rel_loss,electrical_drift_050rms,792,11.925961899978574,52235
0.9873737373737373,0.9873670299470119,0.9873670299470118,555,305,dprf_no_rel_loss,electrical_drift_100rms,792,11.925961899978574,52235
0.9962121212121212,0.9962213626314566,0.9962213626314564,555,305,dprf_no_switch_loss,clean_reextract,792,12.011250800045673,52235
0.8977272727272727,0.899129957265241,0.8991299572652408,555,305,dprf_no_switch_loss,vibration_missing,792,12.011250800045673,52235
0.9848484848484849,0.9848477631201726,0.9848477631201726,555,305,dprf_no_switch_loss,electrical_missing,792,12.011250800045673,52235
0.9974747474747475,0.9974794400449795,0.9974794400449793,555,305,dprf_no_switch_loss,vibration_gain_075,792,12.011250800045673,52235
0.9987373737373737,0.9987373556209196,0.9987373556209197,555,305,dprf_no_switch_loss,vibration_gain_050,792,12.011250800045673,52235
0.9949494949494949,0.9949588253257159,0.994958825325716,555,305,dprf_no_switch_loss,vibration_gain_025,792,12.011250800045673,52235
0.9873737373737373,0.987376431301035,0.9873764313010351,555,305,dprf_no_switch_loss,electrical_gain_075,792,12.011250800045673,52235
0.9848484848484849,0.9848477631201726,0.9848477631201726,555,305,dprf_no_switch_loss,electrical_gain_050,792,12.011250800045673,52235
0.9848484848484849,0.9848477631201726,0.9848477631201726,555,305,dprf_no_switch_loss,electrical_gain_025,792,12.011250800045673,52235
0.9962121212121212,0.9962213626314566,0.9962213626314564,555,305,dprf_no_switch_loss,vibration_drift_025rms,792,12.011250800045673,52235
0.9962121212121212,0.9962213626314566,0.9962213626314564,555,305,dprf_no_switch_loss,vibration_drift_050rms,792,12.011250800045673,52235
0.9974747474747475,0.9974746025368765,0.9974746025368766,555,305,dprf_no_switch_loss,vibration_drift_100rms,792,12.011250800045673,52235
0.9987373737373737,0.9987373556209196,0.9987373556209197,555,305,dprf_no_switch_loss,electrical_drift_025rms,792,12.011250800045673,52235
0.9962121212121212,0.996212012922039,0.996212012922039,555,305,dprf_no_switch_loss,electrical_drift_050rms,792,12.011250800045673,52235
0.9886363636363636,0.9886339782449594,0.9886339782449594,555,305,dprf_no_switch_loss,electrical_drift_100rms,792,12.011250800045673,52235
0.9987373737373737,0.9987373556209196,0.9987373556209197,555,305,dprf_no_semantic,clean_reextract,792,10.744675600028131,52235
0.9444444444444444,0.944482764905418,0.9444827649054179,555,305,dprf_no_semantic,vibration_missing,792,10.744675600028131,52235
0.9823232323232324,0.9823195424931518,0.9823195424931518,555,305,dprf_no_semantic,electrical_missing,792,10.744675600028131,52235
0.9987373737373737,0.9987373556209196,0.9987373556209197,555,305,dprf_no_semantic,vibration_gain_075,792,10.744675600028131,52235
0.9987373737373737,0.9987373556209196,0.9987373556209197,555,305,dprf_no_semantic,vibration_gain_050,792,10.744675600028131,52235
0.9924242424242424,0.9924418314241595,0.9924418314241595,555,305,dprf_no_semantic,vibration_gain_025,792,10.744675600028131,52235
0.9987373737373737,0.9987373556209196,0.9987373556209197,555,305,dprf_no_semantic,electrical_gain_075,792,10.744675600028131,52235
0.9987373737373737,0.9987373556209196,0.9987373556209197,555,305,dprf_no_semantic,electrical_gain_050,792,10.744675600028131,52235
0.8977272727272727,0.8944165821879967,0.8944165821879968,555,305,dprf_no_semantic,electrical_gain_025,792,10.744675600028131,52235
0.9987373737373737,0.9987373556209196,0.9987373556209197,555,305,dprf_no_semantic,vibration_drift_025rms,792,10.744675600028131,52235
0.9987373737373737,0.9987373556209196,0.9987373556209197,555,305,dprf_no_semantic,vibration_drift_050rms,792,10.744675600028131,52235
0.9987373737373737,0.9987373556209196,0.9987373556209197,555,305,dprf_no_semantic,vibration_drift_100rms,792,10.744675600028131,52235
0.9987373737373737,0.9987373556209196,0.9987373556209197,555,305,dprf_no_semantic,electrical_drift_025rms,792,10.744675600028131,52235
0.9974747474747475,0.9974747293582934,0.9974747293582934,555,305,dprf_no_semantic,electrical_drift_050rms,792,10.744675600028131,52235
0.8825757575757576,0.8752869854487736,0.8752869854487735,555,305,dprf_no_semantic,electrical_drift_100rms,792,10.744675600028131,52235
0.9987373737373737,0.9987373556209196,0.9987373556209197,555,305,dprf_full,clean_reextract,792,12.188486400002148,52235
0.9608585858585859,0.9607981870303219,0.960798187030322,555,305,dprf_full,vibration_missing,792,12.188486400002148,52235
0.9861111111111112,0.9860300413419686,0.9860300413419687,555,305,dprf_full,electrical_missing,792,12.188486400002148,52235
0.9987373737373737,0.9987373556209196,0.9987373556209197,555,305,dprf_full,vibration_gain_075,792,12.188486400002148,52235
0.9987373737373737,0.9987373556209196,0.9987373556209197,555,305,dprf_full,vibration_gain_050,792,12.188486400002148,52235
0.9974747474747475,0.9974747293582933,0.9974747293582935,555,305,dprf_full,vibration_gain_025,792,12.188486400002148,52235
0.9949494949494949,0.9949630154372144,0.9949630154372145,555,305,dprf_full,electrical_gain_075,792,12.188486400002148,52235
0.9949494949494949,0.9949630154372144,0.9949630154372145,555,305,dprf_full,electrical_gain_050,792,12.188486400002148,52235
0.9962121212121212,0.9962116320117095,0.9962116320117095,555,305,dprf_full,electrical_gain_025,792,12.188486400002148,52235
1.0,1.0,1.0,555,305,dprf_full,vibration_drift_025rms,792,12.188486400002148,52235
1.0,1.0,1.0,555,305,dprf_full,vibration_drift_050rms,792,12.188486400002148,52235
1.0,1.0,1.0,555,305,dprf_full,vibration_drift_100rms,792,12.188486400002148,52235
1.0,1.0,1.0,555,305,dprf_full,electrical_drift_025rms,792,12.188486400002148,52235
1.0,1.0,1.0,555,305,dprf_full,electrical_drift_050rms,792,12.188486400002148,52235
0.9962121212121212,0.9962116320117095,0.9962116320117095,555,305,dprf_full,electrical_drift_100rms,792,12.188486400002148,52235
